{"id": "t000002897", "svc": "payment", "phase": "start", "ts": 7059000, "status": 200}
{"id": "t000002897", "svc": "payment", "phase": "end", "ts": 7059100, "status": 200}
{"id": "t000002898", "svc": "auth", "phase": "start", "ts": 7060000, "status": 200}
{"id": "t000002898", "svc": "auth", "phase": "end", "ts": 7060100, "status": 200}
{"id": "t000002899", "svc": "gateway", "phase": "start", "ts": 7061000, "status": 200}
{"id": "t000002899", "svc": "gateway", "phase": "end", "ts": 7061100, "status": 200}
{"id": "t000002900", "svc": "payment", "phase": "start", "ts": 7062000, "status": 200}
{"id": "t000002900", "svc": "payment", "phase": "end", "ts": 7062100, "status": 200}
{"id": "t000002901", "svc": "auth", "phase": "start", "ts": 7063000, "status": 200}
{"id": "t000002901", "svc": "auth", "phase": "end", "ts": 7063100, "status": 200}
{"id": "t000002902", "svc": "gateway", "phase": "start", "ts": 7064000, "status": 200}
{"id": "t000002902", "svc": "gateway", "phase": "end", "ts": 7064100, "status": 200}
{"id": "t000002903", "svc": "payment", "phase": "start", "ts": 7065000, "status": 200}
{"id": "t000002903", "svc": "payment", "phase": "end", "ts": 7065100, "status": 200}
{"id": "t000002904", "svc": "auth", "phase": "start", "ts": 7066000, "status": 200}
{"id": "t000002904", "svc": "auth", "phase": "end", "ts": 7066100, "status": 500}
{"id": "t000002905", "svc": "gateway", "phase": "start", "ts": 7067000, "status": 200}
{"id": "t000002905", "svc": "gateway", "phase": "end", "ts": 7067100, "status": 200}
{"id": "t000002906", "svc": "payment", "phase": "start", "ts": 7068000, "status": 200}
{"id": "t000002906", "svc": "payment", "phase": "end", "ts": 7068100, "status": 200}
{"id": "t000002907", "svc": "auth", "phase": "start", "ts": 7069000, "status": 200}
{"id": "t000002907", "svc": "auth", "phase": "end", "ts": 7069100, "status": 200}
{"id": "t000002908", "svc": "gateway", "phase": "start", "ts": 7070000, "status": 200}
{"id": "t000002908", "svc": "gateway", "phase": "end", "ts": 7070100, "status": 200}
{"id": "t000002909", "svc": "payment", "phase": "start", "ts": 7071000, "status": 200}
{"id": "t000002909", "svc": "payment", "phase": "end", "ts": 7071100, "status": 200}
{"id": "t000002910", "svc": "auth", "phase": "start", "ts": 7072000, "status": 200}
{"id": "t000002910", "svc": "auth", "phase": "end", "ts": 7072100, "status": 200}
{"id": "t000002911", "svc": "gateway", "phase": "start", "ts": 7073000, "status": 200}
{"id": "t000002911", "svc": "gateway", "phase": "end", "ts": 7073100, "status": 200}
{"id": "t000002912", "svc": "payment", "phase": "start", "ts": 7074000, "status": 200}
{"id": "t000002912", "svc": "payment", "phase": "end", "ts": 7074100, "status": 500}
{"id": "t000002913", "svc": "auth", "phase": "start", "ts": 7075000, "status": 200}
{"id": "t000002913", "svc": "auth", "phase": "end", "ts": 7075100, "status": 200}
{"id": "t000002914", "svc": "gateway", "phase": "start", "ts": 7076000, "status": 200}
{"id": "t000002914", "svc": "gateway", "phase": "end", "ts": 7076100, "status": 200}
{"id": "t000002915", "svc": "payment", "phase": "start", "ts": 7077000, "status": 200}
{"id": "t000002915", "svc": "payment", "phase": "end", "ts": 7077100, "status": 200}
{"id": "t000002916", "svc": "auth", "phase": "start", "ts": 7078000, "status": 200}
{"id": "t000002916", "svc": "auth", "phase": "end", "ts": 7078100, "status": 200}
{"id": "t000002917", "svc": "gateway", "phase": "start", "ts": 7079000, "status": 200}
{"id": "t000002917", "svc": "gateway", "phase": "end", "ts": 7079100, "status": 200}
{"id": "t000002918", "svc": "payment", "phase": "start", "ts": 7080000, "status": 200}
{"id": "t000002918", "svc": "payment", "phase": "end", "ts": 7080100, "status": 200}
{"id": "t000002919", "svc": "auth", "phase": "start", "ts": 7081000, "status": 200}
{"id": "t000002919", "svc": "auth", "phase": "end", "ts": 7081100, "status": 200}
{"id": "t000002920", "svc": "gateway", "phase": "start", "ts": 7082000, "status": 200}
{"id": "t000002920", "svc": "gateway", "phase": "end", "ts": 7082100, "status": 500}
{"id": "t000002921", "svc": "payment", "phase": "start", "ts": 7083000, "status": 200}
{"id": "t000002921", "svc": "payment", "phase": "end", "ts": 7083100, "status": 200}
{"id": "t000002922", "svc": "auth", "phase": "start", "ts": 7084000, "status": 200}
{"id": "t000002922", "svc": "auth", "phase": "end", "ts": 7084100, "status": 200}
{"id": "t000002923", "svc": "gateway", "phase": "start", "ts": 7085000, "status": 200}
{"id": "t000002923", "svc": "gateway", "phase": "end", "ts": 7085100, "status": 200}
{"id": "t000002924", "svc": "payment", "phase": "start", "ts": 7086000, "status": 200}
{"id": "t000002924", "svc": "payment", "phase": "end", "ts": 7086100, "status": 200}
{"id": "t000002925", "svc": "auth", "phase": "start", "ts": 7087000, "status": 200}
{"id": "t000002925", "svc": "auth", "phase": "end", "ts": 7087100, "status": 200}
{"id": "t000002926", "svc": "gateway", "phase": "start", "ts": 7088000, "status": 200}
{"id": "t000002926", "svc": "gateway", "phase": "end", "ts": 7088100, "status": 200}
{"id": "t000002927", "svc": "payment", "phase": "start", "ts": 7089000, "status": 200}
{"id": "t000002927", "svc": "payment", "phase": "end", "ts": 7089100, "status": 200}
{"id": "t000002928", "svc": "auth", "phase": "start", "ts": 7090000, "status": 200}
{"id": "t000002928", "svc": "auth", "phase": "end", "ts": 7090100, "status": 500}
{"id": "t000002929", "svc": "gateway", "phase": "start", "ts": 7091000, "status": 200}
{"id": "t000002929", "svc": "gateway", "phase": "end", "ts": 7091100, "status": 200}
{"id": "t000002930", "svc": "payment", "phase": "start", "ts": 7092000, "status": 200}
{"id": "t000002930", "svc": "payment", "phase": "end", "ts": 7092100, "status": 200}
{"id": "t000002931", "svc": "auth", "phase": "start", "ts": 7093000, "status": 200}
{"id": "t000002931", "svc": "auth", "phase": "end", "ts": 7093100, "status": 200}
{"id": "t000002932", "svc": "gateway", "phase": "start", "ts": 7094000, "status": 200}
{"id": "t000002932", "svc": "gateway", "phase": "end", "ts": 7094100, "status": 200}
{"id": "t000002933", "svc": "payment", "phase": "start", "ts": 7095000, "status": 200}
{"id": "t000002933", "svc": "payment", "phase": "end", "ts": 7095100, "status": 200}
{"id": "t000002934", "svc": "auth", "phase": "start", "ts": 7096000, "status": 200}
{"id": "t000002934", "svc": "auth", "phase": "end", "ts": 7096100, "status": 200}
{"id": "t000002935", "svc": "gateway", "phase": "start", "ts": 7097000, "status": 200}
{"id": "t000002935", "svc": "gateway", "phase": "end", "ts": 7097100, "status": 200}
{"id": "t000002936", "svc": "payment", "phase": "start", "ts": 7098000, "status": 200}
{"id": "t000002936", "svc": "payment", "phase": "end", "ts": 7098100, "status": 500}
{"id": "t000002937", "svc": "auth", "phase": "start", "ts": 7099000, "status": 200}
{"id": "t000002937", "svc": "auth", "phase": "end", "ts": 7099100, "status": 200}
{"id": "t000002938", "svc": "gateway", "phase": "start", "ts": 7100000, "status": 200}
{"id": "t000002938", "svc": "gateway", "phase": "end", "ts": 7100100, "status": 200}
{"id": "t000002939", "svc": "payment", "phase": "start", "ts": 7101000, "status": 200}
{"id": "t000002939", "svc": "payment", "phase": "end", "ts": 7101100, "status": 200}
{"id": "t000002940", "svc": "auth", "phase": "start", "ts": 7102000, "status": 200}
{"id": "t000002940", "svc": "auth", "phase": "end", "ts": 7102100, "status": 200}
{"id": "t000002941", "svc": "gateway", "phase": "start", "ts": 7103000, "status": 200}
{"id": "t000002941", "svc": "gateway", "phase": "end", "ts": 7103100, "status": 200}
{"id": "t000002942", "svc": "payment", "phase": "start", "ts": 7104000, "status": 200}
{"id": "t000002942", "svc": "payment", "phase": "end", "ts": 7104100, "status": 200}
{"id": "t000002943", "svc": "auth", "phase": "start", "ts": 7105000, "status": 200}
{"id": "t000002943", "svc": "auth", "phase": "end", "ts": 7105100, "status": 200}
{"id": "t000002944", "svc": "gateway", "phase": "start", "ts": 7106000, "status": 200}
{"id": "t000002944", "svc": "gateway", "phase": "end", "ts": 7106100, "status": 500}
{"id": "t000002945", "svc": "payment", "phase": "start", "ts": 7107000, "status": 200}
{"id": "t000002945", "svc": "payment", "phase": "end", "ts": 7107100, "status": 200}
{"id": "t000002946", "svc": "auth", "phase": "start", "ts": 7108000, "status": 200}
{"id": "t000002946", "svc": "auth", "phase": "end", "ts": 7108100, "status": 200}
{"id": "t000002947", "svc": "gateway", "phase": "start", "ts": 7109000, "status": 200}
{"id": "t000002947", "svc": "gateway", "phase": "end", "ts": 7109100, "status": 200}
{"id": "t000002948", "svc": "payment", "phase": "start", "ts": 7110000, "status": 200}
{"id": "t000002948", "svc": "payment", "phase": "end", "ts": 7110100, "status": 200}
{"id": "t000002949", "svc": "auth", "phase": "start", "ts": 7111000, "status": 200}
{"id": "t000002949", "svc": "auth", "phase": "end", "ts": 7111100, "status": 200}
{"id": "t000002950", "svc": "gateway", "phase": "start", "ts": 7112000, "status": 200}
{"id": "t000002950", "svc": "gateway", "phase": "end", "ts": 7112100, "status": 200}
{"id": "t000002951", "svc": "payment", "phase": "start", "ts": 7113000, "status": 200}
{"id": "t000002951", "svc": "payment", "phase": "end", "ts": 7113100, "status": 200}
{"id": "t000002952", "svc": "auth", "phase": "start", "ts": 7114000, "status": 200}
{"id": "t000002952", "svc": "auth", "phase": "end", "ts": 7114100, "status": 500}
{"id": "t000002953", "svc": "gateway", "phase": "start", "ts": 7115000, "status": 200}
{"id": "t000002953", "svc": "gateway", "phase": "end", "ts": 7115100, "status": 200}
{"id": "t000002954", "svc": "payment", "phase": "start", "ts": 7116000, "status": 200}
{"id": "t000002954", "svc": "payment", "phase": "end", "ts": 7116100, "status": 200}
{"id": "t000002955", "svc": "auth", "phase": "start", "ts": 7117000, "status": 200}
{"id": "t000002955", "svc": "auth", "phase": "end", "ts": 7117100, "status": 200}
{"id": "t000002956", "svc": "gateway", "phase": "start", "ts": 7118000, "status": 200}
{"id": "t000002956", "svc": "gateway", "phase": "end", "ts": 7118100, "status": 200}
{"id": "t000002957", "svc": "payment", "phase": "start", "ts": 7119000, "status": 200}
{"id": "t000002957", "svc": "payment", "phase": "end", "ts": 7119100, "status": 200}
{"id": "t000002958", "svc": "auth", "phase": "start", "ts": 7120000, "status": 200}
{"id": "t000002958", "svc": "auth", "phase": "end", "ts": 7120100, "status": 200}
{"id": "t000002959", "svc": "gateway", "phase": "start", "ts": 7121000, "status": 200}
{"id": "t000002959", "svc": "gateway", "phase": "end", "ts": 7121100, "status": 200}
{"id": "t000002960", "svc": "payment", "phase": "start", "ts": 7122000, "status": 200}
{"id": "t000002960", "svc": "payment", "phase": "end", "ts": 7122100, "status": 500}
{"id": "t000002961", "svc": "auth", "phase": "start", "ts": 7123000, "status": 200}
{"id": "t000002961", "svc": "auth", "phase": "end", "ts": 7123100, "status": 200}
{"id": "t000002962", "svc": "gateway", "phase": "start", "ts": 7124000, "status": 200}
{"id": "t000002962", "svc": "gateway", "phase": "end", "ts": 7124100, "status": 200}
{"id": "t000002963", "svc": "payment", "phase": "start", "ts": 7125000, "status": 200}
{"id": "t000002963", "svc": "payment", "phase": "end", "ts": 7125100, "status": 200}
{"id": "t000002964", "svc": "auth", "phase": "start", "ts": 7126000, "status": 200}
{"id": "t000002964", "svc": "auth", "phase": "end", "ts": 7126100, "status": 200}
{"id": "t000002965", "svc": "gateway", "phase": "start", "ts": 7127000, "status": 200}
{"id": "t000002965", "svc": "gateway", "phase": "end", "ts": 7127100, "status": 200}
{"id": "t000002966", "svc": "payment", "phase": "start", "ts": 7128000, "status": 200}
{"id": "t000002966", "svc": "payment", "phase": "end", "ts": 7128100, "status": 200}
{"id": "t000002967", "svc": "auth", "phase": "start", "ts": 7129000, "status": 200}
{"id": "t000002967", "svc": "auth", "phase": "end", "ts": 7129100, "status": 200}
{"id": "t000002968", "svc": "gateway", "phase": "start", "ts": 7130000, "status": 200}
{"id": "t000002968", "svc": "gateway", "phase": "end", "ts": 7130100, "status": 500}
{"id": "t000002969", "svc": "payment", "phase": "start", "ts": 7131000, "status": 200}
{"id": "t000002969", "svc": "payment", "phase": "end", "ts": 7131100, "status": 200}
{"id": "t000002970", "svc": "auth", "phase": "start", "ts": 7132000, "status": 200}
{"id": "t000002970", "svc": "auth", "phase": "end", "ts": 7132100, "status": 200}
{"id": "t000002971", "svc": "gateway", "phase": "start", "ts": 7133000, "status": 200}
{"id": "t000002971", "svc": "gateway", "phase": "end", "ts": 7133100, "status": 200}
{"id": "t000002972", "svc": "payment", "phase": "start", "ts": 7134000, "status": 200}
{"id": "t000002972", "svc": "payment", "phase": "end", "ts": 7134100, "status": 200}
{"id": "t000002973", "svc": "auth", "phase": "start", "ts": 7135000, "status": 200}
{"id": "t000002973", "svc": "auth", "phase": "end", "ts": 7135100, "status": 200}
{"id": "t000002974", "svc": "gateway", "phase": "start", "ts": 7136000, "status": 200}
{"id": "t000002974", "svc": "gateway", "phase": "end", "ts": 7136100, "status": 200}
{"id": "t000002975", "svc": "payment", "phase": "start", "ts": 7137000, "status": 200}
{"id": "t000002975", "svc": "payment", "phase": "end", "ts": 7137100, "status": 200}
{"id": "t000002976", "svc": "auth", "phase": "start", "ts": 7138000, "status": 200}
{"id": "t000002976", "svc": "auth", "phase": "end", "ts": 7138100, "status": 500}
{"id": "t000002977", "svc": "gateway", "phase": "start", "ts": 7139000, "status": 200}
{"id": "t000002977", "svc": "gateway", "phase": "end", "ts": 7139100, "status": 200}
{"id": "t000002978", "svc": "payment", "phase": "start", "ts": 7140000, "status": 200}
{"id": "t000002978", "svc": "payment", "phase": "end", "ts": 7140100, "status": 200}
{"id": "t000002979", "svc": "auth", "phase": "start", "ts": 7141000, "status": 200}
{"id": "t000002979", "svc": "auth", "phase": "end", "ts": 7141100, "status": 200}
{"id": "t000002980", "svc": "gateway", "phase": "start", "ts": 7142000, "status": 200}
{"id": "t000002980", "svc": "gateway", "phase": "end", "ts": 7142100, "status": 200}
{"id": "t000002981", "svc": "payment", "phase": "start", "ts": 7143000, "status": 200}
{"id": "t000002981", "svc": "payment", "phase": "end", "ts": 7143100, "status": 200}
{"id": "t000002982", "svc": "auth", "phase": "start", "ts": 7144000, "status": 200}
{"id": "t000002982", "svc": "auth", "phase": "end", "ts": 7144100, "status": 200}
{"id": "t000002983", "svc": "gateway", "phase": "start", "ts": 7145000, "status": 200}
{"id": "t000002983", "svc": "gateway", "phase": "end", "ts": 7145100, "status": 200}
{"id": "t000002984", "svc": "payment", "phase": "start", "ts": 7146000, "status": 200}
{"id": "t000002984", "svc": "payment", "phase": "end", "ts": 7146100, "status": 500}
{"id": "t000002985", "svc": "auth", "phase": "start", "ts": 7147000, "status": 200}
{"id": "t000002985", "svc": "auth", "phase": "end", "ts": 7147100, "status": 200}
{"id": "t000002986", "svc": "gateway", "phase": "start", "ts": 7148000, "status": 200}
{"id": "t000002986", "svc": "gateway", "phase": "end", "ts": 7148100, "status": 200}
{"id": "t000002987", "svc": "payment", "phase": "start", "ts": 7149000, "status": 200}
{"id": "t000002987", "svc": "payment", "phase": "end", "ts": 7149100, "status": 200}
{"id": "t000002988", "svc": "auth", "phase": "start", "ts": 7150000, "status": 200}
{"id": "t000002988", "svc": "auth", "phase": "end", "ts": 7150100, "status": 200}
{"id": "t000002989", "svc": "gateway", "phase": "start", "ts": 7151000, "status": 200}
{"id": "t000002989", "svc": "gateway", "phase": "end", "ts": 7151100, "status": 200}
{"id": "t000002990", "svc": "payment", "phase": "start", "ts": 7152000, "status": 200}
{"id": "t000002990", "svc": "payment", "phase": "end", "ts": 7152100, "status": 200}
{"id": "t000002991", "svc": "auth", "phase": "start", "ts": 7153000, "status": 200}
{"id": "t000002991", "svc": "auth", "phase": "end", "ts": 7153100, "status": 200}
{"id": "t000002992", "svc": "gateway", "phase": "start", "ts": 7154000, "status": 200}
{"id": "t000002992", "svc": "gateway", "phase": "end", "ts": 7154100, "status": 500}
{"id": "t000002993", "svc": "payment", "phase": "start", "ts": 7155000, "status": 200}
{"id": "t000002993", "svc": "payment", "phase": "end", "ts": 7155100, "status": 200}
{"id": "t000002994", "svc": "auth", "phase": "start", "ts": 7156000, "status": 200}
{"id": "t000002994", "svc": "auth", "phase": "end", "ts": 7156100, "status": 200}
{"id": "t000002995", "svc": "gateway", "phase": "start", "ts": 7157000, "status": 200}
{"id": "t000002995", "svc": "gateway", "phase": "end", "ts": 7157100, "status": 200}
{"id": "t000002996", "svc": "payment", "phase": "start", "ts": 7158000, "status": 200}
{"id": "t000002996", "svc": "payment", "phase": "end", "ts": 7158100, "status": 200}
{"id": "t000002997", "svc": "auth", "phase": "start", "ts": 7159000, "status": 200}
{"id": "t000002997", "svc": "auth", "phase": "end", "ts": 7159100, "status": 200}
{"id": "t000002998", "svc": "gateway", "phase": "start", "ts": 7160000, "status": 200}
{"id": "t000002998", "svc": "gateway", "phase": "end", "ts": 7160100, "status": 200}
{"id": "t000002999", "svc": "payment", "phase": "start", "ts": 7161000, "status": 200}
{"id": "t000002999", "svc": "payment", "phase": "end", "ts": 7161100, "status": 200}
{"id": "t000003000", "svc": "auth", "phase": "start", "ts": 7162000, "status": 200}
{"id": "t000003000", "svc": "auth", "phase": "end", "ts": 7162100, "status": 500}
{"id": "t000003001", "svc": "gateway", "phase": "start", "ts": 7163000, "status": 200}
{"id": "t000003001", "svc": "gateway", "phase": "end", "ts": 7163100, "status": 200}
{"id": "t000003002", "svc": "payment", "phase": "start", "ts": 7164000, "status": 200}
{"id": "t000003002", "svc": "payment", "phase": "end", "ts": 7164100, "status": 200}
{"id": "t000003003", "svc": "auth", "phase": "start", "ts": 7165000, "status": 200}
{"id": "t000003003", "svc": "auth", "phase": "end", "ts": 7165100, "status": 200}
{"id": "t000003004", "svc": "gateway", "phase": "start", "ts": 7166000, "status": 200}
{"id": "t000003004", "svc": "gateway", "phase": "end", "ts": 7166100, "status": 200}
{"id": "t000003005", "svc": "payment", "phase": "start", "ts": 7167000, "status": 200}
{"id": "t000003005", "svc": "payment", "phase": "end", "ts": 7167100, "status": 200}
{"id": "t000003006", "svc": "auth", "phase": "start", "ts": 7168000, "status": 200}
{"id": "t000003006", "svc": "auth", "phase": "end", "ts": 7168100, "status": 200}
{"id": "t000003007", "svc": "gateway", "phase": "start", "ts": 7169000, "status": 200}
{"id": "t000003007", "svc": "gateway", "phase": "end", "ts": 7169100, "status": 200}
{"id": "t000003008", "svc": "payment", "phase": "start", "ts": 7170000, "status": 200}
{"id": "t000003008", "svc": "payment", "phase": "end", "ts": 7170100, "status": 500}
{"id": "t000003009", "svc": "auth", "phase": "start", "ts": 7171000, "status": 200}
{"id": "t000003009", "svc": "auth", "phase": "end", "ts": 7171100, "status": 200}
{"id": "t000003010", "svc": "gateway", "phase": "start", "ts": 7172000, "status": 200}
{"id": "t000003010", "svc": "gateway", "phase": "end", "ts": 7172100, "status": 200}
{"id": "t000003011", "svc": "payment", "phase": "start", "ts": 7173000, "status": 200}
{"id": "t000003011", "svc": "payment", "phase": "end", "ts": 7173100, "status": 200}
{"id": "t000003012", "svc": "auth", "phase": "start", "ts": 7174000, "status": 200}
{"id": "t000003012", "svc": "auth", "phase": "end", "ts": 7174100, "status": 200}
{"id": "t000003013", "svc": "gateway", "phase": "start", "ts": 7175000, "status": 200}
{"id": "t000003013", "svc": "gateway", "phase": "end", "ts": 7175100, "status": 200}
{"id": "t000003014", "svc": "payment", "phase": "start", "ts": 7176000, "status": 200}
{"id": "t000003014", "svc": "payment", "phase": "end", "ts": 7176100, "status": 200}
{"id": "t000003015", "svc": "auth", "phase": "start", "ts": 7177000, "status": 200}
{"id": "t000003015", "svc": "auth", "phase": "end", "ts": 7177100, "status": 200}
{"id": "t000003016", "svc": "gateway", "phase": "start", "ts": 7178000, "status": 200}
{"id": "t000003016", "svc": "gateway", "phase": "end", "ts": 7178100, "status": 500}
{"id": "t000003017", "svc": "payment", "phase": "start", "ts": 7179000, "status": 200}
{"id": "t000003017", "svc": "payment", "phase": "end", "ts": 7179100, "status": 200}
{"id": "t000003018", "svc": "auth", "phase": "start", "ts": 7180000, "status": 200}
{"id": "t000003018", "svc": "auth", "phase": "end", "ts": 7180100, "status": 200}
{"id": "t000003019", "svc": "gateway", "phase": "start", "ts": 7181000, "status": 200}
{"id": "t000003019", "svc": "gateway", "phase": "end", "ts": 7181100, "status": 200}
{"id": "t000003020", "svc": "payment", "phase": "start", "ts": 7182000, "status": 200}
{"id": "t000003020", "svc": "payment", "phase": "end", "ts": 7182100, "status": 200}
{"id": "t000003021", "svc": "auth", "phase": "start", "ts": 7183000, "status": 200}
{"id": "t000003021", "svc": "auth", "phase": "end", "ts": 7183100, "status": 200}
{"id": "t000003022", "svc": "gateway", "phase": "start", "ts": 7184000, "status": 200}
{"id": "t000003022", "svc": "gateway", "phase": "end", "ts": 7184100, "status": 200}
{"id": "t000003023", "svc": "payment", "phase": "start", "ts": 7185000, "status": 200}
{"id": "t000003023", "svc": "payment", "phase": "end", "ts": 7185100, "status": 200}
{"id": "t000003024", "svc": "auth", "phase": "start", "ts": 7186000, "status": 200}
{"id": "t000003024", "svc": "auth", "phase": "end", "ts": 7186100, "status": 500}
{"id": "t000003025", "svc": "gateway", "phase": "start", "ts": 7187000, "status": 200}
{"id": "t000003025", "svc": "gateway", "phase": "end", "ts": 7187100, "status": 200}
{"id": "t000003026", "svc": "payment", "phase": "start", "ts": 7188000, "status": 200}
{"id": "t000003026", "svc": "payment", "phase": "end", "ts": 7188100, "status": 200}
{"id": "t000003027", "svc": "auth", "phase": "start", "ts": 7189000, "status": 200}
{"id": "t000003027", "svc": "auth", "phase": "end", "ts": 7189100, "status": 200}
{"id": "t000003028", "svc": "gateway", "phase": "start", "ts": 7190000, "status": 200}
{"id": "t000003028", "svc": "gateway", "phase": "end", "ts": 7190100, "status": 200}
{"id": "t000003029", "svc": "payment", "phase": "start", "ts": 7191000, "status": 200}
{"id": "t000003029", "svc": "payment", "phase": "end", "ts": 7191100, "status": 200}
{"id": "t000003030", "svc": "auth", "phase": "start", "ts": 7192000, "status": 200}
{"id": "t000003030", "svc": "auth", "phase": "end", "ts": 7192100, "status": 200}
{"id": "t000003031", "svc": "gateway", "phase": "start", "ts": 7193000, "status": 200}
{"id": "t000003031", "svc": "gateway", "phase": "end", "ts": 7193100, "status": 200}
{"id": "t000003032", "svc": "payment", "phase": "start", "ts": 7194000, "status": 200}
{"id": "t000003032", "svc": "payment", "phase": "end", "ts": 7194100, "status": 500}
{"id": "t000003033", "svc": "auth", "phase": "start", "ts": 7195000, "status": 200}
{"id": "t000003033", "svc": "auth", "phase": "end", "ts": 7195100, "status": 200}
{"id": "t000003034", "svc": "gateway", "phase": "start", "ts": 7196000, "status": 200}
{"id": "t000003034", "svc": "gateway", "phase": "end", "ts": 7196100, "status": 200}
{"id": "t000003035", "svc": "payment", "phase": "start", "ts": 7197000, "status": 200}
{"id": "t000003035", "svc": "payment", "phase": "end", "ts": 7197100, "status": 200}
{"id": "t000003036", "svc": "auth", "phase": "start", "ts": 7198000, "status": 200}
{"id": "t000003036", "svc": "auth", "phase": "end", "ts": 7198100, "status": 200}
{"id": "t000003037", "svc": "gateway", "phase": "start", "ts": 7199000, "status": 200}
{"id": "t000003037", "svc": "gateway", "phase": "end", "ts": 7199100, "status": 200}
{"id": "t000003038", "svc": "payment", "phase": "start", "ts": 7200000, "status": 200}
{"id": "t000003038", "svc": "payment", "phase": "end", "ts": 7200100, "status": 200}
{"id": "t000003039", "svc": "auth", "phase": "start", "ts": 7201000, "status": 200}
{"id": "t000003039", "svc": "auth", "phase": "end", "ts": 7201100, "status": 200}
{"id": "t000003040", "svc": "gateway", "phase": "start", "ts": 7202000, "status": 200}
{"id": "t000003040", "svc": "gateway", "phase": "end", "ts": 7202100, "status": 500}
{"id": "t000003041", "svc": "payment", "phase": "start", "ts": 7203000, "status": 200}
{"id": "t000003041", "svc": "payment", "phase": "end", "ts": 7203100, "status": 200}
{"id": "t000003042", "svc": "auth", "phase": "start", "ts": 7204000, "status": 200}
{"id": "t000003042", "svc": "auth", "phase": "end", "ts": 7204100, "status": 200}
{"id": "t000003043", "svc": "gateway", "phase": "start", "ts": 7205000, "status": 200}
{"id": "t000003043", "svc": "gateway", "phase": "end", "ts": 7205100, "status": 200}
{"id": "t000003044", "svc": "payment", "phase": "start", "ts": 7206000, "status": 200}
{"id": "t000003044", "svc": "payment", "phase": "end", "ts": 7206100, "status": 200}
{"id": "t000003045", "svc": "auth", "phase": "start", "ts": 7207000, "status": 200}
{"id": "t000003045", "svc": "auth", "phase": "end", "ts": 7207100, "status": 200}
{"id": "t000003046", "svc": "gateway", "phase": "start", "ts": 7208000, "status": 200}
{"id": "t000003046", "svc": "gateway", "phase": "end", "ts": 7208100, "status": 200}
{"id": "t000003047", "svc": "payment", "phase": "start", "ts": 7209000, "status": 200}
{"id": "t000003047", "svc": "payment", "phase": "end", "ts": 7209100, "status": 200}
{"id": "t000003048", "svc": "auth", "phase": "start", "ts": 7210000, "status": 200}
{"id": "t000003048", "svc": "auth", "phase": "end", "ts": 7210100, "status": 500}
{"id": "t000003049", "svc": "gateway", "phase": "start", "ts": 7211000, "status": 200}
{"id": "t000003049", "svc": "gateway", "phase": "end", "ts": 7211100, "status": 200}
{"id": "t000003050", "svc": "payment", "phase": "start", "ts": 7212000, "status": 200}
{"id": "t000003050", "svc": "payment", "phase": "end", "ts": 7212100, "status": 200}
{"id": "t000003051", "svc": "auth", "phase": "start", "ts": 7213000, "status": 200}
{"id": "t000003051", "svc": "auth", "phase": "end", "ts": 7213100, "status": 200}
{"id": "t000003052", "svc": "gateway", "phase": "start", "ts": 7214000, "status": 200}
{"id": "t000003052", "svc": "gateway", "phase": "end", "ts": 7214100, "status": 200}
{"id": "t000003053", "svc": "payment", "phase": "start", "ts": 7215000, "status": 200}
{"id": "t000003053", "svc": "payment", "phase": "end", "ts": 7215100, "status": 200}
{"id": "t000003054", "svc": "auth", "phase": "start", "ts": 7216000, "status": 200}
{"id": "t000003054", "svc": "auth", "phase": "end", "ts": 7216100, "status": 200}
{"id": "t000003055", "svc": "gateway", "phase": "start", "ts": 7217000, "status": 200}
{"id": "t000003055", "svc": "gateway", "phase": "end", "ts": 7217100, "status": 200}
{"id": "t000003056", "svc": "payment", "phase": "start", "ts": 7218000, "status": 200}
{"id": "t000003056", "svc": "payment", "phase": "end", "ts": 7218100, "status": 500}
{"id": "t000003057", "svc": "auth", "phase": "start", "ts": 7219000, "status": 200}
{"id": "t000003057", "svc": "auth", "phase": "end", "ts": 7219100, "status": 200}
{"id": "t000003058", "svc": "gateway", "phase": "start", "ts": 7220000, "status": 200}
{"id": "t000003058", "svc": "gateway", "phase": "end", "ts": 7220100, "status": 200}
{"id": "t000003059", "svc": "payment", "phase": "start", "ts": 7221000, "status": 200}
{"id": "t000003059", "svc": "payment", "phase": "end", "ts": 7221100, "status": 200}
{"id": "t000003060", "svc": "auth", "phase": "start", "ts": 7222000, "status": 200}
{"id": "t000003060", "svc": "auth", "phase": "end", "ts": 7222100, "status": 200}
{"id": "t000003061", "svc": "gateway", "phase": "start", "ts": 7223000, "status": 200}
{"id": "t000003061", "svc": "gateway", "phase": "end", "ts": 7223100, "status": 200}
{"id": "t000003062", "svc": "payment", "phase": "start", "ts": 7224000, "status": 200}
{"id": "t000003062", "svc": "payment", "phase": "end", "ts": 7224100, "status": 200}
{"id": "t000003063", "svc": "auth", "phase": "start", "ts": 7225000, "status": 200}
{"id": "t000003063", "svc": "auth", "phase": "end", "ts": 7225100, "status": 200}
{"id": "t000003064", "svc": "gateway", "phase": "start", "ts": 7226000, "status": 200}
{"id": "t000003064", "svc": "gateway", "phase": "end", "ts": 7226100, "status": 500}
{"id": "t000003065", "svc": "payment", "phase": "start", "ts": 7227000, "status": 200}
{"id": "t000003065", "svc": "payment", "phase": "end", "ts": 7227100, "status": 200}
{"id": "t000003066", "svc": "auth", "phase": "start", "ts": 7228000, "status": 200}
{"id": "t000003066", "svc": "auth", "phase": "end", "ts": 7228100, "status": 200}
{"id": "t000003067", "svc": "gateway", "phase": "start", "ts": 7229000, "status": 200}
{"id": "t000003067", "svc": "gateway", "phase": "end", "ts": 7229100, "status": 200}
{"id": "t000003068", "svc": "payment", "phase": "start", "ts": 7230000, "status": 200}
{"id": "t000003068", "svc": "payment", "phase": "end", "ts": 7230100, "status": 200}
{"id": "t000003069", "svc": "auth", "phase": "start", "ts": 7231000, "status": 200}
{"id": "t000003069", "svc": "auth", "phase": "end", "ts": 7231100, "status": 200}
{"id": "t000003070", "svc": "gateway", "phase": "start", "ts": 7232000, "status": 200}
{"id": "t000003070", "svc": "gateway", "phase": "end", "ts": 7232100, "status": 200}
{"id": "t000003071", "svc": "payment", "phase": "start", "ts": 7233000, "status": 200}
{"id": "t000003071", "svc": "payment", "phase": "end", "ts": 7233100, "status": 200}
{"id": "t000003072", "svc": "auth", "phase": "start", "ts": 7234000, "status": 200}
{"id": "t000003072", "svc": "auth", "phase": "end", "ts": 7234100, "status": 500}
{"id": "t000003073", "svc": "gateway", "phase": "start", "ts": 7235000, "status": 200}
{"id": "t000003073", "svc": "gateway", "phase": "end", "ts": 7235100, "status": 200}
{"id": "t000003074", "svc": "payment", "phase": "start", "ts": 7236000, "status": 200}
{"id": "t000003074", "svc": "payment", "phase": "end", "ts": 7236100, "status": 200}
{"id": "t000003075", "svc": "auth", "phase": "start", "ts": 7237000, "status": 200}
{"id": "t000003075", "svc": "auth", "phase": "end", "ts": 7237100, "status": 200}
{"id": "t000003076", "svc": "gateway", "phase": "start", "ts": 7238000, "status": 200}
{"id": "t000003076", "svc": "gateway", "phase": "end", "ts": 7238100, "status": 200}
{"id": "t000003077", "svc": "payment", "phase": "start", "ts": 7239000, "status": 200}
{"id": "t000003077", "svc": "payment", "phase": "end", "ts": 7239100, "status": 200}
{"id": "t000003078", "svc": "auth", "phase": "start", "ts": 7240000, "status": 200}
{"id": "t000003078", "svc": "auth", "phase": "end", "ts": 7240100, "status": 200}
{"id": "t000003079", "svc": "gateway", "phase": "start", "ts": 7241000, "status": 200}
{"id": "t000003079", "svc": "gateway", "phase": "end", "ts": 7241100, "status": 200}
{"id": "t000003080", "svc": "payment", "phase": "start", "ts": 7242000, "status": 200}
{"id": "t000003080", "svc": "payment", "phase": "end", "ts": 7242100, "status": 500}
{"id": "t000003081", "svc": "auth", "phase": "start", "ts": 7243000, "status": 200}
{"id": "t000003081", "svc": "auth", "phase": "end", "ts": 7243100, "status": 200}
{"id": "t000003082", "svc": "gateway", "phase": "start", "ts": 7244000, "status": 200}
{"id": "t000003082", "svc": "gateway", "phase": "end", "ts": 7244100, "status": 200}
{"id": "t000003083", "svc": "payment", "phase": "start", "ts": 7245000, "status": 200}
{"id": "t000003083", "svc": "payment", "phase": "end", "ts": 7245100, "status": 200}
{"id": "t000003084", "svc": "auth", "phase": "start", "ts": 7246000, "status": 200}
{"id": "t000003084", "svc": "auth", "phase": "end", "ts": 7246100, "status": 200}
{"id": "t000003085", "svc": "gateway", "phase": "start", "ts": 7247000, "status": 200}
{"id": "t000003085", "svc": "gateway", "phase": "end", "ts": 7247100, "status": 200}
{"id": "t000003086", "svc": "payment", "phase": "start", "ts": 7248000, "status": 200}
{"id": "t000003086", "svc": "payment", "phase": "end", "ts": 7248100, "status": 200}
{"id": "t000003087", "svc": "auth", "phase": "start", "ts": 7249000, "status": 200}
{"id": "t000003087", "svc": "auth", "phase": "end", "ts": 7249100, "status": 200}
{"id": "t000003088", "svc": "gateway", "phase": "start", "ts": 7250000, "status": 200}
{"id": "t000003088", "svc": "gateway", "phase": "end", "ts": 7250100, "status": 500}
{"id": "t000003089", "svc": "payment", "phase": "start", "ts": 7251000, "status": 200}
{"id": "t000003089", "svc": "payment", "phase": "end", "ts": 7251100, "status": 200}
{"id": "t000003090", "svc": "auth", "phase": "start", "ts": 7252000, "status": 200}
{"id": "t000003090", "svc": "auth", "phase": "end", "ts": 7252100, "status": 200}
{"id": "t000003091", "svc": "gateway", "phase": "start", "ts": 7253000, "status": 200}
{"id": "t000003091", "svc": "gateway", "phase": "end", "ts": 7253100, "status": 200}
{"id": "t000003092", "svc": "payment", "phase": "start", "ts": 7254000, "status": 200}
{"id": "t000003092", "svc": "payment", "phase": "end", "ts": 7254100, "status": 200}
{"id": "t000003093", "svc": "auth", "phase": "start", "ts": 7255000, "status": 200}
{"id": "t000003093", "svc": "auth", "phase": "end", "ts": 7255100, "status": 200}
{"id": "t000003094", "svc": "gateway", "phase": "start", "ts": 7256000, "status": 200}
{"id": "t000003094", "svc": "gateway", "phase": "end", "ts": 7256100, "status": 200}
{"id": "t000003095", "svc": "payment", "phase": "start", "ts": 7257000, "status": 200}
{"id": "t000003095", "svc": "payment", "phase": "end", "ts": 7257100, "status": 200}
{"id": "t000003096", "svc": "auth", "phase": "start", "ts": 7258000, "status": 200}
{"id": "t000003096", "svc": "auth", "phase": "end", "ts": 7258100, "status": 500}
{"id": "t000003097", "svc": "gateway", "phase": "start", "ts": 7259000, "status": 200}
{"id": "t000003097", "svc": "gateway", "phase": "end", "ts": 7259100, "status": 200}
{"id": "t000003098", "svc": "payment", "phase": "start", "ts": 7260000, "status": 200}
{"id": "t000003098", "svc": "payment", "phase": "end", "ts": 7260100, "status": 200}
{"id": "t000003099", "svc": "auth", "phase": "start", "ts": 7261000, "status": 200}
{"id": "t000003099", "svc": "auth", "phase": "end", "ts": 7261100, "status": 200}
{"id": "t000003100", "svc": "gateway", "phase": "start", "ts": 7262000, "status": 200}
{"id": "t000003100", "svc": "gateway", "phase": "end", "ts": 7262100, "status": 200}
{"id": "t000003101", "svc": "payment", "phase": "start", "ts": 7263000, "status": 200}
{"id": "t000003101", "svc": "payment", "phase": "end", "ts": 7263100, "status": 200}
{"id": "t000003102", "svc": "auth", "phase": "start", "ts": 7264000, "status": 200}
{"id": "t000003102", "svc": "auth", "phase": "end", "ts": 7264100, "status": 200}
{"id": "t000003103", "svc": "gateway", "phase": "start", "ts": 7265000, "status": 200}
{"id": "t000003103", "svc": "gateway", "phase": "end", "ts": 7265100, "status": 200}
{"id": "t000003104", "svc": "payment", "phase": "start", "ts": 7266000, "status": 200}
{"id": "t000003104", "svc": "payment", "phase": "end", "ts": 7266100, "status": 500}
{"id": "t000003105", "svc": "auth", "phase": "start", "ts": 7267000, "status": 200}
{"id": "t000003105", "svc": "auth", "phase": "end", "ts": 7267100, "status": 200}
{"id": "t000003106", "svc": "gateway", "phase": "start", "ts": 7268000, "status": 200}
{"id": "t000003106", "svc": "gateway", "phase": "end", "ts": 7268100, "status": 200}
{"id": "t000003107", "svc": "payment", "phase": "start", "ts": 7269000, "status": 200}
{"id": "t000003107", "svc": "payment", "phase": "end", "ts": 7269100, "status": 200}
{"id": "t000003108", "svc": "auth", "phase": "start", "ts": 7270000, "status": 200}
{"id": "t000003108", "svc": "auth", "phase": "end", "ts": 7270100, "status": 200}
{"id": "t000003109", "svc": "gateway", "phase": "start", "ts": 7271000, "status": 200}
{"id": "t000003109", "svc": "gateway", "phase": "end", "ts": 7271100, "status": 200}
{"id": "t000003110", "svc": "payment", "phase": "start", "ts": 7272000, "status": 200}
{"id": "t000003110", "svc": "payment", "phase": "end", "ts": 7272100, "status": 200}
{"id": "t000003111", "svc": "auth", "phase": "start", "ts": 7273000, "status": 200}
{"id": "t000003111", "svc": "auth", "phase": "end", "ts": 7273100, "status": 200}
{"id": "t000003112", "svc": "gateway", "phase": "start", "ts": 7274000, "status": 200}
{"id": "t000003112", "svc": "gateway", "phase": "end", "ts": 7274100, "status": 500}
{"id": "t000003113", "svc": "payment", "phase": "start", "ts": 7275000, "status": 200}
{"id": "t000003113", "svc": "payment", "phase": "end", "ts": 7275100, "status": 200}
{"id": "t000003114", "svc": "auth", "phase": "start", "ts": 7276000, "status": 200}
{"id": "t000003114", "svc": "auth", "phase": "end", "ts": 7276100, "status": 200}
{"id": "t000003115", "svc": "gateway", "phase": "start", "ts": 7277000, "status": 200}
{"id": "t000003115", "svc": "gateway", "phase": "end", "ts": 7277100, "status": 200}
{"id": "t000003116", "svc": "payment", "phase": "start", "ts": 7278000, "status": 200}
{"id": "t000003116", "svc": "payment", "phase": "end", "ts": 7278100, "status": 200}
{"id": "t000003117", "svc": "auth", "phase": "start", "ts": 7279000, "status": 200}
{"id": "t000003117", "svc": "auth", "phase": "end", "ts": 7279100, "status": 200}
{"id": "t000003118", "svc": "gateway", "phase": "start", "ts": 7280000, "status": 200}
{"id": "t000003118", "svc": "gateway", "phase": "end", "ts": 7280100, "status": 200}
{"id": "t000003119", "svc": "payment", "phase": "start", "ts": 7281000, "status": 200}
{"id": "t000003119", "svc": "payment", "phase": "end", "ts": 7281100, "status": 200}
{"id": "t000003120", "svc": "auth", "phase": "start", "ts": 7282000, "status": 200}
{"id": "t000003120", "svc": "auth", "phase": "end", "ts": 7282100, "status": 500}
{"id": "t000003121", "svc": "gateway", "phase": "start", "ts": 7283000, "status": 200}
{"id": "t000003121", "svc": "gateway", "phase": "end", "ts": 7283100, "status": 200}
{"id": "t000003122", "svc": "payment", "phase": "start", "ts": 7284000, "status": 200}
{"id": "t000003122", "svc": "payment", "phase": "end", "ts": 7284100, "status": 200}
{"id": "t000003123", "svc": "auth", "phase": "start", "ts": 7285000, "status": 200}
{"id": "t000003123", "svc": "auth", "phase": "end", "ts": 7285100, "status": 200}
{"id": "t000003124", "svc": "gateway", "phase": "start", "ts": 7286000, "status": 200}
{"id": "t000003124", "svc": "gateway", "phase": "end", "ts": 7286100, "status": 200}
{"id": "t000003125", "svc": "payment", "phase": "start", "ts": 7287000, "status": 200}
{"id": "t000003125", "svc": "payment", "phase": "end", "ts": 7287100, "status": 200}
{"id": "t000003126", "svc": "auth", "phase": "start", "ts": 7288000, "status": 200}
{"id": "t000003126", "svc": "auth", "phase": "end", "ts": 7288100, "status": 200}
{"id": "t000003127", "svc": "gateway", "phase": "start", "ts": 7289000, "status": 200}
{"id": "t000003127", "svc": "gateway", "phase": "end", "ts": 7289100, "status": 200}
{"id": "t000003128", "svc": "payment", "phase": "start", "ts": 7290000, "status": 200}
{"id": "t000003128", "svc": "payment", "phase": "end", "ts": 7290100, "status": 500}
{"id": "t000003129", "svc": "auth", "phase": "start", "ts": 7291000, "status": 200}
{"id": "t000003129", "svc": "auth", "phase": "end", "ts": 7291100, "status": 200}
{"id": "t000003130", "svc": "gateway", "phase": "start", "ts": 7292000, "status": 200}
{"id": "t000003130", "svc": "gateway", "phase": "end", "ts": 7292100, "status": 200}
{"id": "t000003131", "svc": "payment", "phase": "start", "ts": 7293000, "status": 200}
{"id": "t000003131", "svc": "payment", "phase": "end", "ts": 7293100, "status": 200}
{"id": "t000003132", "svc": "auth", "phase": "start", "ts": 7294000, "status": 200}
{"id": "t000003132", "svc": "auth", "phase": "end", "ts": 7294100, "status": 200}
{"id": "t000003133", "svc": "gateway", "phase": "start", "ts": 7295000, "status": 200}
{"id": "t000003133", "svc": "gateway", "phase": "end", "ts": 7295100, "status": 200}
{"id": "t000003134", "svc": "payment", "phase": "start", "ts": 7296000, "status": 200}
{"id": "t000003134", "svc": "payment", "phase": "end", "ts": 7296100, "status": 200}
{"id": "t000003135", "svc": "auth", "phase": "start", "ts": 7297000, "status": 200}
{"id": "t000003135", "svc": "auth", "phase": "end", "ts": 7297100, "status": 200}
{"id": "t000003136", "svc": "gateway", "phase": "start", "ts": 7298000, "status": 200}
{"id": "t000003136", "svc": "gateway", "phase": "end", "ts": 7298100, "status": 500}
{"id": "t000003137", "svc": "payment", "phase": "start", "ts": 7299000, "status": 200}
{"id": "t000003137", "svc": "payment", "phase": "end", "ts": 7299100, "status": 200}
{"id": "t000003138", "svc": "auth", "phase": "start", "ts": 7300000, "status": 200}
{"id": "t000003138", "svc": "auth", "phase": "end", "ts": 7300100, "status": 200}
{"id": "t000003139", "svc": "gateway", "phase": "start", "ts": 7301000, "status": 200}
{"id": "t000003139", "svc": "gateway", "phase": "end", "ts": 7301100, "status": 200}
{"id": "t000003140", "svc": "payment", "phase": "start", "ts": 7302000, "status": 200}
{"id": "t000003140", "svc": "payment", "phase": "end", "ts": 7302100, "status": 200}
{"id": "t000003141", "svc": "auth", "phase": "start", "ts": 7303000, "status": 200}
{"id": "t000003141", "svc": "auth", "phase": "end", "ts": 7303100, "status": 200}
{"id": "t000003142", "svc": "gateway", "phase": "start", "ts": 7304000, "status": 200}
{"id": "t000003142", "svc": "gateway", "phase": "end", "ts": 7304100, "status": 200}
{"id": "t000003143", "svc": "payment", "phase": "start", "ts": 7305000, "status": 200}
{"id": "t000003143", "svc": "payment", "phase": "end", "ts": 7305100, "status": 200}
{"id": "t000003144", "svc": "auth", "phase": "start", "ts": 7306000, "status": 200}
{"id": "t000003144", "svc": "auth", "phase": "end", "ts": 7306100, "status": 500}
{"id": "t000003145", "svc": "gateway", "phase": "start", "ts": 7307000, "status": 200}
{"id": "t000003145", "svc": "gateway", "phase": "end", "ts": 7307100, "status": 200}
{"id": "t000003146", "svc": "payment", "phase": "start", "ts": 7308000, "status": 200}
{"id": "t000003146", "svc": "payment", "phase": "end", "ts": 7308100, "status": 200}
{"id": "t000003147", "svc": "auth", "phase": "start", "ts": 7309000, "status": 200}
{"id": "t000003147", "svc": "auth", "phase": "end", "ts": 7309100, "status": 200}
{"id": "t000003148", "svc": "gateway", "phase": "start", "ts": 7310000, "status": 200}
{"id": "t000003148", "svc": "gateway", "phase": "end", "ts": 7310100, "status": 200}
{"id": "t000003149", "svc": "payment", "phase": "start", "ts": 7311000, "status": 200}
{"id": "t000003149", "svc": "payment", "phase": "end", "ts": 7311100, "status": 200}
{"id": "t000003150", "svc": "auth", "phase": "start", "ts": 7312000, "status": 200}
{"id": "t000003150", "svc": "auth", "phase": "end", "ts": 7312100, "status": 200}
{"id": "t000003151", "svc": "gateway", "phase": "start", "ts": 7313000, "status": 200}
{"id": "t000003151", "svc": "gateway", "phase": "end", "ts": 7313100, "status": 200}
{"id": "t000003152", "svc": "payment", "phase": "start", "ts": 7314000, "status": 200}
{"id": "t000003152", "svc": "payment", "phase": "end", "ts": 7314100, "status": 500}
{"id": "t000003153", "svc": "auth", "phase": "start", "ts": 7315000, "status": 200}
{"id": "t000003153", "svc": "auth", "phase": "end", "ts": 7315100, "status": 200}
{"id": "t000003154", "svc": "gateway", "phase": "start", "ts": 7316000, "status": 200}
{"id": "t000003154", "svc": "gateway", "phase": "end", "ts": 7316100, "status": 200}
{"id": "t000003155", "svc": "payment", "phase": "start", "ts": 7317000, "status": 200}
{"id": "t000003155", "svc": "payment", "phase": "end", "ts": 7317100, "status": 200}
{"id": "t000003156", "svc": "auth", "phase": "start", "ts": 7318000, "status": 200}
{"id": "t000003156", "svc": "auth", "phase": "end", "ts": 7318100, "status": 200}
{"id": "t000003157", "svc": "gateway", "phase": "start", "ts": 7319000, "status": 200}
{"id": "t000003157", "svc": "gateway", "phase": "end", "ts": 7319100, "status": 200}
{"id": "t000003158", "svc": "payment", "phase": "start", "ts": 7320000, "status": 200}
{"id": "t000003158", "svc": "payment", "phase": "end", "ts": 7320100, "status": 200}
{"id": "t000003159", "svc": "auth", "phase": "start", "ts": 7321000, "status": 200}
{"id": "t000003159", "svc": "auth", "phase": "end", "ts": 7321100, "status": 200}
{"id": "t000003160", "svc": "gateway", "phase": "start", "ts": 7322000, "status": 200}
{"id": "t000003160", "svc": "gateway", "phase": "end", "ts": 7322100, "status": 500}
{"id": "t000003161", "svc": "payment", "phase": "start", "ts": 7323000, "status": 200}
{"id": "t000003161", "svc": "payment", "phase": "end", "ts": 7323100, "status": 200}
{"id": "t000003162", "svc": "auth", "phase": "start", "ts": 7324000, "status": 200}
{"id": "t000003162", "svc": "auth", "phase": "end", "ts": 7324100, "status": 200}
{"id": "t000003163", "svc": "gateway", "phase": "start", "ts": 7325000, "status": 200}
{"id": "t000003163", "svc": "gateway", "phase": "end", "ts": 7325100, "status": 200}
{"id": "t000003164", "svc": "payment", "phase": "start", "ts": 7326000, "status": 200}
{"id": "t000003164", "svc": "payment", "phase": "end", "ts": 7326100, "status": 200}
{"id": "t000003165", "svc": "auth", "phase": "start", "ts": 7327000, "status": 200}
{"id": "t000003165", "svc": "auth", "phase": "end", "ts": 7327100, "status": 200}
{"id": "t000003166", "svc": "gateway", "phase": "start", "ts": 7328000, "status": 200}
{"id": "t000003166", "svc": "gateway", "phase": "end", "ts": 7328100, "status": 200}
{"id": "t000003167", "svc": "payment", "phase": "start", "ts": 7329000, "status": 200}
{"id": "t000003167", "svc": "payment", "phase": "end", "ts": 7329100, "status": 200}
{"id": "t000003168", "svc": "auth", "phase": "start", "ts": 7330000, "status": 200}
{"id": "t000003168", "svc": "auth", "phase": "end", "ts": 7330100, "status": 500}
{"id": "t000003169", "svc": "gateway", "phase": "start", "ts": 7331000, "status": 200}
{"id": "t000003169", "svc": "gateway", "phase": "end", "ts": 7331100, "status": 200}
{"id": "t000003170", "svc": "payment", "phase": "start", "ts": 7332000, "status": 200}
{"id": "t000003170", "svc": "payment", "phase": "end", "ts": 7332100, "status": 200}
{"id": "t000003171", "svc": "auth", "phase": "start", "ts": 7333000, "status": 200}
{"id": "t000003171", "svc": "auth", "phase": "end", "ts": 7333100, "status": 200}
{"id": "t000003172", "svc": "gateway", "phase": "start", "ts": 7334000, "status": 200}
{"id": "t000003172", "svc": "gateway", "phase": "end", "ts": 7334100, "status": 200}
{"id": "t000003173", "svc": "payment", "phase": "start", "ts": 7335000, "status": 200}
{"id": "t000003173", "svc": "payment", "phase": "end", "ts": 7335100, "status": 200}
{"id": "t000003174", "svc": "auth", "phase": "start", "ts": 7336000, "status": 200}
{"id": "t000003174", "svc": "auth", "phase": "end", "ts": 7336100, "status": 200}
{"id": "t000003175", "svc": "gateway", "phase": "start", "ts": 7337000, "status": 200}
{"id": "t000003175", "svc": "gateway", "phase": "end", "ts": 7337100, "status": 200}
{"id": "t000003176", "svc": "payment", "phase": "start", "ts": 7338000, "status": 200}
{"id": "t000003176", "svc": "payment", "phase": "end", "ts": 7338100, "status": 500}
{"id": "t000003177", "svc": "auth", "phase": "start", "ts": 7339000, "status": 200}
{"id": "t000003177", "svc": "auth", "phase": "end", "ts": 7339100, "status": 200}
{"id": "t000003178", "svc": "gateway", "phase": "start", "ts": 7340000, "status": 200}
{"id": "t000003178", "svc": "gateway", "phase": "end", "ts": 7340100, "status": 200}
{"id": "t000003179", "svc": "payment", "phase": "start", "ts": 7341000, "status": 200}
{"id": "t000003179", "svc": "payment", "phase": "end", "ts": 7341100, "status": 200}
{"id": "t000003180", "svc": "auth", "phase": "start", "ts": 7342000, "status": 200}
{"id": "t000003180", "svc": "auth", "phase": "end", "ts": 7342100, "status": 200}
{"id": "t000003181", "svc": "gateway", "phase": "start", "ts": 7343000, "status": 200}
{"id": "t000003181", "svc": "gateway", "phase": "end", "ts": 7343100, "status": 200}
{"id": "t000003182", "svc": "payment", "phase": "start", "ts": 7344000, "status": 200}
{"id": "t000003182", "svc": "payment", "phase": "end", "ts": 7344100, "status": 200}
{"id": "t000003183", "svc": "auth", "phase": "start", "ts": 7345000, "status": 200}
{"id": "t000003183", "svc": "auth", "phase": "end", "ts": 7345100, "status": 200}
{"id": "t000003184", "svc": "gateway", "phase": "start", "ts": 7346000, "status": 200}
{"id": "t000003184", "svc": "gateway", "phase": "end", "ts": 7346100, "status": 500}
{"id": "t000003185", "svc": "payment", "phase": "start", "ts": 7347000, "status": 200}
{"id": "t000003185", "svc": "payment", "phase": "end", "ts": 7347100, "status": 200}
{"id": "t000003186", "svc": "auth", "phase": "start", "ts": 7348000, "status": 200}
{"id": "t000003186", "svc": "auth", "phase": "end", "ts": 7348100, "status": 200}
{"id": "t000003187", "svc": "gateway", "phase": "start", "ts": 7349000, "status": 200}
{"id": "t000003187", "svc": "gateway", "phase": "end", "ts": 7349100, "status": 200}
{"id": "t000003188", "svc": "payment", "phase": "start", "ts": 7350000, "status": 200}
{"id": "t000003188", "svc": "payment", "phase": "end", "ts": 7350100, "status": 200}
{"id": "t000003189", "svc": "auth", "phase": "start", "ts": 7351000, "status": 200}
{"id": "t000003189", "svc": "auth", "phase": "end", "ts": 7351100, "status": 200}
{"id": "t000003190", "svc": "gateway", "phase": "start", "ts": 7352000, "status": 200}
{"id": "t000003190", "svc": "gateway", "phase": "end", "ts": 7352100, "status": 200}
{"id": "t000003191", "svc": "payment", "phase": "start", "ts": 7353000, "status": 200}
{"id": "t000003191", "svc": "payment", "phase": "end", "ts": 7353100, "status": 200}
{"id": "t000003192", "svc": "auth", "phase": "start", "ts": 7354000, "status": 200}
{"id": "t000003192", "svc": "auth", "phase": "end", "ts": 7354100, "status": 500}
{"id": "t000003193", "svc": "gateway", "phase": "start", "ts": 7355000, "status": 200}
{"id": "t000003193", "svc": "gateway", "phase": "end", "ts": 7355100, "status": 200}
{"id": "t000003194", "svc": "payment", "phase": "start", "ts": 7356000, "status": 200}
{"id": "t000003194", "svc": "payment", "phase": "end", "ts": 7356100, "status": 200}
{"id": "t000003195", "svc": "auth", "phase": "start", "ts": 7357000, "status": 200}
{"id": "t000003195", "svc": "auth", "phase": "end", "ts": 7357100, "status": 200}
{"id": "t000003196", "svc": "gateway", "phase": "start", "ts": 7358000, "status": 200}
{"id": "t000003196", "svc": "gateway", "phase": "end", "ts": 7358100, "status": 200}
{"id": "t000003197", "svc": "payment", "phase": "start", "ts": 7359000, "status": 200}
{"id": "t000003197", "svc": "payment", "phase": "end", "ts": 7359100, "status": 200}
{"id": "t000003198", "svc": "auth", "phase": "start", "ts": 7360000, "status": 200}
{"id": "t000003198", "svc": "auth", "phase": "end", "ts": 7360100, "status": 200}
{"id": "t000003199", "svc": "gateway", "phase": "start", "ts": 7361000, "status": 200}
{"id": "t000003199", "svc": "gateway", "phase": "end", "ts": 7361100, "status": 200}
{"id": "t000003200", "svc": "payment", "phase": "start", "ts": 7362000, "status": 200}
{"id": "t000003200", "svc": "payment", "phase": "end", "ts": 7362100, "status": 500}
{"id": "t000003201", "svc": "auth", "phase": "start", "ts": 7363000, "status": 200}
{"id": "t000003201", "svc": "auth", "phase": "end", "ts": 7363100, "status": 200}
{"id": "t000003202", "svc": "gateway", "phase": "start", "ts": 7364000, "status": 200}
{"id": "t000003202", "svc": "gateway", "phase": "end", "ts": 7364100, "status": 200}
{"id": "t000003203", "svc": "payment", "phase": "start", "ts": 7365000, "status": 200}
{"id": "t000003203", "svc": "payment", "phase": "end", "ts": 7365100, "status": 200}
{"id": "t000003204", "svc": "auth", "phase": "start", "ts": 7366000, "status": 200}
{"id": "t000003204", "svc": "auth", "phase": "end", "ts": 7366100, "status": 200}
{"id": "t000003205", "svc": "gateway", "phase": "start", "ts": 7367000, "status": 200}
{"id": "t000003205", "svc": "gateway", "phase": "end", "ts": 7367100, "status": 200}
{"id": "t000003206", "svc": "payment", "phase": "start", "ts": 7368000, "status": 200}
{"id": "t000003206", "svc": "payment", "phase": "end", "ts": 7368100, "status": 200}
{"id": "t000003207", "svc": "auth", "phase": "start", "ts": 7369000, "status": 200}
{"id": "t000003207", "svc": "auth", "phase": "end", "ts": 7369100, "status": 200}
{"id": "t000003208", "svc": "gateway", "phase": "start", "ts": 7370000, "status": 200}
{"id": "t000003208", "svc": "gateway", "phase": "end", "ts": 7370100, "status": 500}
{"id": "t000003209", "svc": "payment", "phase": "start", "ts": 7371000, "status": 200}
{"id": "t000003209", "svc": "payment", "phase": "end", "ts": 7371100, "status": 200}
{"id": "t000003210", "svc": "auth", "phase": "start", "ts": 7372000, "status": 200}
{"id": "t000003210", "svc": "auth", "phase": "end", "ts": 7372100, "status": 200}
{"id": "t000003211", "svc": "gateway", "phase": "start", "ts": 7373000, "status": 200}
{"id": "t000003211", "svc": "gateway", "phase": "end", "ts": 7373100, "status": 200}
{"id": "t000003212", "svc": "payment", "phase": "start", "ts": 7374000, "status": 200}
{"id": "t000003212", "svc": "payment", "phase": "end", "ts": 7374100, "status": 200}
{"id": "t000003213", "svc": "auth", "phase": "start", "ts": 7375000, "status": 200}
{"id": "t000003213", "svc": "auth", "phase": "end", "ts": 7375100, "status": 200}
{"id": "t000003214", "svc": "gateway", "phase": "start", "ts": 7376000, "status": 200}
{"id": "t000003214", "svc": "gateway", "phase": "end", "ts": 7376100, "status": 200}
{"id": "t000003215", "svc": "payment", "phase": "start", "ts": 7377000, "status": 200}
{"id": "t000003215", "svc": "payment", "phase": "end", "ts": 7377100, "status": 200}
{"id": "t000003216", "svc": "auth", "phase": "start", "ts": 7378000, "status": 200}
{"id": "t000003216", "svc": "auth", "phase": "end", "ts": 7378100, "status": 500}
{"id": "t000003217", "svc": "gateway", "phase": "start", "ts": 7379000, "status": 200}
{"id": "t000003217", "svc": "gateway", "phase": "end", "ts": 7379100, "status": 200}
{"id": "t000003218", "svc": "payment", "phase": "start", "ts": 7380000, "status": 200}
{"id": "t000003218", "svc": "payment", "phase": "end", "ts": 7380100, "status": 200}
{"id": "t000003219", "svc": "auth", "phase": "start", "ts": 7381000, "status": 200}
{"id": "t000003219", "svc": "auth", "phase": "end", "ts": 7381100, "status": 200}
{"id": "t000003220", "svc": "gateway", "phase": "start", "ts": 7382000, "status": 200}
{"id": "t000003220", "svc": "gateway", "phase": "end", "ts": 7382100, "status": 200}
{"id": "t000003221", "svc": "payment", "phase": "start", "ts": 7383000, "status": 200}
{"id": "t000003221", "svc": "payment", "phase": "end", "ts": 7383100, "status": 200}
{"id": "t000003222", "svc": "auth", "phase": "start", "ts": 7384000, "status": 200}
{"id": "t000003222", "svc": "auth", "phase": "end", "ts": 7384100, "status": 200}
{"id": "t000003223", "svc": "gateway", "phase": "start", "ts": 7385000, "status": 200}
{"id": "t000003223", "svc": "gateway", "phase": "end", "ts": 7385100, "status": 200}
{"id": "t000003224", "svc": "payment", "phase": "start", "ts": 7386000, "status": 200}
{"id": "t000003224", "svc": "payment", "phase": "end", "ts": 7386100, "status": 500}
{"id": "t000003225", "svc": "auth", "phase": "start", "ts": 7387000, "status": 200}
{"id": "t000003225", "svc": "auth", "phase": "end", "ts": 7387100, "status": 200}
{"id": "t000003226", "svc": "gateway", "phase": "start", "ts": 7388000, "status": 200}
{"id": "t000003226", "svc": "gateway", "phase": "end", "ts": 7388100, "status": 200}
{"id": "t000003227", "svc": "payment", "phase": "start", "ts": 7389000, "status": 200}
{"id": "t000003227", "svc": "payment", "phase": "end", "ts": 7389100, "status": 200}
{"id": "t000003228", "svc": "auth", "phase": "start", "ts": 7390000, "status": 200}
{"id": "t000003228", "svc": "auth", "phase": "end", "ts": 7390100, "status": 200}
{"id": "t000003229", "svc": "gateway", "phase": "start", "ts": 7391000, "status": 200}
{"id": "t000003229", "svc": "gateway", "phase": "end", "ts": 7391100, "status": 200}
{"id": "t000003230", "svc": "payment", "phase": "start", "ts": 7392000, "status": 200}
{"id": "t000003230", "svc": "payment", "phase": "end", "ts": 7392100, "status": 200}
{"id": "t000003231", "svc": "auth", "phase": "start", "ts": 7393000, "status": 200}
{"id": "t000003231", "svc": "auth", "phase": "end", "ts": 7393100, "status": 200}
{"id": "t000003232", "svc": "gateway", "phase": "start", "ts": 7394000, "status": 200}
{"id": "t000003232", "svc": "gateway", "phase": "end", "ts": 7394100, "status": 500}
{"id": "t000003233", "svc": "payment", "phase": "start", "ts": 7395000, "status": 200}
{"id": "t000003233", "svc": "payment", "phase": "end", "ts": 7395100, "status": 200}
{"id": "t000003234", "svc": "auth", "phase": "start", "ts": 7396000, "status": 200}
{"id": "t000003234", "svc": "auth", "phase": "end", "ts": 7396100, "status": 200}
{"id": "t000003235", "svc": "gateway", "phase": "start", "ts": 7397000, "status": 200}
{"id": "t000003235", "svc": "gateway", "phase": "end", "ts": 7397100, "status": 200}
{"id": "t000003236", "svc": "payment", "phase": "start", "ts": 7398000, "status": 200}
{"id": "t000003236", "svc": "payment", "phase": "end", "ts": 7398100, "status": 200}
{"id": "t000003237", "svc": "auth", "phase": "start", "ts": 7399000, "status": 200}
{"id": "t000003237", "svc": "auth", "phase": "end", "ts": 7399100, "status": 200}
{"id": "t000003238", "svc": "gateway", "phase": "start", "ts": 7400000, "status": 200}
{"id": "t000003238", "svc": "gateway", "phase": "end", "ts": 7400100, "status": 200}
{"id": "t000003239", "svc": "payment", "phase": "start", "ts": 7401000, "status": 200}
{"id": "t000003239", "svc": "payment", "phase": "end", "ts": 7401100, "status": 200}
{"id": "t000003240", "svc": "auth", "phase": "start", "ts": 7402000, "status": 200}
{"id": "t000003240", "svc": "auth", "phase": "end", "ts": 7402100, "status": 500}
{"id": "t000003241", "svc": "gateway", "phase": "start", "ts": 7403000, "status": 200}
{"id": "t000003241", "svc": "gateway", "phase": "end", "ts": 7403100, "status": 200}
{"id": "t000003242", "svc": "payment", "phase": "start", "ts": 7404000, "status": 200}
{"id": "t000003242", "svc": "payment", "phase": "end", "ts": 7404100, "status": 200}
{"id": "t000003243", "svc": "auth", "phase": "start", "ts": 7405000, "status": 200}
{"id": "t000003243", "svc": "auth", "phase": "end", "ts": 7405100, "status": 200}
{"id": "t000003244", "svc": "gateway", "phase": "start", "ts": 7406000, "status": 200}
{"id": "t000003244", "svc": "gateway", "phase": "end", "ts": 7406100, "status": 200}
{"id": "t000003245", "svc": "payment", "phase": "start", "ts": 7407000, "status": 200}
{"id": "t000003245", "svc": "payment", "phase": "end", "ts": 7407100, "status": 200}
{"id": "t000003246", "svc": "auth", "phase": "start", "ts": 7408000, "status": 200}
{"id": "t000003246", "svc": "auth", "phase": "end", "ts": 7408100, "status": 200}
{"id": "t000003247", "svc": "gateway", "phase": "start", "ts": 7409000, "status": 200}
{"id": "t000003247", "svc": "gateway", "phase": "end", "ts": 7409100, "status": 200}
{"id": "t000003248", "svc": "payment", "phase": "start", "ts": 7410000, "status": 200}
{"id": "t000003248", "svc": "payment", "phase": "end", "ts": 7410100, "status": 500}
{"id": "t000003249", "svc": "auth", "phase": "start", "ts": 7411000, "status": 200}
{"id": "t000003249", "svc": "auth", "phase": "end", "ts": 7411100, "status": 200}
{"id": "t000003250", "svc": "gateway", "phase": "start", "ts": 7412000, "status": 200}
{"id": "t000003250", "svc": "gateway", "phase": "end", "ts": 7412100, "status": 200}
{"id": "t000003251", "svc": "payment", "phase": "start", "ts": 7413000, "status": 200}
{"id": "t000003251", "svc": "payment", "phase": "end", "ts": 7413100, "status": 200}
{"id": "t000003252", "svc": "auth", "phase": "start", "ts": 7414000, "status": 200}
{"id": "t000003252", "svc": "auth", "phase": "end", "ts": 7414100, "status": 200}
{"id": "t000003253", "svc": "gateway", "phase": "start", "ts": 7415000, "status": 200}
{"id": "t000003253", "svc": "gateway", "phase": "end", "ts": 7415100, "status": 200}
{"id": "t000003254", "svc": "payment", "phase": "start", "ts": 7416000, "status": 200}
{"id": "t000003254", "svc": "payment", "phase": "end", "ts": 7416100, "status": 200}
{"id": "t000003255", "svc": "auth", "phase": "start", "ts": 7417000, "status": 200}
{"id": "t000003255", "svc": "auth", "phase": "end", "ts": 7417100, "status": 200}
{"id": "t000003256", "svc": "gateway", "phase": "start", "ts": 7418000, "status": 200}
{"id": "t000003256", "svc": "gateway", "phase": "end", "ts": 7418100, "status": 500}
{"id": "t000003257", "svc": "payment", "phase": "start", "ts": 7419000, "status": 200}
{"id": "t000003257", "svc": "payment", "phase": "end", "ts": 7419100, "status": 200}
{"id": "t000003258", "svc": "auth", "phase": "start", "ts": 7420000, "status": 200}
{"id": "t000003258", "svc": "auth", "phase": "end", "ts": 7420100, "status": 200}
{"id": "t000003259", "svc": "gateway", "phase": "start", "ts": 7421000, "status": 200}
{"id": "t000003259", "svc": "gateway", "phase": "end", "ts": 7421100, "status": 200}
{"id": "t000003260", "svc": "payment", "phase": "start", "ts": 7422000, "status": 200}
{"id": "t000003260", "svc": "payment", "phase": "end", "ts": 7422100, "status": 200}
{"id": "t000003261", "svc": "auth", "phase": "start", "ts": 7423000, "status": 200}
{"id": "t000003261", "svc": "auth", "phase": "end", "ts": 7423100, "status": 200}
{"id": "t000003262", "svc": "gateway", "phase": "start", "ts": 7424000, "status": 200}
{"id": "t000003262", "svc": "gateway", "phase": "end", "ts": 7424100, "status": 200}
{"id": "t000003263", "svc": "payment", "phase": "start", "ts": 7425000, "status": 200}
{"id": "t000003263", "svc": "payment", "phase": "end", "ts": 7425100, "status": 200}
{"id": "t000003264", "svc": "auth", "phase": "start", "ts": 7426000, "status": 200}
{"id": "t000003264", "svc": "auth", "phase": "end", "ts": 7426100, "status": 500}
{"id": "t000003265", "svc": "gateway", "phase": "start", "ts": 7427000, "status": 200}
{"id": "t000003265", "svc": "gateway", "phase": "end", "ts": 7427100, "status": 200}
{"id": "t000003266", "svc": "payment", "phase": "start", "ts": 7428000, "status": 200}
{"id": "t000003266", "svc": "payment", "phase": "end", "ts": 7428100, "status": 200}
{"id": "t000003267", "svc": "auth", "phase": "start", "ts": 7429000, "status": 200}
{"id": "t000003267", "svc": "auth", "phase": "end", "ts": 7429100, "status": 200}
{"id": "t000003268", "svc": "gateway", "phase": "start", "ts": 7430000, "status": 200}
{"id": "t000003268", "svc": "gateway", "phase": "end", "ts": 7430100, "status": 200}
{"id": "t000003269", "svc": "payment", "phase": "start", "ts": 7431000, "status": 200}
{"id": "t000003269", "svc": "payment", "phase": "end", "ts": 7431100, "status": 200}
{"id": "t000003270", "svc": "auth", "phase": "start", "ts": 7432000, "status": 200}
{"id": "t000003270", "svc": "auth", "phase": "end", "ts": 7432100, "status": 200}
{"id": "t000003271", "svc": "gateway", "phase": "start", "ts": 7433000, "status": 200}
{"id": "t000003271", "svc": "gateway", "phase": "end", "ts": 7433100, "status": 200}
{"id": "t000003272", "svc": "payment", "phase": "start", "ts": 7434000, "status": 200}
{"id": "t000003272", "svc": "payment", "phase": "end", "ts": 7434100, "status": 500}
{"id": "t000003273", "svc": "auth", "phase": "start", "ts": 7435000, "status": 200}
{"id": "t000003273", "svc": "auth", "phase": "end", "ts": 7435100, "status": 200}
{"id": "t000003274", "svc": "gateway", "phase": "start", "ts": 7436000, "status": 200}
{"id": "t000003274", "svc": "gateway", "phase": "end", "ts": 7436100, "status": 200}
{"id": "t000003275", "svc": "payment", "phase": "start", "ts": 7437000, "status": 200}
{"id": "t000003275", "svc": "payment", "phase": "end", "ts": 7437100, "status": 200}
{"id": "t000003276", "svc": "auth", "phase": "start", "ts": 7438000, "status": 200}
{"id": "t000003276", "svc": "auth", "phase": "end", "ts": 7438100, "status": 200}
{"id": "t000003277", "svc": "gateway", "phase": "start", "ts": 7439000, "status": 200}
{"id": "t000003277", "svc": "gateway", "phase": "end", "ts": 7439100, "status": 200}
{"id": "t000003278", "svc": "payment", "phase": "start", "ts": 7440000, "status": 200}
{"id": "t000003278", "svc": "payment", "phase": "end", "ts": 7440100, "status": 200}
{"id": "t000003279", "svc": "auth", "phase": "start", "ts": 7441000, "status": 200}
{"id": "t000003279", "svc": "auth", "phase": "end", "ts": 7441100, "status": 200}
{"id": "t000003280", "svc": "gateway", "phase": "start", "ts": 7442000, "status": 200}
{"id": "t000003280", "svc": "gateway", "phase": "end", "ts": 7442100, "status": 500}
{"id": "t000003281", "svc": "payment", "phase": "start", "ts": 7443000, "status": 200}
{"id": "t000003281", "svc": "payment", "phase": "end", "ts": 7443100, "status": 200}
{"id": "t000003282", "svc": "auth", "phase": "start", "ts": 7444000, "status": 200}
{"id": "t000003282", "svc": "auth", "phase": "end", "ts": 7444100, "status": 200}
{"id": "t000003283", "svc": "gateway", "phase": "start", "ts": 7445000, "status": 200}
{"id": "t000003283", "svc": "gateway", "phase": "end", "ts": 7445100, "status": 200}
{"id": "t000003284", "svc": "payment", "phase": "start", "ts": 7446000, "status": 200}
{"id": "t000003284", "svc": "payment", "phase": "end", "ts": 7446100, "status": 200}
{"id": "t000003285", "svc": "auth", "phase": "start", "ts": 7447000, "status": 200}
{"id": "t000003285", "svc": "auth", "phase": "end", "ts": 7447100, "status": 200}
{"id": "t000003286", "svc": "gateway", "phase": "start", "ts": 7448000, "status": 200}
{"id": "t000003286", "svc": "gateway", "phase": "end", "ts": 7448100, "status": 200}
{"id": "t000003287", "svc": "payment", "phase": "start", "ts": 7449000, "status": 200}
{"id": "t000003287", "svc": "payment", "phase": "end", "ts": 7449100, "status": 200}
{"id": "t000003288", "svc": "auth", "phase": "start", "ts": 7450000, "status": 200}
{"id": "t000003288", "svc": "auth", "phase": "end", "ts": 7450100, "status": 500}
{"id": "t000003289", "svc": "gateway", "phase": "start", "ts": 7451000, "status": 200}
{"id": "t000003289", "svc": "gateway", "phase": "end", "ts": 7451100, "status": 200}
{"id": "t000003290", "svc": "payment", "phase": "start", "ts": 7452000, "status": 200}
{"id": "t000003290", "svc": "payment", "phase": "end", "ts": 7452100, "status": 200}
{"id": "t000003291", "svc": "auth", "phase": "start", "ts": 7453000, "status": 200}
{"id": "t000003291", "svc": "auth", "phase": "end", "ts": 7453100, "status": 200}
{"id": "t000003292", "svc": "gateway", "phase": "start", "ts": 7454000, "status": 200}
{"id": "t000003292", "svc": "gateway", "phase": "end", "ts": 7454100, "status": 200}
{"id": "t000003293", "svc": "payment", "phase": "start", "ts": 7455000, "status": 200}
{"id": "t000003293", "svc": "payment", "phase": "end", "ts": 7455100, "status": 200}
{"id": "t000003294", "svc": "auth", "phase": "start", "ts": 7456000, "status": 200}
{"id": "t000003294", "svc": "auth", "phase": "end", "ts": 7456100, "status": 200}
{"id": "t000003295", "svc": "gateway", "phase": "start", "ts": 7457000, "status": 200}
{"id": "t000003295", "svc": "gateway", "phase": "end", "ts": 7457100, "status": 200}
{"id": "t000003296", "svc": "payment", "phase": "start", "ts": 7458000, "status": 200}
{"id": "t000003296", "svc": "payment", "phase": "end", "ts": 7458100, "status": 500}
{"id": "t000003297", "svc": "auth", "phase": "start", "ts": 7459000, "status": 200}
{"id": "t000003297", "svc": "auth", "phase": "end", "ts": 7459100, "status": 200}
{"id": "t000003298", "svc": "gateway", "phase": "start", "ts": 7460000, "status": 200}
{"id": "t000003298", "svc": "gateway", "phase": "end", "ts": 7460100, "status": 200}
{"id": "t000003299", "svc": "payment", "phase": "start", "ts": 7461000, "status": 200}
{"id": "t000003299", "svc": "payment", "phase": "end", "ts": 7461100, "status": 200}
{"id": "t000003300", "svc": "auth", "phase": "start", "ts": 7462000, "status": 200}
{"id": "t000003300", "svc": "auth", "phase": "end", "ts": 7462100, "status": 200}
{"id": "t000003301", "svc": "gateway", "phase": "start", "ts": 7463000, "status": 200}
{"id": "t000003301", "svc": "gateway", "phase": "end", "ts": 7463100, "status": 200}
{"id": "t000003302", "svc": "payment", "phase": "start", "ts": 7464000, "status": 200}
{"id": "t000003302", "svc": "payment", "phase": "end", "ts": 7464100, "status": 200}
{"id": "t000003303", "svc": "auth", "phase": "start", "ts": 7465000, "status": 200}
{"id": "t000003303", "svc": "auth", "phase": "end", "ts": 7465100, "status": 200}
{"id": "t000003304", "svc": "gateway", "phase": "start", "ts": 7466000, "status": 200}
{"id": "t000003304", "svc": "gateway", "phase": "end", "ts": 7466100, "status": 500}
{"id": "t000003305", "svc": "payment", "phase": "start", "ts": 7467000, "status": 200}
{"id": "t000003305", "svc": "payment", "phase": "end", "ts": 7467100, "status": 200}
{"id": "t000003306", "svc": "auth", "phase": "start", "ts": 7468000, "status": 200}
{"id": "t000003306", "svc": "auth", "phase": "end", "ts": 7468100, "status": 200}
{"id": "t000003307", "svc": "gateway", "phase": "start", "ts": 7469000, "status": 200}
{"id": "t000003307", "svc": "gateway", "phase": "end", "ts": 7469100, "status": 200}
{"id": "t000003308", "svc": "payment", "phase": "start", "ts": 7470000, "status": 200}
{"id": "t000003308", "svc": "payment", "phase": "end", "ts": 7470100, "status": 200}
{"id": "t000003309", "svc": "auth", "phase": "start", "ts": 7471000, "status": 200}
{"id": "t000003309", "svc": "auth", "phase": "end", "ts": 7471100, "status": 200}
{"id": "t000003310", "svc": "gateway", "phase": "start", "ts": 7472000, "status": 200}
{"id": "t000003310", "svc": "gateway", "phase": "end", "ts": 7472100, "status": 200}
{"id": "t000003311", "svc": "payment", "phase": "start", "ts": 7473000, "status": 200}
{"id": "t000003311", "svc": "payment", "phase": "end", "ts": 7473100, "status": 200}
{"id": "t000003312", "svc": "auth", "phase": "start", "ts": 7474000, "status": 200}
{"id": "t000003312", "svc": "auth", "phase": "end", "ts": 7474100, "status": 500}
{"id": "t000003313", "svc": "gateway", "phase": "start", "ts": 7475000, "status": 200}
{"id": "t000003313", "svc": "gateway", "phase": "end", "ts": 7475100, "status": 200}
{"id": "t000003314", "svc": "payment", "phase": "start", "ts": 7476000, "status": 200}
{"id": "t000003314", "svc": "payment", "phase": "end", "ts": 7476100, "status": 200}
{"id": "t000003315", "svc": "auth", "phase": "start", "ts": 7477000, "status": 200}
{"id": "t000003315", "svc": "auth", "phase": "end", "ts": 7477100, "status": 200}
{"id": "t000003316", "svc": "gateway", "phase": "start", "ts": 7478000, "status": 200}
{"id": "t000003316", "svc": "gateway", "phase": "end", "ts": 7478100, "status": 200}
{"id": "t000003317", "svc": "payment", "phase": "start", "ts": 7479000, "status": 200}
{"id": "t000003317", "svc": "payment", "phase": "end", "ts": 7479100, "status": 200}
{"id": "t000003318", "svc": "auth", "phase": "start", "ts": 7480000, "status": 200}
{"id": "t000003318", "svc": "auth", "phase": "end", "ts": 7480100, "status": 200}
{"id": "t000003319", "svc": "gateway", "phase": "start", "ts": 7481000, "status": 200}
{"id": "t000003319", "svc": "gateway", "phase": "end", "ts": 7481100, "status": 200}
{"id": "t000003320", "svc": "payment", "phase": "start", "ts": 7482000, "status": 200}
{"id": "t000003320", "svc": "payment", "phase": "end", "ts": 7482100, "status": 500}
{"id": "t000003321", "svc": "auth", "phase": "start", "ts": 7483000, "status": 200}
{"id": "t000003321", "svc": "auth", "phase": "end", "ts": 7483100, "status": 200}
{"id": "t000003322", "svc": "gateway", "phase": "start", "ts": 7484000, "status": 200}
{"id": "t000003322", "svc": "gateway", "phase": "end", "ts": 7484100, "status": 200}
{"id": "t000003323", "svc": "payment", "phase": "start", "ts": 7485000, "status": 200}
{"id": "t000003323", "svc": "payment", "phase": "end", "ts": 7485100, "status": 200}
{"id": "t000003324", "svc": "auth", "phase": "start", "ts": 7486000, "status": 200}
{"id": "t000003324", "svc": "auth", "phase": "end", "ts": 7486100, "status": 200}
{"id": "t000003325", "svc": "gateway", "phase": "start", "ts": 7487000, "status": 200}
{"id": "t000003325", "svc": "gateway", "phase": "end", "ts": 7487100, "status": 200}
{"id": "t000003326", "svc": "payment", "phase": "start", "ts": 7488000, "status": 200}
{"id": "t000003326", "svc": "payment", "phase": "end", "ts": 7488100, "status": 200}
{"id": "t000003327", "svc": "auth", "phase": "start", "ts": 7489000, "status": 200}
{"id": "t000003327", "svc": "auth", "phase": "end", "ts": 7489100, "status": 200}
{"id": "t000003328", "svc": "gateway", "phase": "start", "ts": 7490000, "status": 200}
{"id": "t000003328", "svc": "gateway", "phase": "end", "ts": 7490100, "status": 500}
{"id": "t000003329", "svc": "payment", "phase": "start", "ts": 7491000, "status": 200}
{"id": "t000003329", "svc": "payment", "phase": "end", "ts": 7491100, "status": 200}
{"id": "t000003330", "svc": "auth", "phase": "start", "ts": 7492000, "status": 200}
{"id": "t000003330", "svc": "auth", "phase": "end", "ts": 7492100, "status": 200}
{"id": "t000003331", "svc": "gateway", "phase": "start", "ts": 7493000, "status": 200}
{"id": "t000003331", "svc": "gateway", "phase": "end", "ts": 7493100, "status": 200}
{"id": "t000003332", "svc": "payment", "phase": "start", "ts": 7494000, "status": 200}
{"id": "t000003332", "svc": "payment", "phase": "end", "ts": 7494100, "status": 200}
{"id": "t000003333", "svc": "auth", "phase": "start", "ts": 7495000, "status": 200}
{"id": "t000003333", "svc": "auth", "phase": "end", "ts": 7495100, "status": 200}
{"id": "t000003334", "svc": "gateway", "phase": "start", "ts": 7496000, "status": 200}
{"id": "t000003334", "svc": "gateway", "phase": "end", "ts": 7496100, "status": 200}
{"id": "t000003335", "svc": "payment", "phase": "start", "ts": 7497000, "status": 200}
{"id": "t000003335", "svc": "payment", "phase": "end", "ts": 7497100, "status": 200}
{"id": "t000003336", "svc": "auth", "phase": "start", "ts": 7498000, "status": 200}
{"id": "t000003336", "svc": "auth", "phase": "end", "ts": 7498100, "status": 500}
{"id": "t000003337", "svc": "gateway", "phase": "start", "ts": 7499000, "status": 200}
{"id": "t000003337", "svc": "gateway", "phase": "end", "ts": 7499100, "status": 200}
{"id": "t000003338", "svc": "payment", "phase": "start", "ts": 7500000, "status": 200}
{"id": "t000003338", "svc": "payment", "phase": "end", "ts": 7500100, "status": 200}
{"id": "t000003339", "svc": "auth", "phase": "start", "ts": 7501000, "status": 200}
{"id": "t000003339", "svc": "auth", "phase": "end", "ts": 7501100, "status": 200}
{"id": "t000003340", "svc": "gateway", "phase": "start", "ts": 7502000, "status": 200}
{"id": "t000003340", "svc": "gateway", "phase": "end", "ts": 7502100, "status": 200}
{"id": "t000003341", "svc": "payment", "phase": "start", "ts": 7503000, "status": 200}
{"id": "t000003341", "svc": "payment", "phase": "end", "ts": 7503100, "status": 200}
{"id": "t000003342", "svc": "auth", "phase": "start", "ts": 7504000, "status": 200}
{"id": "t000003342", "svc": "auth", "phase": "end", "ts": 7504100, "status": 200}
{"id": "t000003343", "svc": "gateway", "phase": "start", "ts": 7505000, "status": 200}
{"id": "t000003343", "svc": "gateway", "phase": "end", "ts": 7505100, "status": 200}
{"id": "t000003344", "svc": "payment", "phase": "start", "ts": 7506000, "status": 200}
{"id": "t000003344", "svc": "payment", "phase": "end", "ts": 7506100, "status": 500}
{"id": "t000003345", "svc": "auth", "phase": "start", "ts": 7507000, "status": 200}
{"id": "t000003345", "svc": "auth", "phase": "end", "ts": 7507100, "status": 200}
{"id": "t000003346", "svc": "gateway", "phase": "start", "ts": 7508000, "status": 200}
{"id": "t000003346", "svc": "gateway", "phase": "end", "ts": 7508100, "status": 200}
{"id": "t000003347", "svc": "payment", "phase": "start", "ts": 7509000, "status": 200}
{"id": "t000003347", "svc": "payment", "phase": "end", "ts": 7509100, "status": 200}
{"id": "t000003348", "svc": "auth", "phase": "start", "ts": 7510000, "status": 200}
{"id": "t000003348", "svc": "auth", "phase": "end", "ts": 7510100, "status": 200}
{"id": "t000003349", "svc": "gateway", "phase": "start", "ts": 7511000, "status": 200}
{"id": "t000003349", "svc": "gateway", "phase": "end", "ts": 7511100, "status": 200}
{"id": "t000003350", "svc": "payment", "phase": "start", "ts": 7512000, "status": 200}
{"id": "t000003350", "svc": "payment", "phase": "end", "ts": 7512100, "status": 200}
{"id": "t000003351", "svc": "auth", "phase": "start", "ts": 7513000, "status": 200}
{"id": "t000003351", "svc": "auth", "phase": "end", "ts": 7513100, "status": 200}
{"id": "t000003352", "svc": "gateway", "phase": "start", "ts": 7514000, "status": 200}
{"id": "t000003352", "svc": "gateway", "phase": "end", "ts": 7514100, "status": 500}
{"id": "t000003353", "svc": "payment", "phase": "start", "ts": 7515000, "status": 200}
{"id": "t000003353", "svc": "payment", "phase": "end", "ts": 7515100, "status": 200}
{"id": "t000003354", "svc": "auth", "phase": "start", "ts": 7516000, "status": 200}
{"id": "t000003354", "svc": "auth", "phase": "end", "ts": 7516100, "status": 200}
{"id": "t000003355", "svc": "gateway", "phase": "start", "ts": 7517000, "status": 200}
{"id": "t000003355", "svc": "gateway", "phase": "end", "ts": 7517100, "status": 200}
{"id": "t000003356", "svc": "payment", "phase": "start", "ts": 7518000, "status": 200}
{"id": "t000003356", "svc": "payment", "phase": "end", "ts": 7518100, "status": 200}
{"id": "t000003357", "svc": "auth", "phase": "start", "ts": 7519000, "status": 200}
{"id": "t000003357", "svc": "auth", "phase": "end", "ts": 7519100, "status": 200}
{"id": "t000003358", "svc": "gateway", "phase": "start", "ts": 7520000, "status": 200}
{"id": "t000003358", "svc": "gateway", "phase": "end", "ts": 7520100, "status": 200}
{"id": "t000003359", "svc": "payment", "phase": "start", "ts": 7521000, "status": 200}
{"id": "t000003359", "svc": "payment", "phase": "end", "ts": 7521100, "status": 200}
{"id": "t000003360", "svc": "auth", "phase": "start", "ts": 7522000, "status": 200}
{"id": "t000003360", "svc": "auth", "phase": "end", "ts": 7522100, "status": 500}
{"id": "t000003361", "svc": "gateway", "phase": "start", "ts": 7523000, "status": 200}
{"id": "t000003361", "svc": "gateway", "phase": "end", "ts": 7523100, "status": 200}
{"id": "t000003362", "svc": "payment", "phase": "start", "ts": 7524000, "status": 200}
{"id": "t000003362", "svc": "payment", "phase": "end", "ts": 7524100, "status": 200}
{"id": "t000003363", "svc": "auth", "phase": "start", "ts": 7525000, "status": 200}
{"id": "t000003363", "svc": "auth", "phase": "end", "ts": 7525100, "status": 200}
{"id": "t000003364", "svc": "gateway", "phase": "start", "ts": 7526000, "status": 200}
{"id": "t000003364", "svc": "gateway", "phase": "end", "ts": 7526100, "status": 200}
{"id": "t000003365", "svc": "payment", "phase": "start", "ts": 7527000, "status": 200}
{"id": "t000003365", "svc": "payment", "phase": "end", "ts": 7527100, "status": 200}
{"id": "t000003366", "svc": "auth", "phase": "start", "ts": 7528000, "status": 200}
{"id": "t000003366", "svc": "auth", "phase": "end", "ts": 7528100, "status": 200}
{"id": "t000003367", "svc": "gateway", "phase": "start", "ts": 7529000, "status": 200}
{"id": "t000003367", "svc": "gateway", "phase": "end", "ts": 7529100, "status": 200}
{"id": "t000003368", "svc": "payment", "phase": "start", "ts": 7530000, "status": 200}
{"id": "t000003368", "svc": "payment", "phase": "end", "ts": 7530100, "status": 500}
{"id": "t000003369", "svc": "auth", "phase": "start", "ts": 7531000, "status": 200}
{"id": "t000003369", "svc": "auth", "phase": "end", "ts": 7531100, "status": 200}
{"id": "t000003370", "svc": "gateway", "phase": "start", "ts": 7532000, "status": 200}
{"id": "t000003370", "svc": "gateway", "phase": "end", "ts": 7532100, "status": 200}
{"id": "t000003371", "svc": "payment", "phase": "start", "ts": 7533000, "status": 200}
{"id": "t000003371", "svc": "payment", "phase": "end", "ts": 7533100, "status": 200}
{"id": "t000003372", "svc": "auth", "phase": "start", "ts": 7534000, "status": 200}
{"id": "t000003372", "svc": "auth", "phase": "end", "ts": 7534100, "status": 200}
{"id": "t000003373", "svc": "gateway", "phase": "start", "ts": 7535000, "status": 200}
{"id": "t000003373", "svc": "gateway", "phase": "end", "ts": 7535100, "status": 200}
{"id": "t000003374", "svc": "payment", "phase": "start", "ts": 7536000, "status": 200}
{"id": "t000003374", "svc": "payment", "phase": "end", "ts": 7536100, "status": 200}
{"id": "t000003375", "svc": "auth", "phase": "start", "ts": 7537000, "status": 200}
{"id": "t000003375", "svc": "auth", "phase": "end", "ts": 7537100, "status": 200}
{"id": "t000003376", "svc": "gateway", "phase": "start", "ts": 7538000, "status": 200}
{"id": "t000003376", "svc": "gateway", "phase": "end", "ts": 7538100, "status": 500}
{"id": "t000003377", "svc": "payment", "phase": "start", "ts": 7539000, "status": 200}
{"id": "t000003377", "svc": "payment", "phase": "end", "ts": 7539100, "status": 200}
{"id": "t000003378", "svc": "auth", "phase": "start", "ts": 7540000, "status": 200}
{"id": "t000003378", "svc": "auth", "phase": "end", "ts": 7540100, "status": 200}
{"id": "t000003379", "svc": "gateway", "phase": "start", "ts": 7541000, "status": 200}
{"id": "t000003379", "svc": "gateway", "phase": "end", "ts": 7541100, "status": 200}
{"id": "t000003380", "svc": "payment", "phase": "start", "ts": 7542000, "status": 200}
{"id": "t000003380", "svc": "payment", "phase": "end", "ts": 7542100, "status": 200}
{"id": "t000003381", "svc": "auth", "phase": "start", "ts": 7543000, "status": 200}
{"id": "t000003381", "svc": "auth", "phase": "end", "ts": 7543100, "status": 200}
{"id": "t000003382", "svc": "gateway", "phase": "start", "ts": 7544000, "status": 200}
{"id": "t000003382", "svc": "gateway", "phase": "end", "ts": 7544100, "status": 200}
{"id": "t000003383", "svc": "payment", "phase": "start", "ts": 7545000, "status": 200}
{"id": "t000003383", "svc": "payment", "phase": "end", "ts": 7545100, "status": 200}
{"id": "t000003384", "svc": "auth", "phase": "start", "ts": 7546000, "status": 200}
{"id": "t000003384", "svc": "auth", "phase": "end", "ts": 7546100, "status": 500}
{"id": "t000003385", "svc": "gateway", "phase": "start", "ts": 7547000, "status": 200}
{"id": "t000003385", "svc": "gateway", "phase": "end", "ts": 7547100, "status": 200}
{"id": "t000003386", "svc": "payment", "phase": "start", "ts": 7548000, "status": 200}
{"id": "t000003386", "svc": "payment", "phase": "end", "ts": 7548100, "status": 200}
{"id": "t000003387", "svc": "auth", "phase": "start", "ts": 7549000, "status": 200}
{"id": "t000003387", "svc": "auth", "phase": "end", "ts": 7549100, "status": 200}
{"id": "t000003388", "svc": "gateway", "phase": "start", "ts": 7550000, "status": 200}
{"id": "t000003388", "svc": "gateway", "phase": "end", "ts": 7550100, "status": 200}
{"id": "t000003389", "svc": "payment", "phase": "start", "ts": 7551000, "status": 200}
{"id": "t000003389", "svc": "payment", "phase": "end", "ts": 7551100, "status": 200}
{"id": "t000003390", "svc": "auth", "phase": "start", "ts": 7552000, "status": 200}
{"id": "t000003390", "svc": "auth", "phase": "end", "ts": 7552100, "status": 200}
{"id": "t000003391", "svc": "gateway", "phase": "start", "ts": 7553000, "status": 200}
{"id": "t000003391", "svc": "gateway", "phase": "end", "ts": 7553100, "status": 200}
{"id": "t000003392", "svc": "payment", "phase": "start", "ts": 7554000, "status": 200}
{"id": "t000003392", "svc": "payment", "phase": "end", "ts": 7554100, "status": 500}
{"id": "t000003393", "svc": "auth", "phase": "start", "ts": 7555000, "status": 200}
{"id": "t000003393", "svc": "auth", "phase": "end", "ts": 7555100, "status": 200}
{"id": "t000003394", "svc": "gateway", "phase": "start", "ts": 7556000, "status": 200}
{"id": "t000003394", "svc": "gateway", "phase": "end", "ts": 7556100, "status": 200}
{"id": "t000003395", "svc": "payment", "phase": "start", "ts": 7557000, "status": 200}
{"id": "t000003395", "svc": "payment", "phase": "end", "ts": 7557100, "status": 200}
{"id": "t000003396", "svc": "auth", "phase": "start", "ts": 7558000, "status": 200}
{"id": "t000003396", "svc": "auth", "phase": "end", "ts": 7558100, "status": 200}
{"id": "t000003397", "svc": "gateway", "phase": "start", "ts": 7559000, "status": 200}
{"id": "t000003397", "svc": "gateway", "phase": "end", "ts": 7559100, "status": 200}
{"id": "t000003398", "svc": "payment", "phase": "start", "ts": 7560000, "status": 200}
{"id": "t000003398", "svc": "payment", "phase": "end", "ts": 7560100, "status": 200}
{"id": "t000003399", "svc": "auth", "phase": "start", "ts": 7561000, "status": 200}
{"id": "t000003399", "svc": "auth", "phase": "end", "ts": 7561100, "status": 200}
{"id": "t000003400", "svc": "gateway", "phase": "start", "ts": 7562000, "status": 200}
{"id": "t000003400", "svc": "gateway", "phase": "end", "ts": 7562100, "status": 500}
{"id": "t000003401", "svc": "payment", "phase": "start", "ts": 7563000, "status": 200}
{"id": "t000003401", "svc": "payment", "phase": "end", "ts": 7563100, "status": 200}
{"id": "t000003402", "svc": "auth", "phase": "start", "ts": 7564000, "status": 200}
{"id": "t000003402", "svc": "auth", "phase": "end", "ts": 7564100, "status": 200}
{"id": "t000003403", "svc": "gateway", "phase": "start", "ts": 7565000, "status": 200}
{"id": "t000003403", "svc": "gateway", "phase": "end", "ts": 7565100, "status": 200}
{"id": "t000003404", "svc": "payment", "phase": "start", "ts": 7566000, "status": 200}
{"id": "t000003404", "svc": "payment", "phase": "end", "ts": 7566100, "status": 200}
{"id": "t000003405", "svc": "auth", "phase": "start", "ts": 7567000, "status": 200}
{"id": "t000003405", "svc": "auth", "phase": "end", "ts": 7567100, "status": 200}
{"id": "t000003406", "svc": "gateway", "phase": "start", "ts": 7568000, "status": 200}
{"id": "t000003406", "svc": "gateway", "phase": "end", "ts": 7568100, "status": 200}
{"id": "t000003407", "svc": "payment", "phase": "start", "ts": 7569000, "status": 200}
{"id": "t000003407", "svc": "payment", "phase": "end", "ts": 7569100, "status": 200}
{"id": "t000003408", "svc": "auth", "phase": "start", "ts": 7570000, "status": 200}
{"id": "t000003408", "svc": "auth", "phase": "end", "ts": 7570100, "status": 500}
{"id": "t000003409", "svc": "gateway", "phase": "start", "ts": 7571000, "status": 200}
{"id": "t000003409", "svc": "gateway", "phase": "end", "ts": 7571100, "status": 200}
{"id": "t000003410", "svc": "payment", "phase": "start", "ts": 7572000, "status": 200}
{"id": "t000003410", "svc": "payment", "phase": "end", "ts": 7572100, "status": 200}
{"id": "t000003411", "svc": "auth", "phase": "start", "ts": 7573000, "status": 200}
{"id": "t000003411", "svc": "auth", "phase": "end", "ts": 7573100, "status": 200}
{"id": "t000003412", "svc": "gateway", "phase": "start", "ts": 7574000, "status": 200}
{"id": "t000003412", "svc": "gateway", "phase": "end", "ts": 7574100, "status": 200}
{"id": "t000003413", "svc": "payment", "phase": "start", "ts": 7575000, "status": 200}
{"id": "t000003413", "svc": "payment", "phase": "end", "ts": 7575100, "status": 200}
{"id": "t000003414", "svc": "auth", "phase": "start", "ts": 7576000, "status": 200}
{"id": "t000003414", "svc": "auth", "phase": "end", "ts": 7576100, "status": 200}
{"id": "t000003415", "svc": "gateway", "phase": "start", "ts": 7577000, "status": 200}
{"id": "t000003415", "svc": "gateway", "phase": "end", "ts": 7577100, "status": 200}
{"id": "t000003416", "svc": "payment", "phase": "start", "ts": 7578000, "status": 200}
{"id": "t000003416", "svc": "payment", "phase": "end", "ts": 7578100, "status": 500}
{"id": "t000003417", "svc": "auth", "phase": "start", "ts": 7579000, "status": 200}
{"id": "t000003417", "svc": "auth", "phase": "end", "ts": 7579100, "status": 200}
{"id": "t000003418", "svc": "gateway", "phase": "start", "ts": 7580000, "status": 200}
{"id": "t000003418", "svc": "gateway", "phase": "end", "ts": 7580100, "status": 200}
{"id": "t000003419", "svc": "payment", "phase": "start", "ts": 7581000, "status": 200}
{"id": "t000003419", "svc": "payment", "phase": "end", "ts": 7581100, "status": 200}
{"id": "t000003420", "svc": "auth", "phase": "start", "ts": 7582000, "status": 200}
{"id": "t000003420", "svc": "auth", "phase": "end", "ts": 7582100, "status": 200}
{"id": "t000003421", "svc": "gateway", "phase": "start", "ts": 7583000, "status": 200}
{"id": "t000003421", "svc": "gateway", "phase": "end", "ts": 7583100, "status": 200}
{"id": "t000003422", "svc": "payment", "phase": "start", "ts": 7584000, "status": 200}
{"id": "t000003422", "svc": "payment", "phase": "end", "ts": 7584100, "status": 200}
{"id": "t000003423", "svc": "auth", "phase": "start", "ts": 7585000, "status": 200}
{"id": "t000003423", "svc": "auth", "phase": "end", "ts": 7585100, "status": 200}
{"id": "t000003424", "svc": "gateway", "phase": "start", "ts": 7586000, "status": 200}
{"id": "t000003424", "svc": "gateway", "phase": "end", "ts": 7586100, "status": 500}
{"id": "t000003425", "svc": "payment", "phase": "start", "ts": 7587000, "status": 200}
{"id": "t000003425", "svc": "payment", "phase": "end", "ts": 7587100, "status": 200}
{"id": "t000003426", "svc": "auth", "phase": "start", "ts": 7588000, "status": 200}
{"id": "t000003426", "svc": "auth", "phase": "end", "ts": 7588100, "status": 200}
{"id": "t000003427", "svc": "gateway", "phase": "start", "ts": 7589000, "status": 200}
{"id": "t000003427", "svc": "gateway", "phase": "end", "ts": 7589100, "status": 200}
{"id": "t000003428", "svc": "payment", "phase": "start", "ts": 7590000, "status": 200}
{"id": "t000003428", "svc": "payment", "phase": "end", "ts": 7590100, "status": 200}
{"id": "t000003429", "svc": "auth", "phase": "start", "ts": 7591000, "status": 200}
{"id": "t000003429", "svc": "auth", "phase": "end", "ts": 7591100, "status": 200}
{"id": "t000003430", "svc": "gateway", "phase": "start", "ts": 7592000, "status": 200}
{"id": "t000003430", "svc": "gateway", "phase": "end", "ts": 7592100, "status": 200}
{"id": "t000003431", "svc": "payment", "phase": "start", "ts": 7593000, "status": 200}
{"id": "t000003431", "svc": "payment", "phase": "end", "ts": 7593100, "status": 200}
{"id": "t000003432", "svc": "auth", "phase": "start", "ts": 7594000, "status": 200}
{"id": "t000003432", "svc": "auth", "phase": "end", "ts": 7594100, "status": 500}
{"id": "t000003433", "svc": "gateway", "phase": "start", "ts": 7595000, "status": 200}
{"id": "t000003433", "svc": "gateway", "phase": "end", "ts": 7595100, "status": 200}
{"id": "t000003434", "svc": "payment", "phase": "start", "ts": 7596000, "status": 200}
{"id": "t000003434", "svc": "payment", "phase": "end", "ts": 7596100, "status": 200}
{"id": "t000003435", "svc": "auth", "phase": "start", "ts": 7597000, "status": 200}
{"id": "t000003435", "svc": "auth", "phase": "end", "ts": 7597100, "status": 200}
{"id": "t000003436", "svc": "gateway", "phase": "start", "ts": 7598000, "status": 200}
{"id": "t000003436", "svc": "gateway", "phase": "end", "ts": 7598100, "status": 200}
{"id": "t000003437", "svc": "payment", "phase": "start", "ts": 7599000, "status": 200}
{"id": "t000003437", "svc": "payment", "phase": "end", "ts": 7599100, "status": 200}
{"id": "t000003438", "svc": "auth", "phase": "start", "ts": 7600000, "status": 200}
{"id": "t000003438", "svc": "auth", "phase": "end", "ts": 7600100, "status": 200}
{"id": "t000003439", "svc": "gateway", "phase": "start", "ts": 7601000, "status": 200}
{"id": "t000003439", "svc": "gateway", "phase": "end", "ts": 7601100, "status": 200}
{"id": "t000003440", "svc": "payment", "phase": "start", "ts": 7602000, "status": 200}
{"id": "t000003440", "svc": "payment", "phase": "end", "ts": 7602100, "status": 500}
{"id": "t000003441", "svc": "auth", "phase": "start", "ts": 7603000, "status": 200}
{"id": "t000003441", "svc": "auth", "phase": "end", "ts": 7603100, "status": 200}
{"id": "t000003442", "svc": "gateway", "phase": "start", "ts": 7604000, "status": 200}
{"id": "t000003442", "svc": "gateway", "phase": "end", "ts": 7604100, "status": 200}
{"id": "t000003443", "svc": "payment", "phase": "start", "ts": 7605000, "status": 200}
{"id": "t000003443", "svc": "payment", "phase": "end", "ts": 7605100, "status": 200}
{"id": "t000003444", "svc": "auth", "phase": "start", "ts": 7606000, "status": 200}
{"id": "t000003444", "svc": "auth", "phase": "end", "ts": 7606100, "status": 200}
{"id": "t000003445", "svc": "gateway", "phase": "start", "ts": 7607000, "status": 200}
{"id": "t000003445", "svc": "gateway", "phase": "end", "ts": 7607100, "status": 200}
{"id": "t000003446", "svc": "payment", "phase": "start", "ts": 7608000, "status": 200}
{"id": "t000003446", "svc": "payment", "phase": "end", "ts": 7608100, "status": 200}
{"id": "t000003447", "svc": "auth", "phase": "start", "ts": 7609000, "status": 200}
{"id": "t000003447", "svc": "auth", "phase": "end", "ts": 7609100, "status": 200}
{"id": "t000003448", "svc": "gateway", "phase": "start", "ts": 7610000, "status": 200}
{"id": "t000003448", "svc": "gateway", "phase": "end", "ts": 7610100, "status": 500}
{"id": "t000003449", "svc": "payment", "phase": "start", "ts": 7611000, "status": 200}
{"id": "t000003449", "svc": "payment", "phase": "end", "ts": 7611100, "status": 200}
{"id": "t000003450", "svc": "auth", "phase": "start", "ts": 7612000, "status": 200}
{"id": "t000003450", "svc": "auth", "phase": "end", "ts": 7612100, "status": 200}
{"id": "t000003451", "svc": "gateway", "phase": "start", "ts": 7613000, "status": 200}
{"id": "t000003451", "svc": "gateway", "phase": "end", "ts": 7613100, "status": 200}
{"id": "t000003452", "svc": "payment", "phase": "start", "ts": 7614000, "status": 200}
{"id": "t000003452", "svc": "payment", "phase": "end", "ts": 7614100, "status": 200}
{"id": "t000003453", "svc": "auth", "phase": "start", "ts": 7615000, "status": 200}
{"id": "t000003453", "svc": "auth", "phase": "end", "ts": 7615100, "status": 200}
{"id": "t000003454", "svc": "gateway", "phase": "start", "ts": 7616000, "status": 200}
{"id": "t000003454", "svc": "gateway", "phase": "end", "ts": 7616100, "status": 200}
{"id": "t000003455", "svc": "payment", "phase": "start", "ts": 7617000, "status": 200}
{"id": "t000003455", "svc": "payment", "phase": "end", "ts": 7617100, "status": 200}
{"id": "t000003456", "svc": "auth", "phase": "start", "ts": 7618000, "status": 200}
{"id": "t000003456", "svc": "auth", "phase": "end", "ts": 7618100, "status": 500}
{"id": "t000003457", "svc": "gateway", "phase": "start", "ts": 7619000, "status": 200}
{"id": "t000003457", "svc": "gateway", "phase": "end", "ts": 7619100, "status": 200}
{"id": "t000003458", "svc": "payment", "phase": "start", "ts": 7620000, "status": 200}
{"id": "t000003458", "svc": "payment", "phase": "end", "ts": 7620100, "status": 200}
{"id": "t000003459", "svc": "auth", "phase": "start", "ts": 7621000, "status": 200}
{"id": "t000003459", "svc": "auth", "phase": "end", "ts": 7621100, "status": 200}
{"id": "t000003460", "svc": "gateway", "phase": "start", "ts": 7622000, "status": 200}
{"id": "t000003460", "svc": "gateway", "phase": "end", "ts": 7622100, "status": 200}
{"id": "t000003461", "svc": "payment", "phase": "start", "ts": 7623000, "status": 200}
{"id": "t000003461", "svc": "payment", "phase": "end", "ts": 7623100, "status": 200}
{"id": "t000003462", "svc": "auth", "phase": "start", "ts": 7624000, "status": 200}
{"id": "t000003462", "svc": "auth", "phase": "end", "ts": 7624100, "status": 200}
{"id": "t000003463", "svc": "gateway", "phase": "start", "ts": 7625000, "status": 200}
{"id": "t000003463", "svc": "gateway", "phase": "end", "ts": 7625100, "status": 200}
{"id": "t000003464", "svc": "payment", "phase": "start", "ts": 7626000, "status": 200}
{"id": "t000003464", "svc": "payment", "phase": "end", "ts": 7626100, "status": 500}
{"id": "t000003465", "svc": "auth", "phase": "start", "ts": 7627000, "status": 200}
{"id": "t000003465", "svc": "auth", "phase": "end", "ts": 7627100, "status": 200}
{"id": "t000003466", "svc": "gateway", "phase": "start", "ts": 7628000, "status": 200}
{"id": "t000003466", "svc": "gateway", "phase": "end", "ts": 7628100, "status": 200}
{"id": "t000003467", "svc": "payment", "phase": "start", "ts": 7629000, "status": 200}
{"id": "t000003467", "svc": "payment", "phase": "end", "ts": 7629100, "status": 200}
{"id": "t000003468", "svc": "auth", "phase": "start", "ts": 7630000, "status": 200}
{"id": "t000003468", "svc": "auth", "phase": "end", "ts": 7630100, "status": 200}
{"id": "t000003469", "svc": "gateway", "phase": "start", "ts": 7631000, "status": 200}
{"id": "t000003469", "svc": "gateway", "phase": "end", "ts": 7631100, "status": 200}
{"id": "t000003470", "svc": "payment", "phase": "start", "ts": 7632000, "status": 200}
{"id": "t000003470", "svc": "payment", "phase": "end", "ts": 7632100, "status": 200}
{"id": "t000003471", "svc": "auth", "phase": "start", "ts": 7633000, "status": 200}
{"id": "t000003471", "svc": "auth", "phase": "end", "ts": 7633100, "status": 200}
{"id": "t000003472", "svc": "gateway", "phase": "start", "ts": 7634000, "status": 200}
{"id": "t000003472", "svc": "gateway", "phase": "end", "ts": 7634100, "status": 500}
{"id": "t000003473", "svc": "payment", "phase": "start", "ts": 7635000, "status": 200}
{"id": "t000003473", "svc": "payment", "phase": "end", "ts": 7635100, "status": 200}
{"id": "t000003474", "svc": "auth", "phase": "start", "ts": 7636000, "status": 200}
{"id": "t000003474", "svc": "auth", "phase": "end", "ts": 7636100, "status": 200}
{"id": "t000003475", "svc": "gateway", "phase": "start", "ts": 7637000, "status": 200}
{"id": "t000003475", "svc": "gateway", "phase": "end", "ts": 7637100, "status": 200}
{"id": "t000003476", "svc": "payment", "phase": "start", "ts": 7638000, "status": 200}
{"id": "t000003476", "svc": "payment", "phase": "end", "ts": 7638100, "status": 200}
{"id": "t000003477", "svc": "auth", "phase": "start", "ts": 7639000, "status": 200}
{"id": "t000003477", "svc": "auth", "phase": "end", "ts": 7639100, "status": 200}
{"id": "t000003478", "svc": "gateway", "phase": "start", "ts": 7640000, "status": 200}
{"id": "t000003478", "svc": "gateway", "phase": "end", "ts": 7640100, "status": 200}
{"id": "t000003479", "svc": "payment", "phase": "start", "ts": 7641000, "status": 200}
{"id": "t000003479", "svc": "payment", "phase": "end", "ts": 7641100, "status": 200}
{"id": "t000003480", "svc": "auth", "phase": "start", "ts": 7642000, "status": 200}
{"id": "t000003480", "svc": "auth", "phase": "end", "ts": 7642100, "status": 500}
{"id": "t000003481", "svc": "gateway", "phase": "start", "ts": 7643000, "status": 200}
{"id": "t000003481", "svc": "gateway", "phase": "end", "ts": 7643100, "status": 200}
{"id": "t000003482", "svc": "payment", "phase": "start", "ts": 7644000, "status": 200}
{"id": "t000003482", "svc": "payment", "phase": "end", "ts": 7644100, "status": 200}
{"id": "t000003483", "svc": "auth", "phase": "start", "ts": 7645000, "status": 200}
{"id": "t000003483", "svc": "auth", "phase": "end", "ts": 7645100, "status": 200}
{"id": "t000003484", "svc": "gateway", "phase": "start", "ts": 7646000, "status": 200}
{"id": "t000003484", "svc": "gateway", "phase": "end", "ts": 7646100, "status": 200}
{"id": "t000003485", "svc": "payment", "phase": "start", "ts": 7647000, "status": 200}
{"id": "t000003485", "svc": "payment", "phase": "end", "ts": 7647100, "status": 200}
{"id": "t000003486", "svc": "auth", "phase": "start", "ts": 7648000, "status": 200}
{"id": "t000003486", "svc": "auth", "phase": "end", "ts": 7648100, "status": 200}
{"id": "t000003487", "svc": "gateway", "phase": "start", "ts": 7649000, "status": 200}
{"id": "t000003487", "svc": "gateway", "phase": "end", "ts": 7649100, "status": 200}
{"id": "t000003488", "svc": "payment", "phase": "start", "ts": 7650000, "status": 200}
{"id": "t000003488", "svc": "payment", "phase": "end", "ts": 7650100, "status": 500}
{"id": "t000003489", "svc": "auth", "phase": "start", "ts": 7651000, "status": 200}
{"id": "t000003489", "svc": "auth", "phase": "end", "ts": 7651100, "status": 200}
{"id": "t000003490", "svc": "gateway", "phase": "start", "ts": 7652000, "status": 200}
{"id": "t000003490", "svc": "gateway", "phase": "end", "ts": 7652100, "status": 200}
{"id": "t000003491", "svc": "payment", "phase": "start", "ts": 7653000, "status": 200}
{"id": "t000003491", "svc": "payment", "phase": "end", "ts": 7653100, "status": 200}
{"id": "t000003492", "svc": "auth", "phase": "start", "ts": 7654000, "status": 200}
{"id": "t000003492", "svc": "auth", "phase": "end", "ts": 7654100, "status": 200}
{"id": "t000003493", "svc": "gateway", "phase": "start", "ts": 7655000, "status": 200}
{"id": "t000003493", "svc": "gateway", "phase": "end", "ts": 7655100, "status": 200}
{"id": "t000003494", "svc": "payment", "phase": "start", "ts": 7656000, "status": 200}
{"id": "t000003494", "svc": "payment", "phase": "end", "ts": 7656100, "status": 200}
{"id": "t000003495", "svc": "auth", "phase": "start", "ts": 7657000, "status": 200}
{"id": "t000003495", "svc": "auth", "phase": "end", "ts": 7657100, "status": 200}
{"id": "t000003496", "svc": "gateway", "phase": "start", "ts": 7658000, "status": 200}
{"id": "t000003496", "svc": "gateway", "phase": "end", "ts": 7658100, "status": 500}
{"id": "t000003497", "svc": "payment", "phase": "start", "ts": 7659000, "status": 200}
{"id": "t000003497", "svc": "payment", "phase": "end", "ts": 7659100, "status": 200}
{"id": "t000003498", "svc": "auth", "phase": "start", "ts": 7660000, "status": 200}
{"id": "t000003498", "svc": "auth", "phase": "end", "ts": 7660100, "status": 200}
{"id": "t000003499", "svc": "gateway", "phase": "start", "ts": 7661000, "status": 200}
{"id": "t000003499", "svc": "gateway", "phase": "end", "ts": 7661100, "status": 200}
{"id": "t000003500", "svc": "payment", "phase": "start", "ts": 7662000, "status": 200}
{"id": "t000003500", "svc": "payment", "phase": "end", "ts": 7662100, "status": 200}
{"id": "t000003501", "svc": "auth", "phase": "start", "ts": 7663000, "status": 200}
{"id": "t000003501", "svc": "auth", "phase": "end", "ts": 7663100, "status": 200}
{"id": "t000003502", "svc": "gateway", "phase": "start", "ts": 7664000, "status": 200}
{"id": "t000003502", "svc": "gateway", "phase": "end", "ts": 7664100, "status": 200}
{"id": "t000003503", "svc": "payment", "phase": "start", "ts": 7665000, "status": 200}
{"id": "t000003503", "svc": "payment", "phase": "end", "ts": 7665100, "status": 200}
{"id": "t000003504", "svc": "auth", "phase": "start", "ts": 7666000, "status": 200}
{"id": "t000003504", "svc": "auth", "phase": "end", "ts": 7666100, "status": 500}
{"id": "t000003505", "svc": "gateway", "phase": "start", "ts": 7667000, "status": 200}
{"id": "t000003505", "svc": "gateway", "phase": "end", "ts": 7667100, "status": 200}
{"id": "t000003506", "svc": "payment", "phase": "start", "ts": 7668000, "status": 200}
{"id": "t000003506", "svc": "payment", "phase": "end", "ts": 7668100, "status": 200}
{"id": "t000003507", "svc": "auth", "phase": "start", "ts": 7669000, "status": 200}
{"id": "t000003507", "svc": "auth", "phase": "end", "ts": 7669100, "status": 200}
{"id": "t000003508", "svc": "gateway", "phase": "start", "ts": 7670000, "status": 200}
{"id": "t000003508", "svc": "gateway", "phase": "end", "ts": 7670100, "status": 200}
{"id": "t000003509", "svc": "payment", "phase": "start", "ts": 7671000, "status": 200}
{"id": "t000003509", "svc": "payment", "phase": "end", "ts": 7671100, "status": 200}
{"id": "t000003510", "svc": "auth", "phase": "start", "ts": 7672000, "status": 200}
{"id": "t000003510", "svc": "auth", "phase": "end", "ts": 7672100, "status": 200}
{"id": "t000003511", "svc": "gateway", "phase": "start", "ts": 7673000, "status": 200}
{"id": "t000003511", "svc": "gateway", "phase": "end", "ts": 7673100, "status": 200}
{"id": "t000003512", "svc": "payment", "phase": "start", "ts": 7674000, "status": 200}
{"id": "t000003512", "svc": "payment", "phase": "end", "ts": 7674100, "status": 500}
{"id": "t000003513", "svc": "auth", "phase": "start", "ts": 7675000, "status": 200}
{"id": "t000003513", "svc": "auth", "phase": "end", "ts": 7675100, "status": 200}
{"id": "t000003514", "svc": "gateway", "phase": "start", "ts": 7676000, "status": 200}
{"id": "t000003514", "svc": "gateway", "phase": "end", "ts": 7676100, "status": 200}
{"id": "t000003515", "svc": "payment", "phase": "start", "ts": 7677000, "status": 200}
{"id": "t000003515", "svc": "payment", "phase": "end", "ts": 7677100, "status": 200}
{"id": "t000003516", "svc": "auth", "phase": "start", "ts": 7678000, "status": 200}
{"id": "t000003516", "svc": "auth", "phase": "end", "ts": 7678100, "status": 200}
{"id": "t000003517", "svc": "gateway", "phase": "start", "ts": 7679000, "status": 200}
{"id": "t000003517", "svc": "gateway", "phase": "end", "ts": 7679100, "status": 200}
{"id": "t000003518", "svc": "payment", "phase": "start", "ts": 7680000, "status": 200}
{"id": "t000003518", "svc": "payment", "phase": "end", "ts": 7680100, "status": 200}
{"id": "t000003519", "svc": "auth", "phase": "start", "ts": 7681000, "status": 200}
{"id": "t000003519", "svc": "auth", "phase": "end", "ts": 7681100, "status": 200}
{"id": "t000003520", "svc": "gateway", "phase": "start", "ts": 7682000, "status": 200}
{"id": "t000003520", "svc": "gateway", "phase": "end", "ts": 7682100, "status": 500}
{"id": "t000003521", "svc": "payment", "phase": "start", "ts": 7683000, "status": 200}
{"id": "t000003521", "svc": "payment", "phase": "end", "ts": 7683100, "status": 200}
{"id": "t000003522", "svc": "auth", "phase": "start", "ts": 7684000, "status": 200}
{"id": "t000003522", "svc": "auth", "phase": "end", "ts": 7684100, "status": 200}
{"id": "t000003523", "svc": "gateway", "phase": "start", "ts": 7685000, "status": 200}
{"id": "t000003523", "svc": "gateway", "phase": "end", "ts": 7685100, "status": 200}
{"id": "t000003524", "svc": "payment", "phase": "start", "ts": 7686000, "status": 200}
{"id": "t000003524", "svc": "payment", "phase": "end", "ts": 7686100, "status": 200}
{"id": "t000003525", "svc": "auth", "phase": "start", "ts": 7687000, "status": 200}
{"id": "t000003525", "svc": "auth", "phase": "end", "ts": 7687100, "status": 200}
{"id": "t000003526", "svc": "gateway", "phase": "start", "ts": 7688000, "status": 200}
{"id": "t000003526", "svc": "gateway", "phase": "end", "ts": 7688100, "status": 200}
{"id": "t000003527", "svc": "payment", "phase": "start", "ts": 7689000, "status": 200}
{"id": "t000003527", "svc": "payment", "phase": "end", "ts": 7689100, "status": 200}
{"id": "t000003528", "svc": "auth", "phase": "start", "ts": 7690000, "status": 200}
{"id": "t000003528", "svc": "auth", "phase": "end", "ts": 7690100, "status": 500}
{"id": "t000003529", "svc": "gateway", "phase": "start", "ts": 7691000, "status": 200}
{"id": "t000003529", "svc": "gateway", "phase": "end", "ts": 7691100, "status": 200}
{"id": "t000003530", "svc": "payment", "phase": "start", "ts": 7692000, "status": 200}
{"id": "t000003530", "svc": "payment", "phase": "end", "ts": 7692100, "status": 200}
{"id": "t000003531", "svc": "auth", "phase": "start", "ts": 7693000, "status": 200}
{"id": "t000003531", "svc": "auth", "phase": "end", "ts": 7693100, "status": 200}
{"id": "t000003532", "svc": "gateway", "phase": "start", "ts": 7694000, "status": 200}
{"id": "t000003532", "svc": "gateway", "phase": "end", "ts": 7694100, "status": 200}
{"id": "t000003533", "svc": "payment", "phase": "start", "ts": 7695000, "status": 200}
{"id": "t000003533", "svc": "payment", "phase": "end", "ts": 7695100, "status": 200}
{"id": "t000003534", "svc": "auth", "phase": "start", "ts": 7696000, "status": 200}
{"id": "t000003534", "svc": "auth", "phase": "end", "ts": 7696100, "status": 200}
{"id": "t000003535", "svc": "gateway", "phase": "start", "ts": 7697000, "status": 200}
{"id": "t000003535", "svc": "gateway", "phase": "end", "ts": 7697100, "status": 200}
{"id": "t000003536", "svc": "payment", "phase": "start", "ts": 7698000, "status": 200}
{"id": "t000003536", "svc": "payment", "phase": "end", "ts": 7698100, "status": 500}
{"id": "t000003537", "svc": "auth", "phase": "start", "ts": 7699000, "status": 200}
{"id": "t000003537", "svc": "auth", "phase": "end", "ts": 7699100, "status": 200}
{"id": "t000003538", "svc": "gateway", "phase": "start", "ts": 7700000, "status": 200}
{"id": "t000003538", "svc": "gateway", "phase": "end", "ts": 7700100, "status": 200}
{"id": "t000003539", "svc": "payment", "phase": "start", "ts": 7701000, "status": 200}
{"id": "t000003539", "svc": "payment", "phase": "end", "ts": 7701100, "status": 200}
{"id": "t000003540", "svc": "auth", "phase": "start", "ts": 7702000, "status": 200}
{"id": "t000003540", "svc": "auth", "phase": "end", "ts": 7702100, "status": 200}
{"id": "t000003541", "svc": "gateway", "phase": "start", "ts": 7703000, "status": 200}
{"id": "t000003541", "svc": "gateway", "phase": "end", "ts": 7703100, "status": 200}
{"id": "t000003542", "svc": "payment", "phase": "start", "ts": 7704000, "status": 200}
{"id": "t000003542", "svc": "payment", "phase": "end", "ts": 7704100, "status": 200}
{"id": "t000003543", "svc": "auth", "phase": "start", "ts": 7705000, "status": 200}
{"id": "t000003543", "svc": "auth", "phase": "end", "ts": 7705100, "status": 200}
{"id": "t000003544", "svc": "gateway", "phase": "start", "ts": 7706000, "status": 200}
{"id": "t000003544", "svc": "gateway", "phase": "end", "ts": 7706100, "status": 500}
{"id": "t000003545", "svc": "payment", "phase": "start", "ts": 7707000, "status": 200}
{"id": "t000003545", "svc": "payment", "phase": "end", "ts": 7707100, "status": 200}
{"id": "t000003546", "svc": "auth", "phase": "start", "ts": 7708000, "status": 200}
{"id": "t000003546", "svc": "auth", "phase": "end", "ts": 7708100, "status": 200}
{"id": "t000003547", "svc": "gateway", "phase": "start", "ts": 7709000, "status": 200}
{"id": "t000003547", "svc": "gateway", "phase": "end", "ts": 7709100, "status": 200}
{"id": "t000003548", "svc": "payment", "phase": "start", "ts": 7710000, "status": 200}
{"id": "t000003548", "svc": "payment", "phase": "end", "ts": 7710100, "status": 200}
{"id": "t000003549", "svc": "auth", "phase": "start", "ts": 7711000, "status": 200}
{"id": "t000003549", "svc": "auth", "phase": "end", "ts": 7711100, "status": 200}
{"id": "t000003550", "svc": "gateway", "phase": "start", "ts": 7712000, "status": 200}
{"id": "t000003550", "svc": "gateway", "phase": "end", "ts": 7712100, "status": 200}
{"id": "t000003551", "svc": "payment", "phase": "start", "ts": 7713000, "status": 200}
{"id": "t000003551", "svc": "payment", "phase": "end", "ts": 7713100, "status": 200}
{"id": "t000003552", "svc": "auth", "phase": "start", "ts": 7714000, "status": 200}
{"id": "t000003552", "svc": "auth", "phase": "end", "ts": 7714100, "status": 500}
{"id": "t000003553", "svc": "gateway", "phase": "start", "ts": 7715000, "status": 200}
{"id": "t000003553", "svc": "gateway", "phase": "end", "ts": 7715100, "status": 200}
{"id": "t000003554", "svc": "payment", "phase": "start", "ts": 7716000, "status": 200}
{"id": "t000003554", "svc": "payment", "phase": "end", "ts": 7716100, "status": 200}
{"id": "t000003555", "svc": "auth", "phase": "start", "ts": 7717000, "status": 200}
{"id": "t000003555", "svc": "auth", "phase": "end", "ts": 7717100, "status": 200}
{"id": "t000003556", "svc": "gateway", "phase": "start", "ts": 7718000, "status": 200}
{"id": "t000003556", "svc": "gateway", "phase": "end", "ts": 7718100, "status": 200}
{"id": "t000003557", "svc": "payment", "phase": "start", "ts": 7719000, "status": 200}
{"id": "t000003557", "svc": "payment", "phase": "end", "ts": 7719100, "status": 200}
{"id": "t000003558", "svc": "auth", "phase": "start", "ts": 7720000, "status": 200}
{"id": "t000003558", "svc": "auth", "phase": "end", "ts": 7720100, "status": 200}
{"id": "t000003559", "svc": "gateway", "phase": "start", "ts": 7721000, "status": 200}
{"id": "t000003559", "svc": "gateway", "phase": "end", "ts": 7721100, "status": 200}
{"id": "t000003560", "svc": "payment", "phase": "start", "ts": 7722000, "status": 200}
{"id": "t000003560", "svc": "payment", "phase": "end", "ts": 7722100, "status": 500}
{"id": "t000003561", "svc": "auth", "phase": "start", "ts": 7723000, "status": 200}
{"id": "t000003561", "svc": "auth", "phase": "end", "ts": 7723100, "status": 200}
{"id": "t000003562", "svc": "gateway", "phase": "start", "ts": 7724000, "status": 200}
{"id": "t000003562", "svc": "gateway", "phase": "end", "ts": 7724100, "status": 200}
{"id": "t000003563", "svc": "payment", "phase": "start", "ts": 7725000, "status": 200}
{"id": "t000003563", "svc": "payment", "phase": "end", "ts": 7725100, "status": 200}
{"id": "t000003564", "svc": "auth", "phase": "start", "ts": 7726000, "status": 200}
{"id": "t000003564", "svc": "auth", "phase": "end", "ts": 7726100, "status": 200}
{"id": "t000003565", "svc": "gateway", "phase": "start", "ts": 7727000, "status": 200}
{"id": "t000003565", "svc": "gateway", "phase": "end", "ts": 7727100, "status": 200}
{"id": "t000003566", "svc": "payment", "phase": "start", "ts": 7728000, "status": 200}
{"id": "t000003566", "svc": "payment", "phase": "end", "ts": 7728100, "status": 200}
{"id": "t000003567", "svc": "auth", "phase": "start", "ts": 7729000, "status": 200}
{"id": "t000003567", "svc": "auth", "phase": "end", "ts": 7729100, "status": 200}
{"id": "t000003568", "svc": "gateway", "phase": "start", "ts": 7730000, "status": 200}
{"id": "t000003568", "svc": "gateway", "phase": "end", "ts": 7730100, "status": 500}
{"id": "t000003569", "svc": "payment", "phase": "start", "ts": 7731000, "status": 200}
{"id": "t000003569", "svc": "payment", "phase": "end", "ts": 7731100, "status": 200}
{"id": "t000003570", "svc": "auth", "phase": "start", "ts": 7732000, "status": 200}
{"id": "t000003570", "svc": "auth", "phase": "end", "ts": 7732100, "status": 200}
{"id": "t000003571", "svc": "gateway", "phase": "start", "ts": 7733000, "status": 200}
{"id": "t000003571", "svc": "gateway", "phase": "end", "ts": 7733100, "status": 200}
{"id": "t000003572", "svc": "payment", "phase": "start", "ts": 7734000, "status": 200}
{"id": "t000003572", "svc": "payment", "phase": "end", "ts": 7734100, "status": 200}
{"id": "t000003573", "svc": "auth", "phase": "start", "ts": 7735000, "status": 200}
{"id": "t000003573", "svc": "auth", "phase": "end", "ts": 7735100, "status": 200}
{"id": "t000003574", "svc": "gateway", "phase": "start", "ts": 7736000, "status": 200}
{"id": "t000003574", "svc": "gateway", "phase": "end", "ts": 7736100, "status": 200}
{"id": "t000003575", "svc": "payment", "phase": "start", "ts": 7737000, "status": 200}
{"id": "t000003575", "svc": "payment", "phase": "end", "ts": 7737100, "status": 200}
{"id": "t000003576", "svc": "auth", "phase": "start", "ts": 7738000, "status": 200}
{"id": "t000003576", "svc": "auth", "phase": "end", "ts": 7738100, "status": 500}
{"id": "t000003577", "svc": "gateway", "phase": "start", "ts": 7739000, "status": 200}
{"id": "t000003577", "svc": "gateway", "phase": "end", "ts": 7739100, "status": 200}
{"id": "t000003578", "svc": "payment", "phase": "start", "ts": 7740000, "status": 200}
{"id": "t000003578", "svc": "payment", "phase": "end", "ts": 7740100, "status": 200}
{"id": "t000003579", "svc": "auth", "phase": "start", "ts": 7741000, "status": 200}
{"id": "t000003579", "svc": "auth", "phase": "end", "ts": 7741100, "status": 200}
{"id": "t000003580", "svc": "gateway", "phase": "start", "ts": 7742000, "status": 200}
{"id": "t000003580", "svc": "gateway", "phase": "end", "ts": 7742100, "status": 200}
{"id": "t000003581", "svc": "payment", "phase": "start", "ts": 7743000, "status": 200}
{"id": "t000003581", "svc": "payment", "phase": "end", "ts": 7743100, "status": 200}
{"id": "t000003582", "svc": "auth", "phase": "start", "ts": 7744000, "status": 200}
{"id": "t000003582", "svc": "auth", "phase": "end", "ts": 7744100, "status": 200}
{"id": "t000003583", "svc": "gateway", "phase": "start", "ts": 7745000, "status": 200}
{"id": "t000003583", "svc": "gateway", "phase": "end", "ts": 7745100, "status": 200}
{"id": "t000003584", "svc": "payment", "phase": "start", "ts": 7746000, "status": 200}
{"id": "t000003584", "svc": "payment", "phase": "end", "ts": 7746100, "status": 500}
{"id": "t000003585", "svc": "auth", "phase": "start", "ts": 7747000, "status": 200}
{"id": "t000003585", "svc": "auth", "phase": "end", "ts": 7747100, "status": 200}
{"id": "t000003586", "svc": "gateway", "phase": "start", "ts": 7748000, "status": 200}
{"id": "t000003586", "svc": "gateway", "phase": "end", "ts": 7748100, "status": 200}
{"id": "t000003587", "svc": "payment", "phase": "start", "ts": 7749000, "status": 200}
{"id": "t000003587", "svc": "payment", "phase": "end", "ts": 7749100, "status": 200}
{"id": "t000003588", "svc": "auth", "phase": "start", "ts": 7750000, "status": 200}
{"id": "t000003588", "svc": "auth", "phase": "end", "ts": 7750100, "status": 200}
{"id": "t000003589", "svc": "gateway", "phase": "start", "ts": 7751000, "status": 200}
{"id": "t000003589", "svc": "gateway", "phase": "end", "ts": 7751100, "status": 200}
{"id": "t000003590", "svc": "payment", "phase": "start", "ts": 7752000, "status": 200}
{"id": "t000003590", "svc": "payment", "phase": "end", "ts": 7752100, "status": 200}
{"id": "t000003591", "svc": "auth", "phase": "start", "ts": 7753000, "status": 200}
{"id": "t000003591", "svc": "auth", "phase": "end", "ts": 7753100, "status": 200}
{"id": "t000003592", "svc": "gateway", "phase": "start", "ts": 7754000, "status": 200}
{"id": "t000003592", "svc": "gateway", "phase": "end", "ts": 7754100, "status": 500}
{"id": "t000003593", "svc": "payment", "phase": "start", "ts": 7755000, "status": 200}
{"id": "t000003593", "svc": "payment", "phase": "end", "ts": 7755100, "status": 200}
{"id": "t000003594", "svc": "auth", "phase": "start", "ts": 7756000, "status": 200}
{"id": "t000003594", "svc": "auth", "phase": "end", "ts": 7756100, "status": 200}
{"id": "t000003595", "svc": "gateway", "phase": "start", "ts": 7757000, "status": 200}
{"id": "t000003595", "svc": "gateway", "phase": "end", "ts": 7757100, "status": 200}
{"id": "t000003596", "svc": "payment", "phase": "start", "ts": 7758000, "status": 200}
{"id": "t000003596", "svc": "payment", "phase": "end", "ts": 7758100, "status": 200}
{"id": "t000003597", "svc": "auth", "phase": "start", "ts": 7759000, "status": 200}
{"id": "t000003597", "svc": "auth", "phase": "end", "ts": 7759100, "status": 200}
{"id": "t000003598", "svc": "gateway", "phase": "start", "ts": 7760000, "status": 200}
{"id": "t000003598", "svc": "gateway", "phase": "end", "ts": 7760100, "status": 200}
{"id": "t000003599", "svc": "payment", "phase": "start", "ts": 7761000, "status": 200}
{"id": "t000003599", "svc": "payment", "phase": "end", "ts": 7761100, "status": 200}
{"id": "t000003600", "svc": "auth", "phase": "start", "ts": 7762000, "status": 200}
{"id": "t000003600", "svc": "auth", "phase": "end", "ts": 7762100, "status": 500}
{"id": "t000003601", "svc": "gateway", "phase": "start", "ts": 7763000, "status": 200}
{"id": "t000003601", "svc": "gateway", "phase": "end", "ts": 7763100, "status": 200}
{"id": "t000003602", "svc": "payment", "phase": "start", "ts": 7764000, "status": 200}
{"id": "t000003602", "svc": "payment", "phase": "end", "ts": 7764100, "status": 200}
{"id": "t000003603", "svc": "auth", "phase": "start", "ts": 7765000, "status": 200}
{"id": "t000003603", "svc": "auth", "phase": "end", "ts": 7765100, "status": 200}
{"id": "t000003604", "svc": "gateway", "phase": "start", "ts": 7766000, "status": 200}
{"id": "t000003604", "svc": "gateway", "phase": "end", "ts": 7766100, "status": 200}
{"id": "t000003605", "svc": "payment", "phase": "start", "ts": 7767000, "status": 200}
{"id": "t000003605", "svc": "payment", "phase": "end", "ts": 7767100, "status": 200}
{"id": "t000003606", "svc": "auth", "phase": "start", "ts": 7768000, "status": 200}
{"id": "t000003606", "svc": "auth", "phase": "end", "ts": 7768100, "status": 200}
{"id": "t000003607", "svc": "gateway", "phase": "start", "ts": 7769000, "status": 200}
{"id": "t000003607", "svc": "gateway", "phase": "end", "ts": 7769100, "status": 200}
{"id": "t000003608", "svc": "payment", "phase": "start", "ts": 7770000, "status": 200}
{"id": "t000003608", "svc": "payment", "phase": "end", "ts": 7770100, "status": 500}
{"id": "t000003609", "svc": "auth", "phase": "start", "ts": 7771000, "status": 200}
{"id": "t000003609", "svc": "auth", "phase": "end", "ts": 7771100, "status": 200}
{"id": "t000003610", "svc": "gateway", "phase": "start", "ts": 7772000, "status": 200}
{"id": "t000003610", "svc": "gateway", "phase": "end", "ts": 7772100, "status": 200}
{"id": "t000003611", "svc": "payment", "phase": "start", "ts": 7773000, "status": 200}
{"id": "t000003611", "svc": "payment", "phase": "end", "ts": 7773100, "status": 200}
{"id": "t000003612", "svc": "auth", "phase": "start", "ts": 7774000, "status": 200}
{"id": "t000003612", "svc": "auth", "phase": "end", "ts": 7774100, "status": 200}
{"id": "t000003613", "svc": "gateway", "phase": "start", "ts": 7775000, "status": 200}
{"id": "t000003613", "svc": "gateway", "phase": "end", "ts": 7775100, "status": 200}
{"id": "t000003614", "svc": "payment", "phase": "start", "ts": 7776000, "status": 200}
{"id": "t000003614", "svc": "payment", "phase": "end", "ts": 7776100, "status": 200}
{"id": "t000003615", "svc": "auth", "phase": "start", "ts": 7777000, "status": 200}
{"id": "t000003615", "svc": "auth", "phase": "end", "ts": 7777100, "status": 200}
{"id": "t000003616", "svc": "gateway", "phase": "start", "ts": 7778000, "status": 200}
{"id": "t000003616", "svc": "gateway", "phase": "end", "ts": 7778100, "status": 500}
{"id": "t000003617", "svc": "payment", "phase": "start", "ts": 7779000, "status": 200}
{"id": "t000003617", "svc": "payment", "phase": "end", "ts": 7779100, "status": 200}
{"id": "t000003618", "svc": "auth", "phase": "start", "ts": 7780000, "status": 200}
{"id": "t000003618", "svc": "auth", "phase": "end", "ts": 7780100, "status": 200}
{"id": "t000003619", "svc": "gateway", "phase": "start", "ts": 7781000, "status": 200}
{"id": "t000003619", "svc": "gateway", "phase": "end", "ts": 7781100, "status": 200}
{"id": "t000003620", "svc": "payment", "phase": "start", "ts": 7782000, "status": 200}
{"id": "t000003620", "svc": "payment", "phase": "end", "ts": 7782100, "status": 200}
{"id": "t000003621", "svc": "auth", "phase": "start", "ts": 7783000, "status": 200}
{"id": "t000003621", "svc": "auth", "phase": "end", "ts": 7783100, "status": 200}
{"id": "t000003622", "svc": "gateway", "phase": "start", "ts": 7784000, "status": 200}
{"id": "t000003622", "svc": "gateway", "phase": "end", "ts": 7784100, "status": 200}
{"id": "t000003623", "svc": "payment", "phase": "start", "ts": 7785000, "status": 200}
{"id": "t000003623", "svc": "payment", "phase": "end", "ts": 7785100, "status": 200}
{"id": "t000003624", "svc": "auth", "phase": "start", "ts": 7786000, "status": 200}
{"id": "t000003624", "svc": "auth", "phase": "end", "ts": 7786100, "status": 500}
{"id": "t000003625", "svc": "gateway", "phase": "start", "ts": 7787000, "status": 200}
{"id": "t000003625", "svc": "gateway", "phase": "end", "ts": 7787100, "status": 200}
{"id": "t000003626", "svc": "payment", "phase": "start", "ts": 7788000, "status": 200}
{"id": "t000003626", "svc": "payment", "phase": "end", "ts": 7788100, "status": 200}
{"id": "t000003627", "svc": "auth", "phase": "start", "ts": 7789000, "status": 200}
{"id": "t000003627", "svc": "auth", "phase": "end", "ts": 7789100, "status": 200}
{"id": "t000003628", "svc": "gateway", "phase": "start", "ts": 7790000, "status": 200}
{"id": "t000003628", "svc": "gateway", "phase": "end", "ts": 7790100, "status": 200}
{"id": "t000003629", "svc": "payment", "phase": "start", "ts": 7791000, "status": 200}
{"id": "t000003629", "svc": "payment", "phase": "end", "ts": 7791100, "status": 200}
{"id": "t000003630", "svc": "auth", "phase": "start", "ts": 7792000, "status": 200}
{"id": "t000003630", "svc": "auth", "phase": "end", "ts": 7792100, "status": 200}
{"id": "t000003631", "svc": "gateway", "phase": "start", "ts": 7793000, "status": 200}
{"id": "t000003631", "svc": "gateway", "phase": "end", "ts": 7793100, "status": 200}
{"id": "t000003632", "svc": "payment", "phase": "start", "ts": 7794000, "status": 200}
{"id": "t000003632", "svc": "payment", "phase": "end", "ts": 7794100, "status": 500}
{"id": "t000003633", "svc": "auth", "phase": "start", "ts": 7795000, "status": 200}
{"id": "t000003633", "svc": "auth", "phase": "end", "ts": 7795100, "status": 200}
{"id": "t000003634", "svc": "gateway", "phase": "start", "ts": 7796000, "status": 200}
{"id": "t000003634", "svc": "gateway", "phase": "end", "ts": 7796100, "status": 200}
{"id": "t000003635", "svc": "payment", "phase": "start", "ts": 7797000, "status": 200}
{"id": "t000003635", "svc": "payment", "phase": "end", "ts": 7797100, "status": 200}
{"id": "t000003636", "svc": "auth", "phase": "start", "ts": 7798000, "status": 200}
{"id": "t000003636", "svc": "auth", "phase": "end", "ts": 7798100, "status": 200}
{"id": "t000003637", "svc": "gateway", "phase": "start", "ts": 7799000, "status": 200}
{"id": "t000003637", "svc": "gateway", "phase": "end", "ts": 7799100, "status": 200}
{"id": "t000003638", "svc": "payment", "phase": "start", "ts": 7800000, "status": 200}
{"id": "t000003638", "svc": "payment", "phase": "end", "ts": 7800100, "status": 200}
{"id": "t000003639", "svc": "auth", "phase": "start", "ts": 7801000, "status": 200}
{"id": "t000003639", "svc": "auth", "phase": "end", "ts": 7801100, "status": 200}
{"id": "t000003640", "svc": "gateway", "phase": "start", "ts": 7802000, "status": 200}
{"id": "t000003640", "svc": "gateway", "phase": "end", "ts": 7802100, "status": 500}
{"id": "t000003641", "svc": "payment", "phase": "start", "ts": 7803000, "status": 200}
{"id": "t000003641", "svc": "payment", "phase": "end", "ts": 7803100, "status": 200}
{"id": "t000003642", "svc": "auth", "phase": "start", "ts": 7804000, "status": 200}
{"id": "t000003642", "svc": "auth", "phase": "end", "ts": 7804100, "status": 200}
{"id": "t000003643", "svc": "gateway", "phase": "start", "ts": 7805000, "status": 200}
{"id": "t000003643", "svc": "gateway", "phase": "end", "ts": 7805100, "status": 200}
{"id": "t000003644", "svc": "payment", "phase": "start", "ts": 7806000, "status": 200}
{"id": "t000003644", "svc": "payment", "phase": "end", "ts": 7806100, "status": 200}
{"id": "t000003645", "svc": "auth", "phase": "start", "ts": 7807000, "status": 200}
{"id": "t000003645", "svc": "auth", "phase": "end", "ts": 7807100, "status": 200}
{"id": "t000003646", "svc": "gateway", "phase": "start", "ts": 7808000, "status": 200}
{"id": "t000003646", "svc": "gateway", "phase": "end", "ts": 7808100, "status": 200}
{"id": "t000003647", "svc": "payment", "phase": "start", "ts": 7809000, "status": 200}
{"id": "t000003647", "svc": "payment", "phase": "end", "ts": 7809100, "status": 200}
{"id": "t000003648", "svc": "auth", "phase": "start", "ts": 7810000, "status": 200}
{"id": "t000003648", "svc": "auth", "phase": "end", "ts": 7810100, "status": 500}
{"id": "t000003649", "svc": "gateway", "phase": "start", "ts": 7811000, "status": 200}
{"id": "t000003649", "svc": "gateway", "phase": "end", "ts": 7811100, "status": 200}
{"id": "t000003650", "svc": "payment", "phase": "start", "ts": 7812000, "status": 200}
{"id": "t000003650", "svc": "payment", "phase": "end", "ts": 7812100, "status": 200}
{"id": "t000003651", "svc": "auth", "phase": "start", "ts": 7813000, "status": 200}
{"id": "t000003651", "svc": "auth", "phase": "end", "ts": 7813100, "status": 200}
{"id": "t000003652", "svc": "gateway", "phase": "start", "ts": 7814000, "status": 200}
{"id": "t000003652", "svc": "gateway", "phase": "end", "ts": 7814100, "status": 200}
{"id": "t000003653", "svc": "payment", "phase": "start", "ts": 7815000, "status": 200}
{"id": "t000003653", "svc": "payment", "phase": "end", "ts": 7815100, "status": 200}
{"id": "t000003654", "svc": "auth", "phase": "start", "ts": 7816000, "status": 200}
{"id": "t000003654", "svc": "auth", "phase": "end", "ts": 7816100, "status": 200}
{"id": "t000003655", "svc": "gateway", "phase": "start", "ts": 7817000, "status": 200}
{"id": "t000003655", "svc": "gateway", "phase": "end", "ts": 7817100, "status": 200}
{"id": "t000003656", "svc": "payment", "phase": "start", "ts": 7818000, "status": 200}
{"id": "t000003656", "svc": "payment", "phase": "end", "ts": 7818100, "status": 500}
{"id": "t000003657", "svc": "auth", "phase": "start", "ts": 7819000, "status": 200}
{"id": "t000003657", "svc": "auth", "phase": "end", "ts": 7819100, "status": 200}
{"id": "t000003658", "svc": "gateway", "phase": "start", "ts": 7820000, "status": 200}
{"id": "t000003658", "svc": "gateway", "phase": "end", "ts": 7820100, "status": 200}
{"id": "t000003659", "svc": "payment", "phase": "start", "ts": 7821000, "status": 200}
{"id": "t000003659", "svc": "payment", "phase": "end", "ts": 7821100, "status": 200}
{"id": "t000003660", "svc": "auth", "phase": "start", "ts": 7822000, "status": 200}
{"id": "t000003660", "svc": "auth", "phase": "end", "ts": 7822100, "status": 200}
{"id": "t000003661", "svc": "gateway", "phase": "start", "ts": 7823000, "status": 200}
{"id": "t000003661", "svc": "gateway", "phase": "end", "ts": 7823100, "status": 200}
{"id": "t000003662", "svc": "payment", "phase": "start", "ts": 7824000, "status": 200}
{"id": "t000003662", "svc": "payment", "phase": "end", "ts": 7824100, "status": 200}
{"id": "t000003663", "svc": "auth", "phase": "start", "ts": 7825000, "status": 200}
{"id": "t000003663", "svc": "auth", "phase": "end", "ts": 7825100, "status": 200}
{"id": "t000003664", "svc": "gateway", "phase": "start", "ts": 7826000, "status": 200}
{"id": "t000003664", "svc": "gateway", "phase": "end", "ts": 7826100, "status": 500}
{"id": "t000003665", "svc": "payment", "phase": "start", "ts": 7827000, "status": 200}
{"id": "t000003665", "svc": "payment", "phase": "end", "ts": 7827100, "status": 200}
{"id": "t000003666", "svc": "auth", "phase": "start", "ts": 7828000, "status": 200}
{"id": "t000003666", "svc": "auth", "phase": "end", "ts": 7828100, "status": 200}
{"id": "t000003667", "svc": "gateway", "phase": "start", "ts": 7829000, "status": 200}
{"id": "t000003667", "svc": "gateway", "phase": "end", "ts": 7829100, "status": 200}
{"id": "t000003668", "svc": "payment", "phase": "start", "ts": 7830000, "status": 200}
{"id": "t000003668", "svc": "payment", "phase": "end", "ts": 7830100, "status": 200}
{"id": "t000003669", "svc": "auth", "phase": "start", "ts": 7831000, "status": 200}
{"id": "t000003669", "svc": "auth", "phase": "end", "ts": 7831100, "status": 200}
{"id": "t000003670", "svc": "gateway", "phase": "start", "ts": 7832000, "status": 200}
{"id": "t000003670", "svc": "gateway", "phase": "end", "ts": 7832100, "status": 200}
{"id": "t000003671", "svc": "payment", "phase": "start", "ts": 7833000, "status": 200}
{"id": "t000003671", "svc": "payment", "phase": "end", "ts": 7833100, "status": 200}
{"id": "t000003672", "svc": "auth", "phase": "start", "ts": 7834000, "status": 200}
{"id": "t000003672", "svc": "auth", "phase": "end", "ts": 7834100, "status": 500}
{"id": "t000003673", "svc": "gateway", "phase": "start", "ts": 7835000, "status": 200}
{"id": "t000003673", "svc": "gateway", "phase": "end", "ts": 7835100, "status": 200}
{"id": "t000003674", "svc": "payment", "phase": "start", "ts": 7836000, "status": 200}
{"id": "t000003674", "svc": "payment", "phase": "end", "ts": 7836100, "status": 200}
{"id": "t000003675", "svc": "auth", "phase": "start", "ts": 7837000, "status": 200}
{"id": "t000003675", "svc": "auth", "phase": "end", "ts": 7837100, "status": 200}
{"id": "t000003676", "svc": "gateway", "phase": "start", "ts": 7838000, "status": 200}
{"id": "t000003676", "svc": "gateway", "phase": "end", "ts": 7838100, "status": 200}
{"id": "t000003677", "svc": "payment", "phase": "start", "ts": 7839000, "status": 200}
{"id": "t000003677", "svc": "payment", "phase": "end", "ts": 7839100, "status": 200}
{"id": "t000003678", "svc": "auth", "phase": "start", "ts": 7840000, "status": 200}
{"id": "t000003678", "svc": "auth", "phase": "end", "ts": 7840100, "status": 200}
{"id": "t000003679", "svc": "gateway", "phase": "start", "ts": 7841000, "status": 200}
{"id": "t000003679", "svc": "gateway", "phase": "end", "ts": 7841100, "status": 200}
{"id": "t000003680", "svc": "payment", "phase": "start", "ts": 7842000, "status": 200}
{"id": "t000003680", "svc": "payment", "phase": "end", "ts": 7842100, "status": 500}
{"id": "t000003681", "svc": "auth", "phase": "start", "ts": 7843000, "status": 200}
{"id": "t000003681", "svc": "auth", "phase": "end", "ts": 7843100, "status": 200}
{"id": "t000003682", "svc": "gateway", "phase": "start", "ts": 7844000, "status": 200}
{"id": "t000003682", "svc": "gateway", "phase": "end", "ts": 7844100, "status": 200}
{"id": "t000003683", "svc": "payment", "phase": "start", "ts": 7845000, "status": 200}
{"id": "t000003683", "svc": "payment", "phase": "end", "ts": 7845100, "status": 200}
{"id": "t000003684", "svc": "auth", "phase": "start", "ts": 7846000, "status": 200}
{"id": "t000003684", "svc": "auth", "phase": "end", "ts": 7846100, "status": 200}
{"id": "t000003685", "svc": "gateway", "phase": "start", "ts": 7847000, "status": 200}
{"id": "t000003685", "svc": "gateway", "phase": "end", "ts": 7847100, "status": 200}
{"id": "t000003686", "svc": "payment", "phase": "start", "ts": 7848000, "status": 200}
{"id": "t000003686", "svc": "payment", "phase": "end", "ts": 7848100, "status": 200}
{"id": "t000003687", "svc": "auth", "phase": "start", "ts": 7849000, "status": 200}
{"id": "t000003687", "svc": "auth", "phase": "end", "ts": 7849100, "status": 200}
{"id": "t000003688", "svc": "gateway", "phase": "start", "ts": 7850000, "status": 200}
{"id": "t000003688", "svc": "gateway", "phase": "end", "ts": 7850100, "status": 500}
{"id": "t000003689", "svc": "payment", "phase": "start", "ts": 7851000, "status": 200}
{"id": "t000003689", "svc": "payment", "phase": "end", "ts": 7851100, "status": 200}
{"id": "t000003690", "svc": "auth", "phase": "start", "ts": 7852000, "status": 200}
{"id": "t000003690", "svc": "auth", "phase": "end", "ts": 7852100, "status": 200}
{"id": "t000003691", "svc": "gateway", "phase": "start", "ts": 7853000, "status": 200}
{"id": "t000003691", "svc": "gateway", "phase": "end", "ts": 7853100, "status": 200}
{"id": "t000003692", "svc": "payment", "phase": "start", "ts": 7854000, "status": 200}
{"id": "t000003692", "svc": "payment", "phase": "end", "ts": 7854100, "status": 200}
{"id": "t000003693", "svc": "auth", "phase": "start", "ts": 7855000, "status": 200}
{"id": "t000003693", "svc": "auth", "phase": "end", "ts": 7855100, "status": 200}
{"id": "t000003694", "svc": "gateway", "phase": "start", "ts": 7856000, "status": 200}
{"id": "t000003694", "svc": "gateway", "phase": "end", "ts": 7856100, "status": 200}
{"id": "t000003695", "svc": "payment", "phase": "start", "ts": 7857000, "status": 200}
{"id": "t000003695", "svc": "payment", "phase": "end", "ts": 7857100, "status": 200}
{"id": "t000003696", "svc": "auth", "phase": "start", "ts": 7858000, "status": 200}
{"id": "t000003696", "svc": "auth", "phase": "end", "ts": 7858100, "status": 500}
{"id": "t000003697", "svc": "gateway", "phase": "start", "ts": 7859000, "status": 200}
{"id": "t000003697", "svc": "gateway", "phase": "end", "ts": 7859100, "status": 200}
{"id": "t000003698", "svc": "payment", "phase": "start", "ts": 7860000, "status": 200}
{"id": "t000003698", "svc": "payment", "phase": "end", "ts": 7860100, "status": 200}
{"id": "t000003699", "svc": "auth", "phase": "start", "ts": 7861000, "status": 200}
{"id": "t000003699", "svc": "auth", "phase": "end", "ts": 7861100, "status": 200}
{"id": "t000003700", "svc": "gateway", "phase": "start", "ts": 7862000, "status": 200}
{"id": "t000003700", "svc": "gateway", "phase": "end", "ts": 7862100, "status": 200}
{"id": "t000003701", "svc": "payment", "phase": "start", "ts": 7863000, "status": 200}
{"id": "t000003701", "svc": "payment", "phase": "end", "ts": 7863100, "status": 200}
{"id": "t000003702", "svc": "auth", "phase": "start", "ts": 7864000, "status": 200}
{"id": "t000003702", "svc": "auth", "phase": "end", "ts": 7864100, "status": 200}
{"id": "t000003703", "svc": "gateway", "phase": "start", "ts": 7865000, "status": 200}
{"id": "t000003703", "svc": "gateway", "phase": "end", "ts": 7865100, "status": 200}
{"id": "t000003704", "svc": "payment", "phase": "start", "ts": 7866000, "status": 200}
{"id": "t000003704", "svc": "payment", "phase": "end", "ts": 7866100, "status": 500}
{"id": "t000003705", "svc": "auth", "phase": "start", "ts": 7867000, "status": 200}
{"id": "t000003705", "svc": "auth", "phase": "end", "ts": 7867100, "status": 200}
{"id": "t000003706", "svc": "gateway", "phase": "start", "ts": 7868000, "status": 200}
{"id": "t000003706", "svc": "gateway", "phase": "end", "ts": 7868100, "status": 200}
{"id": "t000003707", "svc": "payment", "phase": "start", "ts": 7869000, "status": 200}
{"id": "t000003707", "svc": "payment", "phase": "end", "ts": 7869100, "status": 200}
{"id": "t000003708", "svc": "auth", "phase": "start", "ts": 7870000, "status": 200}
{"id": "t000003708", "svc": "auth", "phase": "end", "ts": 7870100, "status": 200}
{"id": "t000003709", "svc": "gateway", "phase": "start", "ts": 7871000, "status": 200}
{"id": "t000003709", "svc": "gateway", "phase": "end", "ts": 7871100, "status": 200}
{"id": "t000003710", "svc": "payment", "phase": "start", "ts": 7872000, "status": 200}
{"id": "t000003710", "svc": "payment", "phase": "end", "ts": 7872100, "status": 200}
{"id": "t000003711", "svc": "auth", "phase": "start", "ts": 7873000, "status": 200}
{"id": "t000003711", "svc": "auth", "phase": "end", "ts": 7873100, "status": 200}
{"id": "t000003712", "svc": "gateway", "phase": "start", "ts": 7874000, "status": 200}
{"id": "t000003712", "svc": "gateway", "phase": "end", "ts": 7874100, "status": 500}
{"id": "t000003713", "svc": "payment", "phase": "start", "ts": 7875000, "status": 200}
{"id": "t000003713", "svc": "payment", "phase": "end", "ts": 7875100, "status": 200}
{"id": "t000003714", "svc": "auth", "phase": "start", "ts": 7876000, "status": 200}
{"id": "t000003714", "svc": "auth", "phase": "end", "ts": 7876100, "status": 200}
{"id": "t000003715", "svc": "gateway", "phase": "start", "ts": 7877000, "status": 200}
{"id": "t000003715", "svc": "gateway", "phase": "end", "ts": 7877100, "status": 200}
{"id": "t000003716", "svc": "payment", "phase": "start", "ts": 7878000, "status": 200}
{"id": "t000003716", "svc": "payment", "phase": "end", "ts": 7878100, "status": 200}
{"id": "t000003717", "svc": "auth", "phase": "start", "ts": 7879000, "status": 200}
{"id": "t000003717", "svc": "auth", "phase": "end", "ts": 7879100, "status": 200}
{"id": "t000003718", "svc": "gateway", "phase": "start", "ts": 7880000, "status": 200}
{"id": "t000003718", "svc": "gateway", "phase": "end", "ts": 7880100, "status": 200}
{"id": "t000003719", "svc": "payment", "phase": "start", "ts": 7881000, "status": 200}
{"id": "t000003719", "svc": "payment", "phase": "end", "ts": 7881100, "status": 200}
{"id": "t000003720", "svc": "auth", "phase": "start", "ts": 7882000, "status": 200}
{"id": "t000003720", "svc": "auth", "phase": "end", "ts": 7882100, "status": 500}
{"id": "t000003721", "svc": "gateway", "phase": "start", "ts": 7883000, "status": 200}
{"id": "t000003721", "svc": "gateway", "phase": "end", "ts": 7883100, "status": 200}
{"id": "t000003722", "svc": "payment", "phase": "start", "ts": 7884000, "status": 200}
{"id": "t000003722", "svc": "payment", "phase": "end", "ts": 7884100, "status": 200}
{"id": "t000003723", "svc": "auth", "phase": "start", "ts": 7885000, "status": 200}
{"id": "t000003723", "svc": "auth", "phase": "end", "ts": 7885100, "status": 200}
{"id": "t000003724", "svc": "gateway", "phase": "start", "ts": 7886000, "status": 200}
{"id": "t000003724", "svc": "gateway", "phase": "end", "ts": 7886100, "status": 200}
{"id": "t000003725", "svc": "payment", "phase": "start", "ts": 7887000, "status": 200}
{"id": "t000003725", "svc": "payment", "phase": "end", "ts": 7887100, "status": 200}
{"id": "t000003726", "svc": "auth", "phase": "start", "ts": 7888000, "status": 200}
{"id": "t000003726", "svc": "auth", "phase": "end", "ts": 7888100, "status": 200}
{"id": "t000003727", "svc": "gateway", "phase": "start", "ts": 7889000, "status": 200}
{"id": "t000003727", "svc": "gateway", "phase": "end", "ts": 7889100, "status": 200}
{"id": "t000003728", "svc": "payment", "phase": "start", "ts": 7890000, "status": 200}
{"id": "t000003728", "svc": "payment", "phase": "end", "ts": 7890100, "status": 500}
{"id": "t000003729", "svc": "auth", "phase": "start", "ts": 7891000, "status": 200}
{"id": "t000003729", "svc": "auth", "phase": "end", "ts": 7891100, "status": 200}
{"id": "t000003730", "svc": "gateway", "phase": "start", "ts": 7892000, "status": 200}
{"id": "t000003730", "svc": "gateway", "phase": "end", "ts": 7892100, "status": 200}
{"id": "t000003731", "svc": "payment", "phase": "start", "ts": 7893000, "status": 200}
{"id": "t000003731", "svc": "payment", "phase": "end", "ts": 7893100, "status": 200}
{"id": "t000003732", "svc": "auth", "phase": "start", "ts": 7894000, "status": 200}
{"id": "t000003732", "svc": "auth", "phase": "end", "ts": 7894100, "status": 200}
{"id": "t000003733", "svc": "gateway", "phase": "start", "ts": 7895000, "status": 200}
{"id": "t000003733", "svc": "gateway", "phase": "end", "ts": 7895100, "status": 200}
{"id": "t000003734", "svc": "payment", "phase": "start", "ts": 7896000, "status": 200}
{"id": "t000003734", "svc": "payment", "phase": "end", "ts": 7896100, "status": 200}
{"id": "t000003735", "svc": "auth", "phase": "start", "ts": 7897000, "status": 200}
{"id": "t000003735", "svc": "auth", "phase": "end", "ts": 7897100, "status": 200}
{"id": "t000003736", "svc": "gateway", "phase": "start", "ts": 7898000, "status": 200}
{"id": "t000003736", "svc": "gateway", "phase": "end", "ts": 7898100, "status": 500}
{"id": "t000003737", "svc": "payment", "phase": "start", "ts": 7899000, "status": 200}
{"id": "t000003737", "svc": "payment", "phase": "end", "ts": 7899100, "status": 200}
{"id": "t000003738", "svc": "auth", "phase": "start", "ts": 7900000, "status": 200}
{"id": "t000003738", "svc": "auth", "phase": "end", "ts": 7900100, "status": 200}
{"id": "t000003739", "svc": "gateway", "phase": "start", "ts": 7901000, "status": 200}
{"id": "t000003739", "svc": "gateway", "phase": "end", "ts": 7901100, "status": 200}
{"id": "t000003740", "svc": "payment", "phase": "start", "ts": 7902000, "status": 200}
{"id": "t000003740", "svc": "payment", "phase": "end", "ts": 7902100, "status": 200}
{"id": "t000003741", "svc": "auth", "phase": "start", "ts": 7903000, "status": 200}
{"id": "t000003741", "svc": "auth", "phase": "end", "ts": 7903100, "status": 200}
{"id": "t000003742", "svc": "gateway", "phase": "start", "ts": 7904000, "status": 200}
{"id": "t000003742", "svc": "gateway", "phase": "end", "ts": 7904100, "status": 200}
{"id": "t000003743", "svc": "payment", "phase": "start", "ts": 7905000, "status": 200}
{"id": "t000003743", "svc": "payment", "phase": "end", "ts": 7905100, "status": 200}
{"id": "t000003744", "svc": "auth", "phase": "start", "ts": 7906000, "status": 200}
{"id": "t000003744", "svc": "auth", "phase": "end", "ts": 7906100, "status": 500}
{"id": "t000003745", "svc": "gateway", "phase": "start", "ts": 7907000, "status": 200}
{"id": "t000003745", "svc": "gateway", "phase": "end", "ts": 7907100, "status": 200}
{"id": "t000003746", "svc": "payment", "phase": "start", "ts": 7908000, "status": 200}
{"id": "t000003746", "svc": "payment", "phase": "end", "ts": 7908100, "status": 200}
{"id": "t000003747", "svc": "auth", "phase": "start", "ts": 7909000, "status": 200}
{"id": "t000003747", "svc": "auth", "phase": "end", "ts": 7909100, "status": 200}
{"id": "t000003748", "svc": "gateway", "phase": "start", "ts": 7910000, "status": 200}
{"id": "t000003748", "svc": "gateway", "phase": "end", "ts": 7910100, "status": 200}
{"id": "t000003749", "svc": "payment", "phase": "start", "ts": 7911000, "status": 200}
{"id": "t000003749", "svc": "payment", "phase": "end", "ts": 7911100, "status": 200}
{"id": "t000003750", "svc": "auth", "phase": "start", "ts": 7912000, "status": 200}
{"id": "t000003750", "svc": "auth", "phase": "end", "ts": 7912100, "status": 200}
{"id": "t000003751", "svc": "gateway", "phase": "start", "ts": 7913000, "status": 200}
{"id": "t000003751", "svc": "gateway", "phase": "end", "ts": 7913100, "status": 200}
{"id": "t000003752", "svc": "payment", "phase": "start", "ts": 7914000, "status": 200}
{"id": "t000003752", "svc": "payment", "phase": "end", "ts": 7914100, "status": 500}
{"id": "t000003753", "svc": "auth", "phase": "start", "ts": 7915000, "status": 200}
{"id": "t000003753", "svc": "auth", "phase": "end", "ts": 7915100, "status": 200}
{"id": "t000003754", "svc": "gateway", "phase": "start", "ts": 7916000, "status": 200}
{"id": "t000003754", "svc": "gateway", "phase": "end", "ts": 7916100, "status": 200}
{"id": "t000003755", "svc": "payment", "phase": "start", "ts": 7917000, "status": 200}
{"id": "t000003755", "svc": "payment", "phase": "end", "ts": 7917100, "status": 200}
{"id": "t000003756", "svc": "auth", "phase": "start", "ts": 7918000, "status": 200}
{"id": "t000003756", "svc": "auth", "phase": "end", "ts": 7918100, "status": 200}
{"id": "t000003757", "svc": "gateway", "phase": "start", "ts": 7919000, "status": 200}
{"id": "t000003757", "svc": "gateway", "phase": "end", "ts": 7919100, "status": 200}
{"id": "t000003758", "svc": "payment", "phase": "start", "ts": 7920000, "status": 200}
{"id": "t000003758", "svc": "payment", "phase": "end", "ts": 7920100, "status": 200}
{"id": "t000003759", "svc": "auth", "phase": "start", "ts": 7921000, "status": 200}
{"id": "t000003759", "svc": "auth", "phase": "end", "ts": 7921100, "status": 200}
{"id": "t000003760", "svc": "gateway", "phase": "start", "ts": 7922000, "status": 200}
{"id": "t000003760", "svc": "gateway", "phase": "end", "ts": 7922100, "status": 500}
{"id": "t000003761", "svc": "payment", "phase": "start", "ts": 7923000, "status": 200}
{"id": "t000003761", "svc": "payment", "phase": "end", "ts": 7923100, "status": 200}
{"id": "t000003762", "svc": "auth", "phase": "start", "ts": 7924000, "status": 200}
{"id": "t000003762", "svc": "auth", "phase": "end", "ts": 7924100, "status": 200}
{"id": "t000003763", "svc": "gateway", "phase": "start", "ts": 7925000, "status": 200}
{"id": "t000003763", "svc": "gateway", "phase": "end", "ts": 7925100, "status": 200}
{"id": "t000003764", "svc": "payment", "phase": "start", "ts": 7926000, "status": 200}
{"id": "t000003764", "svc": "payment", "phase": "end", "ts": 7926100, "status": 200}
{"id": "t000003765", "svc": "auth", "phase": "start", "ts": 7927000, "status": 200}
{"id": "t000003765", "svc": "auth", "phase": "end", "ts": 7927100, "status": 200}
{"id": "t000003766", "svc": "gateway", "phase": "start", "ts": 7928000, "status": 200}
{"id": "t000003766", "svc": "gateway", "phase": "end", "ts": 7928100, "status": 200}
{"id": "t000003767", "svc": "payment", "phase": "start", "ts": 7929000, "status": 200}
{"id": "t000003767", "svc": "payment", "phase": "end", "ts": 7929100, "status": 200}
{"id": "t000003768", "svc": "auth", "phase": "start", "ts": 7930000, "status": 200}
{"id": "t000003768", "svc": "auth", "phase": "end", "ts": 7930100, "status": 500}
{"id": "t000003769", "svc": "gateway", "phase": "start", "ts": 7931000, "status": 200}
{"id": "t000003769", "svc": "gateway", "phase": "end", "ts": 7931100, "status": 200}
{"id": "t000003770", "svc": "payment", "phase": "start", "ts": 7932000, "status": 200}
{"id": "t000003770", "svc": "payment", "phase": "end", "ts": 7932100, "status": 200}
{"id": "t000003771", "svc": "auth", "phase": "start", "ts": 7933000, "status": 200}
{"id": "t000003771", "svc": "auth", "phase": "end", "ts": 7933100, "status": 200}
{"id": "t000003772", "svc": "gateway", "phase": "start", "ts": 7934000, "status": 200}
{"id": "t000003772", "svc": "gateway", "phase": "end", "ts": 7934100, "status": 200}
{"id": "t000003773", "svc": "payment", "phase": "start", "ts": 7935000, "status": 200}
{"id": "t000003773", "svc": "payment", "phase": "end", "ts": 7935100, "status": 200}
{"id": "t000003774", "svc": "auth", "phase": "start", "ts": 7936000, "status": 200}
{"id": "t000003774", "svc": "auth", "phase": "end", "ts": 7936100, "status": 200}
{"id": "t000003775", "svc": "gateway", "phase": "start", "ts": 7937000, "status": 200}
{"id": "t000003775", "svc": "gateway", "phase": "end", "ts": 7937100, "status": 200}
{"id": "t000003776", "svc": "payment", "phase": "start", "ts": 7938000, "status": 200}
{"id": "t000003776", "svc": "payment", "phase": "end", "ts": 7938100, "status": 500}
{"id": "t000003777", "svc": "auth", "phase": "start", "ts": 7939000, "status": 200}
{"id": "t000003777", "svc": "auth", "phase": "end", "ts": 7939100, "status": 200}
{"id": "t000003778", "svc": "gateway", "phase": "start", "ts": 7940000, "status": 200}
{"id": "t000003778", "svc": "gateway", "phase": "end", "ts": 7940100, "status": 200}
{"id": "t000003779", "svc": "payment", "phase": "start", "ts": 7941000, "status": 200}
{"id": "t000003779", "svc": "payment", "phase": "end", "ts": 7941100, "status": 200}
{"id": "t000003780", "svc": "auth", "phase": "start", "ts": 7942000, "status": 200}
{"id": "t000003780", "svc": "auth", "phase": "end", "ts": 7942100, "status": 200}
{"id": "t000003781", "svc": "gateway", "phase": "start", "ts": 7943000, "status": 200}
{"id": "t000003781", "svc": "gateway", "phase": "end", "ts": 7943100, "status": 200}
{"id": "t000003782", "svc": "payment", "phase": "start", "ts": 7944000, "status": 200}
{"id": "t000003782", "svc": "payment", "phase": "end", "ts": 7944100, "status": 200}
{"id": "t000003783", "svc": "auth", "phase": "start", "ts": 7945000, "status": 200}
{"id": "t000003783", "svc": "auth", "phase": "end", "ts": 7945100, "status": 200}
{"id": "t000003784", "svc": "gateway", "phase": "start", "ts": 7946000, "status": 200}
{"id": "t000003784", "svc": "gateway", "phase": "end", "ts": 7946100, "status": 500}
{"id": "t000003785", "svc": "payment", "phase": "start", "ts": 7947000, "status": 200}
{"id": "t000003785", "svc": "payment", "phase": "end", "ts": 7947100, "status": 200}
{"id": "t000003786", "svc": "auth", "phase": "start", "ts": 7948000, "status": 200}
{"id": "t000003786", "svc": "auth", "phase": "end", "ts": 7948100, "status": 200}
{"id": "t000003787", "svc": "gateway", "phase": "start", "ts": 7949000, "status": 200}
{"id": "t000003787", "svc": "gateway", "phase": "end", "ts": 7949100, "status": 200}
{"id": "t000003788", "svc": "payment", "phase": "start", "ts": 7950000, "status": 200}
{"id": "t000003788", "svc": "payment", "phase": "end", "ts": 7950100, "status": 200}
{"id": "t000003789", "svc": "auth", "phase": "start", "ts": 7951000, "status": 200}
{"id": "t000003789", "svc": "auth", "phase": "end", "ts": 7951100, "status": 200}
{"id": "t000003790", "svc": "gateway", "phase": "start", "ts": 7952000, "status": 200}
{"id": "t000003790", "svc": "gateway", "phase": "end", "ts": 7952100, "status": 200}
{"id": "t000003791", "svc": "payment", "phase": "start", "ts": 7953000, "status": 200}
{"id": "t000003791", "svc": "payment", "phase": "end", "ts": 7953100, "status": 200}
{"id": "t000003792", "svc": "auth", "phase": "start", "ts": 7954000, "status": 200}
{"id": "t000003792", "svc": "auth", "phase": "end", "ts": 7954100, "status": 500}
{"id": "t000003793", "svc": "gateway", "phase": "start", "ts": 7955000, "status": 200}
{"id": "t000003793", "svc": "gateway", "phase": "end", "ts": 7955100, "status": 200}
{"id": "t000003794", "svc": "payment", "phase": "start", "ts": 7956000, "status": 200}
{"id": "t000003794", "svc": "payment", "phase": "end", "ts": 7956100, "status": 200}
{"id": "t000003795", "svc": "auth", "phase": "start", "ts": 7957000, "status": 200}
{"id": "t000003795", "svc": "auth", "phase": "end", "ts": 7957100, "status": 200}
{"id": "t000003796", "svc": "gateway", "phase": "start", "ts": 7958000, "status": 200}
{"id": "t000003796", "svc": "gateway", "phase": "end", "ts": 7958100, "status": 200}
{"id": "t000003797", "svc": "payment", "phase": "start", "ts": 7959000, "status": 200}
{"id": "t000003797", "svc": "payment", "phase": "end", "ts": 7959100, "status": 200}
{"id": "t000003798", "svc": "auth", "phase": "start", "ts": 7960000, "status": 200}
{"id": "t000003798", "svc": "auth", "phase": "end", "ts": 7960100, "status": 200}
{"id": "t000003799", "svc": "gateway", "phase": "start", "ts": 7961000, "status": 200}
{"id": "t000003799", "svc": "gateway", "phase": "end", "ts": 7961100, "status": 200}
{"id": "t000003800", "svc": "payment", "phase": "start", "ts": 7962000, "status": 200}
{"id": "t000003800", "svc": "payment", "phase": "end", "ts": 7962100, "status": 500}
{"id": "t000003801", "svc": "auth", "phase": "start", "ts": 7963000, "status": 200}
{"id": "t000003801", "svc": "auth", "phase": "end", "ts": 7963100, "status": 200}
{"id": "t000003802", "svc": "gateway", "phase": "start", "ts": 7964000, "status": 200}
{"id": "t000003802", "svc": "gateway", "phase": "end", "ts": 7964100, "status": 200}
{"id": "t000003803", "svc": "payment", "phase": "start", "ts": 7965000, "status": 200}
{"id": "t000003803", "svc": "payment", "phase": "end", "ts": 7965100, "status": 200}
{"id": "t000003804", "svc": "auth", "phase": "start", "ts": 7966000, "status": 200}
{"id": "t000003804", "svc": "auth", "phase": "end", "ts": 7966100, "status": 200}
{"id": "t000003805", "svc": "gateway", "phase": "start", "ts": 7967000, "status": 200}
{"id": "t000003805", "svc": "gateway", "phase": "end", "ts": 7967100, "status": 200}
{"id": "t000003806", "svc": "payment", "phase": "start", "ts": 7968000, "status": 200}
{"id": "t000003806", "svc": "payment", "phase": "end", "ts": 7968100, "status": 200}
{"id": "t000003807", "svc": "auth", "phase": "start", "ts": 7969000, "status": 200}
{"id": "t000003807", "svc": "auth", "phase": "end", "ts": 7969100, "status": 200}
{"id": "t000003808", "svc": "gateway", "phase": "start", "ts": 7970000, "status": 200}
{"id": "t000003808", "svc": "gateway", "phase": "end", "ts": 7970100, "status": 500}
{"id": "t000003809", "svc": "payment", "phase": "start", "ts": 7971000, "status": 200}
{"id": "t000003809", "svc": "payment", "phase": "end", "ts": 7971100, "status": 200}
{"id": "t000003810", "svc": "auth", "phase": "start", "ts": 7972000, "status": 200}
{"id": "t000003810", "svc": "auth", "phase": "end", "ts": 7972100, "status": 200}
{"id": "t000003811", "svc": "gateway", "phase": "start", "ts": 7973000, "status": 200}
{"id": "t000003811", "svc": "gateway", "phase": "end", "ts": 7973100, "status": 200}
{"id": "t000003812", "svc": "payment", "phase": "start", "ts": 7974000, "status": 200}
{"id": "t000003812", "svc": "payment", "phase": "end", "ts": 7974100, "status": 200}
{"id": "t000003813", "svc": "auth", "phase": "start", "ts": 7975000, "status": 200}
{"id": "t000003813", "svc": "auth", "phase": "end", "ts": 7975100, "status": 200}
{"id": "t000003814", "svc": "gateway", "phase": "start", "ts": 7976000, "status": 200}
{"id": "t000003814", "svc": "gateway", "phase": "end", "ts": 7976100, "status": 200}
{"id": "t000003815", "svc": "payment", "phase": "start", "ts": 7977000, "status": 200}
{"id": "t000003815", "svc": "payment", "phase": "end", "ts": 7977100, "status": 200}
{"id": "t000003816", "svc": "auth", "phase": "start", "ts": 7978000, "status": 200}
{"id": "t000003816", "svc": "auth", "phase": "end", "ts": 7978100, "status": 500}
{"id": "t000003817", "svc": "gateway", "phase": "start", "ts": 7979000, "status": 200}
{"id": "t000003817", "svc": "gateway", "phase": "end", "ts": 7979100, "status": 200}
{"id": "t000003818", "svc": "payment", "phase": "start", "ts": 7980000, "status": 200}
{"id": "t000003818", "svc": "payment", "phase": "end", "ts": 7980100, "status": 200}
{"id": "t000003819", "svc": "auth", "phase": "start", "ts": 7981000, "status": 200}
{"id": "t000003819", "svc": "auth", "phase": "end", "ts": 7981100, "status": 200}
{"id": "t000003820", "svc": "gateway", "phase": "start", "ts": 7982000, "status": 200}
{"id": "t000003820", "svc": "gateway", "phase": "end", "ts": 7982100, "status": 200}
{"id": "t000003821", "svc": "payment", "phase": "start", "ts": 7983000, "status": 200}
{"id": "t000003821", "svc": "payment", "phase": "end", "ts": 7983100, "status": 200}
{"id": "t000003822", "svc": "auth", "phase": "start", "ts": 7984000, "status": 200}
{"id": "t000003822", "svc": "auth", "phase": "end", "ts": 7984100, "status": 200}
{"id": "t000003823", "svc": "gateway", "phase": "start", "ts": 7985000, "status": 200}
{"id": "t000003823", "svc": "gateway", "phase": "end", "ts": 7985100, "status": 200}
{"id": "t000003824", "svc": "payment", "phase": "start", "ts": 7986000, "status": 200}
{"id": "t000003824", "svc": "payment", "phase": "end", "ts": 7986100, "status": 500}
{"id": "t000003825", "svc": "auth", "phase": "start", "ts": 7987000, "status": 200}
{"id": "t000003825", "svc": "auth", "phase": "end", "ts": 7987100, "status": 200}
{"id": "t000003826", "svc": "gateway", "phase": "start", "ts": 7988000, "status": 200}
{"id": "t000003826", "svc": "gateway", "phase": "end", "ts": 7988100, "status": 200}
{"id": "t000003827", "svc": "payment", "phase": "start", "ts": 7989000, "status": 200}
{"id": "t000003827", "svc": "payment", "phase": "end", "ts": 7989100, "status": 200}
{"id": "t000003828", "svc": "auth", "phase": "start", "ts": 7990000, "status": 200}
{"id": "t000003828", "svc": "auth", "phase": "end", "ts": 7990100, "status": 200}
{"id": "t000003829", "svc": "gateway", "phase": "start", "ts": 7991000, "status": 200}
{"id": "t000003829", "svc": "gateway", "phase": "end", "ts": 7991100, "status": 200}
{"id": "t000003830", "svc": "payment", "phase": "start", "ts": 7992000, "status": 200}
{"id": "t000003830", "svc": "payment", "phase": "end", "ts": 7992100, "status": 200}
{"id": "t000003831", "svc": "auth", "phase": "start", "ts": 7993000, "status": 200}
{"id": "t000003831", "svc": "auth", "phase": "end", "ts": 7993100, "status": 200}
{"id": "t000003832", "svc": "gateway", "phase": "start", "ts": 7994000, "status": 200}
{"id": "t000003832", "svc": "gateway", "phase": "end", "ts": 7994100, "status": 500}
{"id": "t000003833", "svc": "payment", "phase": "start", "ts": 7995000, "status": 200}
{"id": "t000003833", "svc": "payment", "phase": "end", "ts": 7995100, "status": 200}
{"id": "t000003834", "svc": "auth", "phase": "start", "ts": 7996000, "status": 200}
{"id": "t000003834", "svc": "auth", "phase": "end", "ts": 7996100, "status": 200}
{"id": "t000003835", "svc": "gateway", "phase": "start", "ts": 7997000, "status": 200}
{"id": "t000003835", "svc": "gateway", "phase": "end", "ts": 7997100, "status": 200}
{"id": "t000003836", "svc": "payment", "phase": "start", "ts": 7998000, "status": 200}
{"id": "t000003836", "svc": "payment", "phase": "end", "ts": 7998100, "status": 200}
{"id": "t000003837", "svc": "auth", "phase": "start", "ts": 7999000, "status": 200}
{"id": "t000003837", "svc": "auth", "phase": "end", "ts": 7999100, "status": 200}
{"id": "t000003838", "svc": "gateway", "phase": "start", "ts": 8000000, "status": 200}
{"id": "t000003838", "svc": "gateway", "phase": "end", "ts": 8000100, "status": 200}
{"id": "t000003839", "svc": "payment", "phase": "start", "ts": 8001000, "status": 200}
{"id": "t000003839", "svc": "payment", "phase": "end", "ts": 8001100, "status": 200}
{"id": "t000003840", "svc": "auth", "phase": "start", "ts": 8002000, "status": 200}
{"id": "t000003840", "svc": "auth", "phase": "end", "ts": 8002100, "status": 500}
{"id": "t000003841", "svc": "gateway", "phase": "start", "ts": 8003000, "status": 200}
{"id": "t000003841", "svc": "gateway", "phase": "end", "ts": 8003100, "status": 200}
{"id": "t000003842", "svc": "payment", "phase": "start", "ts": 8004000, "status": 200}
{"id": "t000003842", "svc": "payment", "phase": "end", "ts": 8004100, "status": 200}
{"id": "t000003843", "svc": "auth", "phase": "start", "ts": 8005000, "status": 200}
{"id": "t000003843", "svc": "auth", "phase": "end", "ts": 8005100, "status": 200}
{"id": "t000003844", "svc": "gateway", "phase": "start", "ts": 8006000, "status": 200}
{"id": "t000003844", "svc": "gateway", "phase": "end", "ts": 8006100, "status": 200}
{"id": "t000003845", "svc": "payment", "phase": "start", "ts": 8007000, "status": 200}
{"id": "t000003845", "svc": "payment", "phase": "end", "ts": 8007100, "status": 200}
{"id": "t000003846", "svc": "auth", "phase": "start", "ts": 8008000, "status": 200}
{"id": "t000003846", "svc": "auth", "phase": "end", "ts": 8008100, "status": 200}
{"id": "t000003847", "svc": "gateway", "phase": "start", "ts": 8009000, "status": 200}
{"id": "t000003847", "svc": "gateway", "phase": "end", "ts": 8009100, "status": 200}
{"id": "t000003848", "svc": "payment", "phase": "start", "ts": 8010000, "status": 200}
{"id": "t000003848", "svc": "payment", "phase": "end", "ts": 8010100, "status": 500}
{"id": "t000003849", "svc": "auth", "phase": "start", "ts": 8011000, "status": 200}
{"id": "t000003849", "svc": "auth", "phase": "end", "ts": 8011100, "status": 200}
{"id": "t000003850", "svc": "gateway", "phase": "start", "ts": 8012000, "status": 200}
{"id": "t000003850", "svc": "gateway", "phase": "end", "ts": 8012100, "status": 200}
{"id": "t000003851", "svc": "payment", "phase": "start", "ts": 8013000, "status": 200}
{"id": "t000003851", "svc": "payment", "phase": "end", "ts": 8013100, "status": 200}
{"id": "t000003852", "svc": "auth", "phase": "start", "ts": 8014000, "status": 200}
{"id": "t000003852", "svc": "auth", "phase": "end", "ts": 8014100, "status": 200}
{"id": "t000003853", "svc": "gateway", "phase": "start", "ts": 8015000, "status": 200}
{"id": "t000003853", "svc": "gateway", "phase": "end", "ts": 8015100, "status": 200}
{"id": "t000003854", "svc": "payment", "phase": "start", "ts": 8016000, "status": 200}
{"id": "t000003854", "svc": "payment", "phase": "end", "ts": 8016100, "status": 200}
{"id": "t000003855", "svc": "auth", "phase": "start", "ts": 8017000, "status": 200}
{"id": "t000003855", "svc": "auth", "phase": "end", "ts": 8017100, "status": 200}
{"id": "t000003856", "svc": "gateway", "phase": "start", "ts": 8018000, "status": 200}
{"id": "t000003856", "svc": "gateway", "phase": "end", "ts": 8018100, "status": 500}
{"id": "t000003857", "svc": "payment", "phase": "start", "ts": 8019000, "status": 200}
{"id": "t000003857", "svc": "payment", "phase": "end", "ts": 8019100, "status": 200}
{"id": "t000003858", "svc": "auth", "phase": "start", "ts": 8020000, "status": 200}
{"id": "t000003858", "svc": "auth", "phase": "end", "ts": 8020100, "status": 200}
{"id": "t000003859", "svc": "gateway", "phase": "start", "ts": 8021000, "status": 200}
{"id": "t000003859", "svc": "gateway", "phase": "end", "ts": 8021100, "status": 200}
{"id": "t000003860", "svc": "payment", "phase": "start", "ts": 8022000, "status": 200}
{"id": "t000003860", "svc": "payment", "phase": "end", "ts": 8022100, "status": 200}
{"id": "t000003861", "svc": "auth", "phase": "start", "ts": 8023000, "status": 200}
{"id": "t000003861", "svc": "auth", "phase": "end", "ts": 8023100, "status": 200}
{"id": "t000003862", "svc": "gateway", "phase": "start", "ts": 8024000, "status": 200}
{"id": "t000003862", "svc": "gateway", "phase": "end", "ts": 8024100, "status": 200}
{"id": "t000003863", "svc": "payment", "phase": "start", "ts": 8025000, "status": 200}
{"id": "t000003863", "svc": "payment", "phase": "end", "ts": 8025100, "status": 200}
{"id": "t000003864", "svc": "auth", "phase": "start", "ts": 8026000, "status": 200}
{"id": "t000003864", "svc": "auth", "phase": "end", "ts": 8026100, "status": 500}
{"id": "t000003865", "svc": "gateway", "phase": "start", "ts": 8027000, "status": 200}
{"id": "t000003865", "svc": "gateway", "phase": "end", "ts": 8027100, "status": 200}
{"id": "t000003866", "svc": "payment", "phase": "start", "ts": 8028000, "status": 200}
{"id": "t000003866", "svc": "payment", "phase": "end", "ts": 8028100, "status": 200}
{"id": "t000003867", "svc": "auth", "phase": "start", "ts": 8029000, "status": 200}
{"id": "t000003867", "svc": "auth", "phase": "end", "ts": 8029100, "status": 200}
{"id": "t000003868", "svc": "gateway", "phase": "start", "ts": 8030000, "status": 200}
{"id": "t000003868", "svc": "gateway", "phase": "end", "ts": 8030100, "status": 200}
{"id": "t000003869", "svc": "payment", "phase": "start", "ts": 8031000, "status": 200}
{"id": "t000003869", "svc": "payment", "phase": "end", "ts": 8031100, "status": 200}
{"id": "t000003870", "svc": "auth", "phase": "start", "ts": 8032000, "status": 200}
{"id": "t000003870", "svc": "auth", "phase": "end", "ts": 8032100, "status": 200}
{"id": "t000003871", "svc": "gateway", "phase": "start", "ts": 8033000, "status": 200}
{"id": "t000003871", "svc": "gateway", "phase": "end", "ts": 8033100, "status": 200}
{"id": "t000003872", "svc": "payment", "phase": "start", "ts": 8034000, "status": 200}
{"id": "t000003872", "svc": "payment", "phase": "end", "ts": 8034100, "status": 500}
{"id": "t000003873", "svc": "auth", "phase": "start", "ts": 8035000, "status": 200}
{"id": "t000003873", "svc": "auth", "phase": "end", "ts": 8035100, "status": 200}
{"id": "t000003874", "svc": "gateway", "phase": "start", "ts": 8036000, "status": 200}
{"id": "t000003874", "svc": "gateway", "phase": "end", "ts": 8036100, "status": 200}
{"id": "t000003875", "svc": "payment", "phase": "start", "ts": 8037000, "status": 200}
{"id": "t000003875", "svc": "payment", "phase": "end", "ts": 8037100, "status": 200}
{"id": "t000003876", "svc": "auth", "phase": "start", "ts": 8038000, "status": 200}
{"id": "t000003876", "svc": "auth", "phase": "end", "ts": 8038100, "status": 200}
{"id": "t000003877", "svc": "gateway", "phase": "start", "ts": 8039000, "status": 200}
{"id": "t000003877", "svc": "gateway", "phase": "end", "ts": 8039100, "status": 200}
{"id": "t000003878", "svc": "payment", "phase": "start", "ts": 8040000, "status": 200}
{"id": "t000003878", "svc": "payment", "phase": "end", "ts": 8040100, "status": 200}
{"id": "t000003879", "svc": "auth", "phase": "start", "ts": 8041000, "status": 200}
{"id": "t000003879", "svc": "auth", "phase": "end", "ts": 8041100, "status": 200}
{"id": "t000003880", "svc": "gateway", "phase": "start", "ts": 8042000, "status": 200}
{"id": "t000003880", "svc": "gateway", "phase": "end", "ts": 8042100, "status": 500}
{"id": "t000003881", "svc": "payment", "phase": "start", "ts": 8043000, "status": 200}
{"id": "t000003881", "svc": "payment", "phase": "end", "ts": 8043100, "status": 200}
{"id": "t000003882", "svc": "auth", "phase": "start", "ts": 8044000, "status": 200}
{"id": "t000003882", "svc": "auth", "phase": "end", "ts": 8044100, "status": 200}
{"id": "t000003883", "svc": "gateway", "phase": "start", "ts": 8045000, "status": 200}
{"id": "t000003883", "svc": "gateway", "phase": "end", "ts": 8045100, "status": 200}
{"id": "t000003884", "svc": "payment", "phase": "start", "ts": 8046000, "status": 200}
{"id": "t000003884", "svc": "payment", "phase": "end", "ts": 8046100, "status": 200}
{"id": "t000003885", "svc": "auth", "phase": "start", "ts": 8047000, "status": 200}
{"id": "t000003885", "svc": "auth", "phase": "end", "ts": 8047100, "status": 200}
{"id": "t000003886", "svc": "gateway", "phase": "start", "ts": 8048000, "status": 200}
{"id": "t000003886", "svc": "gateway", "phase": "end", "ts": 8048100, "status": 200}
{"id": "t000003887", "svc": "payment", "phase": "start", "ts": 8049000, "status": 200}
{"id": "t000003887", "svc": "payment", "phase": "end", "ts": 8049100, "status": 200}
{"id": "t000003888", "svc": "auth", "phase": "start", "ts": 8050000, "status": 200}
{"id": "t000003888", "svc": "auth", "phase": "end", "ts": 8050100, "status": 500}
{"id": "t000003889", "svc": "gateway", "phase": "start", "ts": 8051000, "status": 200}
{"id": "t000003889", "svc": "gateway", "phase": "end", "ts": 8051100, "status": 200}
{"id": "t000003890", "svc": "payment", "phase": "start", "ts": 8052000, "status": 200}
{"id": "t000003890", "svc": "payment", "phase": "end", "ts": 8052100, "status": 200}
{"id": "t000003891", "svc": "auth", "phase": "start", "ts": 8053000, "status": 200}
{"id": "t000003891", "svc": "auth", "phase": "end", "ts": 8053100, "status": 200}
{"id": "t000003892", "svc": "gateway", "phase": "start", "ts": 8054000, "status": 200}
{"id": "t000003892", "svc": "gateway", "phase": "end", "ts": 8054100, "status": 200}
{"id": "t000003893", "svc": "payment", "phase": "start", "ts": 8055000, "status": 200}
{"id": "t000003893", "svc": "payment", "phase": "end", "ts": 8055100, "status": 200}
{"id": "t000003894", "svc": "auth", "phase": "start", "ts": 8056000, "status": 200}
{"id": "t000003894", "svc": "auth", "phase": "end", "ts": 8056100, "status": 200}
{"id": "t000003895", "svc": "gateway", "phase": "start", "ts": 8057000, "status": 200}
{"id": "t000003895", "svc": "gateway", "phase": "end", "ts": 8057100, "status": 200}
{"id": "t000003896", "svc": "payment", "phase": "start", "ts": 8058000, "status": 200}
{"id": "t000003896", "svc": "payment", "phase": "end", "ts": 8058100, "status": 500}
{"id": "t000003897", "svc": "auth", "phase": "start", "ts": 8059000, "status": 200}
{"id": "t000003897", "svc": "auth", "phase": "end", "ts": 8059100, "status": 200}
{"id": "t000003898", "svc": "gateway", "phase": "start", "ts": 8060000, "status": 200}
{"id": "t000003898", "svc": "gateway", "phase": "end", "ts": 8060100, "status": 200}
{"id": "t000003899", "svc": "payment", "phase": "start", "ts": 8061000, "status": 200}
{"id": "t000003899", "svc": "payment", "phase": "end", "ts": 8061100, "status": 200}
{"id": "t000003900", "svc": "auth", "phase": "start", "ts": 8062000, "status": 200}
{"id": "t000003900", "svc": "auth", "phase": "end", "ts": 8062100, "status": 200}
{"id": "t000003901", "svc": "gateway", "phase": "start", "ts": 8063000, "status": 200}
{"id": "t000003901", "svc": "gateway", "phase": "end", "ts": 8063100, "status": 200}
{"id": "t000003902", "svc": "payment", "phase": "start", "ts": 8064000, "status": 200}
{"id": "t000003902", "svc": "payment", "phase": "end", "ts": 8064100, "status": 200}
{"id": "t000003903", "svc": "auth", "phase": "start", "ts": 8065000, "status": 200}
{"id": "t000003903", "svc": "auth", "phase": "end", "ts": 8065100, "status": 200}
{"id": "t000003904", "svc": "gateway", "phase": "start", "ts": 8066000, "status": 200}
{"id": "t000003904", "svc": "gateway", "phase": "end", "ts": 8066100, "status": 500}
{"id": "t000003905", "svc": "payment", "phase": "start", "ts": 8067000, "status": 200}
{"id": "t000003905", "svc": "payment", "phase": "end", "ts": 8067100, "status": 200}
{"id": "t000003906", "svc": "auth", "phase": "start", "ts": 8068000, "status": 200}
{"id": "t000003906", "svc": "auth", "phase": "end", "ts": 8068100, "status": 200}
{"id": "t000003907", "svc": "gateway", "phase": "start", "ts": 8069000, "status": 200}
{"id": "t000003907", "svc": "gateway", "phase": "end", "ts": 8069100, "status": 200}
{"id": "t000003908", "svc": "payment", "phase": "start", "ts": 8070000, "status": 200}
{"id": "t000003908", "svc": "payment", "phase": "end", "ts": 8070100, "status": 200}
{"id": "t000003909", "svc": "auth", "phase": "start", "ts": 8071000, "status": 200}
{"id": "t000003909", "svc": "auth", "phase": "end", "ts": 8071100, "status": 200}
{"id": "t000003910", "svc": "gateway", "phase": "start", "ts": 8072000, "status": 200}
{"id": "t000003910", "svc": "gateway", "phase": "end", "ts": 8072100, "status": 200}
{"id": "t000003911", "svc": "payment", "phase": "start", "ts": 8073000, "status": 200}
{"id": "t000003911", "svc": "payment", "phase": "end", "ts": 8073100, "status": 200}
{"id": "t000003912", "svc": "auth", "phase": "start", "ts": 8074000, "status": 200}
{"id": "t000003912", "svc": "auth", "phase": "end", "ts": 8074100, "status": 500}
{"id": "t000003913", "svc": "gateway", "phase": "start", "ts": 8075000, "status": 200}
{"id": "t000003913", "svc": "gateway", "phase": "end", "ts": 8075100, "status": 200}
{"id": "t000003914", "svc": "payment", "phase": "start", "ts": 8076000, "status": 200}
{"id": "t000003914", "svc": "payment", "phase": "end", "ts": 8076100, "status": 200}
{"id": "t000003915", "svc": "auth", "phase": "start", "ts": 8077000, "status": 200}
{"id": "t000003915", "svc": "auth", "phase": "end", "ts": 8077100, "status": 200}
{"id": "t000003916", "svc": "gateway", "phase": "start", "ts": 8078000, "status": 200}
{"id": "t000003916", "svc": "gateway", "phase": "end", "ts": 8078100, "status": 200}
{"id": "t000003917", "svc": "payment", "phase": "start", "ts": 8079000, "status": 200}
{"id": "t000003917", "svc": "payment", "phase": "end", "ts": 8079100, "status": 200}
{"id": "t000003918", "svc": "auth", "phase": "start", "ts": 8080000, "status": 200}
{"id": "t000003918", "svc": "auth", "phase": "end", "ts": 8080100, "status": 200}
{"id": "t000003919", "svc": "gateway", "phase": "start", "ts": 8081000, "status": 200}
{"id": "t000003919", "svc": "gateway", "phase": "end", "ts": 8081100, "status": 200}
{"id": "t000003920", "svc": "payment", "phase": "start", "ts": 8082000, "status": 200}
{"id": "t000003920", "svc": "payment", "phase": "end", "ts": 8082100, "status": 500}
{"id": "t000003921", "svc": "auth", "phase": "start", "ts": 8083000, "status": 200}
{"id": "t000003921", "svc": "auth", "phase": "end", "ts": 8083100, "status": 200}
{"id": "t000003922", "svc": "gateway", "phase": "start", "ts": 8084000, "status": 200}
{"id": "t000003922", "svc": "gateway", "phase": "end", "ts": 8084100, "status": 200}
{"id": "t000003923", "svc": "payment", "phase": "start", "ts": 8085000, "status": 200}
{"id": "t000003923", "svc": "payment", "phase": "end", "ts": 8085100, "status": 200}
{"id": "t000003924", "svc": "auth", "phase": "start", "ts": 8086000, "status": 200}
{"id": "t000003924", "svc": "auth", "phase": "end", "ts": 8086100, "status": 200}
{"id": "t000003925", "svc": "gateway", "phase": "start", "ts": 8087000, "status": 200}
{"id": "t000003925", "svc": "gateway", "phase": "end", "ts": 8087100, "status": 200}
{"id": "t000003926", "svc": "payment", "phase": "start", "ts": 8088000, "status": 200}
{"id": "t000003926", "svc": "payment", "phase": "end", "ts": 8088100, "status": 200}
{"id": "t000003927", "svc": "auth", "phase": "start", "ts": 8089000, "status": 200}
{"id": "t000003927", "svc": "auth", "phase": "end", "ts": 8089100, "status": 200}
{"id": "t000003928", "svc": "gateway", "phase": "start", "ts": 8090000, "status": 200}
{"id": "t000003928", "svc": "gateway", "phase": "end", "ts": 8090100, "status": 500}
{"id": "t000003929", "svc": "payment", "phase": "start", "ts": 8091000, "status": 200}
{"id": "t000003929", "svc": "payment", "phase": "end", "ts": 8091100, "status": 200}
{"id": "t000003930", "svc": "auth", "phase": "start", "ts": 8092000, "status": 200}
{"id": "t000003930", "svc": "auth", "phase": "end", "ts": 8092100, "status": 200}
{"id": "t000003931", "svc": "gateway", "phase": "start", "ts": 8093000, "status": 200}
{"id": "t000003931", "svc": "gateway", "phase": "end", "ts": 8093100, "status": 200}
{"id": "t000003932", "svc": "payment", "phase": "start", "ts": 8094000, "status": 200}
{"id": "t000003932", "svc": "payment", "phase": "end", "ts": 8094100, "status": 200}
{"id": "t000003933", "svc": "auth", "phase": "start", "ts": 8095000, "status": 200}
{"id": "t000003933", "svc": "auth", "phase": "end", "ts": 8095100, "status": 200}
{"id": "t000003934", "svc": "gateway", "phase": "start", "ts": 8096000, "status": 200}
{"id": "t000003934", "svc": "gateway", "phase": "end", "ts": 8096100, "status": 200}
{"id": "t000003935", "svc": "payment", "phase": "start", "ts": 8097000, "status": 200}
{"id": "t000003935", "svc": "payment", "phase": "end", "ts": 8097100, "status": 200}
{"id": "t000003936", "svc": "auth", "phase": "start", "ts": 8098000, "status": 200}
{"id": "t000003936", "svc": "auth", "phase": "end", "ts": 8098100, "status": 500}
{"id": "t000003937", "svc": "gateway", "phase": "start", "ts": 8099000, "status": 200}
{"id": "t000003937", "svc": "gateway", "phase": "end", "ts": 8099100, "status": 200}
{"id": "t000003938", "svc": "payment", "phase": "start", "ts": 8100000, "status": 200}
{"id": "t000003938", "svc": "payment", "phase": "end", "ts": 8100100, "status": 200}
{"id": "t000003939", "svc": "auth", "phase": "start", "ts": 8101000, "status": 200}
{"id": "t000003939", "svc": "auth", "phase": "end", "ts": 8101100, "status": 200}
{"id": "t000003940", "svc": "gateway", "phase": "start", "ts": 8102000, "status": 200}
{"id": "t000003940", "svc": "gateway", "phase": "end", "ts": 8102100, "status": 200}
{"id": "t000003941", "svc": "payment", "phase": "start", "ts": 8103000, "status": 200}
{"id": "t000003941", "svc": "payment", "phase": "end", "ts": 8103100, "status": 200}
{"id": "t000003942", "svc": "auth", "phase": "start", "ts": 8104000, "status": 200}
{"id": "t000003942", "svc": "auth", "phase": "end", "ts": 8104100, "status": 200}
{"id": "t000003943", "svc": "gateway", "phase": "start", "ts": 8105000, "status": 200}
{"id": "t000003943", "svc": "gateway", "phase": "end", "ts": 8105100, "status": 200}
{"id": "t000003944", "svc": "payment", "phase": "start", "ts": 8106000, "status": 200}
{"id": "t000003944", "svc": "payment", "phase": "end", "ts": 8106100, "status": 500}
{"id": "t000003945", "svc": "auth", "phase": "start", "ts": 8107000, "status": 200}
{"id": "t000003945", "svc": "auth", "phase": "end", "ts": 8107100, "status": 200}
{"id": "t000003946", "svc": "gateway", "phase": "start", "ts": 8108000, "status": 200}
{"id": "t000003946", "svc": "gateway", "phase": "end", "ts": 8108100, "status": 200}
{"id": "t000003947", "svc": "payment", "phase": "start", "ts": 8109000, "status": 200}
{"id": "t000003947", "svc": "payment", "phase": "end", "ts": 8109100, "status": 200}
{"id": "t000003948", "svc": "auth", "phase": "start", "ts": 8110000, "status": 200}
{"id": "t000003948", "svc": "auth", "phase": "end", "ts": 8110100, "status": 200}
{"id": "t000003949", "svc": "gateway", "phase": "start", "ts": 8111000, "status": 200}
{"id": "t000003949", "svc": "gateway", "phase": "end", "ts": 8111100, "status": 200}
{"id": "t000003950", "svc": "payment", "phase": "start", "ts": 8112000, "status": 200}
{"id": "t000003950", "svc": "payment", "phase": "end", "ts": 8112100, "status": 200}
{"id": "t000003951", "svc": "auth", "phase": "start", "ts": 8113000, "status": 200}
{"id": "t000003951", "svc": "auth", "phase": "end", "ts": 8113100, "status": 200}
{"id": "t000003952", "svc": "gateway", "phase": "start", "ts": 8114000, "status": 200}
{"id": "t000003952", "svc": "gateway", "phase": "end", "ts": 8114100, "status": 500}
{"id": "t000003953", "svc": "payment", "phase": "start", "ts": 8115000, "status": 200}
{"id": "t000003953", "svc": "payment", "phase": "end", "ts": 8115100, "status": 200}
{"id": "t000003954", "svc": "auth", "phase": "start", "ts": 8116000, "status": 200}
{"id": "t000003954", "svc": "auth", "phase": "end", "ts": 8116100, "status": 200}
{"id": "t000003955", "svc": "gateway", "phase": "start", "ts": 8117000, "status": 200}
{"id": "t000003955", "svc": "gateway", "phase": "end", "ts": 8117100, "status": 200}
{"id": "t000003956", "svc": "payment", "phase": "start", "ts": 8118000, "status": 200}
{"id": "t000003956", "svc": "payment", "phase": "end", "ts": 8118100, "status": 200}
{"id": "t000003957", "svc": "auth", "phase": "start", "ts": 8119000, "status": 200}
{"id": "t000003957", "svc": "auth", "phase": "end", "ts": 8119100, "status": 200}
{"id": "t000003958", "svc": "gateway", "phase": "start", "ts": 8120000, "status": 200}
{"id": "t000003958", "svc": "gateway", "phase": "end", "ts": 8120100, "status": 200}
{"id": "t000003959", "svc": "payment", "phase": "start", "ts": 8121000, "status": 200}
{"id": "t000003959", "svc": "payment", "phase": "end", "ts": 8121100, "status": 200}
{"id": "t000003960", "svc": "auth", "phase": "start", "ts": 8122000, "status": 200}
{"id": "t000003960", "svc": "auth", "phase": "end", "ts": 8122100, "status": 500}
{"id": "t000003961", "svc": "gateway", "phase": "start", "ts": 8123000, "status": 200}
{"id": "t000003961", "svc": "gateway", "phase": "end", "ts": 8123100, "status": 200}
{"id": "t000003962", "svc": "payment", "phase": "start", "ts": 8124000, "status": 200}
{"id": "t000003962", "svc": "payment", "phase": "end", "ts": 8124100, "status": 200}
{"id": "t000003963", "svc": "auth", "phase": "start", "ts": 8125000, "status": 200}
{"id": "t000003963", "svc": "auth", "phase": "end", "ts": 8125100, "status": 200}
{"id": "t000003964", "svc": "gateway", "phase": "start", "ts": 8126000, "status": 200}
{"id": "t000003964", "svc": "gateway", "phase": "end", "ts": 8126100, "status": 200}
{"id": "t000003965", "svc": "payment", "phase": "start", "ts": 8127000, "status": 200}
{"id": "t000003965", "svc": "payment", "phase": "end", "ts": 8127100, "status": 200}
{"id": "t000003966", "svc": "auth", "phase": "start", "ts": 8128000, "status": 200}
{"id": "t000003966", "svc": "auth", "phase": "end", "ts": 8128100, "status": 200}
{"id": "t000003967", "svc": "gateway", "phase": "start", "ts": 8129000, "status": 200}
{"id": "t000003967", "svc": "gateway", "phase": "end", "ts": 8129100, "status": 200}
{"id": "t000003968", "svc": "payment", "phase": "start", "ts": 8130000, "status": 200}
{"id": "t000003968", "svc": "payment", "phase": "end", "ts": 8130100, "status": 500}
{"id": "t000003969", "svc": "auth", "phase": "start", "ts": 8131000, "status": 200}
{"id": "t000003969", "svc": "auth", "phase": "end", "ts": 8131100, "status": 200}
{"id": "t000003970", "svc": "gateway", "phase": "start", "ts": 8132000, "status": 200}
{"id": "t000003970", "svc": "gateway", "phase": "end", "ts": 8132100, "status": 200}
{"id": "t000003971", "svc": "payment", "phase": "start", "ts": 8133000, "status": 200}
{"id": "t000003971", "svc": "payment", "phase": "end", "ts": 8133100, "status": 200}
{"id": "t000003972", "svc": "auth", "phase": "start", "ts": 8134000, "status": 200}
{"id": "t000003972", "svc": "auth", "phase": "end", "ts": 8134100, "status": 200}
{"id": "t000003973", "svc": "gateway", "phase": "start", "ts": 8135000, "status": 200}
{"id": "t000003973", "svc": "gateway", "phase": "end", "ts": 8135100, "status": 200}
{"id": "t000003974", "svc": "payment", "phase": "start", "ts": 8136000, "status": 200}
{"id": "t000003974", "svc": "payment", "phase": "end", "ts": 8136100, "status": 200}
{"id": "t000003975", "svc": "auth", "phase": "start", "ts": 8137000, "status": 200}
{"id": "t000003975", "svc": "auth", "phase": "end", "ts": 8137100, "status": 200}
{"id": "t000003976", "svc": "gateway", "phase": "start", "ts": 8138000, "status": 200}
{"id": "t000003976", "svc": "gateway", "phase": "end", "ts": 8138100, "status": 500}
{"id": "t000003977", "svc": "payment", "phase": "start", "ts": 8139000, "status": 200}
{"id": "t000003977", "svc": "payment", "phase": "end", "ts": 8139100, "status": 200}
{"id": "t000003978", "svc": "auth", "phase": "start", "ts": 8140000, "status": 200}
{"id": "t000003978", "svc": "auth", "phase": "end", "ts": 8140100, "status": 200}
{"id": "t000003979", "svc": "gateway", "phase": "start", "ts": 8141000, "status": 200}
{"id": "t000003979", "svc": "gateway", "phase": "end", "ts": 8141100, "status": 200}
{"id": "t000003980", "svc": "payment", "phase": "start", "ts": 8142000, "status": 200}
{"id": "t000003980", "svc": "payment", "phase": "end", "ts": 8142100, "status": 200}
{"id": "t000003981", "svc": "auth", "phase": "start", "ts": 8143000, "status": 200}
{"id": "t000003981", "svc": "auth", "phase": "end", "ts": 8143100, "status": 200}
{"id": "t000003982", "svc": "gateway", "phase": "start", "ts": 8144000, "status": 200}
{"id": "t000003982", "svc": "gateway", "phase": "end", "ts": 8144100, "status": 200}
{"id": "t000003983", "svc": "payment", "phase": "start", "ts": 8145000, "status": 200}
{"id": "t000003983", "svc": "payment", "phase": "end", "ts": 8145100, "status": 200}
{"id": "t000003984", "svc": "auth", "phase": "start", "ts": 8146000, "status": 200}
{"id": "t000003984", "svc": "auth", "phase": "end", "ts": 8146100, "status": 500}
{"id": "t000003985", "svc": "gateway", "phase": "start", "ts": 8147000, "status": 200}
{"id": "t000003985", "svc": "gateway", "phase": "end", "ts": 8147100, "status": 200}
{"id": "t000003986", "svc": "payment", "phase": "start", "ts": 8148000, "status": 200}
{"id": "t000003986", "svc": "payment", "phase": "end", "ts": 8148100, "status": 200}
{"id": "t000003987", "svc": "auth", "phase": "start", "ts": 8149000, "status": 200}
{"id": "t000003987", "svc": "auth", "phase": "end", "ts": 8149100, "status": 200}
{"id": "t000003988", "svc": "gateway", "phase": "start", "ts": 8150000, "status": 200}
{"id": "t000003988", "svc": "gateway", "phase": "end", "ts": 8150100, "status": 200}
{"id": "t000003989", "svc": "payment", "phase": "start", "ts": 8151000, "status": 200}
{"id": "t000003989", "svc": "payment", "phase": "end", "ts": 8151100, "status": 200}
{"id": "t000003990", "svc": "auth", "phase": "start", "ts": 8152000, "status": 200}
{"id": "t000003990", "svc": "auth", "phase": "end", "ts": 8152100, "status": 200}
{"id": "t000003991", "svc": "gateway", "phase": "start", "ts": 8153000, "status": 200}
{"id": "t000003991", "svc": "gateway", "phase": "end", "ts": 8153100, "status": 200}
{"id": "t000003992", "svc": "payment", "phase": "start", "ts": 8154000, "status": 200}
{"id": "t000003992", "svc": "payment", "phase": "end", "ts": 8154100, "status": 500}
{"id": "t000003993", "svc": "auth", "phase": "start", "ts": 8155000, "status": 200}
{"id": "t000003993", "svc": "auth", "phase": "end", "ts": 8155100, "status": 200}
{"id": "t000003994", "svc": "gateway", "phase": "start", "ts": 8156000, "status": 200}
{"id": "t000003994", "svc": "gateway", "phase": "end", "ts": 8156100, "status": 200}
{"id": "t000003995", "svc": "payment", "phase": "start", "ts": 8157000, "status": 200}
{"id": "t000003995", "svc": "payment", "phase": "end", "ts": 8157100, "status": 200}
{"id": "t000003996", "svc": "auth", "phase": "start", "ts": 8158000, "status": 200}
{"id": "t000003996", "svc": "auth", "phase": "end", "ts": 8158100, "status": 200}
{"id": "t000003997", "svc": "gateway", "phase": "start", "ts": 8159000, "status": 200}
{"id": "t000003997", "svc": "gateway", "phase": "end", "ts": 8159100, "status": 200}
{"id": "t000003998", "svc": "payment", "phase": "start", "ts": 8160000, "status": 200}
{"id": "t000003998", "svc": "payment", "phase": "end", "ts": 8160100, "status": 200}
{"id": "t000003999", "svc": "auth", "phase": "start", "ts": 8161000, "status": 200}
{"id": "t000003999", "svc": "auth", "phase": "end", "ts": 8161100, "status": 200}
{"id": "t000004000", "svc": "gateway", "phase": "start", "ts": 8162000, "status": 200}
{"id": "t000004000", "svc": "gateway", "phase": "end", "ts": 8162100, "status": 500}
{"id": "t000004001", "svc": "payment", "phase": "start", "ts": 8163000, "status": 200}
{"id": "t000004001", "svc": "payment", "phase": "end", "ts": 8163100, "status": 200}
{"id": "t000004002", "svc": "auth", "phase": "start", "ts": 8164000, "status": 200}
{"id": "t000004002", "svc": "auth", "phase": "end", "ts": 8164100, "status": 200}
{"id": "t000004003", "svc": "gateway", "phase": "start", "ts": 8165000, "status": 200}
{"id": "t000004003", "svc": "gateway", "phase": "end", "ts": 8165100, "status": 200}
{"id": "t000004004", "svc": "payment", "phase": "start", "ts": 8166000, "status": 200}
{"id": "t000004004", "svc": "payment", "phase": "end", "ts": 8166100, "status": 200}
{"id": "t000004005", "svc": "auth", "phase": "start", "ts": 8167000, "status": 200}
{"id": "t000004005", "svc": "auth", "phase": "end", "ts": 8167100, "status": 200}
{"id": "t000004006", "svc": "gateway", "phase": "start", "ts": 8168000, "status": 200}
{"id": "t000004006", "svc": "gateway", "phase": "end", "ts": 8168100, "status": 200}
{"id": "t000004007", "svc": "payment", "phase": "start", "ts": 8169000, "status": 200}
{"id": "t000004007", "svc": "payment", "phase": "end", "ts": 8169100, "status": 200}
{"id": "t000004008", "svc": "auth", "phase": "start", "ts": 8170000, "status": 200}
{"id": "t000004008", "svc": "auth", "phase": "end", "ts": 8170100, "status": 500}
{"id": "t000004009", "svc": "gateway", "phase": "start", "ts": 8171000, "status": 200}
{"id": "t000004009", "svc": "gateway", "phase": "end", "ts": 8171100, "status": 200}
{"id": "t000004010", "svc": "payment", "phase": "start", "ts": 8172000, "status": 200}
{"id": "t000004010", "svc": "payment", "phase": "end", "ts": 8172100, "status": 200}
{"id": "t000004011", "svc": "auth", "phase": "start", "ts": 8173000, "status": 200}
{"id": "t000004011", "svc": "auth", "phase": "end", "ts": 8173100, "status": 200}
{"id": "t000004012", "svc": "gateway", "phase": "start", "ts": 8174000, "status": 200}
{"id": "t000004012", "svc": "gateway", "phase": "end", "ts": 8174100, "status": 200}
{"id": "t000004013", "svc": "payment", "phase": "start", "ts": 8175000, "status": 200}
{"id": "t000004013", "svc": "payment", "phase": "end", "ts": 8175100, "status": 200}
{"id": "t000004014", "svc": "auth", "phase": "start", "ts": 8176000, "status": 200}
{"id": "t000004014", "svc": "auth", "phase": "end", "ts": 8176100, "status": 200}
{"id": "t000004015", "svc": "gateway", "phase": "start", "ts": 8177000, "status": 200}
{"id": "t000004015", "svc": "gateway", "phase": "end", "ts": 8177100, "status": 200}
{"id": "t000004016", "svc": "payment", "phase": "start", "ts": 8178000, "status": 200}
{"id": "t000004016", "svc": "payment", "phase": "end", "ts": 8178100, "status": 500}
{"id": "t000004017", "svc": "auth", "phase": "start", "ts": 8179000, "status": 200}
{"id": "t000004017", "svc": "auth", "phase": "end", "ts": 8179100, "status": 200}
{"id": "t000004018", "svc": "gateway", "phase": "start", "ts": 8180000, "status": 200}
{"id": "t000004018", "svc": "gateway", "phase": "end", "ts": 8180100, "status": 200}
{"id": "t000004019", "svc": "payment", "phase": "start", "ts": 8181000, "status": 200}
{"id": "t000004019", "svc": "payment", "phase": "end", "ts": 8181100, "status": 200}
{"id": "t000004020", "svc": "auth", "phase": "start", "ts": 8182000, "status": 200}
{"id": "t000004020", "svc": "auth", "phase": "end", "ts": 8182100, "status": 200}
{"id": "t000004021", "svc": "gateway", "phase": "start", "ts": 8183000, "status": 200}
{"id": "t000004021", "svc": "gateway", "phase": "end", "ts": 8183100, "status": 200}
{"id": "t000004022", "svc": "payment", "phase": "start", "ts": 8184000, "status": 200}
{"id": "t000004022", "svc": "payment", "phase": "end", "ts": 8184100, "status": 200}
{"id": "t000004023", "svc": "auth", "phase": "start", "ts": 8185000, "status": 200}
{"id": "t000004023", "svc": "auth", "phase": "end", "ts": 8185100, "status": 200}
{"id": "t000004024", "svc": "gateway", "phase": "start", "ts": 8186000, "status": 200}
{"id": "t000004024", "svc": "gateway", "phase": "end", "ts": 8186100, "status": 500}
{"id": "t000004025", "svc": "payment", "phase": "start", "ts": 8187000, "status": 200}
{"id": "t000004025", "svc": "payment", "phase": "end", "ts": 8187100, "status": 200}
{"id": "t000004026", "svc": "auth", "phase": "start", "ts": 8188000, "status": 200}
{"id": "t000004026", "svc": "auth", "phase": "end", "ts": 8188100, "status": 200}
{"id": "t000004027", "svc": "gateway", "phase": "start", "ts": 8189000, "status": 200}
{"id": "t000004027", "svc": "gateway", "phase": "end", "ts": 8189100, "status": 200}
{"id": "t000004028", "svc": "payment", "phase": "start", "ts": 8190000, "status": 200}
{"id": "t000004028", "svc": "payment", "phase": "end", "ts": 8190100, "status": 200}
{"id": "t000004029", "svc": "auth", "phase": "start", "ts": 8191000, "status": 200}
{"id": "t000004029", "svc": "auth", "phase": "end", "ts": 8191100, "status": 200}
{"id": "t000004030", "svc": "gateway", "phase": "start", "ts": 8192000, "status": 200}
{"id": "t000004030", "svc": "gateway", "phase": "end", "ts": 8192100, "status": 200}
{"id": "t000004031", "svc": "payment", "phase": "start", "ts": 8193000, "status": 200}
{"id": "t000004031", "svc": "payment", "phase": "end", "ts": 8193100, "status": 200}
{"id": "t000004032", "svc": "auth", "phase": "start", "ts": 8194000, "status": 200}
{"id": "t000004032", "svc": "auth", "phase": "end", "ts": 8194100, "status": 500}
{"id": "t000004033", "svc": "gateway", "phase": "start", "ts": 8195000, "status": 200}
{"id": "t000004033", "svc": "gateway", "phase": "end", "ts": 8195100, "status": 200}
{"id": "t000004034", "svc": "payment", "phase": "start", "ts": 8196000, "status": 200}
{"id": "t000004034", "svc": "payment", "phase": "end", "ts": 8196100, "status": 200}
{"id": "t000004035", "svc": "auth", "phase": "start", "ts": 8197000, "status": 200}
{"id": "t000004035", "svc": "auth", "phase": "end", "ts": 8197100, "status": 200}
{"id": "t000004036", "svc": "gateway", "phase": "start", "ts": 8198000, "status": 200}
{"id": "t000004036", "svc": "gateway", "phase": "end", "ts": 8198100, "status": 200}
{"id": "t000004037", "svc": "payment", "phase": "start", "ts": 8199000, "status": 200}
{"id": "t000004037", "svc": "payment", "phase": "end", "ts": 8199100, "status": 200}
{"id": "t000004038", "svc": "auth", "phase": "start", "ts": 8200000, "status": 200}
{"id": "t000004038", "svc": "auth", "phase": "end", "ts": 8200100, "status": 200}
{"id": "t000004039", "svc": "gateway", "phase": "start", "ts": 8201000, "status": 200}
{"id": "t000004039", "svc": "gateway", "phase": "end", "ts": 8201100, "status": 200}
{"id": "t000004040", "svc": "payment", "phase": "start", "ts": 8202000, "status": 200}
{"id": "t000004040", "svc": "payment", "phase": "end", "ts": 8202100, "status": 500}
{"id": "t000004041", "svc": "auth", "phase": "start", "ts": 8203000, "status": 200}
{"id": "t000004041", "svc": "auth", "phase": "end", "ts": 8203100, "status": 200}
{"id": "t000004042", "svc": "gateway", "phase": "start", "ts": 8204000, "status": 200}
{"id": "t000004042", "svc": "gateway", "phase": "end", "ts": 8204100, "status": 200}
{"id": "t000004043", "svc": "payment", "phase": "start", "ts": 8205000, "status": 200}
{"id": "t000004043", "svc": "payment", "phase": "end", "ts": 8205100, "status": 200}
{"id": "t000004044", "svc": "auth", "phase": "start", "ts": 8206000, "status": 200}
{"id": "t000004044", "svc": "auth", "phase": "end", "ts": 8206100, "status": 200}
{"id": "t000004045", "svc": "gateway", "phase": "start", "ts": 8207000, "status": 200}
{"id": "t000004045", "svc": "gateway", "phase": "end", "ts": 8207100, "status": 200}
{"id": "t000004046", "svc": "payment", "phase": "start", "ts": 8208000, "status": 200}
{"id": "t000004046", "svc": "payment", "phase": "end", "ts": 8208100, "status": 200}
{"id": "t000004047", "svc": "auth", "phase": "start", "ts": 8209000, "status": 200}
{"id": "t000004047", "svc": "auth", "phase": "end", "ts": 8209100, "status": 200}
{"id": "t000004048", "svc": "gateway", "phase": "start", "ts": 8210000, "status": 200}
{"id": "t000004048", "svc": "gateway", "phase": "end", "ts": 8210100, "status": 500}
{"id": "t000004049", "svc": "payment", "phase": "start", "ts": 8211000, "status": 200}
{"id": "t000004049", "svc": "payment", "phase": "end", "ts": 8211100, "status": 200}
{"id": "t000004050", "svc": "auth", "phase": "start", "ts": 8212000, "status": 200}
{"id": "t000004050", "svc": "auth", "phase": "end", "ts": 8212100, "status": 200}
{"id": "t000004051", "svc": "gateway", "phase": "start", "ts": 8213000, "status": 200}
{"id": "t000004051", "svc": "gateway", "phase": "end", "ts": 8213100, "status": 200}
{"id": "t000004052", "svc": "payment", "phase": "start", "ts": 8214000, "status": 200}
{"id": "t000004052", "svc": "payment", "phase": "end", "ts": 8214100, "status": 200}
{"id": "t000004053", "svc": "auth", "phase": "start", "ts": 8215000, "status": 200}
{"id": "t000004053", "svc": "auth", "phase": "end", "ts": 8215100, "status": 200}
{"id": "t000004054", "svc": "gateway", "phase": "start", "ts": 8216000, "status": 200}
{"id": "t000004054", "svc": "gateway", "phase": "end", "ts": 8216100, "status": 200}
{"id": "t000004055", "svc": "payment", "phase": "start", "ts": 8217000, "status": 200}
{"id": "t000004055", "svc": "payment", "phase": "end", "ts": 8217100, "status": 200}
{"id": "t000004056", "svc": "auth", "phase": "start", "ts": 8218000, "status": 200}
{"id": "t000004056", "svc": "auth", "phase": "end", "ts": 8218100, "status": 500}
{"id": "t000004057", "svc": "gateway", "phase": "start", "ts": 8219000, "status": 200}
{"id": "t000004057", "svc": "gateway", "phase": "end", "ts": 8219100, "status": 200}
{"id": "t000004058", "svc": "payment", "phase": "start", "ts": 8220000, "status": 200}
{"id": "t000004058", "svc": "payment", "phase": "end", "ts": 8220100, "status": 200}
{"id": "t000004059", "svc": "auth", "phase": "start", "ts": 8221000, "status": 200}
{"id": "t000004059", "svc": "auth", "phase": "end", "ts": 8221100, "status": 200}
{"id": "t000004060", "svc": "gateway", "phase": "start", "ts": 8222000, "status": 200}
{"id": "t000004060", "svc": "gateway", "phase": "end", "ts": 8222100, "status": 200}
{"id": "t000004061", "svc": "payment", "phase": "start", "ts": 8223000, "status": 200}
{"id": "t000004061", "svc": "payment", "phase": "end", "ts": 8223100, "status": 200}
{"id": "t000004062", "svc": "auth", "phase": "start", "ts": 8224000, "status": 200}
{"id": "t000004062", "svc": "auth", "phase": "end", "ts": 8224100, "status": 200}
{"id": "t000004063", "svc": "gateway", "phase": "start", "ts": 8225000, "status": 200}
{"id": "t000004063", "svc": "gateway", "phase": "end", "ts": 8225100, "status": 200}
{"id": "t000004064", "svc": "payment", "phase": "start", "ts": 8226000, "status": 200}
{"id": "t000004064", "svc": "payment", "phase": "end", "ts": 8226100, "status": 500}
{"id": "t000004065", "svc": "auth", "phase": "start", "ts": 8227000, "status": 200}
{"id": "t000004065", "svc": "auth", "phase": "end", "ts": 8227100, "status": 200}
{"id": "t000004066", "svc": "gateway", "phase": "start", "ts": 8228000, "status": 200}
{"id": "t000004066", "svc": "gateway", "phase": "end", "ts": 8228100, "status": 200}
{"id": "t000004067", "svc": "payment", "phase": "start", "ts": 8229000, "status": 200}
{"id": "t000004067", "svc": "payment", "phase": "end", "ts": 8229100, "status": 200}
{"id": "t000004068", "svc": "auth", "phase": "start", "ts": 8230000, "status": 200}
{"id": "t000004068", "svc": "auth", "phase": "end", "ts": 8230100, "status": 200}
{"id": "t000004069", "svc": "gateway", "phase": "start", "ts": 8231000, "status": 200}
{"id": "t000004069", "svc": "gateway", "phase": "end", "ts": 8231100, "status": 200}
{"id": "t000004070", "svc": "payment", "phase": "start", "ts": 8232000, "status": 200}
{"id": "t000004070", "svc": "payment", "phase": "end", "ts": 8232100, "status": 200}
{"id": "t000004071", "svc": "auth", "phase": "start", "ts": 8233000, "status": 200}
{"id": "t000004071", "svc": "auth", "phase": "end", "ts": 8233100, "status": 200}
{"id": "t000004072", "svc": "gateway", "phase": "start", "ts": 8234000, "status": 200}
{"id": "t000004072", "svc": "gateway", "phase": "end", "ts": 8234100, "status": 500}
{"id": "t000004073", "svc": "payment", "phase": "start", "ts": 8235000, "status": 200}
{"id": "t000004073", "svc": "payment", "phase": "end", "ts": 8235100, "status": 200}
{"id": "t000004074", "svc": "auth", "phase": "start", "ts": 8236000, "status": 200}
{"id": "t000004074", "svc": "auth", "phase": "end", "ts": 8236100, "status": 200}
{"id": "t000004075", "svc": "gateway", "phase": "start", "ts": 8237000, "status": 200}
{"id": "t000004075", "svc": "gateway", "phase": "end", "ts": 8237100, "status": 200}
{"id": "t000004076", "svc": "payment", "phase": "start", "ts": 8238000, "status": 200}
{"id": "t000004076", "svc": "payment", "phase": "end", "ts": 8238100, "status": 200}
{"id": "t000004077", "svc": "auth", "phase": "start", "ts": 8239000, "status": 200}
{"id": "t000004077", "svc": "auth", "phase": "end", "ts": 8239100, "status": 200}
{"id": "t000004078", "svc": "gateway", "phase": "start", "ts": 8240000, "status": 200}
{"id": "t000004078", "svc": "gateway", "phase": "end", "ts": 8240100, "status": 200}
{"id": "t000004079", "svc": "payment", "phase": "start", "ts": 8241000, "status": 200}
{"id": "t000004079", "svc": "payment", "phase": "end", "ts": 8241100, "status": 200}
{"id": "t000004080", "svc": "auth", "phase": "start", "ts": 8242000, "status": 200}
{"id": "t000004080", "svc": "auth", "phase": "end", "ts": 8242100, "status": 500}
{"id": "t000004081", "svc": "gateway", "phase": "start", "ts": 8243000, "status": 200}
{"id": "t000004081", "svc": "gateway", "phase": "end", "ts": 8243100, "status": 200}
{"id": "t000004082", "svc": "payment", "phase": "start", "ts": 8244000, "status": 200}
{"id": "t000004082", "svc": "payment", "phase": "end", "ts": 8244100, "status": 200}
{"id": "t000004083", "svc": "auth", "phase": "start", "ts": 8245000, "status": 200}
{"id": "t000004083", "svc": "auth", "phase": "end", "ts": 8245100, "status": 200}
{"id": "t000004084", "svc": "gateway", "phase": "start", "ts": 8246000, "status": 200}
{"id": "t000004084", "svc": "gateway", "phase": "end", "ts": 8246100, "status": 200}
{"id": "t000004085", "svc": "payment", "phase": "start", "ts": 8247000, "status": 200}
{"id": "t000004085", "svc": "payment", "phase": "end", "ts": 8247100, "status": 200}
{"id": "t000004086", "svc": "auth", "phase": "start", "ts": 8248000, "status": 200}
{"id": "t000004086", "svc": "auth", "phase": "end", "ts": 8248100, "status": 200}
{"id": "t000004087", "svc": "gateway", "phase": "start", "ts": 8249000, "status": 200}
{"id": "t000004087", "svc": "gateway", "phase": "end", "ts": 8249100, "status": 200}
{"id": "t000004088", "svc": "payment", "phase": "start", "ts": 8250000, "status": 200}
{"id": "t000004088", "svc": "payment", "phase": "end", "ts": 8250100, "status": 500}
{"id": "t000004089", "svc": "auth", "phase": "start", "ts": 8251000, "status": 200}
{"id": "t000004089", "svc": "auth", "phase": "end", "ts": 8251100, "status": 200}
{"id": "t000004090", "svc": "gateway", "phase": "start", "ts": 8252000, "status": 200}
{"id": "t000004090", "svc": "gateway", "phase": "end", "ts": 8252100, "status": 200}
{"id": "t000004091", "svc": "payment", "phase": "start", "ts": 8253000, "status": 200}
{"id": "t000004091", "svc": "payment", "phase": "end", "ts": 8253100, "status": 200}
{"id": "t000004092", "svc": "auth", "phase": "start", "ts": 8254000, "status": 200}
{"id": "t000004092", "svc": "auth", "phase": "end", "ts": 8254100, "status": 200}
{"id": "t000004093", "svc": "gateway", "phase": "start", "ts": 8255000, "status": 200}
{"id": "t000004093", "svc": "gateway", "phase": "end", "ts": 8255100, "status": 200}
{"id": "t000004094", "svc": "payment", "phase": "start", "ts": 8256000, "status": 200}
{"id": "t000004094", "svc": "payment", "phase": "end", "ts": 8256100, "status": 200}
{"id": "t000004095", "svc": "auth", "phase": "start", "ts": 8257000, "status": 200}
{"id": "t000004095", "svc": "auth", "phase": "end", "ts": 8257100, "status": 200}
{"id": "t000004096", "svc": "gateway", "phase": "start", "ts": 8258000, "status": 200}
{"id": "t000004096", "svc": "gateway", "phase": "end", "ts": 8258100, "status": 500}
{"id": "t000004097", "svc": "payment", "phase": "start", "ts": 8259000, "status": 200}
{"id": "t000004097", "svc": "payment", "phase": "end", "ts": 8259100, "status": 200}
{"id": "t000004098", "svc": "auth", "phase": "start", "ts": 8260000, "status": 200}
{"id": "t000004098", "svc": "auth", "phase": "end", "ts": 8260100, "status": 200}
{"id": "t000004099", "svc": "gateway", "phase": "start", "ts": 8261000, "status": 200}
{"id": "t000004099", "svc": "gateway", "phase": "end", "ts": 8261100, "status": 200}
{"id": "t000004100", "svc": "payment", "phase": "start", "ts": 8262000, "status": 200}
{"id": "t000004100", "svc": "payment", "phase": "end", "ts": 8262100, "status": 200}
{"id": "t000004101", "svc": "auth", "phase": "start", "ts": 8263000, "status": 200}
{"id": "t000004101", "svc": "auth", "phase": "end", "ts": 8263100, "status": 200}
{"id": "t000004102", "svc": "gateway", "phase": "start", "ts": 8264000, "status": 200}
{"id": "t000004102", "svc": "gateway", "phase": "end", "ts": 8264100, "status": 200}
{"id": "t000004103", "svc": "payment", "phase": "start", "ts": 8265000, "status": 200}
{"id": "t000004103", "svc": "payment", "phase": "end", "ts": 8265100, "status": 200}
{"id": "t000004104", "svc": "auth", "phase": "start", "ts": 8266000, "status": 200}
{"id": "t000004104", "svc": "auth", "phase": "end", "ts": 8266100, "status": 500}
{"id": "t000004105", "svc": "gateway", "phase": "start", "ts": 8267000, "status": 200}
{"id": "t000004105", "svc": "gateway", "phase": "end", "ts": 8267100, "status": 200}
{"id": "t000004106", "svc": "payment", "phase": "start", "ts": 8268000, "status": 200}
{"id": "t000004106", "svc": "payment", "phase": "end", "ts": 8268100, "status": 200}
{"id": "t000004107", "svc": "auth", "phase": "start", "ts": 8269000, "status": 200}
{"id": "t000004107", "svc": "auth", "phase": "end", "ts": 8269100, "status": 200}
{"id": "t000004108", "svc": "gateway", "phase": "start", "ts": 8270000, "status": 200}
{"id": "t000004108", "svc": "gateway", "phase": "end", "ts": 8270100, "status": 200}
{"id": "t000004109", "svc": "payment", "phase": "start", "ts": 8271000, "status": 200}
{"id": "t000004109", "svc": "payment", "phase": "end", "ts": 8271100, "status": 200}
{"id": "t000004110", "svc": "auth", "phase": "start", "ts": 8272000, "status": 200}
{"id": "t000004110", "svc": "auth", "phase": "end", "ts": 8272100, "status": 200}
{"id": "t000004111", "svc": "gateway", "phase": "start", "ts": 8273000, "status": 200}
{"id": "t000004111", "svc": "gateway", "phase": "end", "ts": 8273100, "status": 200}
{"id": "t000004112", "svc": "payment", "phase": "start", "ts": 8274000, "status": 200}
{"id": "t000004112", "svc": "payment", "phase": "end", "ts": 8274100, "status": 500}
{"id": "t000004113", "svc": "auth", "phase": "start", "ts": 8275000, "status": 200}
{"id": "t000004113", "svc": "auth", "phase": "end", "ts": 8275100, "status": 200}
{"id": "t000004114", "svc": "gateway", "phase": "start", "ts": 8276000, "status": 200}
{"id": "t000004114", "svc": "gateway", "phase": "end", "ts": 8276100, "status": 200}
{"id": "t000004115", "svc": "payment", "phase": "start", "ts": 8277000, "status": 200}
{"id": "t000004115", "svc": "payment", "phase": "end", "ts": 8277100, "status": 200}
{"id": "t000004116", "svc": "auth", "phase": "start", "ts": 8278000, "status": 200}
{"id": "t000004116", "svc": "auth", "phase": "end", "ts": 8278100, "status": 200}
{"id": "t000004117", "svc": "gateway", "phase": "start", "ts": 8279000, "status": 200}
{"id": "t000004117", "svc": "gateway", "phase": "end", "ts": 8279100, "status": 200}
{"id": "t000004118", "svc": "payment", "phase": "start", "ts": 8280000, "status": 200}
{"id": "t000004118", "svc": "payment", "phase": "end", "ts": 8280100, "status": 200}
{"id": "t000004119", "svc": "auth", "phase": "start", "ts": 8281000, "status": 200}
{"id": "t000004119", "svc": "auth", "phase": "end", "ts": 8281100, "status": 200}
{"id": "t000004120", "svc": "gateway", "phase": "start", "ts": 8282000, "status": 200}
{"id": "t000004120", "svc": "gateway", "phase": "end", "ts": 8282100, "status": 500}
{"id": "t000004121", "svc": "payment", "phase": "start", "ts": 8283000, "status": 200}
{"id": "t000004121", "svc": "payment", "phase": "end", "ts": 8283100, "status": 200}
{"id": "t000004122", "svc": "auth", "phase": "start", "ts": 8284000, "status": 200}
{"id": "t000004122", "svc": "auth", "phase": "end", "ts": 8284100, "status": 200}
{"id": "t000004123", "svc": "gateway", "phase": "start", "ts": 8285000, "status": 200}
{"id": "t000004123", "svc": "gateway", "phase": "end", "ts": 8285100, "status": 200}
{"id": "t000004124", "svc": "payment", "phase": "start", "ts": 8286000, "status": 200}
{"id": "t000004124", "svc": "payment", "phase": "end", "ts": 8286100, "status": 200}
{"id": "t000004125", "svc": "auth", "phase": "start", "ts": 8287000, "status": 200}
{"id": "t000004125", "svc": "auth", "phase": "end", "ts": 8287100, "status": 200}
{"id": "t000004126", "svc": "gateway", "phase": "start", "ts": 8288000, "status": 200}
{"id": "t000004126", "svc": "gateway", "phase": "end", "ts": 8288100, "status": 200}
{"id": "t000004127", "svc": "payment", "phase": "start", "ts": 8289000, "status": 200}
{"id": "t000004127", "svc": "payment", "phase": "end", "ts": 8289100, "status": 200}
{"id": "t000004128", "svc": "auth", "phase": "start", "ts": 8290000, "status": 200}
{"id": "t000004128", "svc": "auth", "phase": "end", "ts": 8290100, "status": 500}
{"id": "t000004129", "svc": "gateway", "phase": "start", "ts": 8291000, "status": 200}
{"id": "t000004129", "svc": "gateway", "phase": "end", "ts": 8291100, "status": 200}
{"id": "t000004130", "svc": "payment", "phase": "start", "ts": 8292000, "status": 200}
{"id": "t000004130", "svc": "payment", "phase": "end", "ts": 8292100, "status": 200}
{"id": "t000004131", "svc": "auth", "phase": "start", "ts": 8293000, "status": 200}
{"id": "t000004131", "svc": "auth", "phase": "end", "ts": 8293100, "status": 200}
{"id": "t000004132", "svc": "gateway", "phase": "start", "ts": 8294000, "status": 200}
{"id": "t000004132", "svc": "gateway", "phase": "end", "ts": 8294100, "status": 200}
{"id": "t000004133", "svc": "payment", "phase": "start", "ts": 8295000, "status": 200}
{"id": "t000004133", "svc": "payment", "phase": "end", "ts": 8295100, "status": 200}
{"id": "t000004134", "svc": "auth", "phase": "start", "ts": 8296000, "status": 200}
{"id": "t000004134", "svc": "auth", "phase": "end", "ts": 8296100, "status": 200}
{"id": "t000004135", "svc": "gateway", "phase": "start", "ts": 8297000, "status": 200}
{"id": "t000004135", "svc": "gateway", "phase": "end", "ts": 8297100, "status": 200}
{"id": "t000004136", "svc": "payment", "phase": "start", "ts": 8298000, "status": 200}
{"id": "t000004136", "svc": "payment", "phase": "end", "ts": 8298100, "status": 500}
{"id": "t000004137", "svc": "auth", "phase": "start", "ts": 8299000, "status": 200}
{"id": "t000004137", "svc": "auth", "phase": "end", "ts": 8299100, "status": 200}
{"id": "t000004138", "svc": "gateway", "phase": "start", "ts": 8300000, "status": 200}
{"id": "t000004138", "svc": "gateway", "phase": "end", "ts": 8300100, "status": 200}
{"id": "t000004139", "svc": "payment", "phase": "start", "ts": 8301000, "status": 200}
{"id": "t000004139", "svc": "payment", "phase": "end", "ts": 8301100, "status": 200}
{"id": "t000004140", "svc": "auth", "phase": "start", "ts": 8302000, "status": 200}
{"id": "t000004140", "svc": "auth", "phase": "end", "ts": 8302100, "status": 200}
{"id": "t000004141", "svc": "gateway", "phase": "start", "ts": 8303000, "status": 200}
{"id": "t000004141", "svc": "gateway", "phase": "end", "ts": 8303100, "status": 200}
{"id": "t000004142", "svc": "payment", "phase": "start", "ts": 8304000, "status": 200}
{"id": "t000004142", "svc": "payment", "phase": "end", "ts": 8304100, "status": 200}
{"id": "t000004143", "svc": "auth", "phase": "start", "ts": 8305000, "status": 200}
{"id": "t000004143", "svc": "auth", "phase": "end", "ts": 8305100, "status": 200}
{"id": "t000004144", "svc": "gateway", "phase": "start", "ts": 8306000, "status": 200}
{"id": "t000004144", "svc": "gateway", "phase": "end", "ts": 8306100, "status": 500}
{"id": "t000004145", "svc": "payment", "phase": "start", "ts": 8307000, "status": 200}
{"id": "t000004145", "svc": "payment", "phase": "end", "ts": 8307100, "status": 200}
{"id": "t000004146", "svc": "auth", "phase": "start", "ts": 8308000, "status": 200}
{"id": "t000004146", "svc": "auth", "phase": "end", "ts": 8308100, "status": 200}
{"id": "t000004147", "svc": "gateway", "phase": "start", "ts": 8309000, "status": 200}
{"id": "t000004147", "svc": "gateway", "phase": "end", "ts": 8309100, "status": 200}
{"id": "t000004148", "svc": "payment", "phase": "start", "ts": 8310000, "status": 200}
{"id": "t000004148", "svc": "payment", "phase": "end", "ts": 8310100, "status": 200}
{"id": "t000004149", "svc": "auth", "phase": "start", "ts": 8311000, "status": 200}
{"id": "t000004149", "svc": "auth", "phase": "end", "ts": 8311100, "status": 200}
{"id": "t000004150", "svc": "gateway", "phase": "start", "ts": 8312000, "status": 200}
{"id": "t000004150", "svc": "gateway", "phase": "end", "ts": 8312100, "status": 200}
{"id": "t000004151", "svc": "payment", "phase": "start", "ts": 8313000, "status": 200}
{"id": "t000004151", "svc": "payment", "phase": "end", "ts": 8313100, "status": 200}
{"id": "t000004152", "svc": "auth", "phase": "start", "ts": 8314000, "status": 200}
{"id": "t000004152", "svc": "auth", "phase": "end", "ts": 8314100, "status": 500}
{"id": "t000004153", "svc": "gateway", "phase": "start", "ts": 8315000, "status": 200}
{"id": "t000004153", "svc": "gateway", "phase": "end", "ts": 8315100, "status": 200}
{"id": "t000004154", "svc": "payment", "phase": "start", "ts": 8316000, "status": 200}
{"id": "t000004154", "svc": "payment", "phase": "end", "ts": 8316100, "status": 200}
{"id": "t000004155", "svc": "auth", "phase": "start", "ts": 8317000, "status": 200}
{"id": "t000004155", "svc": "auth", "phase": "end", "ts": 8317100, "status": 200}
{"id": "t000004156", "svc": "gateway", "phase": "start", "ts": 8318000, "status": 200}
{"id": "t000004156", "svc": "gateway", "phase": "end", "ts": 8318100, "status": 200}
{"id": "t000004157", "svc": "payment", "phase": "start", "ts": 8319000, "status": 200}
{"id": "t000004157", "svc": "payment", "phase": "end", "ts": 8319100, "status": 200}
{"id": "t000004158", "svc": "auth", "phase": "start", "ts": 8320000, "status": 200}
{"id": "t000004158", "svc": "auth", "phase": "end", "ts": 8320100, "status": 200}
{"id": "t000004159", "svc": "gateway", "phase": "start", "ts": 8321000, "status": 200}
{"id": "t000004159", "svc": "gateway", "phase": "end", "ts": 8321100, "status": 200}
{"id": "t000004160", "svc": "payment", "phase": "start", "ts": 8322000, "status": 200}
{"id": "t000004160", "svc": "payment", "phase": "end", "ts": 8322100, "status": 500}
{"id": "t000004161", "svc": "auth", "phase": "start", "ts": 8323000, "status": 200}
{"id": "t000004161", "svc": "auth", "phase": "end", "ts": 8323100, "status": 200}
{"id": "t000004162", "svc": "gateway", "phase": "start", "ts": 8324000, "status": 200}
{"id": "t000004162", "svc": "gateway", "phase": "end", "ts": 8324100, "status": 200}
{"id": "t000004163", "svc": "payment", "phase": "start", "ts": 8325000, "status": 200}
{"id": "t000004163", "svc": "payment", "phase": "end", "ts": 8325100, "status": 200}
{"id": "t000004164", "svc": "auth", "phase": "start", "ts": 8326000, "status": 200}
{"id": "t000004164", "svc": "auth", "phase": "end", "ts": 8326100, "status": 200}
{"id": "t000004165", "svc": "gateway", "phase": "start", "ts": 8327000, "status": 200}
{"id": "t000004165", "svc": "gateway", "phase": "end", "ts": 8327100, "status": 200}
{"id": "t000004166", "svc": "payment", "phase": "start", "ts": 8328000, "status": 200}
{"id": "t000004166", "svc": "payment", "phase": "end", "ts": 8328100, "status": 200}
{"id": "t000004167", "svc": "auth", "phase": "start", "ts": 8329000, "status": 200}
{"id": "t000004167", "svc": "auth", "phase": "end", "ts": 8329100, "status": 200}
{"id": "t000004168", "svc": "gateway", "phase": "start", "ts": 8330000, "status": 200}
{"id": "t000004168", "svc": "gateway", "phase": "end", "ts": 8330100, "status": 500}
{"id": "t000004169", "svc": "payment", "phase": "start", "ts": 8331000, "status": 200}
{"id": "t000004169", "svc": "payment", "phase": "end", "ts": 8331100, "status": 200}
{"id": "t000004170", "svc": "auth", "phase": "start", "ts": 8332000, "status": 200}
{"id": "t000004170", "svc": "auth", "phase": "end", "ts": 8332100, "status": 200}
{"id": "t000004171", "svc": "gateway", "phase": "start", "ts": 8333000, "status": 200}
{"id": "t000004171", "svc": "gateway", "phase": "end", "ts": 8333100, "status": 200}
{"id": "t000004172", "svc": "payment", "phase": "start", "ts": 8334000, "status": 200}
{"id": "t000004172", "svc": "payment", "phase": "end", "ts": 8334100, "status": 200}
{"id": "t000004173", "svc": "auth", "phase": "start", "ts": 8335000, "status": 200}
{"id": "t000004173", "svc": "auth", "phase": "end", "ts": 8335100, "status": 200}
{"id": "t000004174", "svc": "gateway", "phase": "start", "ts": 8336000, "status": 200}
{"id": "t000004174", "svc": "gateway", "phase": "end", "ts": 8336100, "status": 200}
{"id": "t000004175", "svc": "payment", "phase": "start", "ts": 8337000, "status": 200}
{"id": "t000004175", "svc": "payment", "phase": "end", "ts": 8337100, "status": 200}
{"id": "t000004176", "svc": "auth", "phase": "start", "ts": 8338000, "status": 200}
{"id": "t000004176", "svc": "auth", "phase": "end", "ts": 8338100, "status": 500}
{"id": "t000004177", "svc": "gateway", "phase": "start", "ts": 8339000, "status": 200}
{"id": "t000004177", "svc": "gateway", "phase": "end", "ts": 8339100, "status": 200}
{"id": "t000004178", "svc": "payment", "phase": "start", "ts": 8340000, "status": 200}
{"id": "t000004178", "svc": "payment", "phase": "end", "ts": 8340100, "status": 200}
{"id": "t000004179", "svc": "auth", "phase": "start", "ts": 8341000, "status": 200}
{"id": "t000004179", "svc": "auth", "phase": "end", "ts": 8341100, "status": 200}
{"id": "t000004180", "svc": "gateway", "phase": "start", "ts": 8342000, "status": 200}
{"id": "t000004180", "svc": "gateway", "phase": "end", "ts": 8342100, "status": 200}
{"id": "t000004181", "svc": "payment", "phase": "start", "ts": 8343000, "status": 200}
{"id": "t000004181", "svc": "payment", "phase": "end", "ts": 8343100, "status": 200}
{"id": "t000004182", "svc": "auth", "phase": "start", "ts": 8344000, "status": 200}
{"id": "t000004182", "svc": "auth", "phase": "end", "ts": 8344100, "status": 200}
{"id": "t000004183", "svc": "gateway", "phase": "start", "ts": 8345000, "status": 200}
{"id": "t000004183", "svc": "gateway", "phase": "end", "ts": 8345100, "status": 200}
{"id": "t000004184", "svc": "payment", "phase": "start", "ts": 8346000, "status": 200}
{"id": "t000004184", "svc": "payment", "phase": "end", "ts": 8346100, "status": 500}
{"id": "t000004185", "svc": "auth", "phase": "start", "ts": 8347000, "status": 200}
{"id": "t000004185", "svc": "auth", "phase": "end", "ts": 8347100, "status": 200}
{"id": "t000004186", "svc": "gateway", "phase": "start", "ts": 8348000, "status": 200}
{"id": "t000004186", "svc": "gateway", "phase": "end", "ts": 8348100, "status": 200}
{"id": "t000004187", "svc": "payment", "phase": "start", "ts": 8349000, "status": 200}
{"id": "t000004187", "svc": "payment", "phase": "end", "ts": 8349100, "status": 200}
{"id": "t000004188", "svc": "auth", "phase": "start", "ts": 8350000, "status": 200}
{"id": "t000004188", "svc": "auth", "phase": "end", "ts": 8350100, "status": 200}
{"id": "t000004189", "svc": "gateway", "phase": "start", "ts": 8351000, "status": 200}
{"id": "t000004189", "svc": "gateway", "phase": "end", "ts": 8351100, "status": 200}
{"id": "t000004190", "svc": "payment", "phase": "start", "ts": 8352000, "status": 200}
{"id": "t000004190", "svc": "payment", "phase": "end", "ts": 8352100, "status": 200}
{"id": "t000004191", "svc": "auth", "phase": "start", "ts": 8353000, "status": 200}
{"id": "t000004191", "svc": "auth", "phase": "end", "ts": 8353100, "status": 200}
{"id": "t000004192", "svc": "gateway", "phase": "start", "ts": 8354000, "status": 200}
{"id": "t000004192", "svc": "gateway", "phase": "end", "ts": 8354100, "status": 500}
{"id": "t000004193", "svc": "payment", "phase": "start", "ts": 8355000, "status": 200}
{"id": "t000004193", "svc": "payment", "phase": "end", "ts": 8355100, "status": 200}
{"id": "t000004194", "svc": "auth", "phase": "start", "ts": 8356000, "status": 200}
{"id": "t000004194", "svc": "auth", "phase": "end", "ts": 8356100, "status": 200}
{"id": "t000004195", "svc": "gateway", "phase": "start", "ts": 8357000, "status": 200}
{"id": "t000004195", "svc": "gateway", "phase": "end", "ts": 8357100, "status": 200}
{"id": "t000004196", "svc": "payment", "phase": "start", "ts": 8358000, "status": 200}
{"id": "t000004196", "svc": "payment", "phase": "end", "ts": 8358100, "status": 200}
{"id": "t000004197", "svc": "auth", "phase": "start", "ts": 8359000, "status": 200}
{"id": "t000004197", "svc": "auth", "phase": "end", "ts": 8359100, "status": 200}
{"id": "t000004198", "svc": "gateway", "phase": "start", "ts": 8360000, "status": 200}
{"id": "t000004198", "svc": "gateway", "phase": "end", "ts": 8360100, "status": 200}
{"id": "t000004199", "svc": "payment", "phase": "start", "ts": 8361000, "status": 200}
{"id": "t000004199", "svc": "payment", "phase": "end", "ts": 8361100, "status": 200}
{"id": "t000004200", "svc": "auth", "phase": "start", "ts": 8362000, "status": 200}
{"id": "t000004200", "svc": "auth", "phase": "end", "ts": 8362100, "status": 500}
{"id": "t000004201", "svc": "gateway", "phase": "start", "ts": 8363000, "status": 200}
{"id": "t000004201", "svc": "gateway", "phase": "end", "ts": 8363100, "status": 200}
{"id": "t000004202", "svc": "payment", "phase": "start", "ts": 8364000, "status": 200}
{"id": "t000004202", "svc": "payment", "phase": "end", "ts": 8364100, "status": 200}
{"id": "t000004203", "svc": "auth", "phase": "start", "ts": 8365000, "status": 200}
{"id": "t000004203", "svc": "auth", "phase": "end", "ts": 8365100, "status": 200}
{"id": "t000004204", "svc": "gateway", "phase": "start", "ts": 8366000, "status": 200}
{"id": "t000004204", "svc": "gateway", "phase": "end", "ts": 8366100, "status": 200}
{"id": "t000004205", "svc": "payment", "phase": "start", "ts": 8367000, "status": 200}
{"id": "t000004205", "svc": "payment", "phase": "end", "ts": 8367100, "status": 200}
{"id": "t000004206", "svc": "auth", "phase": "start", "ts": 8368000, "status": 200}
{"id": "t000004206", "svc": "auth", "phase": "end", "ts": 8368100, "status": 200}
{"id": "t000004207", "svc": "gateway", "phase": "start", "ts": 8369000, "status": 200}
{"id": "t000004207", "svc": "gateway", "phase": "end", "ts": 8369100, "status": 200}
{"id": "t000004208", "svc": "payment", "phase": "start", "ts": 8370000, "status": 200}
{"id": "t000004208", "svc": "payment", "phase": "end", "ts": 8370100, "status": 500}
{"id": "t000004209", "svc": "auth", "phase": "start", "ts": 8371000, "status": 200}
{"id": "t000004209", "svc": "auth", "phase": "end", "ts": 8371100, "status": 200}
{"id": "t000004210", "svc": "gateway", "phase": "start", "ts": 8372000, "status": 200}
{"id": "t000004210", "svc": "gateway", "phase": "end", "ts": 8372100, "status": 200}
{"id": "t000004211", "svc": "payment", "phase": "start", "ts": 8373000, "status": 200}
{"id": "t000004211", "svc": "payment", "phase": "end", "ts": 8373100, "status": 200}
{"id": "t000004212", "svc": "auth", "phase": "start", "ts": 8374000, "status": 200}
{"id": "t000004212", "svc": "auth", "phase": "end", "ts": 8374100, "status": 200}
{"id": "t000004213", "svc": "gateway", "phase": "start", "ts": 8375000, "status": 200}
{"id": "t000004213", "svc": "gateway", "phase": "end", "ts": 8375100, "status": 200}
{"id": "t000004214", "svc": "payment", "phase": "start", "ts": 8376000, "status": 200}
{"id": "t000004214", "svc": "payment", "phase": "end", "ts": 8376100, "status": 200}
{"id": "t000004215", "svc": "auth", "phase": "start", "ts": 8377000, "status": 200}
{"id": "t000004215", "svc": "auth", "phase": "end", "ts": 8377100, "status": 200}
{"id": "t000004216", "svc": "gateway", "phase": "start", "ts": 8378000, "status": 200}
{"id": "t000004216", "svc": "gateway", "phase": "end", "ts": 8378100, "status": 500}
{"id": "t000004217", "svc": "payment", "phase": "start", "ts": 8379000, "status": 200}
{"id": "t000004217", "svc": "payment", "phase": "end", "ts": 8379100, "status": 200}
{"id": "t000004218", "svc": "auth", "phase": "start", "ts": 8380000, "status": 200}
{"id": "t000004218", "svc": "auth", "phase": "end", "ts": 8380100, "status": 200}
{"id": "t000004219", "svc": "gateway", "phase": "start", "ts": 8381000, "status": 200}
{"id": "t000004219", "svc": "gateway", "phase": "end", "ts": 8381100, "status": 200}
{"id": "t000004220", "svc": "payment", "phase": "start", "ts": 8382000, "status": 200}
{"id": "t000004220", "svc": "payment", "phase": "end", "ts": 8382100, "status": 200}
{"id": "t000004221", "svc": "auth", "phase": "start", "ts": 8383000, "status": 200}
{"id": "t000004221", "svc": "auth", "phase": "end", "ts": 8383100, "status": 200}
{"id": "t000004222", "svc": "gateway", "phase": "start", "ts": 8384000, "status": 200}
{"id": "t000004222", "svc": "gateway", "phase": "end", "ts": 8384100, "status": 200}
{"id": "t000004223", "svc": "payment", "phase": "start", "ts": 8385000, "status": 200}
{"id": "t000004223", "svc": "payment", "phase": "end", "ts": 8385100, "status": 200}
{"id": "t000004224", "svc": "auth", "phase": "start", "ts": 8386000, "status": 200}
{"id": "t000004224", "svc": "auth", "phase": "end", "ts": 8386100, "status": 500}
{"id": "t000004225", "svc": "gateway", "phase": "start", "ts": 8387000, "status": 200}
{"id": "t000004225", "svc": "gateway", "phase": "end", "ts": 8387100, "status": 200}
{"id": "t000004226", "svc": "payment", "phase": "start", "ts": 8388000, "status": 200}
{"id": "t000004226", "svc": "payment", "phase": "end", "ts": 8388100, "status": 200}
{"id": "t000004227", "svc": "auth", "phase": "start", "ts": 8389000, "status": 200}
{"id": "t000004227", "svc": "auth", "phase": "end", "ts": 8389100, "status": 200}
{"id": "t000004228", "svc": "gateway", "phase": "start", "ts": 8390000, "status": 200}
{"id": "t000004228", "svc": "gateway", "phase": "end", "ts": 8390100, "status": 200}
{"id": "t000004229", "svc": "payment", "phase": "start", "ts": 8391000, "status": 200}
{"id": "t000004229", "svc": "payment", "phase": "end", "ts": 8391100, "status": 200}
{"id": "t000004230", "svc": "auth", "phase": "start", "ts": 8392000, "status": 200}
{"id": "t000004230", "svc": "auth", "phase": "end", "ts": 8392100, "status": 200}
{"id": "t000004231", "svc": "gateway", "phase": "start", "ts": 8393000, "status": 200}
{"id": "t000004231", "svc": "gateway", "phase": "end", "ts": 8393100, "status": 200}
{"id": "t000004232", "svc": "payment", "phase": "start", "ts": 8394000, "status": 200}
{"id": "t000004232", "svc": "payment", "phase": "end", "ts": 8394100, "status": 500}
{"id": "t000004233", "svc": "auth", "phase": "start", "ts": 8395000, "status": 200}
{"id": "t000004233", "svc": "auth", "phase": "end", "ts": 8395100, "status": 200}
{"id": "t000004234", "svc": "gateway", "phase": "start", "ts": 8396000, "status": 200}
{"id": "t000004234", "svc": "gateway", "phase": "end", "ts": 8396100, "status": 200}
{"id": "t000004235", "svc": "payment", "phase": "start", "ts": 8397000, "status": 200}
{"id": "t000004235", "svc": "payment", "phase": "end", "ts": 8397100, "status": 200}
{"id": "t000004236", "svc": "auth", "phase": "start", "ts": 8398000, "status": 200}
{"id": "t000004236", "svc": "auth", "phase": "end", "ts": 8398100, "status": 200}
{"id": "t000004237", "svc": "gateway", "phase": "start", "ts": 8399000, "status": 200}
{"id": "t000004237", "svc": "gateway", "phase": "end", "ts": 8399100, "status": 200}
{"id": "t000004238", "svc": "payment", "phase": "start", "ts": 8400000, "status": 200}
{"id": "t000004238", "svc": "payment", "phase": "end", "ts": 8400100, "status": 200}
{"id": "t000004239", "svc": "auth", "phase": "start", "ts": 8401000, "status": 200}
{"id": "t000004239", "svc": "auth", "phase": "end", "ts": 8401100, "status": 200}
{"id": "t000004240", "svc": "gateway", "phase": "start", "ts": 8402000, "status": 200}
{"id": "t000004240", "svc": "gateway", "phase": "end", "ts": 8402100, "status": 500}
{"id": "t000004241", "svc": "payment", "phase": "start", "ts": 8403000, "status": 200}
{"id": "t000004241", "svc": "payment", "phase": "end", "ts": 8403100, "status": 200}
{"id": "t000004242", "svc": "auth", "phase": "start", "ts": 8404000, "status": 200}
{"id": "t000004242", "svc": "auth", "phase": "end", "ts": 8404100, "status": 200}
{"id": "t000004243", "svc": "gateway", "phase": "start", "ts": 8405000, "status": 200}
{"id": "t000004243", "svc": "gateway", "phase": "end", "ts": 8405100, "status": 200}
{"id": "t000004244", "svc": "payment", "phase": "start", "ts": 8406000, "status": 200}
{"id": "t000004244", "svc": "payment", "phase": "end", "ts": 8406100, "status": 200}
{"id": "t000004245", "svc": "auth", "phase": "start", "ts": 8407000, "status": 200}
{"id": "t000004245", "svc": "auth", "phase": "end", "ts": 8407100, "status": 200}
{"id": "t000004246", "svc": "gateway", "phase": "start", "ts": 8408000, "status": 200}
{"id": "t000004246", "svc": "gateway", "phase": "end", "ts": 8408100, "status": 200}
{"id": "t000004247", "svc": "payment", "phase": "start", "ts": 8409000, "status": 200}
{"id": "t000004247", "svc": "payment", "phase": "end", "ts": 8409100, "status": 200}
{"id": "t000004248", "svc": "auth", "phase": "start", "ts": 8410000, "status": 200}
{"id": "t000004248", "svc": "auth", "phase": "end", "ts": 8410100, "status": 500}
{"id": "t000004249", "svc": "gateway", "phase": "start", "ts": 8411000, "status": 200}
{"id": "t000004249", "svc": "gateway", "phase": "end", "ts": 8411100, "status": 200}
{"id": "t000004250", "svc": "payment", "phase": "start", "ts": 8412000, "status": 200}
{"id": "t000004250", "svc": "payment", "phase": "end", "ts": 8412100, "status": 200}
{"id": "t000004251", "svc": "auth", "phase": "start", "ts": 8413000, "status": 200}
{"id": "t000004251", "svc": "auth", "phase": "end", "ts": 8413100, "status": 200}
{"id": "t000004252", "svc": "gateway", "phase": "start", "ts": 8414000, "status": 200}
{"id": "t000004252", "svc": "gateway", "phase": "end", "ts": 8414100, "status": 200}
{"id": "t000004253", "svc": "payment", "phase": "start", "ts": 8415000, "status": 200}
{"id": "t000004253", "svc": "payment", "phase": "end", "ts": 8415100, "status": 200}
{"id": "t000004254", "svc": "auth", "phase": "start", "ts": 8416000, "status": 200}
{"id": "t000004254", "svc": "auth", "phase": "end", "ts": 8416100, "status": 200}
{"id": "t000004255", "svc": "gateway", "phase": "start", "ts": 8417000, "status": 200}
{"id": "t000004255", "svc": "gateway", "phase": "end", "ts": 8417100, "status": 200}
{"id": "t000004256", "svc": "payment", "phase": "start", "ts": 8418000, "status": 200}
{"id": "t000004256", "svc": "payment", "phase": "end", "ts": 8418100, "status": 500}
{"id": "t000004257", "svc": "auth", "phase": "start", "ts": 8419000, "status": 200}
{"id": "t000004257", "svc": "auth", "phase": "end", "ts": 8419100, "status": 200}
{"id": "t000004258", "svc": "gateway", "phase": "start", "ts": 8420000, "status": 200}
{"id": "t000004258", "svc": "gateway", "phase": "end", "ts": 8420100, "status": 200}
{"id": "t000004259", "svc": "payment", "phase": "start", "ts": 8421000, "status": 200}
{"id": "t000004259", "svc": "payment", "phase": "end", "ts": 8421100, "status": 200}
{"id": "t000004260", "svc": "auth", "phase": "start", "ts": 8422000, "status": 200}
{"id": "t000004260", "svc": "auth", "phase": "end", "ts": 8422100, "status": 200}
{"id": "t000004261", "svc": "gateway", "phase": "start", "ts": 8423000, "status": 200}
{"id": "t000004261", "svc": "gateway", "phase": "end", "ts": 8423100, "status": 200}
{"id": "t000004262", "svc": "payment", "phase": "start", "ts": 8424000, "status": 200}
{"id": "t000004262", "svc": "payment", "phase": "end", "ts": 8424100, "status": 200}
{"id": "t000004263", "svc": "auth", "phase": "start", "ts": 8425000, "status": 200}
{"id": "t000004263", "svc": "auth", "phase": "end", "ts": 8425100, "status": 200}
{"id": "t000004264", "svc": "gateway", "phase": "start", "ts": 8426000, "status": 200}
{"id": "t000004264", "svc": "gateway", "phase": "end", "ts": 8426100, "status": 500}
{"id": "t000004265", "svc": "payment", "phase": "start", "ts": 8427000, "status": 200}
{"id": "t000004265", "svc": "payment", "phase": "end", "ts": 8427100, "status": 200}
{"id": "t000004266", "svc": "auth", "phase": "start", "ts": 8428000, "status": 200}
{"id": "t000004266", "svc": "auth", "phase": "end", "ts": 8428100, "status": 200}
{"id": "t000004267", "svc": "gateway", "phase": "start", "ts": 8429000, "status": 200}
{"id": "t000004267", "svc": "gateway", "phase": "end", "ts": 8429100, "status": 200}
{"id": "t000004268", "svc": "payment", "phase": "start", "ts": 8430000, "status": 200}
{"id": "t000004268", "svc": "payment", "phase": "end", "ts": 8430100, "status": 200}
{"id": "t000004269", "svc": "auth", "phase": "start", "ts": 8431000, "status": 200}
{"id": "t000004269", "svc": "auth", "phase": "end", "ts": 8431100, "status": 200}
{"id": "t000004270", "svc": "gateway", "phase": "start", "ts": 8432000, "status": 200}
{"id": "t000004270", "svc": "gateway", "phase": "end", "ts": 8432100, "status": 200}
{"id": "t000004271", "svc": "payment", "phase": "start", "ts": 8433000, "status": 200}
{"id": "t000004271", "svc": "payment", "phase": "end", "ts": 8433100, "status": 200}
{"id": "t000004272", "svc": "auth", "phase": "start", "ts": 8434000, "status": 200}
{"id": "t000004272", "svc": "auth", "phase": "end", "ts": 8434100, "status": 500}
{"id": "t000004273", "svc": "gateway", "phase": "start", "ts": 8435000, "status": 200}
{"id": "t000004273", "svc": "gateway", "phase": "end", "ts": 8435100, "status": 200}
{"id": "t000004274", "svc": "payment", "phase": "start", "ts": 8436000, "status": 200}
{"id": "t000004274", "svc": "payment", "phase": "end", "ts": 8436100, "status": 200}
{"id": "t000004275", "svc": "auth", "phase": "start", "ts": 8437000, "status": 200}
{"id": "t000004275", "svc": "auth", "phase": "end", "ts": 8437100, "status": 200}
{"id": "t000004276", "svc": "gateway", "phase": "start", "ts": 8438000, "status": 200}
{"id": "t000004276", "svc": "gateway", "phase": "end", "ts": 8438100, "status": 200}
{"id": "t000004277", "svc": "payment", "phase": "start", "ts": 8439000, "status": 200}
{"id": "t000004277", "svc": "payment", "phase": "end", "ts": 8439100, "status": 200}
{"id": "t000004278", "svc": "auth", "phase": "start", "ts": 8440000, "status": 200}
{"id": "t000004278", "svc": "auth", "phase": "end", "ts": 8440100, "status": 200}
{"id": "t000004279", "svc": "gateway", "phase": "start", "ts": 8441000, "status": 200}
{"id": "t000004279", "svc": "gateway", "phase": "end", "ts": 8441100, "status": 200}
{"id": "t000004280", "svc": "payment", "phase": "start", "ts": 8442000, "status": 200}
{"id": "t000004280", "svc": "payment", "phase": "end", "ts": 8442100, "status": 500}
{"id": "t000004281", "svc": "auth", "phase": "start", "ts": 8443000, "status": 200}
{"id": "t000004281", "svc": "auth", "phase": "end", "ts": 8443100, "status": 200}
{"id": "t000004282", "svc": "gateway", "phase": "start", "ts": 8444000, "status": 200}
{"id": "t000004282", "svc": "gateway", "phase": "end", "ts": 8444100, "status": 200}
{"id": "t000004283", "svc": "payment", "phase": "start", "ts": 8445000, "status": 200}
{"id": "t000004283", "svc": "payment", "phase": "end", "ts": 8445100, "status": 200}
{"id": "t000004284", "svc": "auth", "phase": "start", "ts": 8446000, "status": 200}
{"id": "t000004284", "svc": "auth", "phase": "end", "ts": 8446100, "status": 200}
{"id": "t000004285", "svc": "gateway", "phase": "start", "ts": 8447000, "status": 200}
{"id": "t000004285", "svc": "gateway", "phase": "end", "ts": 8447100, "status": 200}
{"id": "t000004286", "svc": "payment", "phase": "start", "ts": 8448000, "status": 200}
{"id": "t000004286", "svc": "payment", "phase": "end", "ts": 8448100, "status": 200}
{"id": "t000004287", "svc": "auth", "phase": "start", "ts": 8449000, "status": 200}
{"id": "t000004287", "svc": "auth", "phase": "end", "ts": 8449100, "status": 200}
{"id": "t000004288", "svc": "gateway", "phase": "start", "ts": 8450000, "status": 200}
{"id": "t000004288", "svc": "gateway", "phase": "end", "ts": 8450100, "status": 500}
{"id": "t000004289", "svc": "payment", "phase": "start", "ts": 8451000, "status": 200}
{"id": "t000004289", "svc": "payment", "phase": "end", "ts": 8451100, "status": 200}
{"id": "t000004290", "svc": "auth", "phase": "start", "ts": 8452000, "status": 200}
{"id": "t000004290", "svc": "auth", "phase": "end", "ts": 8452100, "status": 200}
{"id": "t000004291", "svc": "gateway", "phase": "start", "ts": 8453000, "status": 200}
{"id": "t000004291", "svc": "gateway", "phase": "end", "ts": 8453100, "status": 200}
{"id": "t000004292", "svc": "payment", "phase": "start", "ts": 8454000, "status": 200}
{"id": "t000004292", "svc": "payment", "phase": "end", "ts": 8454100, "status": 200}
{"id": "t000004293", "svc": "auth", "phase": "start", "ts": 8455000, "status": 200}
{"id": "t000004293", "svc": "auth", "phase": "end", "ts": 8455100, "status": 200}
{"id": "t000004294", "svc": "gateway", "phase": "start", "ts": 8456000, "status": 200}
{"id": "t000004294", "svc": "gateway", "phase": "end", "ts": 8456100, "status": 200}
{"id": "t000004295", "svc": "payment", "phase": "start", "ts": 8457000, "status": 200}
{"id": "t000004295", "svc": "payment", "phase": "end", "ts": 8457100, "status": 200}
{"id": "t000004296", "svc": "auth", "phase": "start", "ts": 8458000, "status": 200}
{"id": "t000004296", "svc": "auth", "phase": "end", "ts": 8458100, "status": 500}
{"id": "t000004297", "svc": "gateway", "phase": "start", "ts": 8459000, "status": 200}
{"id": "t000004297", "svc": "gateway", "phase": "end", "ts": 8459100, "status": 200}
{"id": "t000004298", "svc": "payment", "phase": "start", "ts": 8460000, "status": 200}
{"id": "t000004298", "svc": "payment", "phase": "end", "ts": 8460100, "status": 200}
{"id": "t000004299", "svc": "auth", "phase": "start", "ts": 8461000, "status": 200}
{"id": "t000004299", "svc": "auth", "phase": "end", "ts": 8461100, "status": 200}
{"id": "t000004300", "svc": "gateway", "phase": "start", "ts": 8462000, "status": 200}
{"id": "t000004300", "svc": "gateway", "phase": "end", "ts": 8462100, "status": 200}
{"id": "t000004301", "svc": "payment", "phase": "start", "ts": 8463000, "status": 200}
{"id": "t000004301", "svc": "payment", "phase": "end", "ts": 8463100, "status": 200}
{"id": "t000004302", "svc": "auth", "phase": "start", "ts": 8464000, "status": 200}
{"id": "t000004302", "svc": "auth", "phase": "end", "ts": 8464100, "status": 200}
{"id": "t000004303", "svc": "gateway", "phase": "start", "ts": 8465000, "status": 200}
{"id": "t000004303", "svc": "gateway", "phase": "end", "ts": 8465100, "status": 200}
{"id": "t000004304", "svc": "payment", "phase": "start", "ts": 8466000, "status": 200}
{"id": "t000004304", "svc": "payment", "phase": "end", "ts": 8466100, "status": 500}
{"id": "t000004305", "svc": "auth", "phase": "start", "ts": 8467000, "status": 200}
{"id": "t000004305", "svc": "auth", "phase": "end", "ts": 8467100, "status": 200}
{"id": "t000004306", "svc": "gateway", "phase": "start", "ts": 8468000, "status": 200}
{"id": "t000004306", "svc": "gateway", "phase": "end", "ts": 8468100, "status": 200}
{"id": "t000004307", "svc": "payment", "phase": "start", "ts": 8469000, "status": 200}
{"id": "t000004307", "svc": "payment", "phase": "end", "ts": 8469100, "status": 200}
{"id": "t000004308", "svc": "auth", "phase": "start", "ts": 8470000, "status": 200}
{"id": "t000004308", "svc": "auth", "phase": "end", "ts": 8470100, "status": 200}
{"id": "t000004309", "svc": "gateway", "phase": "start", "ts": 8471000, "status": 200}
{"id": "t000004309", "svc": "gateway", "phase": "end", "ts": 8471100, "status": 200}
{"id": "t000004310", "svc": "payment", "phase": "start", "ts": 8472000, "status": 200}
{"id": "t000004310", "svc": "payment", "phase": "end", "ts": 8472100, "status": 200}
{"id": "t000004311", "svc": "auth", "phase": "start", "ts": 8473000, "status": 200}
{"id": "t000004311", "svc": "auth", "phase": "end", "ts": 8473100, "status": 200}
{"id": "t000004312", "svc": "gateway", "phase": "start", "ts": 8474000, "status": 200}
{"id": "t000004312", "svc": "gateway", "phase": "end", "ts": 8474100, "status": 500}
{"id": "t000004313", "svc": "payment", "phase": "start", "ts": 8475000, "status": 200}
{"id": "t000004313", "svc": "payment", "phase": "end", "ts": 8475100, "status": 200}
{"id": "t000004314", "svc": "auth", "phase": "start", "ts": 8476000, "status": 200}
{"id": "t000004314", "svc": "auth", "phase": "end", "ts": 8476100, "status": 200}
{"id": "t000004315", "svc": "gateway", "phase": "start", "ts": 8477000, "status": 200}
{"id": "t000004315", "svc": "gateway", "phase": "end", "ts": 8477100, "status": 200}
{"id": "t000004316", "svc": "payment", "phase": "start", "ts": 8478000, "status": 200}
{"id": "t000004316", "svc": "payment", "phase": "end", "ts": 8478100, "status": 200}
{"id": "t000004317", "svc": "auth", "phase": "start", "ts": 8479000, "status": 200}
{"id": "t000004317", "svc": "auth", "phase": "end", "ts": 8479100, "status": 200}
{"id": "t000004318", "svc": "gateway", "phase": "start", "ts": 8480000, "status": 200}
{"id": "t000004318", "svc": "gateway", "phase": "end", "ts": 8480100, "status": 200}
{"id": "t000004319", "svc": "payment", "phase": "start", "ts": 8481000, "status": 200}
{"id": "t000004319", "svc": "payment", "phase": "end", "ts": 8481100, "status": 200}
{"id": "t000004320", "svc": "auth", "phase": "start", "ts": 8482000, "status": 200}
{"id": "t000004320", "svc": "auth", "phase": "end", "ts": 8482100, "status": 500}
{"id": "t000004321", "svc": "gateway", "phase": "start", "ts": 8483000, "status": 200}
{"id": "t000004321", "svc": "gateway", "phase": "end", "ts": 8483100, "status": 200}
{"id": "t000004322", "svc": "payment", "phase": "start", "ts": 8484000, "status": 200}
{"id": "t000004322", "svc": "payment", "phase": "end", "ts": 8484100, "status": 200}
{"id": "t000004323", "svc": "auth", "phase": "start", "ts": 8485000, "status": 200}
{"id": "t000004323", "svc": "auth", "phase": "end", "ts": 8485100, "status": 200}
{"id": "t000004324", "svc": "gateway", "phase": "start", "ts": 8486000, "status": 200}
{"id": "t000004324", "svc": "gateway", "phase": "end", "ts": 8486100, "status": 200}
{"id": "t000004325", "svc": "payment", "phase": "start", "ts": 8487000, "status": 200}
{"id": "t000004325", "svc": "payment", "phase": "end", "ts": 8487100, "status": 200}
{"id": "t000004326", "svc": "auth", "phase": "start", "ts": 8488000, "status": 200}
{"id": "t000004326", "svc": "auth", "phase": "end", "ts": 8488100, "status": 200}
{"id": "t000004327", "svc": "gateway", "phase": "start", "ts": 8489000, "status": 200}
{"id": "t000004327", "svc": "gateway", "phase": "end", "ts": 8489100, "status": 200}
{"id": "t000004328", "svc": "payment", "phase": "start", "ts": 8490000, "status": 200}
{"id": "t000004328", "svc": "payment", "phase": "end", "ts": 8490100, "status": 500}
{"id": "t000004329", "svc": "auth", "phase": "start", "ts": 8491000, "status": 200}
{"id": "t000004329", "svc": "auth", "phase": "end", "ts": 8491100, "status": 200}
{"id": "t000004330", "svc": "gateway", "phase": "start", "ts": 8492000, "status": 200}
{"id": "t000004330", "svc": "gateway", "phase": "end", "ts": 8492100, "status": 200}
{"id": "t000004331", "svc": "payment", "phase": "start", "ts": 8493000, "status": 200}
{"id": "t000004331", "svc": "payment", "phase": "end", "ts": 8493100, "status": 200}
{"id": "t000004332", "svc": "auth", "phase": "start", "ts": 8494000, "status": 200}
{"id": "t000004332", "svc": "auth", "phase": "end", "ts": 8494100, "status": 200}
{"id": "t000004333", "svc": "gateway", "phase": "start", "ts": 8495000, "status": 200}
{"id": "t000004333", "svc": "gateway", "phase": "end", "ts": 8495100, "status": 200}
{"id": "t000004334", "svc": "payment", "phase": "start", "ts": 8496000, "status": 200}
{"id": "t000004334", "svc": "payment", "phase": "end", "ts": 8496100, "status": 200}
{"id": "t000004335", "svc": "auth", "phase": "start", "ts": 8497000, "status": 200}
{"id": "t000004335", "svc": "auth", "phase": "end", "ts": 8497100, "status": 200}
{"id": "t000004336", "svc": "gateway", "phase": "start", "ts": 8498000, "status": 200}
{"id": "t000004336", "svc": "gateway", "phase": "end", "ts": 8498100, "status": 500}
{"id": "t000004337", "svc": "payment", "phase": "start", "ts": 8499000, "status": 200}
{"id": "t000004337", "svc": "payment", "phase": "end", "ts": 8499100, "status": 200}
{"id": "t000004338", "svc": "auth", "phase": "start", "ts": 8500000, "status": 200}
{"id": "t000004338", "svc": "auth", "phase": "end", "ts": 8500100, "status": 200}
{"id": "t000004339", "svc": "gateway", "phase": "start", "ts": 8501000, "status": 200}
{"id": "t000004339", "svc": "gateway", "phase": "end", "ts": 8501100, "status": 200}
{"id": "t000004340", "svc": "payment", "phase": "start", "ts": 8502000, "status": 200}
{"id": "t000004340", "svc": "payment", "phase": "end", "ts": 8502100, "status": 200}
{"id": "t000004341", "svc": "auth", "phase": "start", "ts": 8503000, "status": 200}
{"id": "t000004341", "svc": "auth", "phase": "end", "ts": 8503100, "status": 200}
{"id": "t000004342", "svc": "gateway", "phase": "start", "ts": 8504000, "status": 200}
{"id": "t000004342", "svc": "gateway", "phase": "end", "ts": 8504100, "status": 200}
{"id": "t000004343", "svc": "payment", "phase": "start", "ts": 8505000, "status": 200}
{"id": "t000004343", "svc": "payment", "phase": "end", "ts": 8505100, "status": 200}
{"id": "t000004344", "svc": "auth", "phase": "start", "ts": 8506000, "status": 200}
{"id": "t000004344", "svc": "auth", "phase": "end", "ts": 8506100, "status": 500}
{"id": "t000004345", "svc": "gateway", "phase": "start", "ts": 8507000, "status": 200}
{"id": "t000004345", "svc": "gateway", "phase": "end", "ts": 8507100, "status": 200}
{"id": "t000004346", "svc": "payment", "phase": "start", "ts": 8508000, "status": 200}
{"id": "t000004346", "svc": "payment", "phase": "end", "ts": 8508100, "status": 200}
{"id": "t000004347", "svc": "auth", "phase": "start", "ts": 8509000, "status": 200}
{"id": "t000004347", "svc": "auth", "phase": "end", "ts": 8509100, "status": 200}
{"id": "t000004348", "svc": "gateway", "phase": "start", "ts": 8510000, "status": 200}
{"id": "t000004348", "svc": "gateway", "phase": "end", "ts": 8510100, "status": 200}
{"id": "t000004349", "svc": "payment", "phase": "start", "ts": 8511000, "status": 200}
{"id": "t000004349", "svc": "payment", "phase": "end", "ts": 8511100, "status": 200}
{"id": "t000004350", "svc": "auth", "phase": "start", "ts": 8512000, "status": 200}
{"id": "t000004350", "svc": "auth", "phase": "end", "ts": 8512100, "status": 200}
{"id": "t000004351", "svc": "gateway", "phase": "start", "ts": 8513000, "status": 200}
{"id": "t000004351", "svc": "gateway", "phase": "end", "ts": 8513100, "status": 200}
{"id": "t000004352", "svc": "payment", "phase": "start", "ts": 8514000, "status": 200}
{"id": "t000004352", "svc": "payment", "phase": "end", "ts": 8514100, "status": 500}
{"id": "t000004353", "svc": "auth", "phase": "start", "ts": 8515000, "status": 200}
{"id": "t000004353", "svc": "auth", "phase": "end", "ts": 8515100, "status": 200}
{"id": "t000004354", "svc": "gateway", "phase": "start", "ts": 8516000, "status": 200}
{"id": "t000004354", "svc": "gateway", "phase": "end", "ts": 8516100, "status": 200}
{"id": "t000004355", "svc": "payment", "phase": "start", "ts": 8517000, "status": 200}
{"id": "t000004355", "svc": "payment", "phase": "end", "ts": 8517100, "status": 200}
{"id": "t000004356", "svc": "auth", "phase": "start", "ts": 8518000, "status": 200}
{"id": "t000004356", "svc": "auth", "phase": "end", "ts": 8518100, "status": 200}
{"id": "t000004357", "svc": "gateway", "phase": "start", "ts": 8519000, "status": 200}
{"id": "t000004357", "svc": "gateway", "phase": "end", "ts": 8519100, "status": 200}
{"id": "t000004358", "svc": "payment", "phase": "start", "ts": 8520000, "status": 200}
{"id": "t000004358", "svc": "payment", "phase": "end", "ts": 8520100, "status": 200}
{"id": "t000004359", "svc": "auth", "phase": "start", "ts": 8521000, "status": 200}
{"id": "t000004359", "svc": "auth", "phase": "end", "ts": 8521100, "status": 200}
{"id": "t000004360", "svc": "gateway", "phase": "start", "ts": 8522000, "status": 200}
{"id": "t000004360", "svc": "gateway", "phase": "end", "ts": 8522100, "status": 500}
{"id": "t000004361", "svc": "payment", "phase": "start", "ts": 8523000, "status": 200}
{"id": "t000004361", "svc": "payment", "phase": "end", "ts": 8523100, "status": 200}
{"id": "t000004362", "svc": "auth", "phase": "start", "ts": 8524000, "status": 200}
{"id": "t000004362", "svc": "auth", "phase": "end", "ts": 8524100, "status": 200}
{"id": "t000004363", "svc": "gateway", "phase": "start", "ts": 8525000, "status": 200}
{"id": "t000004363", "svc": "gateway", "phase": "end", "ts": 8525100, "status": 200}
{"id": "t000004364", "svc": "payment", "phase": "start", "ts": 8526000, "status": 200}
{"id": "t000004364", "svc": "payment", "phase": "end", "ts": 8526100, "status": 200}
{"id": "t000004365", "svc": "auth", "phase": "start", "ts": 8527000, "status": 200}
{"id": "t000004365", "svc": "auth", "phase": "end", "ts": 8527100, "status": 200}
{"id": "t000004366", "svc": "gateway", "phase": "start", "ts": 8528000, "status": 200}
{"id": "t000004366", "svc": "gateway", "phase": "end", "ts": 8528100, "status": 200}
{"id": "t000004367", "svc": "payment", "phase": "start", "ts": 8529000, "status": 200}
{"id": "t000004367", "svc": "payment", "phase": "end", "ts": 8529100, "status": 200}
{"id": "t000004368", "svc": "auth", "phase": "start", "ts": 8530000, "status": 200}
{"id": "t000004368", "svc": "auth", "phase": "end", "ts": 8530100, "status": 500}
{"id": "t000004369", "svc": "gateway", "phase": "start", "ts": 8531000, "status": 200}
{"id": "t000004369", "svc": "gateway", "phase": "end", "ts": 8531100, "status": 200}
{"id": "t000004370", "svc": "payment", "phase": "start", "ts": 8532000, "status": 200}
{"id": "t000004370", "svc": "payment", "phase": "end", "ts": 8532100, "status": 200}
{"id": "t000004371", "svc": "auth", "phase": "start", "ts": 8533000, "status": 200}
{"id": "t000004371", "svc": "auth", "phase": "end", "ts": 8533100, "status": 200}
{"id": "t000004372", "svc": "gateway", "phase": "start", "ts": 8534000, "status": 200}
{"id": "t000004372", "svc": "gateway", "phase": "end", "ts": 8534100, "status": 200}
{"id": "t000004373", "svc": "payment", "phase": "start", "ts": 8535000, "status": 200}
{"id": "t000004373", "svc": "payment", "phase": "end", "ts": 8535100, "status": 200}
{"id": "t000004374", "svc": "auth", "phase": "start", "ts": 8536000, "status": 200}
{"id": "t000004374", "svc": "auth", "phase": "end", "ts": 8536100, "status": 200}
{"id": "t000004375", "svc": "gateway", "phase": "start", "ts": 8537000, "status": 200}
{"id": "t000004375", "svc": "gateway", "phase": "end", "ts": 8537100, "status": 200}
{"id": "t000004376", "svc": "payment", "phase": "start", "ts": 8538000, "status": 200}
{"id": "t000004376", "svc": "payment", "phase": "end", "ts": 8538100, "status": 500}
{"id": "t000004377", "svc": "auth", "phase": "start", "ts": 8539000, "status": 200}
{"id": "t000004377", "svc": "auth", "phase": "end", "ts": 8539100, "status": 200}
{"id": "t000004378", "svc": "gateway", "phase": "start", "ts": 8540000, "status": 200}
{"id": "t000004378", "svc": "gateway", "phase": "end", "ts": 8540100, "status": 200}
{"id": "t000004379", "svc": "payment", "phase": "start", "ts": 8541000, "status": 200}
{"id": "t000004379", "svc": "payment", "phase": "end", "ts": 8541100, "status": 200}
{"id": "t000004380", "svc": "auth", "phase": "start", "ts": 8542000, "status": 200}
{"id": "t000004380", "svc": "auth", "phase": "end", "ts": 8542100, "status": 200}
{"id": "t000004381", "svc": "gateway", "phase": "start", "ts": 8543000, "status": 200}
{"id": "t000004381", "svc": "gateway", "phase": "end", "ts": 8543100, "status": 200}
{"id": "t000004382", "svc": "payment", "phase": "start", "ts": 8544000, "status": 200}
{"id": "t000004382", "svc": "payment", "phase": "end", "ts": 8544100, "status": 200}
{"id": "t000004383", "svc": "auth", "phase": "start", "ts": 8545000, "status": 200}
{"id": "t000004383", "svc": "auth", "phase": "end", "ts": 8545100, "status": 200}
{"id": "t000004384", "svc": "gateway", "phase": "start", "ts": 8546000, "status": 200}
{"id": "t000004384", "svc": "gateway", "phase": "end", "ts": 8546100, "status": 500}
{"id": "t000004385", "svc": "payment", "phase": "start", "ts": 8547000, "status": 200}
{"id": "t000004385", "svc": "payment", "phase": "end", "ts": 8547100, "status": 200}
{"id": "t000004386", "svc": "auth", "phase": "start", "ts": 8548000, "status": 200}
{"id": "t000004386", "svc": "auth", "phase": "end", "ts": 8548100, "status": 200}
{"id": "t000004387", "svc": "gateway", "phase": "start", "ts": 8549000, "status": 200}
{"id": "t000004387", "svc": "gateway", "phase": "end", "ts": 8549100, "status": 200}
{"id": "t000004388", "svc": "payment", "phase": "start", "ts": 8550000, "status": 200}
{"id": "t000004388", "svc": "payment", "phase": "end", "ts": 8550100, "status": 200}
{"id": "t000004389", "svc": "auth", "phase": "start", "ts": 8551000, "status": 200}
{"id": "t000004389", "svc": "auth", "phase": "end", "ts": 8551100, "status": 200}
{"id": "t000004390", "svc": "gateway", "phase": "start", "ts": 8552000, "status": 200}
{"id": "t000004390", "svc": "gateway", "phase": "end", "ts": 8552100, "status": 200}
{"id": "t000004391", "svc": "payment", "phase": "start", "ts": 8553000, "status": 200}
{"id": "t000004391", "svc": "payment", "phase": "end", "ts": 8553100, "status": 200}
{"id": "t000004392", "svc": "auth", "phase": "start", "ts": 8554000, "status": 200}
{"id": "t000004392", "svc": "auth", "phase": "end", "ts": 8554100, "status": 500}
{"id": "t000004393", "svc": "gateway", "phase": "start", "ts": 8555000, "status": 200}
{"id": "t000004393", "svc": "gateway", "phase": "end", "ts": 8555100, "status": 200}
{"id": "t000004394", "svc": "payment", "phase": "start", "ts": 8556000, "status": 200}
{"id": "t000004394", "svc": "payment", "phase": "end", "ts": 8556100, "status": 200}
{"id": "t000004395", "svc": "auth", "phase": "start", "ts": 8557000, "status": 200}
{"id": "t000004395", "svc": "auth", "phase": "end", "ts": 8557100, "status": 200}
{"id": "t000004396", "svc": "gateway", "phase": "start", "ts": 8558000, "status": 200}
{"id": "t000004396", "svc": "gateway", "phase": "end", "ts": 8558100, "status": 200}
{"id": "t000004397", "svc": "payment", "phase": "start", "ts": 8559000, "status": 200}
{"id": "t000004397", "svc": "payment", "phase": "end", "ts": 8559100, "status": 200}
{"id": "t000004398", "svc": "auth", "phase": "start", "ts": 8560000, "status": 200}
{"id": "t000004398", "svc": "auth", "phase": "end", "ts": 8560100, "status": 200}
{"id": "t000004399", "svc": "gateway", "phase": "start", "ts": 8561000, "status": 200}
{"id": "t000004399", "svc": "gateway", "phase": "end", "ts": 8561100, "status": 200}
{"id": "t000004400", "svc": "payment", "phase": "start", "ts": 8562000, "status": 200}
{"id": "t000004400", "svc": "payment", "phase": "end", "ts": 8562100, "status": 500}
{"id": "t000004401", "svc": "auth", "phase": "start", "ts": 8563000, "status": 200}
{"id": "t000004401", "svc": "auth", "phase": "end", "ts": 8563100, "status": 200}
{"id": "t000004402", "svc": "gateway", "phase": "start", "ts": 8564000, "status": 200}
{"id": "t000004402", "svc": "gateway", "phase": "end", "ts": 8564100, "status": 200}
{"id": "t000004403", "svc": "payment", "phase": "start", "ts": 8565000, "status": 200}
{"id": "t000004403", "svc": "payment", "phase": "end", "ts": 8565100, "status": 200}
{"id": "t000004404", "svc": "auth", "phase": "start", "ts": 8566000, "status": 200}
{"id": "t000004404", "svc": "auth", "phase": "end", "ts": 8566100, "status": 200}
{"id": "t000004405", "svc": "gateway", "phase": "start", "ts": 8567000, "status": 200}
{"id": "t000004405", "svc": "gateway", "phase": "end", "ts": 8567100, "status": 200}
{"id": "t000004406", "svc": "payment", "phase": "start", "ts": 8568000, "status": 200}
{"id": "t000004406", "svc": "payment", "phase": "end", "ts": 8568100, "status": 200}
{"id": "t000004407", "svc": "auth", "phase": "start", "ts": 8569000, "status": 200}
{"id": "t000004407", "svc": "auth", "phase": "end", "ts": 8569100, "status": 200}
{"id": "t000004408", "svc": "gateway", "phase": "start", "ts": 8570000, "status": 200}
{"id": "t000004408", "svc": "gateway", "phase": "end", "ts": 8570100, "status": 500}
{"id": "t000004409", "svc": "payment", "phase": "start", "ts": 8571000, "status": 200}
{"id": "t000004409", "svc": "payment", "phase": "end", "ts": 8571100, "status": 200}
{"id": "t000004410", "svc": "auth", "phase": "start", "ts": 8572000, "status": 200}
{"id": "t000004410", "svc": "auth", "phase": "end", "ts": 8572100, "status": 200}
{"id": "t000004411", "svc": "gateway", "phase": "start", "ts": 8573000, "status": 200}
{"id": "t000004411", "svc": "gateway", "phase": "end", "ts": 8573100, "status": 200}
{"id": "t000004412", "svc": "payment", "phase": "start", "ts": 8574000, "status": 200}
{"id": "t000004412", "svc": "payment", "phase": "end", "ts": 8574100, "status": 200}
{"id": "t000004413", "svc": "auth", "phase": "start", "ts": 8575000, "status": 200}
{"id": "t000004413", "svc": "auth", "phase": "end", "ts": 8575100, "status": 200}
{"id": "t000004414", "svc": "gateway", "phase": "start", "ts": 8576000, "status": 200}
{"id": "t000004414", "svc": "gateway", "phase": "end", "ts": 8576100, "status": 200}
{"id": "t000004415", "svc": "payment", "phase": "start", "ts": 8577000, "status": 200}
{"id": "t000004415", "svc": "payment", "phase": "end", "ts": 8577100, "status": 200}
{"id": "t000004416", "svc": "auth", "phase": "start", "ts": 8578000, "status": 200}
{"id": "t000004416", "svc": "auth", "phase": "end", "ts": 8578100, "status": 500}
{"id": "t000004417", "svc": "gateway", "phase": "start", "ts": 8579000, "status": 200}
{"id": "t000004417", "svc": "gateway", "phase": "end", "ts": 8579100, "status": 200}
{"id": "t000004418", "svc": "payment", "phase": "start", "ts": 8580000, "status": 200}
{"id": "t000004418", "svc": "payment", "phase": "end", "ts": 8580100, "status": 200}
{"id": "t000004419", "svc": "auth", "phase": "start", "ts": 8581000, "status": 200}
{"id": "t000004419", "svc": "auth", "phase": "end", "ts": 8581100, "status": 200}
{"id": "t000004420", "svc": "gateway", "phase": "start", "ts": 8582000, "status": 200}
{"id": "t000004420", "svc": "gateway", "phase": "end", "ts": 8582100, "status": 200}
{"id": "t000004421", "svc": "payment", "phase": "start", "ts": 8583000, "status": 200}
{"id": "t000004421", "svc": "payment", "phase": "end", "ts": 8583100, "status": 200}
{"id": "t000004422", "svc": "auth", "phase": "start", "ts": 8584000, "status": 200}
{"id": "t000004422", "svc": "auth", "phase": "end", "ts": 8584100, "status": 200}
{"id": "t000004423", "svc": "gateway", "phase": "start", "ts": 8585000, "status": 200}
{"id": "t000004423", "svc": "gateway", "phase": "end", "ts": 8585100, "status": 200}
{"id": "t000004424", "svc": "payment", "phase": "start", "ts": 8586000, "status": 200}
{"id": "t000004424", "svc": "payment", "phase": "end", "ts": 8586100, "status": 500}
{"id": "t000004425", "svc": "auth", "phase": "start", "ts": 8587000, "status": 200}
{"id": "t000004425", "svc": "auth", "phase": "end", "ts": 8587100, "status": 200}
{"id": "t000004426", "svc": "gateway", "phase": "start", "ts": 8588000, "status": 200}
{"id": "t000004426", "svc": "gateway", "phase": "end", "ts": 8588100, "status": 200}
{"id": "t000004427", "svc": "payment", "phase": "start", "ts": 8589000, "status": 200}
{"id": "t000004427", "svc": "payment", "phase": "end", "ts": 8589100, "status": 200}
{"id": "t000004428", "svc": "auth", "phase": "start", "ts": 8590000, "status": 200}
{"id": "t000004428", "svc": "auth", "phase": "end", "ts": 8590100, "status": 200}
{"id": "t000004429", "svc": "gateway", "phase": "start", "ts": 8591000, "status": 200}
{"id": "t000004429", "svc": "gateway", "phase": "end", "ts": 8591100, "status": 200}
{"id": "t000004430", "svc": "payment", "phase": "start", "ts": 8592000, "status": 200}
{"id": "t000004430", "svc": "payment", "phase": "end", "ts": 8592100, "status": 200}
{"id": "t000004431", "svc": "auth", "phase": "start", "ts": 8593000, "status": 200}
{"id": "t000004431", "svc": "auth", "phase": "end", "ts": 8593100, "status": 200}
{"id": "t000004432", "svc": "gateway", "phase": "start", "ts": 8594000, "status": 200}
{"id": "t000004432", "svc": "gateway", "phase": "end", "ts": 8594100, "status": 500}
{"id": "t000004433", "svc": "payment", "phase": "start", "ts": 8595000, "status": 200}
{"id": "t000004433", "svc": "payment", "phase": "end", "ts": 8595100, "status": 200}
{"id": "t000004434", "svc": "auth", "phase": "start", "ts": 8596000, "status": 200}
{"id": "t000004434", "svc": "auth", "phase": "end", "ts": 8596100, "status": 200}
{"id": "t000004435", "svc": "gateway", "phase": "start", "ts": 8597000, "status": 200}
{"id": "t000004435", "svc": "gateway", "phase": "end", "ts": 8597100, "status": 200}
{"id": "t000004436", "svc": "payment", "phase": "start", "ts": 8598000, "status": 200}
{"id": "t000004436", "svc": "payment", "phase": "end", "ts": 8598100, "status": 200}
{"id": "t000004437", "svc": "auth", "phase": "start", "ts": 8599000, "status": 200}
{"id": "t000004437", "svc": "auth", "phase": "end", "ts": 8599100, "status": 200}
{"id": "t000004438", "svc": "gateway", "phase": "start", "ts": 8600000, "status": 200}
{"id": "t000004438", "svc": "gateway", "phase": "end", "ts": 8600100, "status": 200}
{"id": "t000004439", "svc": "payment", "phase": "start", "ts": 8601000, "status": 200}
{"id": "t000004439", "svc": "payment", "phase": "end", "ts": 8601100, "status": 200}
{"id": "t000004440", "svc": "auth", "phase": "start", "ts": 8602000, "status": 200}
{"id": "t000004440", "svc": "auth", "phase": "end", "ts": 8602100, "status": 500}
{"id": "t000004441", "svc": "gateway", "phase": "start", "ts": 8603000, "status": 200}
{"id": "t000004441", "svc": "gateway", "phase": "end", "ts": 8603100, "status": 200}
{"id": "t000004442", "svc": "payment", "phase": "start", "ts": 8604000, "status": 200}
{"id": "t000004442", "svc": "payment", "phase": "end", "ts": 8604100, "status": 200}
{"id": "t000004443", "svc": "auth", "phase": "start", "ts": 8605000, "status": 200}
{"id": "t000004443", "svc": "auth", "phase": "end", "ts": 8605100, "status": 200}
{"id": "t000004444", "svc": "gateway", "phase": "start", "ts": 8606000, "status": 200}
{"id": "t000004444", "svc": "gateway", "phase": "end", "ts": 8606100, "status": 200}
{"id": "t000004445", "svc": "payment", "phase": "start", "ts": 8607000, "status": 200}
{"id": "t000004445", "svc": "payment", "phase": "end", "ts": 8607100, "status": 200}
{"id": "t000004446", "svc": "auth", "phase": "start", "ts": 8608000, "status": 200}
{"id": "t000004446", "svc": "auth", "phase": "end", "ts": 8608100, "status": 200}
{"id": "t000004447", "svc": "gateway", "phase": "start", "ts": 8609000, "status": 200}
{"id": "t000004447", "svc": "gateway", "phase": "end", "ts": 8609100, "status": 200}
{"id": "t000004448", "svc": "payment", "phase": "start", "ts": 8610000, "status": 200}
{"id": "t000004448", "svc": "payment", "phase": "end", "ts": 8610100, "status": 500}
{"id": "t000004449", "svc": "auth", "phase": "start", "ts": 8611000, "status": 200}
{"id": "t000004449", "svc": "auth", "phase": "end", "ts": 8611100, "status": 200}
{"id": "t000004450", "svc": "gateway", "phase": "start", "ts": 8612000, "status": 200}
{"id": "t000004450", "svc": "gateway", "phase": "end", "ts": 8612100, "status": 200}
{"id": "t000004451", "svc": "payment", "phase": "start", "ts": 8613000, "status": 200}
{"id": "t000004451", "svc": "payment", "phase": "end", "ts": 8613100, "status": 200}
{"id": "t000004452", "svc": "auth", "phase": "start", "ts": 8614000, "status": 200}
{"id": "t000004452", "svc": "auth", "phase": "end", "ts": 8614100, "status": 200}
{"id": "t000004453", "svc": "gateway", "phase": "start", "ts": 8615000, "status": 200}
{"id": "t000004453", "svc": "gateway", "phase": "end", "ts": 8615100, "status": 200}
{"id": "t000004454", "svc": "payment", "phase": "start", "ts": 8616000, "status": 200}
{"id": "t000004454", "svc": "payment", "phase": "end", "ts": 8616100, "status": 200}
{"id": "t000004455", "svc": "auth", "phase": "start", "ts": 8617000, "status": 200}
{"id": "t000004455", "svc": "auth", "phase": "end", "ts": 8617100, "status": 200}
{"id": "t000004456", "svc": "gateway", "phase": "start", "ts": 8618000, "status": 200}
{"id": "t000004456", "svc": "gateway", "phase": "end", "ts": 8618100, "status": 500}
{"id": "t000004457", "svc": "payment", "phase": "start", "ts": 8619000, "status": 200}
{"id": "t000004457", "svc": "payment", "phase": "end", "ts": 8619100, "status": 200}
{"id": "t000004458", "svc": "auth", "phase": "start", "ts": 8620000, "status": 200}
{"id": "t000004458", "svc": "auth", "phase": "end", "ts": 8620100, "status": 200}
{"id": "t000004459", "svc": "gateway", "phase": "start", "ts": 8621000, "status": 200}
{"id": "t000004459", "svc": "gateway", "phase": "end", "ts": 8621100, "status": 200}
{"id": "t000004460", "svc": "payment", "phase": "start", "ts": 8622000, "status": 200}
{"id": "t000004460", "svc": "payment", "phase": "end", "ts": 8622100, "status": 200}
{"id": "t000004461", "svc": "auth", "phase": "start", "ts": 8623000, "status": 200}
{"id": "t000004461", "svc": "auth", "phase": "end", "ts": 8623100, "status": 200}
{"id": "t000004462", "svc": "gateway", "phase": "start", "ts": 8624000, "status": 200}
{"id": "t000004462", "svc": "gateway", "phase": "end", "ts": 8624100, "status": 200}
{"id": "t000004463", "svc": "payment", "phase": "start", "ts": 8625000, "status": 200}
{"id": "t000004463", "svc": "payment", "phase": "end", "ts": 8625100, "status": 200}
{"id": "t000004464", "svc": "auth", "phase": "start", "ts": 8626000, "status": 200}
{"id": "t000004464", "svc": "auth", "phase": "end", "ts": 8626100, "status": 500}
{"id": "t000004465", "svc": "gateway", "phase": "start", "ts": 8627000, "status": 200}
{"id": "t000004465", "svc": "gateway", "phase": "end", "ts": 8627100, "status": 200}
{"id": "t000004466", "svc": "payment", "phase": "start", "ts": 8628000, "status": 200}
{"id": "t000004466", "svc": "payment", "phase": "end", "ts": 8628100, "status": 200}
{"id": "t000004467", "svc": "auth", "phase": "start", "ts": 8629000, "status": 200}
{"id": "t000004467", "svc": "auth", "phase": "end", "ts": 8629100, "status": 200}
{"id": "t000004468", "svc": "gateway", "phase": "start", "ts": 8630000, "status": 200}
{"id": "t000004468", "svc": "gateway", "phase": "end", "ts": 8630100, "status": 200}
{"id": "t000004469", "svc": "payment", "phase": "start", "ts": 8631000, "status": 200}
{"id": "t000004469", "svc": "payment", "phase": "end", "ts": 8631100, "status": 200}
{"id": "t000004470", "svc": "auth", "phase": "start", "ts": 8632000, "status": 200}
{"id": "t000004470", "svc": "auth", "phase": "end", "ts": 8632100, "status": 200}
{"id": "t000004471", "svc": "gateway", "phase": "start", "ts": 8633000, "status": 200}
{"id": "t000004471", "svc": "gateway", "phase": "end", "ts": 8633100, "status": 200}
{"id": "t000004472", "svc": "payment", "phase": "start", "ts": 8634000, "status": 200}
{"id": "t000004472", "svc": "payment", "phase": "end", "ts": 8634100, "status": 500}
{"id": "t000004473", "svc": "auth", "phase": "start", "ts": 8635000, "status": 200}
{"id": "t000004473", "svc": "auth", "phase": "end", "ts": 8635100, "status": 200}
{"id": "t000004474", "svc": "gateway", "phase": "start", "ts": 8636000, "status": 200}
{"id": "t000004474", "svc": "gateway", "phase": "end", "ts": 8636100, "status": 200}
{"id": "t000004475", "svc": "payment", "phase": "start", "ts": 8637000, "status": 200}
{"id": "t000004475", "svc": "payment", "phase": "end", "ts": 8637100, "status": 200}
{"id": "t000004476", "svc": "auth", "phase": "start", "ts": 8638000, "status": 200}
{"id": "t000004476", "svc": "auth", "phase": "end", "ts": 8638100, "status": 200}
{"id": "t000004477", "svc": "gateway", "phase": "start", "ts": 8639000, "status": 200}
{"id": "t000004477", "svc": "gateway", "phase": "end", "ts": 8639100, "status": 200}
{"id": "t000004478", "svc": "payment", "phase": "start", "ts": 8640000, "status": 200}
{"id": "t000004478", "svc": "payment", "phase": "end", "ts": 8640100, "status": 200}
{"id": "t000004479", "svc": "auth", "phase": "start", "ts": 8641000, "status": 200}
{"id": "t000004479", "svc": "auth", "phase": "end", "ts": 8641100, "status": 200}
{"id": "t000004480", "svc": "gateway", "phase": "start", "ts": 8642000, "status": 200}
{"id": "t000004480", "svc": "gateway", "phase": "end", "ts": 8642100, "status": 500}
{"id": "t000004481", "svc": "payment", "phase": "start", "ts": 8643000, "status": 200}
{"id": "t000004481", "svc": "payment", "phase": "end", "ts": 8643100, "status": 200}
{"id": "t000004482", "svc": "auth", "phase": "start", "ts": 8644000, "status": 200}
{"id": "t000004482", "svc": "auth", "phase": "end", "ts": 8644100, "status": 200}
{"id": "t000004483", "svc": "gateway", "phase": "start", "ts": 8645000, "status": 200}
{"id": "t000004483", "svc": "gateway", "phase": "end", "ts": 8645100, "status": 200}
{"id": "t000004484", "svc": "payment", "phase": "start", "ts": 8646000, "status": 200}
{"id": "t000004484", "svc": "payment", "phase": "end", "ts": 8646100, "status": 200}
{"id": "t000004485", "svc": "auth", "phase": "start", "ts": 8647000, "status": 200}
{"id": "t000004485", "svc": "auth", "phase": "end", "ts": 8647100, "status": 200}
{"id": "t000004486", "svc": "gateway", "phase": "start", "ts": 8648000, "status": 200}
{"id": "t000004486", "svc": "gateway", "phase": "end", "ts": 8648100, "status": 200}
{"id": "t000004487", "svc": "payment", "phase": "start", "ts": 8649000, "status": 200}
{"id": "t000004487", "svc": "payment", "phase": "end", "ts": 8649100, "status": 200}
{"id": "t000004488", "svc": "auth", "phase": "start", "ts": 8650000, "status": 200}
{"id": "t000004488", "svc": "auth", "phase": "end", "ts": 8650100, "status": 500}
{"id": "t000004489", "svc": "gateway", "phase": "start", "ts": 8651000, "status": 200}
{"id": "t000004489", "svc": "gateway", "phase": "end", "ts": 8651100, "status": 200}
{"id": "t000004490", "svc": "payment", "phase": "start", "ts": 8652000, "status": 200}
{"id": "t000004490", "svc": "payment", "phase": "end", "ts": 8652100, "status": 200}
{"id": "t000004491", "svc": "auth", "phase": "start", "ts": 8653000, "status": 200}
{"id": "t000004491", "svc": "auth", "phase": "end", "ts": 8653100, "status": 200}
{"id": "t000004492", "svc": "gateway", "phase": "start", "ts": 8654000, "status": 200}
{"id": "t000004492", "svc": "gateway", "phase": "end", "ts": 8654100, "status": 200}
{"id": "t000004493", "svc": "payment", "phase": "start", "ts": 8655000, "status": 200}
{"id": "t000004493", "svc": "payment", "phase": "end", "ts": 8655100, "status": 200}
{"id": "t000004494", "svc": "auth", "phase": "start", "ts": 8656000, "status": 200}
{"id": "t000004494", "svc": "auth", "phase": "end", "ts": 8656100, "status": 200}
{"id": "t000004495", "svc": "gateway", "phase": "start", "ts": 8657000, "status": 200}
{"id": "t000004495", "svc": "gateway", "phase": "end", "ts": 8657100, "status": 200}
{"id": "t000004496", "svc": "payment", "phase": "start", "ts": 8658000, "status": 200}
{"id": "t000004496", "svc": "payment", "phase": "end", "ts": 8658100, "status": 500}
{"id": "t000004497", "svc": "auth", "phase": "start", "ts": 8659000, "status": 200}
{"id": "t000004497", "svc": "auth", "phase": "end", "ts": 8659100, "status": 200}
{"id": "t000004498", "svc": "gateway", "phase": "start", "ts": 8660000, "status": 200}
{"id": "t000004498", "svc": "gateway", "phase": "end", "ts": 8660100, "status": 200}
{"id": "t000004499", "svc": "payment", "phase": "start", "ts": 8661000, "status": 200}
{"id": "t000004499", "svc": "payment", "phase": "end", "ts": 8661100, "status": 200}
{"id": "t000004500", "svc": "auth", "phase": "start", "ts": 8662000, "status": 200}
{"id": "t000004500", "svc": "auth", "phase": "end", "ts": 8662100, "status": 200}
{"id": "t000004501", "svc": "gateway", "phase": "start", "ts": 8663000, "status": 200}
{"id": "t000004501", "svc": "gateway", "phase": "end", "ts": 8663100, "status": 200}
{"id": "t000004502", "svc": "payment", "phase": "start", "ts": 8664000, "status": 200}
{"id": "t000004502", "svc": "payment", "phase": "end", "ts": 8664100, "status": 200}
{"id": "t000004503", "svc": "auth", "phase": "start", "ts": 8665000, "status": 200}
{"id": "t000004503", "svc": "auth", "phase": "end", "ts": 8665100, "status": 200}
{"id": "t000004504", "svc": "gateway", "phase": "start", "ts": 8666000, "status": 200}
{"id": "t000004504", "svc": "gateway", "phase": "end", "ts": 8666100, "status": 500}
{"id": "t000004505", "svc": "payment", "phase": "start", "ts": 8667000, "status": 200}
{"id": "t000004505", "svc": "payment", "phase": "end", "ts": 8667100, "status": 200}
{"id": "t000004506", "svc": "auth", "phase": "start", "ts": 8668000, "status": 200}
{"id": "t000004506", "svc": "auth", "phase": "end", "ts": 8668100, "status": 200}
{"id": "t000004507", "svc": "gateway", "phase": "start", "ts": 8669000, "status": 200}
{"id": "t000004507", "svc": "gateway", "phase": "end", "ts": 8669100, "status": 200}
{"id": "t000004508", "svc": "payment", "phase": "start", "ts": 8670000, "status": 200}
{"id": "t000004508", "svc": "payment", "phase": "end", "ts": 8670100, "status": 200}
{"id": "t000004509", "svc": "auth", "phase": "start", "ts": 8671000, "status": 200}
{"id": "t000004509", "svc": "auth", "phase": "end", "ts": 8671100, "status": 200}
{"id": "t000004510", "svc": "gateway", "phase": "start", "ts": 8672000, "status": 200}
{"id": "t000004510", "svc": "gateway", "phase": "end", "ts": 8672100, "status": 200}
{"id": "t000004511", "svc": "payment", "phase": "start", "ts": 8673000, "status": 200}
{"id": "t000004511", "svc": "payment", "phase": "end", "ts": 8673100, "status": 200}
{"id": "t000004512", "svc": "auth", "phase": "start", "ts": 8674000, "status": 200}
{"id": "t000004512", "svc": "auth", "phase": "end", "ts": 8674100, "status": 500}
{"id": "t000004513", "svc": "gateway", "phase": "start", "ts": 8675000, "status": 200}
{"id": "t000004513", "svc": "gateway", "phase": "end", "ts": 8675100, "status": 200}
{"id": "t000004514", "svc": "payment", "phase": "start", "ts": 8676000, "status": 200}
{"id": "t000004514", "svc": "payment", "phase": "end", "ts": 8676100, "status": 200}
{"id": "t000004515", "svc": "auth", "phase": "start", "ts": 8677000, "status": 200}
{"id": "t000004515", "svc": "auth", "phase": "end", "ts": 8677100, "status": 200}
{"id": "t000004516", "svc": "gateway", "phase": "start", "ts": 8678000, "status": 200}
{"id": "t000004516", "svc": "gateway", "phase": "end", "ts": 8678100, "status": 200}
{"id": "t000004517", "svc": "payment", "phase": "start", "ts": 8679000, "status": 200}
{"id": "t000004517", "svc": "payment", "phase": "end", "ts": 8679100, "status": 200}
{"id": "t000004518", "svc": "auth", "phase": "start", "ts": 8680000, "status": 200}
{"id": "t000004518", "svc": "auth", "phase": "end", "ts": 8680100, "status": 200}
{"id": "t000004519", "svc": "gateway", "phase": "start", "ts": 8681000, "status": 200}
{"id": "t000004519", "svc": "gateway", "phase": "end", "ts": 8681100, "status": 200}
{"id": "t000004520", "svc": "payment", "phase": "start", "ts": 8682000, "status": 200}
{"id": "t000004520", "svc": "payment", "phase": "end", "ts": 8682100, "status": 500}
{"id": "t000004521", "svc": "auth", "phase": "start", "ts": 8683000, "status": 200}
{"id": "t000004521", "svc": "auth", "phase": "end", "ts": 8683100, "status": 200}
{"id": "t000004522", "svc": "gateway", "phase": "start", "ts": 8684000, "status": 200}
{"id": "t000004522", "svc": "gateway", "phase": "end", "ts": 8684100, "status": 200}
{"id": "t000004523", "svc": "payment", "phase": "start", "ts": 8685000, "status": 200}
{"id": "t000004523", "svc": "payment", "phase": "end", "ts": 8685100, "status": 200}
{"id": "t000004524", "svc": "auth", "phase": "start", "ts": 8686000, "status": 200}
{"id": "t000004524", "svc": "auth", "phase": "end", "ts": 8686100, "status": 200}
{"id": "t000004525", "svc": "gateway", "phase": "start", "ts": 8687000, "status": 200}
{"id": "t000004525", "svc": "gateway", "phase": "end", "ts": 8687100, "status": 200}
{"id": "t000004526", "svc": "payment", "phase": "start", "ts": 8688000, "status": 200}
{"id": "t000004526", "svc": "payment", "phase": "end", "ts": 8688100, "status": 200}
{"id": "t000004527", "svc": "auth", "phase": "start", "ts": 8689000, "status": 200}
{"id": "t000004527", "svc": "auth", "phase": "end", "ts": 8689100, "status": 200}
{"id": "t000004528", "svc": "gateway", "phase": "start", "ts": 8690000, "status": 200}
{"id": "t000004528", "svc": "gateway", "phase": "end", "ts": 8690100, "status": 500}
{"id": "t000004529", "svc": "payment", "phase": "start", "ts": 8691000, "status": 200}
{"id": "t000004529", "svc": "payment", "phase": "end", "ts": 8691100, "status": 200}
{"id": "t000004530", "svc": "auth", "phase": "start", "ts": 8692000, "status": 200}
{"id": "t000004530", "svc": "auth", "phase": "end", "ts": 8692100, "status": 200}
{"id": "t000004531", "svc": "gateway", "phase": "start", "ts": 8693000, "status": 200}
{"id": "t000004531", "svc": "gateway", "phase": "end", "ts": 8693100, "status": 200}
{"id": "t000004532", "svc": "payment", "phase": "start", "ts": 8694000, "status": 200}
{"id": "t000004532", "svc": "payment", "phase": "end", "ts": 8694100, "status": 200}
{"id": "t000004533", "svc": "auth", "phase": "start", "ts": 8695000, "status": 200}
{"id": "t000004533", "svc": "auth", "phase": "end", "ts": 8695100, "status": 200}
{"id": "t000004534", "svc": "gateway", "phase": "start", "ts": 8696000, "status": 200}
{"id": "t000004534", "svc": "gateway", "phase": "end", "ts": 8696100, "status": 200}
{"id": "t000004535", "svc": "payment", "phase": "start", "ts": 8697000, "status": 200}
{"id": "t000004535", "svc": "payment", "phase": "end", "ts": 8697100, "status": 200}
{"id": "t000004536", "svc": "auth", "phase": "start", "ts": 8698000, "status": 200}
{"id": "t000004536", "svc": "auth", "phase": "end", "ts": 8698100, "status": 500}
{"id": "t000004537", "svc": "gateway", "phase": "start", "ts": 8699000, "status": 200}
{"id": "t000004537", "svc": "gateway", "phase": "end", "ts": 8699100, "status": 200}
{"id": "t000004538", "svc": "payment", "phase": "start", "ts": 8700000, "status": 200}
{"id": "t000004538", "svc": "payment", "phase": "end", "ts": 8700100, "status": 200}
{"id": "t000004539", "svc": "auth", "phase": "start", "ts": 8701000, "status": 200}
{"id": "t000004539", "svc": "auth", "phase": "end", "ts": 8701100, "status": 200}
{"id": "t000004540", "svc": "gateway", "phase": "start", "ts": 8702000, "status": 200}
{"id": "t000004540", "svc": "gateway", "phase": "end", "ts": 8702100, "status": 200}
{"id": "t000004541", "svc": "payment", "phase": "start", "ts": 8703000, "status": 200}
{"id": "t000004541", "svc": "payment", "phase": "end", "ts": 8703100, "status": 200}
{"id": "t000004542", "svc": "auth", "phase": "start", "ts": 8704000, "status": 200}
{"id": "t000004542", "svc": "auth", "phase": "end", "ts": 8704100, "status": 200}
{"id": "t000004543", "svc": "gateway", "phase": "start", "ts": 8705000, "status": 200}
{"id": "t000004543", "svc": "gateway", "phase": "end", "ts": 8705100, "status": 200}
{"id": "t000004544", "svc": "payment", "phase": "start", "ts": 8706000, "status": 200}
{"id": "t000004544", "svc": "payment", "phase": "end", "ts": 8706100, "status": 500}
{"id": "t000004545", "svc": "auth", "phase": "start", "ts": 8707000, "status": 200}
{"id": "t000004545", "svc": "auth", "phase": "end", "ts": 8707100, "status": 200}
{"id": "t000004546", "svc": "gateway", "phase": "start", "ts": 8708000, "status": 200}
{"id": "t000004546", "svc": "gateway", "phase": "end", "ts": 8708100, "status": 200}
{"id": "t000004547", "svc": "payment", "phase": "start", "ts": 8709000, "status": 200}
{"id": "t000004547", "svc": "payment", "phase": "end", "ts": 8709100, "status": 200}
{"id": "t000004548", "svc": "auth", "phase": "start", "ts": 8710000, "status": 200}
{"id": "t000004548", "svc": "auth", "phase": "end", "ts": 8710100, "status": 200}
{"id": "t000004549", "svc": "gateway", "phase": "start", "ts": 8711000, "status": 200}
{"id": "t000004549", "svc": "gateway", "phase": "end", "ts": 8711100, "status": 200}
{"id": "t000004550", "svc": "payment", "phase": "start", "ts": 8712000, "status": 200}
{"id": "t000004550", "svc": "payment", "phase": "end", "ts": 8712100, "status": 200}
{"id": "t000004551", "svc": "auth", "phase": "start", "ts": 8713000, "status": 200}
{"id": "t000004551", "svc": "auth", "phase": "end", "ts": 8713100, "status": 200}
{"id": "t000004552", "svc": "gateway", "phase": "start", "ts": 8714000, "status": 200}
{"id": "t000004552", "svc": "gateway", "phase": "end", "ts": 8714100, "status": 500}
{"id": "t000004553", "svc": "payment", "phase": "start", "ts": 8715000, "status": 200}
{"id": "t000004553", "svc": "payment", "phase": "end", "ts": 8715100, "status": 200}
{"id": "t000004554", "svc": "auth", "phase": "start", "ts": 8716000, "status": 200}
{"id": "t000004554", "svc": "auth", "phase": "end", "ts": 8716100, "status": 200}
{"id": "t000004555", "svc": "gateway", "phase": "start", "ts": 8717000, "status": 200}
{"id": "t000004555", "svc": "gateway", "phase": "end", "ts": 8717100, "status": 200}
{"id": "t000004556", "svc": "payment", "phase": "start", "ts": 8718000, "status": 200}
{"id": "t000004556", "svc": "payment", "phase": "end", "ts": 8718100, "status": 200}
{"id": "t000004557", "svc": "auth", "phase": "start", "ts": 8719000, "status": 200}
{"id": "t000004557", "svc": "auth", "phase": "end", "ts": 8719100, "status": 200}
{"id": "t000004558", "svc": "gateway", "phase": "start", "ts": 8720000, "status": 200}
{"id": "t000004558", "svc": "gateway", "phase": "end", "ts": 8720100, "status": 200}
{"id": "t000004559", "svc": "payment", "phase": "start", "ts": 8721000, "status": 200}
{"id": "t000004559", "svc": "payment", "phase": "end", "ts": 8721100, "status": 200}
{"id": "t000004560", "svc": "auth", "phase": "start", "ts": 8722000, "status": 200}
{"id": "t000004560", "svc": "auth", "phase": "end", "ts": 8722100, "status": 500}
{"id": "t000004561", "svc": "gateway", "phase": "start", "ts": 8723000, "status": 200}
{"id": "t000004561", "svc": "gateway", "phase": "end", "ts": 8723100, "status": 200}
{"id": "t000004562", "svc": "payment", "phase": "start", "ts": 8724000, "status": 200}
{"id": "t000004562", "svc": "payment", "phase": "end", "ts": 8724100, "status": 200}
{"id": "t000004563", "svc": "auth", "phase": "start", "ts": 8725000, "status": 200}
{"id": "t000004563", "svc": "auth", "phase": "end", "ts": 8725100, "status": 200}
{"id": "t000004564", "svc": "gateway", "phase": "start", "ts": 8726000, "status": 200}
{"id": "t000004564", "svc": "gateway", "phase": "end", "ts": 8726100, "status": 200}
{"id": "t000004565", "svc": "payment", "phase": "start", "ts": 8727000, "status": 200}
{"id": "t000004565", "svc": "payment", "phase": "end", "ts": 8727100, "status": 200}
{"id": "t000004566", "svc": "auth", "phase": "start", "ts": 8728000, "status": 200}
{"id": "t000004566", "svc": "auth", "phase": "end", "ts": 8728100, "status": 200}
{"id": "t000004567", "svc": "gateway", "phase": "start", "ts": 8729000, "status": 200}
{"id": "t000004567", "svc": "gateway", "phase": "end", "ts": 8729100, "status": 200}
{"id": "t000004568", "svc": "payment", "phase": "start", "ts": 8730000, "status": 200}
{"id": "t000004568", "svc": "payment", "phase": "end", "ts": 8730100, "status": 500}
{"id": "t000004569", "svc": "auth", "phase": "start", "ts": 8731000, "status": 200}
{"id": "t000004569", "svc": "auth", "phase": "end", "ts": 8731100, "status": 200}
{"id": "t000004570", "svc": "gateway", "phase": "start", "ts": 8732000, "status": 200}
{"id": "t000004570", "svc": "gateway", "phase": "end", "ts": 8732100, "status": 200}
{"id": "t000004571", "svc": "payment", "phase": "start", "ts": 8733000, "status": 200}
{"id": "t000004571", "svc": "payment", "phase": "end", "ts": 8733100, "status": 200}
{"id": "t000004572", "svc": "auth", "phase": "start", "ts": 8734000, "status": 200}
{"id": "t000004572", "svc": "auth", "phase": "end", "ts": 8734100, "status": 200}
{"id": "t000004573", "svc": "gateway", "phase": "start", "ts": 8735000, "status": 200}
{"id": "t000004573", "svc": "gateway", "phase": "end", "ts": 8735100, "status": 200}
{"id": "t000004574", "svc": "payment", "phase": "start", "ts": 8736000, "status": 200}
{"id": "t000004574", "svc": "payment", "phase": "end", "ts": 8736100, "status": 200}
{"id": "t000004575", "svc": "auth", "phase": "start", "ts": 8737000, "status": 200}
{"id": "t000004575", "svc": "auth", "phase": "end", "ts": 8737100, "status": 200}
{"id": "t000004576", "svc": "gateway", "phase": "start", "ts": 8738000, "status": 200}
{"id": "t000004576", "svc": "gateway", "phase": "end", "ts": 8738100, "status": 500}
{"id": "t000004577", "svc": "payment", "phase": "start", "ts": 8739000, "status": 200}
{"id": "t000004577", "svc": "payment", "phase": "end", "ts": 8739100, "status": 200}
{"id": "t000004578", "svc": "auth", "phase": "start", "ts": 8740000, "status": 200}
{"id": "t000004578", "svc": "auth", "phase": "end", "ts": 8740100, "status": 200}
{"id": "t000004579", "svc": "gateway", "phase": "start", "ts": 8741000, "status": 200}
{"id": "t000004579", "svc": "gateway", "phase": "end", "ts": 8741100, "status": 200}
{"id": "t000004580", "svc": "payment", "phase": "start", "ts": 8742000, "status": 200}
{"id": "t000004580", "svc": "payment", "phase": "end", "ts": 8742100, "status": 200}
{"id": "t000004581", "svc": "auth", "phase": "start", "ts": 8743000, "status": 200}
{"id": "t000004581", "svc": "auth", "phase": "end", "ts": 8743100, "status": 200}
{"id": "t000004582", "svc": "gateway", "phase": "start", "ts": 8744000, "status": 200}
{"id": "t000004582", "svc": "gateway", "phase": "end", "ts": 8744100, "status": 200}
{"id": "t000004583", "svc": "payment", "phase": "start", "ts": 8745000, "status": 200}
{"id": "t000004583", "svc": "payment", "phase": "end", "ts": 8745100, "status": 200}
{"id": "t000004584", "svc": "auth", "phase": "start", "ts": 8746000, "status": 200}
{"id": "t000004584", "svc": "auth", "phase": "end", "ts": 8746100, "status": 500}
{"id": "t000004585", "svc": "gateway", "phase": "start", "ts": 8747000, "status": 200}
{"id": "t000004585", "svc": "gateway", "phase": "end", "ts": 8747100, "status": 200}
{"id": "t000004586", "svc": "payment", "phase": "start", "ts": 8748000, "status": 200}
{"id": "t000004586", "svc": "payment", "phase": "end", "ts": 8748100, "status": 200}
{"id": "t000004587", "svc": "auth", "phase": "start", "ts": 8749000, "status": 200}
{"id": "t000004587", "svc": "auth", "phase": "end", "ts": 8749100, "status": 200}
{"id": "t000004588", "svc": "gateway", "phase": "start", "ts": 8750000, "status": 200}
{"id": "t000004588", "svc": "gateway", "phase": "end", "ts": 8750100, "status": 200}
{"id": "t000004589", "svc": "payment", "phase": "start", "ts": 8751000, "status": 200}
{"id": "t000004589", "svc": "payment", "phase": "end", "ts": 8751100, "status": 200}
{"id": "t000004590", "svc": "auth", "phase": "start", "ts": 8752000, "status": 200}
{"id": "t000004590", "svc": "auth", "phase": "end", "ts": 8752100, "status": 200}
{"id": "t000004591", "svc": "gateway", "phase": "start", "ts": 8753000, "status": 200}
{"id": "t000004591", "svc": "gateway", "phase": "end", "ts": 8753100, "status": 200}
{"id": "t000004592", "svc": "payment", "phase": "start", "ts": 8754000, "status": 200}
{"id": "t000004592", "svc": "payment", "phase": "end", "ts": 8754100, "status": 500}
{"id": "t000004593", "svc": "auth", "phase": "start", "ts": 8755000, "status": 200}
{"id": "t000004593", "svc": "auth", "phase": "end", "ts": 8755100, "status": 200}
{"id": "t000004594", "svc": "gateway", "phase": "start", "ts": 8756000, "status": 200}
{"id": "t000004594", "svc": "gateway", "phase": "end", "ts": 8756100, "status": 200}
{"id": "t000004595", "svc": "payment", "phase": "start", "ts": 8757000, "status": 200}
{"id": "t000004595", "svc": "payment", "phase": "end", "ts": 8757100, "status": 200}
{"id": "t000004596", "svc": "auth", "phase": "start", "ts": 8758000, "status": 200}
{"id": "t000004596", "svc": "auth", "phase": "end", "ts": 8758100, "status": 200}
{"id": "t000004597", "svc": "gateway", "phase": "start", "ts": 8759000, "status": 200}
{"id": "t000004597", "svc": "gateway", "phase": "end", "ts": 8759100, "status": 200}
{"id": "t000004598", "svc": "payment", "phase": "start", "ts": 8760000, "status": 200}
{"id": "t000004598", "svc": "payment", "phase": "end", "ts": 8760100, "status": 200}
{"id": "t000004599", "svc": "auth", "phase": "start", "ts": 8761000, "status": 200}
{"id": "t000004599", "svc": "auth", "phase": "end", "ts": 8761100, "status": 200}
{"id": "t000004600", "svc": "gateway", "phase": "start", "ts": 8762000, "status": 200}
{"id": "t000004600", "svc": "gateway", "phase": "end", "ts": 8762100, "status": 500}
{"id": "t000004601", "svc": "payment", "phase": "start", "ts": 8763000, "status": 200}
{"id": "t000004601", "svc": "payment", "phase": "end", "ts": 8763100, "status": 200}
{"id": "t000004602", "svc": "auth", "phase": "start", "ts": 8764000, "status": 200}
{"id": "t000004602", "svc": "auth", "phase": "end", "ts": 8764100, "status": 200}
{"id": "t000004603", "svc": "gateway", "phase": "start", "ts": 8765000, "status": 200}
{"id": "t000004603", "svc": "gateway", "phase": "end", "ts": 8765100, "status": 200}
{"id": "t000004604", "svc": "payment", "phase": "start", "ts": 8766000, "status": 200}
{"id": "t000004604", "svc": "payment", "phase": "end", "ts": 8766100, "status": 200}
{"id": "t000004605", "svc": "auth", "phase": "start", "ts": 8767000, "status": 200}
{"id": "t000004605", "svc": "auth", "phase": "end", "ts": 8767100, "status": 200}
{"id": "t000004606", "svc": "gateway", "phase": "start", "ts": 8768000, "status": 200}
{"id": "t000004606", "svc": "gateway", "phase": "end", "ts": 8768100, "status": 200}
{"id": "t000004607", "svc": "payment", "phase": "start", "ts": 8769000, "status": 200}
{"id": "t000004607", "svc": "payment", "phase": "end", "ts": 8769100, "status": 200}
{"id": "t000004608", "svc": "auth", "phase": "start", "ts": 8770000, "status": 200}
{"id": "t000004608", "svc": "auth", "phase": "end", "ts": 8770100, "status": 500}
{"id": "t000004609", "svc": "gateway", "phase": "start", "ts": 8771000, "status": 200}
{"id": "t000004609", "svc": "gateway", "phase": "end", "ts": 8771100, "status": 200}
{"id": "t000004610", "svc": "payment", "phase": "start", "ts": 8772000, "status": 200}
{"id": "t000004610", "svc": "payment", "phase": "end", "ts": 8772100, "status": 200}
{"id": "t000004611", "svc": "auth", "phase": "start", "ts": 8773000, "status": 200}
{"id": "t000004611", "svc": "auth", "phase": "end", "ts": 8773100, "status": 200}
{"id": "t000004612", "svc": "gateway", "phase": "start", "ts": 8774000, "status": 200}
{"id": "t000004612", "svc": "gateway", "phase": "end", "ts": 8774100, "status": 200}
{"id": "t000004613", "svc": "payment", "phase": "start", "ts": 8775000, "status": 200}
{"id": "t000004613", "svc": "payment", "phase": "end", "ts": 8775100, "status": 200}
{"id": "t000004614", "svc": "auth", "phase": "start", "ts": 8776000, "status": 200}
{"id": "t000004614", "svc": "auth", "phase": "end", "ts": 8776100, "status": 200}
{"id": "t000004615", "svc": "gateway", "phase": "start", "ts": 8777000, "status": 200}
{"id": "t000004615", "svc": "gateway", "phase": "end", "ts": 8777100, "status": 200}
{"id": "t000004616", "svc": "payment", "phase": "start", "ts": 8778000, "status": 200}
{"id": "t000004616", "svc": "payment", "phase": "end", "ts": 8778100, "status": 500}
{"id": "t000004617", "svc": "auth", "phase": "start", "ts": 8779000, "status": 200}
{"id": "t000004617", "svc": "auth", "phase": "end", "ts": 8779100, "status": 200}
{"id": "t000004618", "svc": "gateway", "phase": "start", "ts": 8780000, "status": 200}
{"id": "t000004618", "svc": "gateway", "phase": "end", "ts": 8780100, "status": 200}
{"id": "t000004619", "svc": "payment", "phase": "start", "ts": 8781000, "status": 200}
{"id": "t000004619", "svc": "payment", "phase": "end", "ts": 8781100, "status": 200}
{"id": "t000004620", "svc": "auth", "phase": "start", "ts": 8782000, "status": 200}
{"id": "t000004620", "svc": "auth", "phase": "end", "ts": 8782100, "status": 200}
{"id": "t000004621", "svc": "gateway", "phase": "start", "ts": 8783000, "status": 200}
{"id": "t000004621", "svc": "gateway", "phase": "end", "ts": 8783100, "status": 200}
{"id": "t000004622", "svc": "payment", "phase": "start", "ts": 8784000, "status": 200}
{"id": "t000004622", "svc": "payment", "phase": "end", "ts": 8784100, "status": 200}
{"id": "t000004623", "svc": "auth", "phase": "start", "ts": 8785000, "status": 200}
{"id": "t000004623", "svc": "auth", "phase": "end", "ts": 8785100, "status": 200}
{"id": "t000004624", "svc": "gateway", "phase": "start", "ts": 8786000, "status": 200}
{"id": "t000004624", "svc": "gateway", "phase": "end", "ts": 8786100, "status": 500}
{"id": "t000004625", "svc": "payment", "phase": "start", "ts": 8787000, "status": 200}
{"id": "t000004625", "svc": "payment", "phase": "end", "ts": 8787100, "status": 200}
{"id": "t000004626", "svc": "auth", "phase": "start", "ts": 8788000, "status": 200}
{"id": "t000004626", "svc": "auth", "phase": "end", "ts": 8788100, "status": 200}
{"id": "t000004627", "svc": "gateway", "phase": "start", "ts": 8789000, "status": 200}
{"id": "t000004627", "svc": "gateway", "phase": "end", "ts": 8789100, "status": 200}
{"id": "t000004628", "svc": "payment", "phase": "start", "ts": 8790000, "status": 200}
{"id": "t000004628", "svc": "payment", "phase": "end", "ts": 8790100, "status": 200}
{"id": "t000004629", "svc": "auth", "phase": "start", "ts": 8791000, "status": 200}
{"id": "t000004629", "svc": "auth", "phase": "end", "ts": 8791100, "status": 200}
{"id": "t000004630", "svc": "gateway", "phase": "start", "ts": 8792000, "status": 200}
{"id": "t000004630", "svc": "gateway", "phase": "end", "ts": 8792100, "status": 200}
{"id": "t000004631", "svc": "payment", "phase": "start", "ts": 8793000, "status": 200}
{"id": "t000004631", "svc": "payment", "phase": "end", "ts": 8793100, "status": 200}
{"id": "t000004632", "svc": "auth", "phase": "start", "ts": 8794000, "status": 200}
{"id": "t000004632", "svc": "auth", "phase": "end", "ts": 8794100, "status": 500}
{"id": "t000004633", "svc": "gateway", "phase": "start", "ts": 8795000, "status": 200}
{"id": "t000004633", "svc": "gateway", "phase": "end", "ts": 8795100, "status": 200}
{"id": "t000004634", "svc": "payment", "phase": "start", "ts": 8796000, "status": 200}
{"id": "t000004634", "svc": "payment", "phase": "end", "ts": 8796100, "status": 200}
{"id": "t000004635", "svc": "auth", "phase": "start", "ts": 8797000, "status": 200}
{"id": "t000004635", "svc": "auth", "phase": "end", "ts": 8797100, "status": 200}
{"id": "t000004636", "svc": "gateway", "phase": "start", "ts": 8798000, "status": 200}
{"id": "t000004636", "svc": "gateway", "phase": "end", "ts": 8798100, "status": 200}
{"id": "t000004637", "svc": "payment", "phase": "start", "ts": 8799000, "status": 200}
{"id": "t000004637", "svc": "payment", "phase": "end", "ts": 8799100, "status": 200}
{"id": "t000004638", "svc": "auth", "phase": "start", "ts": 8800000, "status": 200}
{"id": "t000004638", "svc": "auth", "phase": "end", "ts": 8800100, "status": 200}
{"id": "t000004639", "svc": "gateway", "phase": "start", "ts": 8801000, "status": 200}
{"id": "t000004639", "svc": "gateway", "phase": "end", "ts": 8801100, "status": 200}
{"id": "t000004640", "svc": "payment", "phase": "start", "ts": 8802000, "status": 200}
{"id": "t000004640", "svc": "payment", "phase": "end", "ts": 8802100, "status": 500}
{"id": "t000004641", "svc": "auth", "phase": "start", "ts": 8803000, "status": 200}
{"id": "t000004641", "svc": "auth", "phase": "end", "ts": 8803100, "status": 200}
{"id": "t000004642", "svc": "gateway", "phase": "start", "ts": 8804000, "status": 200}
{"id": "t000004642", "svc": "gateway", "phase": "end", "ts": 8804100, "status": 200}
{"id": "t000004643", "svc": "payment", "phase": "start", "ts": 8805000, "status": 200}
{"id": "t000004643", "svc": "payment", "phase": "end", "ts": 8805100, "status": 200}
{"id": "t000004644", "svc": "auth", "phase": "start", "ts": 8806000, "status": 200}
{"id": "t000004644", "svc": "auth", "phase": "end", "ts": 8806100, "status": 200}
{"id": "t000004645", "svc": "gateway", "phase": "start", "ts": 8807000, "status": 200}
{"id": "t000004645", "svc": "gateway", "phase": "end", "ts": 8807100, "status": 200}
{"id": "t000004646", "svc": "payment", "phase": "start", "ts": 8808000, "status": 200}
{"id": "t000004646", "svc": "payment", "phase": "end", "ts": 8808100, "status": 200}
{"id": "t000004647", "svc": "auth", "phase": "start", "ts": 8809000, "status": 200}
{"id": "t000004647", "svc": "auth", "phase": "end", "ts": 8809100, "status": 200}
{"id": "t000004648", "svc": "gateway", "phase": "start", "ts": 8810000, "status": 200}
{"id": "t000004648", "svc": "gateway", "phase": "end", "ts": 8810100, "status": 500}
{"id": "t000004649", "svc": "payment", "phase": "start", "ts": 8811000, "status": 200}
{"id": "t000004649", "svc": "payment", "phase": "end", "ts": 8811100, "status": 200}
{"id": "t000004650", "svc": "auth", "phase": "start", "ts": 8812000, "status": 200}
{"id": "t000004650", "svc": "auth", "phase": "end", "ts": 8812100, "status": 200}
{"id": "t000004651", "svc": "gateway", "phase": "start", "ts": 8813000, "status": 200}
{"id": "t000004651", "svc": "gateway", "phase": "end", "ts": 8813100, "status": 200}
{"id": "t000004652", "svc": "payment", "phase": "start", "ts": 8814000, "status": 200}
{"id": "t000004652", "svc": "payment", "phase": "end", "ts": 8814100, "status": 200}
{"id": "t000004653", "svc": "auth", "phase": "start", "ts": 8815000, "status": 200}
{"id": "t000004653", "svc": "auth", "phase": "end", "ts": 8815100, "status": 200}
{"id": "t000004654", "svc": "gateway", "phase": "start", "ts": 8816000, "status": 200}
{"id": "t000004654", "svc": "gateway", "phase": "end", "ts": 8816100, "status": 200}
{"id": "t000004655", "svc": "payment", "phase": "start", "ts": 8817000, "status": 200}
{"id": "t000004655", "svc": "payment", "phase": "end", "ts": 8817100, "status": 200}
{"id": "t000004656", "svc": "auth", "phase": "start", "ts": 8818000, "status": 200}
{"id": "t000004656", "svc": "auth", "phase": "end", "ts": 8818100, "status": 500}
{"id": "t000004657", "svc": "gateway", "phase": "start", "ts": 8819000, "status": 200}
{"id": "t000004657", "svc": "gateway", "phase": "end", "ts": 8819100, "status": 200}
{"id": "t000004658", "svc": "payment", "phase": "start", "ts": 8820000, "status": 200}
{"id": "t000004658", "svc": "payment", "phase": "end", "ts": 8820100, "status": 200}
{"id": "t000004659", "svc": "auth", "phase": "start", "ts": 8821000, "status": 200}
{"id": "t000004659", "svc": "auth", "phase": "end", "ts": 8821100, "status": 200}
{"id": "t000004660", "svc": "gateway", "phase": "start", "ts": 8822000, "status": 200}
{"id": "t000004660", "svc": "gateway", "phase": "end", "ts": 8822100, "status": 200}
{"id": "t000004661", "svc": "payment", "phase": "start", "ts": 8823000, "status": 200}
{"id": "t000004661", "svc": "payment", "phase": "end", "ts": 8823100, "status": 200}
{"id": "t000004662", "svc": "auth", "phase": "start", "ts": 8824000, "status": 200}
{"id": "t000004662", "svc": "auth", "phase": "end", "ts": 8824100, "status": 200}
{"id": "t000004663", "svc": "gateway", "phase": "start", "ts": 8825000, "status": 200}
{"id": "t000004663", "svc": "gateway", "phase": "end", "ts": 8825100, "status": 200}
{"id": "t000004664", "svc": "payment", "phase": "start", "ts": 8826000, "status": 200}
{"id": "t000004664", "svc": "payment", "phase": "end", "ts": 8826100, "status": 500}
{"id": "t000004665", "svc": "auth", "phase": "start", "ts": 8827000, "status": 200}
{"id": "t000004665", "svc": "auth", "phase": "end", "ts": 8827100, "status": 200}
{"id": "t000004666", "svc": "gateway", "phase": "start", "ts": 8828000, "status": 200}
{"id": "t000004666", "svc": "gateway", "phase": "end", "ts": 8828100, "status": 200}
{"id": "t000004667", "svc": "payment", "phase": "start", "ts": 8829000, "status": 200}
{"id": "t000004667", "svc": "payment", "phase": "end", "ts": 8829100, "status": 200}
{"id": "t000004668", "svc": "auth", "phase": "start", "ts": 8830000, "status": 200}
{"id": "t000004668", "svc": "auth", "phase": "end", "ts": 8830100, "status": 200}
{"id": "t000004669", "svc": "gateway", "phase": "start", "ts": 8831000, "status": 200}
{"id": "t000004669", "svc": "gateway", "phase": "end", "ts": 8831100, "status": 200}
{"id": "t000004670", "svc": "payment", "phase": "start", "ts": 8832000, "status": 200}
{"id": "t000004670", "svc": "payment", "phase": "end", "ts": 8832100, "status": 200}
{"id": "t000004671", "svc": "auth", "phase": "start", "ts": 8833000, "status": 200}
{"id": "t000004671", "svc": "auth", "phase": "end", "ts": 8833100, "status": 200}
{"id": "t000004672", "svc": "gateway", "phase": "start", "ts": 8834000, "status": 200}
{"id": "t000004672", "svc": "gateway", "phase": "end", "ts": 8834100, "status": 500}
{"id": "t000004673", "svc": "payment", "phase": "start", "ts": 8835000, "status": 200}
{"id": "t000004673", "svc": "payment", "phase": "end", "ts": 8835100, "status": 200}
{"id": "t000004674", "svc": "auth", "phase": "start", "ts": 8836000, "status": 200}
{"id": "t000004674", "svc": "auth", "phase": "end", "ts": 8836100, "status": 200}
{"id": "t000004675", "svc": "gateway", "phase": "start", "ts": 8837000, "status": 200}
{"id": "t000004675", "svc": "gateway", "phase": "end", "ts": 8837100, "status": 200}
{"id": "t000004676", "svc": "payment", "phase": "start", "ts": 8838000, "status": 200}
{"id": "t000004676", "svc": "payment", "phase": "end", "ts": 8838100, "status": 200}
{"id": "t000004677", "svc": "auth", "phase": "start", "ts": 8839000, "status": 200}
{"id": "t000004677", "svc": "auth", "phase": "end", "ts": 8839100, "status": 200}
{"id": "t000004678", "svc": "gateway", "phase": "start", "ts": 8840000, "status": 200}
{"id": "t000004678", "svc": "gateway", "phase": "end", "ts": 8840100, "status": 200}
{"id": "t000004679", "svc": "payment", "phase": "start", "ts": 8841000, "status": 200}
{"id": "t000004679", "svc": "payment", "phase": "end", "ts": 8841100, "status": 200}
{"id": "t000004680", "svc": "auth", "phase": "start", "ts": 8842000, "status": 200}
{"id": "t000004680", "svc": "auth", "phase": "end", "ts": 8842100, "status": 500}
{"id": "t000004681", "svc": "gateway", "phase": "start", "ts": 8843000, "status": 200}
{"id": "t000004681", "svc": "gateway", "phase": "end", "ts": 8843100, "status": 200}
{"id": "t000004682", "svc": "payment", "phase": "start", "ts": 8844000, "status": 200}
{"id": "t000004682", "svc": "payment", "phase": "end", "ts": 8844100, "status": 200}
{"id": "t000004683", "svc": "auth", "phase": "start", "ts": 8845000, "status": 200}
{"id": "t000004683", "svc": "auth", "phase": "end", "ts": 8845100, "status": 200}
{"id": "t000004684", "svc": "gateway", "phase": "start", "ts": 8846000, "status": 200}
{"id": "t000004684", "svc": "gateway", "phase": "end", "ts": 8846100, "status": 200}
{"id": "t000004685", "svc": "payment", "phase": "start", "ts": 8847000, "status": 200}
{"id": "t000004685", "svc": "payment", "phase": "end", "ts": 8847100, "status": 200}
{"id": "t000004686", "svc": "auth", "phase": "start", "ts": 8848000, "status": 200}
{"id": "t000004686", "svc": "auth", "phase": "end", "ts": 8848100, "status": 200}
{"id": "t000004687", "svc": "gateway", "phase": "start", "ts": 8849000, "status": 200}
{"id": "t000004687", "svc": "gateway", "phase": "end", "ts": 8849100, "status": 200}
{"id": "t000004688", "svc": "payment", "phase": "start", "ts": 8850000, "status": 200}
{"id": "t000004688", "svc": "payment", "phase": "end", "ts": 8850100, "status": 500}
{"id": "t000004689", "svc": "auth", "phase": "start", "ts": 8851000, "status": 200}
{"id": "t000004689", "svc": "auth", "phase": "end", "ts": 8851100, "status": 200}
{"id": "t000004690", "svc": "gateway", "phase": "start", "ts": 8852000, "status": 200}
{"id": "t000004690", "svc": "gateway", "phase": "end", "ts": 8852100, "status": 200}
{"id": "t000004691", "svc": "payment", "phase": "start", "ts": 8853000, "status": 200}
{"id": "t000004691", "svc": "payment", "phase": "end", "ts": 8853100, "status": 200}
{"id": "t000004692", "svc": "auth", "phase": "start", "ts": 8854000, "status": 200}
{"id": "t000004692", "svc": "auth", "phase": "end", "ts": 8854100, "status": 200}
{"id": "t000004693", "svc": "gateway", "phase": "start", "ts": 8855000, "status": 200}
{"id": "t000004693", "svc": "gateway", "phase": "end", "ts": 8855100, "status": 200}
{"id": "t000004694", "svc": "payment", "phase": "start", "ts": 8856000, "status": 200}
{"id": "t000004694", "svc": "payment", "phase": "end", "ts": 8856100, "status": 200}
{"id": "t000004695", "svc": "auth", "phase": "start", "ts": 8857000, "status": 200}
{"id": "t000004695", "svc": "auth", "phase": "end", "ts": 8857100, "status": 200}
{"id": "t000004696", "svc": "gateway", "phase": "start", "ts": 8858000, "status": 200}
{"id": "t000004696", "svc": "gateway", "phase": "end", "ts": 8858100, "status": 500}
{"id": "t000004697", "svc": "payment", "phase": "start", "ts": 8859000, "status": 200}
{"id": "t000004697", "svc": "payment", "phase": "end", "ts": 8859100, "status": 200}
{"id": "t000004698", "svc": "auth", "phase": "start", "ts": 8860000, "status": 200}
{"id": "t000004698", "svc": "auth", "phase": "end", "ts": 8860100, "status": 200}
{"id": "t000004699", "svc": "gateway", "phase": "start", "ts": 8861000, "status": 200}
{"id": "t000004699", "svc": "gateway", "phase": "end", "ts": 8861100, "status": 200}
{"id": "t000004700", "svc": "payment", "phase": "start", "ts": 8862000, "status": 200}
{"id": "t000004700", "svc": "payment", "phase": "end", "ts": 8862100, "status": 200}
{"id": "t000004701", "svc": "auth", "phase": "start", "ts": 8863000, "status": 200}
{"id": "t000004701", "svc": "auth", "phase": "end", "ts": 8863100, "status": 200}
{"id": "t000004702", "svc": "gateway", "phase": "start", "ts": 8864000, "status": 200}
{"id": "t000004702", "svc": "gateway", "phase": "end", "ts": 8864100, "status": 200}
{"id": "t000004703", "svc": "payment", "phase": "start", "ts": 8865000, "status": 200}
{"id": "t000004703", "svc": "payment", "phase": "end", "ts": 8865100, "status": 200}
{"id": "t000004704", "svc": "auth", "phase": "start", "ts": 8866000, "status": 200}
{"id": "t000004704", "svc": "auth", "phase": "end", "ts": 8866100, "status": 500}
{"id": "t000004705", "svc": "gateway", "phase": "start", "ts": 8867000, "status": 200}
{"id": "t000004705", "svc": "gateway", "phase": "end", "ts": 8867100, "status": 200}
{"id": "t000004706", "svc": "payment", "phase": "start", "ts": 8868000, "status": 200}
{"id": "t000004706", "svc": "payment", "phase": "end", "ts": 8868100, "status": 200}
{"id": "t000004707", "svc": "auth", "phase": "start", "ts": 8869000, "status": 200}
{"id": "t000004707", "svc": "auth", "phase": "end", "ts": 8869100, "status": 200}
{"id": "t000004708", "svc": "gateway", "phase": "start", "ts": 8870000, "status": 200}
{"id": "t000004708", "svc": "gateway", "phase": "end", "ts": 8870100, "status": 200}
{"id": "t000004709", "svc": "payment", "phase": "start", "ts": 8871000, "status": 200}
{"id": "t000004709", "svc": "payment", "phase": "end", "ts": 8871100, "status": 200}
{"id": "t000004710", "svc": "auth", "phase": "start", "ts": 8872000, "status": 200}
{"id": "t000004710", "svc": "auth", "phase": "end", "ts": 8872100, "status": 200}
{"id": "t000004711", "svc": "gateway", "phase": "start", "ts": 8873000, "status": 200}
{"id": "t000004711", "svc": "gateway", "phase": "end", "ts": 8873100, "status": 200}
{"id": "t000004712", "svc": "payment", "phase": "start", "ts": 8874000, "status": 200}
{"id": "t000004712", "svc": "payment", "phase": "end", "ts": 8874100, "status": 500}
{"id": "t000004713", "svc": "auth", "phase": "start", "ts": 8875000, "status": 200}
{"id": "t000004713", "svc": "auth", "phase": "end", "ts": 8875100, "status": 200}
{"id": "t000004714", "svc": "gateway", "phase": "start", "ts": 8876000, "status": 200}
{"id": "t000004714", "svc": "gateway", "phase": "end", "ts": 8876100, "status": 200}
{"id": "t000004715", "svc": "payment", "phase": "start", "ts": 8877000, "status": 200}
{"id": "t000004715", "svc": "payment", "phase": "end", "ts": 8877100, "status": 200}
{"id": "t000004716", "svc": "auth", "phase": "start", "ts": 8878000, "status": 200}
{"id": "t000004716", "svc": "auth", "phase": "end", "ts": 8878100, "status": 200}
{"id": "t000004717", "svc": "gateway", "phase": "start", "ts": 8879000, "status": 200}
{"id": "t000004717", "svc": "gateway", "phase": "end", "ts": 8879100, "status": 200}
{"id": "t000004718", "svc": "payment", "phase": "start", "ts": 8880000, "status": 200}
{"id": "t000004718", "svc": "payment", "phase": "end", "ts": 8880100, "status": 200}
{"id": "t000004719", "svc": "auth", "phase": "start", "ts": 8881000, "status": 200}
{"id": "t000004719", "svc": "auth", "phase": "end", "ts": 8881100, "status": 200}
{"id": "t000004720", "svc": "gateway", "phase": "start", "ts": 8882000, "status": 200}
{"id": "t000004720", "svc": "gateway", "phase": "end", "ts": 8882100, "status": 500}
{"id": "t000004721", "svc": "payment", "phase": "start", "ts": 8883000, "status": 200}
{"id": "t000004721", "svc": "payment", "phase": "end", "ts": 8883100, "status": 200}
{"id": "t000004722", "svc": "auth", "phase": "start", "ts": 8884000, "status": 200}
{"id": "t000004722", "svc": "auth", "phase": "end", "ts": 8884100, "status": 200}
{"id": "t000004723", "svc": "gateway", "phase": "start", "ts": 8885000, "status": 200}
{"id": "t000004723", "svc": "gateway", "phase": "end", "ts": 8885100, "status": 200}
{"id": "t000004724", "svc": "payment", "phase": "start", "ts": 8886000, "status": 200}
{"id": "t000004724", "svc": "payment", "phase": "end", "ts": 8886100, "status": 200}
{"id": "t000004725", "svc": "auth", "phase": "start", "ts": 8887000, "status": 200}
{"id": "t000004725", "svc": "auth", "phase": "end", "ts": 8887100, "status": 200}
{"id": "t000004726", "svc": "gateway", "phase": "start", "ts": 8888000, "status": 200}
{"id": "t000004726", "svc": "gateway", "phase": "end", "ts": 8888100, "status": 200}
{"id": "t000004727", "svc": "payment", "phase": "start", "ts": 8889000, "status": 200}
{"id": "t000004727", "svc": "payment", "phase": "end", "ts": 8889100, "status": 200}
{"id": "t000004728", "svc": "auth", "phase": "start", "ts": 8890000, "status": 200}
{"id": "t000004728", "svc": "auth", "phase": "end", "ts": 8890100, "status": 500}
{"id": "t000004729", "svc": "gateway", "phase": "start", "ts": 8891000, "status": 200}
{"id": "t000004729", "svc": "gateway", "phase": "end", "ts": 8891100, "status": 200}
{"id": "t000004730", "svc": "payment", "phase": "start", "ts": 8892000, "status": 200}
{"id": "t000004730", "svc": "payment", "phase": "end", "ts": 8892100, "status": 200}
{"id": "t000004731", "svc": "auth", "phase": "start", "ts": 8893000, "status": 200}
{"id": "t000004731", "svc": "auth", "phase": "end", "ts": 8893100, "status": 200}
{"id": "t000004732", "svc": "gateway", "phase": "start", "ts": 8894000, "status": 200}
{"id": "t000004732", "svc": "gateway", "phase": "end", "ts": 8894100, "status": 200}
{"id": "t000004733", "svc": "payment", "phase": "start", "ts": 8895000, "status": 200}
{"id": "t000004733", "svc": "payment", "phase": "end", "ts": 8895100, "status": 200}
{"id": "t000004734", "svc": "auth", "phase": "start", "ts": 8896000, "status": 200}
{"id": "t000004734", "svc": "auth", "phase": "end", "ts": 8896100, "status": 200}
{"id": "t000004735", "svc": "gateway", "phase": "start", "ts": 8897000, "status": 200}
{"id": "t000004735", "svc": "gateway", "phase": "end", "ts": 8897100, "status": 200}
{"id": "t000004736", "svc": "payment", "phase": "start", "ts": 8898000, "status": 200}
{"id": "t000004736", "svc": "payment", "phase": "end", "ts": 8898100, "status": 500}
{"id": "t000004737", "svc": "auth", "phase": "start", "ts": 8899000, "status": 200}
{"id": "t000004737", "svc": "auth", "phase": "end", "ts": 8899100, "status": 200}
{"id": "t000004738", "svc": "gateway", "phase": "start", "ts": 8900000, "status": 200}
{"id": "t000004738", "svc": "gateway", "phase": "end", "ts": 8900100, "status": 200}
{"id": "t000004739", "svc": "payment", "phase": "start", "ts": 8901000, "status": 200}
{"id": "t000004739", "svc": "payment", "phase": "end", "ts": 8901100, "status": 200}
{"id": "t000004740", "svc": "auth", "phase": "start", "ts": 8902000, "status": 200}
{"id": "t000004740", "svc": "auth", "phase": "end", "ts": 8902100, "status": 200}
{"id": "t000004741", "svc": "gateway", "phase": "start", "ts": 8903000, "status": 200}
{"id": "t000004741", "svc": "gateway", "phase": "end", "ts": 8903100, "status": 200}
{"id": "t000004742", "svc": "payment", "phase": "start", "ts": 8904000, "status": 200}
{"id": "t000004742", "svc": "payment", "phase": "end", "ts": 8904100, "status": 200}
{"id": "t000004743", "svc": "auth", "phase": "start", "ts": 8905000, "status": 200}
{"id": "t000004743", "svc": "auth", "phase": "end", "ts": 8905100, "status": 200}
{"id": "t000004744", "svc": "gateway", "phase": "start", "ts": 8906000, "status": 200}
{"id": "t000004744", "svc": "gateway", "phase": "end", "ts": 8906100, "status": 500}
{"id": "t000004745", "svc": "payment", "phase": "start", "ts": 8907000, "status": 200}
{"id": "t000004745", "svc": "payment", "phase": "end", "ts": 8907100, "status": 200}
{"id": "t000004746", "svc": "auth", "phase": "start", "ts": 8908000, "status": 200}
{"id": "t000004746", "svc": "auth", "phase": "end", "ts": 8908100, "status": 200}
{"id": "t000004747", "svc": "gateway", "phase": "start", "ts": 8909000, "status": 200}
{"id": "t000004747", "svc": "gateway", "phase": "end", "ts": 8909100, "status": 200}
{"id": "t000004748", "svc": "payment", "phase": "start", "ts": 8910000, "status": 200}
{"id": "t000004748", "svc": "payment", "phase": "end", "ts": 8910100, "status": 200}
{"id": "t000004749", "svc": "auth", "phase": "start", "ts": 8911000, "status": 200}
{"id": "t000004749", "svc": "auth", "phase": "end", "ts": 8911100, "status": 200}
{"id": "t000004750", "svc": "gateway", "phase": "start", "ts": 8912000, "status": 200}
{"id": "t000004750", "svc": "gateway", "phase": "end", "ts": 8912100, "status": 200}
{"id": "t000004751", "svc": "payment", "phase": "start", "ts": 8913000, "status": 200}
{"id": "t000004751", "svc": "payment", "phase": "end", "ts": 8913100, "status": 200}
{"id": "t000004752", "svc": "auth", "phase": "start", "ts": 8914000, "status": 200}
{"id": "t000004752", "svc": "auth", "phase": "end", "ts": 8914100, "status": 500}
{"id": "t000004753", "svc": "gateway", "phase": "start", "ts": 8915000, "status": 200}
{"id": "t000004753", "svc": "gateway", "phase": "end", "ts": 8915100, "status": 200}
{"id": "t000004754", "svc": "payment", "phase": "start", "ts": 8916000, "status": 200}
{"id": "t000004754", "svc": "payment", "phase": "end", "ts": 8916100, "status": 200}
{"id": "t000004755", "svc": "auth", "phase": "start", "ts": 8917000, "status": 200}
{"id": "t000004755", "svc": "auth", "phase": "end", "ts": 8917100, "status": 200}
{"id": "t000004756", "svc": "gateway", "phase": "start", "ts": 8918000, "status": 200}
{"id": "t000004756", "svc": "gateway", "phase": "end", "ts": 8918100, "status": 200}
{"id": "t000004757", "svc": "payment", "phase": "start", "ts": 8919000, "status": 200}
{"id": "t000004757", "svc": "payment", "phase": "end", "ts": 8919100, "status": 200}
{"id": "t000004758", "svc": "auth", "phase": "start", "ts": 8920000, "status": 200}
{"id": "t000004758", "svc": "auth", "phase": "end", "ts": 8920100, "status": 200}
{"id": "t000004759", "svc": "gateway", "phase": "start", "ts": 8921000, "status": 200}
{"id": "t000004759", "svc": "gateway", "phase": "end", "ts": 8921100, "status": 200}
{"id": "t000004760", "svc": "payment", "phase": "start", "ts": 8922000, "status": 200}
{"id": "t000004760", "svc": "payment", "phase": "end", "ts": 8922100, "status": 500}
{"id": "t000004761", "svc": "auth", "phase": "start", "ts": 8923000, "status": 200}
{"id": "t000004761", "svc": "auth", "phase": "end", "ts": 8923100, "status": 200}
{"id": "t000004762", "svc": "gateway", "phase": "start", "ts": 8924000, "status": 200}
{"id": "t000004762", "svc": "gateway", "phase": "end", "ts": 8924100, "status": 200}
{"id": "t000004763", "svc": "payment", "phase": "start", "ts": 8925000, "status": 200}
{"id": "t000004763", "svc": "payment", "phase": "end", "ts": 8925100, "status": 200}
{"id": "t000004764", "svc": "auth", "phase": "start", "ts": 8926000, "status": 200}
{"id": "t000004764", "svc": "auth", "phase": "end", "ts": 8926100, "status": 200}
{"id": "t000004765", "svc": "gateway", "phase": "start", "ts": 8927000, "status": 200}
{"id": "t000004765", "svc": "gateway", "phase": "end", "ts": 8927100, "status": 200}
{"id": "t000004766", "svc": "payment", "phase": "start", "ts": 8928000, "status": 200}
{"id": "t000004766", "svc": "payment", "phase": "end", "ts": 8928100, "status": 200}
{"id": "t000004767", "svc": "auth", "phase": "start", "ts": 8929000, "status": 200}
{"id": "t000004767", "svc": "auth", "phase": "end", "ts": 8929100, "status": 200}
{"id": "t000004768", "svc": "gateway", "phase": "start", "ts": 8930000, "status": 200}
{"id": "t000004768", "svc": "gateway", "phase": "end", "ts": 8930100, "status": 500}
{"id": "t000004769", "svc": "payment", "phase": "start", "ts": 8931000, "status": 200}
{"id": "t000004769", "svc": "payment", "phase": "end", "ts": 8931100, "status": 200}
{"id": "t000004770", "svc": "auth", "phase": "start", "ts": 8932000, "status": 200}
{"id": "t000004770", "svc": "auth", "phase": "end", "ts": 8932100, "status": 200}
{"id": "t000004771", "svc": "gateway", "phase": "start", "ts": 8933000, "status": 200}
{"id": "t000004771", "svc": "gateway", "phase": "end", "ts": 8933100, "status": 200}
{"id": "t000004772", "svc": "payment", "phase": "start", "ts": 8934000, "status": 200}
{"id": "t000004772", "svc": "payment", "phase": "end", "ts": 8934100, "status": 200}
{"id": "t000004773", "svc": "auth", "phase": "start", "ts": 8935000, "status": 200}
{"id": "t000004773", "svc": "auth", "phase": "end", "ts": 8935100, "status": 200}
{"id": "t000004774", "svc": "gateway", "phase": "start", "ts": 8936000, "status": 200}
{"id": "t000004774", "svc": "gateway", "phase": "end", "ts": 8936100, "status": 200}
{"id": "t000004775", "svc": "payment", "phase": "start", "ts": 8937000, "status": 200}
{"id": "t000004775", "svc": "payment", "phase": "end", "ts": 8937100, "status": 200}
{"id": "t000004776", "svc": "auth", "phase": "start", "ts": 8938000, "status": 200}
{"id": "t000004776", "svc": "auth", "phase": "end", "ts": 8938100, "status": 500}
{"id": "t000004777", "svc": "gateway", "phase": "start", "ts": 8939000, "status": 200}
{"id": "t000004777", "svc": "gateway", "phase": "end", "ts": 8939100, "status": 200}
{"id": "t000004778", "svc": "payment", "phase": "start", "ts": 8940000, "status": 200}
{"id": "t000004778", "svc": "payment", "phase": "end", "ts": 8940100, "status": 200}
{"id": "t000004779", "svc": "auth", "phase": "start", "ts": 8941000, "status": 200}
{"id": "t000004779", "svc": "auth", "phase": "end", "ts": 8941100, "status": 200}
{"id": "t000004780", "svc": "gateway", "phase": "start", "ts": 8942000, "status": 200}
{"id": "t000004780", "svc": "gateway", "phase": "end", "ts": 8942100, "status": 200}
{"id": "t000004781", "svc": "payment", "phase": "start", "ts": 8943000, "status": 200}
{"id": "t000004781", "svc": "payment", "phase": "end", "ts": 8943100, "status": 200}
{"id": "t000004782", "svc": "auth", "phase": "start", "ts": 8944000, "status": 200}
{"id": "t000004782", "svc": "auth", "phase": "end", "ts": 8944100, "status": 200}
{"id": "t000004783", "svc": "gateway", "phase": "start", "ts": 8945000, "status": 200}
{"id": "t000004783", "svc": "gateway", "phase": "end", "ts": 8945100, "status": 200}
{"id": "t000004784", "svc": "payment", "phase": "start", "ts": 8946000, "status": 200}
{"id": "t000004784", "svc": "payment", "phase": "end", "ts": 8946100, "status": 500}
{"id": "t000004785", "svc": "auth", "phase": "start", "ts": 8947000, "status": 200}
{"id": "t000004785", "svc": "auth", "phase": "end", "ts": 8947100, "status": 200}
{"id": "t000004786", "svc": "gateway", "phase": "start", "ts": 8948000, "status": 200}
{"id": "t000004786", "svc": "gateway", "phase": "end", "ts": 8948100, "status": 200}
{"id": "t000004787", "svc": "payment", "phase": "start", "ts": 8949000, "status": 200}
{"id": "t000004787", "svc": "payment", "phase": "end", "ts": 8949100, "status": 200}
{"id": "t000004788", "svc": "auth", "phase": "start", "ts": 8950000, "status": 200}
{"id": "t000004788", "svc": "auth", "phase": "end", "ts": 8950100, "status": 200}
{"id": "t000004789", "svc": "gateway", "phase": "start", "ts": 8951000, "status": 200}
{"id": "t000004789", "svc": "gateway", "phase": "end", "ts": 8951100, "status": 200}
{"id": "t000004790", "svc": "payment", "phase": "start", "ts": 8952000, "status": 200}
{"id": "t000004790", "svc": "payment", "phase": "end", "ts": 8952100, "status": 200}
{"id": "t000004791", "svc": "auth", "phase": "start", "ts": 8953000, "status": 200}
{"id": "t000004791", "svc": "auth", "phase": "end", "ts": 8953100, "status": 200}
{"id": "t000004792", "svc": "gateway", "phase": "start", "ts": 8954000, "status": 200}
{"id": "t000004792", "svc": "gateway", "phase": "end", "ts": 8954100, "status": 500}
{"id": "t000004793", "svc": "payment", "phase": "start", "ts": 8955000, "status": 200}
{"id": "t000004793", "svc": "payment", "phase": "end", "ts": 8955100, "status": 200}
{"id": "t000004794", "svc": "auth", "phase": "start", "ts": 8956000, "status": 200}
{"id": "t000004794", "svc": "auth", "phase": "end", "ts": 8956100, "status": 200}
{"id": "t000004795", "svc": "gateway", "phase": "start", "ts": 8957000, "status": 200}
{"id": "t000004795", "svc": "gateway", "phase": "end", "ts": 8957100, "status": 200}
{"id": "t000004796", "svc": "payment", "phase": "start", "ts": 8958000, "status": 200}
{"id": "t000004796", "svc": "payment", "phase": "end", "ts": 8958100, "status": 200}
{"id": "t000004797", "svc": "auth", "phase": "start", "ts": 8959000, "status": 200}
{"id": "t000004797", "svc": "auth", "phase": "end", "ts": 8959100, "status": 200}
{"id": "t000004798", "svc": "gateway", "phase": "start", "ts": 8960000, "status": 200}
{"id": "t000004798", "svc": "gateway", "phase": "end", "ts": 8960100, "status": 200}
{"id": "t000004799", "svc": "payment", "phase": "start", "ts": 8961000, "status": 200}
{"id": "t000004799", "svc": "payment", "phase": "end", "ts": 8961100, "status": 200}
{"id": "t000004800", "svc": "auth", "phase": "start", "ts": 8962000, "status": 200}
{"id": "t000004800", "svc": "auth", "phase": "end", "ts": 8962100, "status": 500}
{"id": "t000004801", "svc": "gateway", "phase": "start", "ts": 8963000, "status": 200}
{"id": "t000004801", "svc": "gateway", "phase": "end", "ts": 8963100, "status": 200}
{"id": "t000004802", "svc": "payment", "phase": "start", "ts": 8964000, "status": 200}
{"id": "t000004802", "svc": "payment", "phase": "end", "ts": 8964100, "status": 200}
{"id": "t000004803", "svc": "auth", "phase": "start", "ts": 8965000, "status": 200}
{"id": "t000004803", "svc": "auth", "phase": "end", "ts": 8965100, "status": 200}
{"id": "t000004804", "svc": "gateway", "phase": "start", "ts": 8966000, "status": 200}
{"id": "t000004804", "svc": "gateway", "phase": "end", "ts": 8966100, "status": 200}
{"id": "t000004805", "svc": "payment", "phase": "start", "ts": 8967000, "status": 200}
{"id": "t000004805", "svc": "payment", "phase": "end", "ts": 8967100, "status": 200}
{"id": "t000004806", "svc": "auth", "phase": "start", "ts": 8968000, "status": 200}
{"id": "t000004806", "svc": "auth", "phase": "end", "ts": 8968100, "status": 200}
{"id": "t000004807", "svc": "gateway", "phase": "start", "ts": 8969000, "status": 200}
{"id": "t000004807", "svc": "gateway", "phase": "end", "ts": 8969100, "status": 200}
{"id": "t000004808", "svc": "payment", "phase": "start", "ts": 8970000, "status": 200}
{"id": "t000004808", "svc": "payment", "phase": "end", "ts": 8970100, "status": 500}
{"id": "t000004809", "svc": "auth", "phase": "start", "ts": 8971000, "status": 200}
{"id": "t000004809", "svc": "auth", "phase": "end", "ts": 8971100, "status": 200}
{"id": "t000004810", "svc": "gateway", "phase": "start", "ts": 8972000, "status": 200}
{"id": "t000004810", "svc": "gateway", "phase": "end", "ts": 8972100, "status": 200}
{"id": "t000004811", "svc": "payment", "phase": "start", "ts": 8973000, "status": 200}
{"id": "t000004811", "svc": "payment", "phase": "end", "ts": 8973100, "status": 200}
{"id": "t000004812", "svc": "auth", "phase": "start", "ts": 8974000, "status": 200}
{"id": "t000004812", "svc": "auth", "phase": "end", "ts": 8974100, "status": 200}
{"id": "t000004813", "svc": "gateway", "phase": "start", "ts": 8975000, "status": 200}
{"id": "t000004813", "svc": "gateway", "phase": "end", "ts": 8975100, "status": 200}
{"id": "t000004814", "svc": "payment", "phase": "start", "ts": 8976000, "status": 200}
{"id": "t000004814", "svc": "payment", "phase": "end", "ts": 8976100, "status": 200}
{"id": "t000004815", "svc": "auth", "phase": "start", "ts": 8977000, "status": 200}
{"id": "t000004815", "svc": "auth", "phase": "end", "ts": 8977100, "status": 200}
{"id": "t000004816", "svc": "gateway", "phase": "start", "ts": 8978000, "status": 200}
{"id": "t000004816", "svc": "gateway", "phase": "end", "ts": 8978100, "status": 500}
{"id": "t000004817", "svc": "payment", "phase": "start", "ts": 8979000, "status": 200}
{"id": "t000004817", "svc": "payment", "phase": "end", "ts": 8979100, "status": 200}
{"id": "t000004818", "svc": "auth", "phase": "start", "ts": 8980000, "status": 200}
{"id": "t000004818", "svc": "auth", "phase": "end", "ts": 8980100, "status": 200}
{"id": "t000004819", "svc": "gateway", "phase": "start", "ts": 8981000, "status": 200}
{"id": "t000004819", "svc": "gateway", "phase": "end", "ts": 8981100, "status": 200}
{"id": "t000004820", "svc": "payment", "phase": "start", "ts": 8982000, "status": 200}
{"id": "t000004820", "svc": "payment", "phase": "end", "ts": 8982100, "status": 200}
{"id": "t000004821", "svc": "auth", "phase": "start", "ts": 8983000, "status": 200}
{"id": "t000004821", "svc": "auth", "phase": "end", "ts": 8983100, "status": 200}
{"id": "t000004822", "svc": "gateway", "phase": "start", "ts": 8984000, "status": 200}
{"id": "t000004822", "svc": "gateway", "phase": "end", "ts": 8984100, "status": 200}
{"id": "t000004823", "svc": "payment", "phase": "start", "ts": 8985000, "status": 200}
{"id": "t000004823", "svc": "payment", "phase": "end", "ts": 8985100, "status": 200}
{"id": "t000004824", "svc": "auth", "phase": "start", "ts": 8986000, "status": 200}
{"id": "t000004824", "svc": "auth", "phase": "end", "ts": 8986100, "status": 500}
{"id": "t000004825", "svc": "gateway", "phase": "start", "ts": 8987000, "status": 200}
{"id": "t000004825", "svc": "gateway", "phase": "end", "ts": 8987100, "status": 200}
{"id": "t000004826", "svc": "payment", "phase": "start", "ts": 8988000, "status": 200}
{"id": "t000004826", "svc": "payment", "phase": "end", "ts": 8988100, "status": 200}
{"id": "t000004827", "svc": "auth", "phase": "start", "ts": 8989000, "status": 200}
{"id": "t000004827", "svc": "auth", "phase": "end", "ts": 8989100, "status": 200}
{"id": "t000004828", "svc": "gateway", "phase": "start", "ts": 8990000, "status": 200}
{"id": "t000004828", "svc": "gateway", "phase": "end", "ts": 8990100, "status": 200}
{"id": "t000004829", "svc": "payment", "phase": "start", "ts": 8991000, "status": 200}
{"id": "t000004829", "svc": "payment", "phase": "end", "ts": 8991100, "status": 200}
{"id": "t000004830", "svc": "auth", "phase": "start", "ts": 8992000, "status": 200}
{"id": "t000004830", "svc": "auth", "phase": "end", "ts": 8992100, "status": 200}
{"id": "t000004831", "svc": "gateway", "phase": "start", "ts": 8993000, "status": 200}
{"id": "t000004831", "svc": "gateway", "phase": "end", "ts": 8993100, "status": 200}
{"id": "t000004832", "svc": "payment", "phase": "start", "ts": 8994000, "status": 200}
{"id": "t000004832", "svc": "payment", "phase": "end", "ts": 8994100, "status": 500}
{"id": "t000004833", "svc": "auth", "phase": "start", "ts": 8995000, "status": 200}
{"id": "t000004833", "svc": "auth", "phase": "end", "ts": 8995100, "status": 200}
{"id": "t000004834", "svc": "gateway", "phase": "start", "ts": 8996000, "status": 200}
{"id": "t000004834", "svc": "gateway", "phase": "end", "ts": 8996100, "status": 200}
{"id": "t000004835", "svc": "payment", "phase": "start", "ts": 8997000, "status": 200}
{"id": "t000004835", "svc": "payment", "phase": "end", "ts": 8997100, "status": 200}
{"id": "t000004836", "svc": "auth", "phase": "start", "ts": 8998000, "status": 200}
{"id": "t000004836", "svc": "auth", "phase": "end", "ts": 8998100, "status": 200}
{"id": "t000004837", "svc": "gateway", "phase": "start", "ts": 8999000, "status": 200}
{"id": "t000004837", "svc": "gateway", "phase": "end", "ts": 8999100, "status": 200}
{"id": "t000004838", "svc": "payment", "phase": "start", "ts": 9000000, "status": 200}
{"id": "t000004838", "svc": "payment", "phase": "end", "ts": 9000100, "status": 200}
{"id": "t000004839", "svc": "auth", "phase": "start", "ts": 9001000, "status": 200}
{"id": "t000004839", "svc": "auth", "phase": "end", "ts": 9001100, "status": 200}
{"id": "t000004840", "svc": "gateway", "phase": "start", "ts": 9002000, "status": 200}
{"id": "t000004840", "svc": "gateway", "phase": "end", "ts": 9002100, "status": 500}
{"id": "t000004841", "svc": "payment", "phase": "start", "ts": 9003000, "status": 200}
{"id": "t000004841", "svc": "payment", "phase": "end", "ts": 9003100, "status": 200}
{"id": "t000004842", "svc": "auth", "phase": "start", "ts": 9004000, "status": 200}
{"id": "t000004842", "svc": "auth", "phase": "end", "ts": 9004100, "status": 200}
{"id": "t000004843", "svc": "gateway", "phase": "start", "ts": 9005000, "status": 200}
{"id": "t000004843", "svc": "gateway", "phase": "end", "ts": 9005100, "status": 200}
{"id": "t000004844", "svc": "payment", "phase": "start", "ts": 9006000, "status": 200}
{"id": "t000004844", "svc": "payment", "phase": "end", "ts": 9006100, "status": 200}
{"id": "t000004845", "svc": "auth", "phase": "start", "ts": 9007000, "status": 200}
{"id": "t000004845", "svc": "auth", "phase": "end", "ts": 9007100, "status": 200}
{"id": "t000004846", "svc": "gateway", "phase": "start", "ts": 9008000, "status": 200}
{"id": "t000004846", "svc": "gateway", "phase": "end", "ts": 9008100, "status": 200}
{"id": "t000004847", "svc": "payment", "phase": "start", "ts": 9009000, "status": 200}
{"id": "t000004847", "svc": "payment", "phase": "end", "ts": 9009100, "status": 200}
{"id": "t000004848", "svc": "auth", "phase": "start", "ts": 9010000, "status": 200}
{"id": "t000004848", "svc": "auth", "phase": "end", "ts": 9010100, "status": 500}
{"id": "t000004849", "svc": "gateway", "phase": "start", "ts": 9011000, "status": 200}
{"id": "t000004849", "svc": "gateway", "phase": "end", "ts": 9011100, "status": 200}
{"id": "t000004850", "svc": "payment", "phase": "start", "ts": 9012000, "status": 200}
{"id": "t000004850", "svc": "payment", "phase": "end", "ts": 9012100, "status": 200}
{"id": "t000004851", "svc": "auth", "phase": "start", "ts": 9013000, "status": 200}
{"id": "t000004851", "svc": "auth", "phase": "end", "ts": 9013100, "status": 200}
{"id": "t000004852", "svc": "gateway", "phase": "start", "ts": 9014000, "status": 200}
{"id": "t000004852", "svc": "gateway", "phase": "end", "ts": 9014100, "status": 200}
{"id": "t000004853", "svc": "payment", "phase": "start", "ts": 9015000, "status": 200}
{"id": "t000004853", "svc": "payment", "phase": "end", "ts": 9015100, "status": 200}
{"id": "t000004854", "svc": "auth", "phase": "start", "ts": 9016000, "status": 200}
{"id": "t000004854", "svc": "auth", "phase": "end", "ts": 9016100, "status": 200}
{"id": "t000004855", "svc": "gateway", "phase": "start", "ts": 9017000, "status": 200}
{"id": "t000004855", "svc": "gateway", "phase": "end", "ts": 9017100, "status": 200}
{"id": "t000004856", "svc": "payment", "phase": "start", "ts": 9018000, "status": 200}
{"id": "t000004856", "svc": "payment", "phase": "end", "ts": 9018100, "status": 500}
{"id": "t000004857", "svc": "auth", "phase": "start", "ts": 9019000, "status": 200}
{"id": "t000004857", "svc": "auth", "phase": "end", "ts": 9019100, "status": 200}
{"id": "t000004858", "svc": "gateway", "phase": "start", "ts": 9020000, "status": 200}
{"id": "t000004858", "svc": "gateway", "phase": "end", "ts": 9020100, "status": 200}
{"id": "t000004859", "svc": "payment", "phase": "start", "ts": 9021000, "status": 200}
{"id": "t000004859", "svc": "payment", "phase": "end", "ts": 9021100, "status": 200}
{"id": "t000004860", "svc": "auth", "phase": "start", "ts": 9022000, "status": 200}
{"id": "t000004860", "svc": "auth", "phase": "end", "ts": 9022100, "status": 200}
{"id": "t000004861", "svc": "gateway", "phase": "start", "ts": 9023000, "status": 200}
{"id": "t000004861", "svc": "gateway", "phase": "end", "ts": 9023100, "status": 200}
{"id": "t000004862", "svc": "payment", "phase": "start", "ts": 9024000, "status": 200}
{"id": "t000004862", "svc": "payment", "phase": "end", "ts": 9024100, "status": 200}
{"id": "t000004863", "svc": "auth", "phase": "start", "ts": 9025000, "status": 200}
{"id": "t000004863", "svc": "auth", "phase": "end", "ts": 9025100, "status": 200}
{"id": "t000004864", "svc": "gateway", "phase": "start", "ts": 9026000, "status": 200}
{"id": "t000004864", "svc": "gateway", "phase": "end", "ts": 9026100, "status": 500}
{"id": "t000004865", "svc": "payment", "phase": "start", "ts": 9027000, "status": 200}
{"id": "t000004865", "svc": "payment", "phase": "end", "ts": 9027100, "status": 200}
{"id": "t000004866", "svc": "auth", "phase": "start", "ts": 9028000, "status": 200}
{"id": "t000004866", "svc": "auth", "phase": "end", "ts": 9028100, "status": 200}
{"id": "t000004867", "svc": "gateway", "phase": "start", "ts": 9029000, "status": 200}
{"id": "t000004867", "svc": "gateway", "phase": "end", "ts": 9029100, "status": 200}
{"id": "t000004868", "svc": "payment", "phase": "start", "ts": 9030000, "status": 200}
{"id": "t000004868", "svc": "payment", "phase": "end", "ts": 9030100, "status": 200}
{"id": "t000004869", "svc": "auth", "phase": "start", "ts": 9031000, "status": 200}
{"id": "t000004869", "svc": "auth", "phase": "end", "ts": 9031100, "status": 200}
{"id": "t000004870", "svc": "gateway", "phase": "start", "ts": 9032000, "status": 200}
{"id": "t000004870", "svc": "gateway", "phase": "end", "ts": 9032100, "status": 200}
{"id": "t000004871", "svc": "payment", "phase": "start", "ts": 9033000, "status": 200}
{"id": "t000004871", "svc": "payment", "phase": "end", "ts": 9033100, "status": 200}
{"id": "t000004872", "svc": "auth", "phase": "start", "ts": 9034000, "status": 200}
{"id": "t000004872", "svc": "auth", "phase": "end", "ts": 9034100, "status": 500}
{"id": "t000004873", "svc": "gateway", "phase": "start", "ts": 9035000, "status": 200}
{"id": "t000004873", "svc": "gateway", "phase": "end", "ts": 9035100, "status": 200}
{"id": "t000004874", "svc": "payment", "phase": "start", "ts": 9036000, "status": 200}
{"id": "t000004874", "svc": "payment", "phase": "end", "ts": 9036100, "status": 200}
{"id": "t000004875", "svc": "auth", "phase": "start", "ts": 9037000, "status": 200}
{"id": "t000004875", "svc": "auth", "phase": "end", "ts": 9037100, "status": 200}
{"id": "t000004876", "svc": "gateway", "phase": "start", "ts": 9038000, "status": 200}
{"id": "t000004876", "svc": "gateway", "phase": "end", "ts": 9038100, "status": 200}
{"id": "t000004877", "svc": "payment", "phase": "start", "ts": 9039000, "status": 200}
{"id": "t000004877", "svc": "payment", "phase": "end", "ts": 9039100, "status": 200}
{"id": "t000004878", "svc": "auth", "phase": "start", "ts": 9040000, "status": 200}
{"id": "t000004878", "svc": "auth", "phase": "end", "ts": 9040100, "status": 200}
{"id": "t000004879", "svc": "gateway", "phase": "start", "ts": 9041000, "status": 200}
{"id": "t000004879", "svc": "gateway", "phase": "end", "ts": 9041100, "status": 200}
{"id": "t000004880", "svc": "payment", "phase": "start", "ts": 9042000, "status": 200}
{"id": "t000004880", "svc": "payment", "phase": "end", "ts": 9042100, "status": 500}
{"id": "t000004881", "svc": "auth", "phase": "start", "ts": 9043000, "status": 200}
{"id": "t000004881", "svc": "auth", "phase": "end", "ts": 9043100, "status": 200}
{"id": "t000004882", "svc": "gateway", "phase": "start", "ts": 9044000, "status": 200}
{"id": "t000004882", "svc": "gateway", "phase": "end", "ts": 9044100, "status": 200}
{"id": "t000004883", "svc": "payment", "phase": "start", "ts": 9045000, "status": 200}
{"id": "t000004883", "svc": "payment", "phase": "end", "ts": 9045100, "status": 200}
{"id": "t000004884", "svc": "auth", "phase": "start", "ts": 9046000, "status": 200}
{"id": "t000004884", "svc": "auth", "phase": "end", "ts": 9046100, "status": 200}
{"id": "t000004885", "svc": "gateway", "phase": "start", "ts": 9047000, "status": 200}
{"id": "t000004885", "svc": "gateway", "phase": "end", "ts": 9047100, "status": 200}
{"id": "t000004886", "svc": "payment", "phase": "start", "ts": 9048000, "status": 200}
{"id": "t000004886", "svc": "payment", "phase": "end", "ts": 9048100, "status": 200}
{"id": "t000004887", "svc": "auth", "phase": "start", "ts": 9049000, "status": 200}
{"id": "t000004887", "svc": "auth", "phase": "end", "ts": 9049100, "status": 200}
{"id": "t000004888", "svc": "gateway", "phase": "start", "ts": 9050000, "status": 200}
{"id": "t000004888", "svc": "gateway", "phase": "end", "ts": 9050100, "status": 500}
{"id": "t000004889", "svc": "payment", "phase": "start", "ts": 9051000, "status": 200}
{"id": "t000004889", "svc": "payment", "phase": "end", "ts": 9051100, "status": 200}
{"id": "t000004890", "svc": "auth", "phase": "start", "ts": 9052000, "status": 200}
{"id": "t000004890", "svc": "auth", "phase": "end", "ts": 9052100, "status": 200}
{"id": "t000004891", "svc": "gateway", "phase": "start", "ts": 9053000, "status": 200}
{"id": "t000004891", "svc": "gateway", "phase": "end", "ts": 9053100, "status": 200}
{"id": "t000004892", "svc": "payment", "phase": "start", "ts": 9054000, "status": 200}
{"id": "t000004892", "svc": "payment", "phase": "end", "ts": 9054100, "status": 200}
{"id": "t000004893", "svc": "auth", "phase": "start", "ts": 9055000, "status": 200}
{"id": "t000004893", "svc": "auth", "phase": "end", "ts": 9055100, "status": 200}
{"id": "t000004894", "svc": "gateway", "phase": "start", "ts": 9056000, "status": 200}
{"id": "t000004894", "svc": "gateway", "phase": "end", "ts": 9056100, "status": 200}
{"id": "t000004895", "svc": "payment", "phase": "start", "ts": 9057000, "status": 200}
{"id": "t000004895", "svc": "payment", "phase": "end", "ts": 9057100, "status": 200}
{"id": "t000004896", "svc": "auth", "phase": "start", "ts": 9058000, "status": 200}
{"id": "t000004896", "svc": "auth", "phase": "end", "ts": 9058100, "status": 500}
{"id": "t000004897", "svc": "gateway", "phase": "start", "ts": 9059000, "status": 200}
{"id": "t000004897", "svc": "gateway", "phase": "end", "ts": 9059100, "status": 200}
{"id": "t000004898", "svc": "payment", "phase": "start", "ts": 9060000, "status": 200}
{"id": "t000004898", "svc": "payment", "phase": "end", "ts": 9060100, "status": 200}
{"id": "t000004899", "svc": "auth", "phase": "start", "ts": 9061000, "status": 200}
{"id": "t000004899", "svc": "auth", "phase": "end", "ts": 9061100, "status": 200}
{"id": "t000004900", "svc": "gateway", "phase": "start", "ts": 9062000, "status": 200}
{"id": "t000004900", "svc": "gateway", "phase": "end", "ts": 9062100, "status": 200}
{"id": "t000004901", "svc": "payment", "phase": "start", "ts": 9063000, "status": 200}
{"id": "t000004901", "svc": "payment", "phase": "end", "ts": 9063100, "status": 200}
{"id": "t000004902", "svc": "auth", "phase": "start", "ts": 9064000, "status": 200}
{"id": "t000004902", "svc": "auth", "phase": "end", "ts": 9064100, "status": 200}
{"id": "t000004903", "svc": "gateway", "phase": "start", "ts": 9065000, "status": 200}
{"id": "t000004903", "svc": "gateway", "phase": "end", "ts": 9065100, "status": 200}
{"id": "t000004904", "svc": "payment", "phase": "start", "ts": 9066000, "status": 200}
{"id": "t000004904", "svc": "payment", "phase": "end", "ts": 9066100, "status": 500}
{"id": "t000004905", "svc": "auth", "phase": "start", "ts": 9067000, "status": 200}
{"id": "t000004905", "svc": "auth", "phase": "end", "ts": 9067100, "status": 200}
{"id": "t000004906", "svc": "gateway", "phase": "start", "ts": 9068000, "status": 200}
{"id": "t000004906", "svc": "gateway", "phase": "end", "ts": 9068100, "status": 200}
{"id": "t000004907", "svc": "payment", "phase": "start", "ts": 9069000, "status": 200}
{"id": "t000004907", "svc": "payment", "phase": "end", "ts": 9069100, "status": 200}
{"id": "t000004908", "svc": "auth", "phase": "start", "ts": 9070000, "status": 200}
{"id": "t000004908", "svc": "auth", "phase": "end", "ts": 9070100, "status": 200}
{"id": "t000004909", "svc": "gateway", "phase": "start", "ts": 9071000, "status": 200}
{"id": "t000004909", "svc": "gateway", "phase": "end", "ts": 9071100, "status": 200}
{"id": "t000004910", "svc": "payment", "phase": "start", "ts": 9072000, "status": 200}
{"id": "t000004910", "svc": "payment", "phase": "end", "ts": 9072100, "status": 200}
{"id": "t000004911", "svc": "auth", "phase": "start", "ts": 9073000, "status": 200}
{"id": "t000004911", "svc": "auth", "phase": "end", "ts": 9073100, "status": 200}
{"id": "t000004912", "svc": "gateway", "phase": "start", "ts": 9074000, "status": 200}
{"id": "t000004912", "svc": "gateway", "phase": "end", "ts": 9074100, "status": 500}
{"id": "t000004913", "svc": "payment", "phase": "start", "ts": 9075000, "status": 200}
{"id": "t000004913", "svc": "payment", "phase": "end", "ts": 9075100, "status": 200}
{"id": "t000004914", "svc": "auth", "phase": "start", "ts": 9076000, "status": 200}
{"id": "t000004914", "svc": "auth", "phase": "end", "ts": 9076100, "status": 200}
{"id": "t000004915", "svc": "gateway", "phase": "start", "ts": 9077000, "status": 200}
{"id": "t000004915", "svc": "gateway", "phase": "end", "ts": 9077100, "status": 200}
{"id": "t000004916", "svc": "payment", "phase": "start", "ts": 9078000, "status": 200}
{"id": "t000004916", "svc": "payment", "phase": "end", "ts": 9078100, "status": 200}
{"id": "t000004917", "svc": "auth", "phase": "start", "ts": 9079000, "status": 200}
{"id": "t000004917", "svc": "auth", "phase": "end", "ts": 9079100, "status": 200}
{"id": "t000004918", "svc": "gateway", "phase": "start", "ts": 9080000, "status": 200}
{"id": "t000004918", "svc": "gateway", "phase": "end", "ts": 9080100, "status": 200}
{"id": "t000004919", "svc": "payment", "phase": "start", "ts": 9081000, "status": 200}
{"id": "t000004919", "svc": "payment", "phase": "end", "ts": 9081100, "status": 200}
{"id": "t000004920", "svc": "auth", "phase": "start", "ts": 9082000, "status": 200}
{"id": "t000004920", "svc": "auth", "phase": "end", "ts": 9082100, "status": 500}
{"id": "t000004921", "svc": "gateway", "phase": "start", "ts": 9083000, "status": 200}
{"id": "t000004921", "svc": "gateway", "phase": "end", "ts": 9083100, "status": 200}
{"id": "t000004922", "svc": "payment", "phase": "start", "ts": 9084000, "status": 200}
{"id": "t000004922", "svc": "payment", "phase": "end", "ts": 9084100, "status": 200}
{"id": "t000004923", "svc": "auth", "phase": "start", "ts": 9085000, "status": 200}
{"id": "t000004923", "svc": "auth", "phase": "end", "ts": 9085100, "status": 200}
{"id": "t000004924", "svc": "gateway", "phase": "start", "ts": 9086000, "status": 200}
{"id": "t000004924", "svc": "gateway", "phase": "end", "ts": 9086100, "status": 200}
{"id": "t000004925", "svc": "payment", "phase": "start", "ts": 9087000, "status": 200}
{"id": "t000004925", "svc": "payment", "phase": "end", "ts": 9087100, "status": 200}
{"id": "t000004926", "svc": "auth", "phase": "start", "ts": 9088000, "status": 200}
{"id": "t000004926", "svc": "auth", "phase": "end", "ts": 9088100, "status": 200}
{"id": "t000004927", "svc": "gateway", "phase": "start", "ts": 9089000, "status": 200}
{"id": "t000004927", "svc": "gateway", "phase": "end", "ts": 9089100, "status": 200}
{"id": "t000004928", "svc": "payment", "phase": "start", "ts": 9090000, "status": 200}
{"id": "t000004928", "svc": "payment", "phase": "end", "ts": 9090100, "status": 500}
{"id": "t000004929", "svc": "auth", "phase": "start", "ts": 9091000, "status": 200}
{"id": "t000004929", "svc": "auth", "phase": "end", "ts": 9091100, "status": 200}
{"id": "t000004930", "svc": "gateway", "phase": "start", "ts": 9092000, "status": 200}
{"id": "t000004930", "svc": "gateway", "phase": "end", "ts": 9092100, "status": 200}
{"id": "t000004931", "svc": "payment", "phase": "start", "ts": 9093000, "status": 200}
{"id": "t000004931", "svc": "payment", "phase": "end", "ts": 9093100, "status": 200}
{"id": "t000004932", "svc": "auth", "phase": "start", "ts": 9094000, "status": 200}
{"id": "t000004932", "svc": "auth", "phase": "end", "ts": 9094100, "status": 200}
{"id": "t000004933", "svc": "gateway", "phase": "start", "ts": 9095000, "status": 200}
{"id": "t000004933", "svc": "gateway", "phase": "end", "ts": 9095100, "status": 200}
{"id": "t000004934", "svc": "payment", "phase": "start", "ts": 9096000, "status": 200}
{"id": "t000004934", "svc": "payment", "phase": "end", "ts": 9096100, "status": 200}
{"id": "t000004935", "svc": "auth", "phase": "start", "ts": 9097000, "status": 200}
{"id": "t000004935", "svc": "auth", "phase": "end", "ts": 9097100, "status": 200}
{"id": "t000004936", "svc": "gateway", "phase": "start", "ts": 9098000, "status": 200}
{"id": "t000004936", "svc": "gateway", "phase": "end", "ts": 9098100, "status": 500}
{"id": "t000004937", "svc": "payment", "phase": "start", "ts": 9099000, "status": 200}
{"id": "t000004937", "svc": "payment", "phase": "end", "ts": 9099100, "status": 200}
{"id": "t000004938", "svc": "auth", "phase": "start", "ts": 9100000, "status": 200}
{"id": "t000004938", "svc": "auth", "phase": "end", "ts": 9100100, "status": 200}
{"id": "t000004939", "svc": "gateway", "phase": "start", "ts": 9101000, "status": 200}
{"id": "t000004939", "svc": "gateway", "phase": "end", "ts": 9101100, "status": 200}
{"id": "t000004940", "svc": "payment", "phase": "start", "ts": 9102000, "status": 200}
{"id": "t000004940", "svc": "payment", "phase": "end", "ts": 9102100, "status": 200}
{"id": "t000004941", "svc": "auth", "phase": "start", "ts": 9103000, "status": 200}
{"id": "t000004941", "svc": "auth", "phase": "end", "ts": 9103100, "status": 200}
{"id": "t000004942", "svc": "gateway", "phase": "start", "ts": 9104000, "status": 200}
{"id": "t000004942", "svc": "gateway", "phase": "end", "ts": 9104100, "status": 200}
{"id": "t000004943", "svc": "payment", "phase": "start", "ts": 9105000, "status": 200}
{"id": "t000004943", "svc": "payment", "phase": "end", "ts": 9105100, "status": 200}
{"id": "t000004944", "svc": "auth", "phase": "start", "ts": 9106000, "status": 200}
{"id": "t000004944", "svc": "auth", "phase": "end", "ts": 9106100, "status": 500}
{"id": "t000004945", "svc": "gateway", "phase": "start", "ts": 9107000, "status": 200}
{"id": "t000004945", "svc": "gateway", "phase": "end", "ts": 9107100, "status": 200}
{"id": "t000004946", "svc": "payment", "phase": "start", "ts": 9108000, "status": 200}
{"id": "t000004946", "svc": "payment", "phase": "end", "ts": 9108100, "status": 200}
{"id": "t000004947", "svc": "auth", "phase": "start", "ts": 9109000, "status": 200}
{"id": "t000004947", "svc": "auth", "phase": "end", "ts": 9109100, "status": 200}
{"id": "t000004948", "svc": "gateway", "phase": "start", "ts": 9110000, "status": 200}
{"id": "t000004948", "svc": "gateway", "phase": "end", "ts": 9110100, "status": 200}
{"id": "t000004949", "svc": "payment", "phase": "start", "ts": 9111000, "status": 200}
{"id": "t000004949", "svc": "payment", "phase": "end", "ts": 9111100, "status": 200}
{"id": "t000004950", "svc": "auth", "phase": "start", "ts": 9112000, "status": 200}
{"id": "t000004950", "svc": "auth", "phase": "end", "ts": 9112100, "status": 200}
{"id": "t000004951", "svc": "gateway", "phase": "start", "ts": 9113000, "status": 200}
{"id": "t000004951", "svc": "gateway", "phase": "end", "ts": 9113100, "status": 200}
{"id": "t000004952", "svc": "payment", "phase": "start", "ts": 9114000, "status": 200}
{"id": "t000004952", "svc": "payment", "phase": "end", "ts": 9114100, "status": 500}
{"id": "t000004953", "svc": "auth", "phase": "start", "ts": 9115000, "status": 200}
{"id": "t000004953", "svc": "auth", "phase": "end", "ts": 9115100, "status": 200}
{"id": "t000004954", "svc": "gateway", "phase": "start", "ts": 9116000, "status": 200}
{"id": "t000004954", "svc": "gateway", "phase": "end", "ts": 9116100, "status": 200}
{"id": "t000004955", "svc": "payment", "phase": "start", "ts": 9117000, "status": 200}
{"id": "t000004955", "svc": "payment", "phase": "end", "ts": 9117100, "status": 200}
{"id": "t000004956", "svc": "auth", "phase": "start", "ts": 9118000, "status": 200}
{"id": "t000004956", "svc": "auth", "phase": "end", "ts": 9118100, "status": 200}
{"id": "t000004957", "svc": "gateway", "phase": "start", "ts": 9119000, "status": 200}
{"id": "t000004957", "svc": "gateway", "phase": "end", "ts": 9119100, "status": 200}
{"id": "t000004958", "svc": "payment", "phase": "start", "ts": 9120000, "status": 200}
{"id": "t000004958", "svc": "payment", "phase": "end", "ts": 9120100, "status": 200}
{"id": "t000004959", "svc": "auth", "phase": "start", "ts": 9121000, "status": 200}
{"id": "t000004959", "svc": "auth", "phase": "end", "ts": 9121100, "status": 200}
{"id": "t000004960", "svc": "gateway", "phase": "start", "ts": 9122000, "status": 200}
{"id": "t000004960", "svc": "gateway", "phase": "end", "ts": 9122100, "status": 500}
{"id": "t000004961", "svc": "payment", "phase": "start", "ts": 9123000, "status": 200}
{"id": "t000004961", "svc": "payment", "phase": "end", "ts": 9123100, "status": 200}
{"id": "t000004962", "svc": "auth", "phase": "start", "ts": 9124000, "status": 200}
{"id": "t000004962", "svc": "auth", "phase": "end", "ts": 9124100, "status": 200}
{"id": "t000004963", "svc": "gateway", "phase": "start", "ts": 9125000, "status": 200}
{"id": "t000004963", "svc": "gateway", "phase": "end", "ts": 9125100, "status": 200}
{"id": "t000004964", "svc": "payment", "phase": "start", "ts": 9126000, "status": 200}
{"id": "t000004964", "svc": "payment", "phase": "end", "ts": 9126100, "status": 200}
{"id": "t000004965", "svc": "auth", "phase": "start", "ts": 9127000, "status": 200}
{"id": "t000004965", "svc": "auth", "phase": "end", "ts": 9127100, "status": 200}
{"id": "t000004966", "svc": "gateway", "phase": "start", "ts": 9128000, "status": 200}
{"id": "t000004966", "svc": "gateway", "phase": "end", "ts": 9128100, "status": 200}
{"id": "t000004967", "svc": "payment", "phase": "start", "ts": 9129000, "status": 200}
{"id": "t000004967", "svc": "payment", "phase": "end", "ts": 9129100, "status": 200}
{"id": "t000004968", "svc": "auth", "phase": "start", "ts": 9130000, "status": 200}
{"id": "t000004968", "svc": "auth", "phase": "end", "ts": 9130100, "status": 500}
{"id": "t000004969", "svc": "gateway", "phase": "start", "ts": 9131000, "status": 200}
{"id": "t000004969", "svc": "gateway", "phase": "end", "ts": 9131100, "status": 200}
{"id": "t000004970", "svc": "payment", "phase": "start", "ts": 9132000, "status": 200}
{"id": "t000004970", "svc": "payment", "phase": "end", "ts": 9132100, "status": 200}
{"id": "t000004971", "svc": "auth", "phase": "start", "ts": 9133000, "status": 200}
{"id": "t000004971", "svc": "auth", "phase": "end", "ts": 9133100, "status": 200}
{"id": "t000004972", "svc": "gateway", "phase": "start", "ts": 9134000, "status": 200}
{"id": "t000004972", "svc": "gateway", "phase": "end", "ts": 9134100, "status": 200}
{"id": "t000004973", "svc": "payment", "phase": "start", "ts": 9135000, "status": 200}
{"id": "t000004973", "svc": "payment", "phase": "end", "ts": 9135100, "status": 200}
{"id": "t000004974", "svc": "auth", "phase": "start", "ts": 9136000, "status": 200}
{"id": "t000004974", "svc": "auth", "phase": "end", "ts": 9136100, "status": 200}
{"id": "t000004975", "svc": "gateway", "phase": "start", "ts": 9137000, "status": 200}
{"id": "t000004975", "svc": "gateway", "phase": "end", "ts": 9137100, "status": 200}
{"id": "t000004976", "svc": "payment", "phase": "start", "ts": 9138000, "status": 200}
{"id": "t000004976", "svc": "payment", "phase": "end", "ts": 9138100, "status": 500}
{"id": "t000004977", "svc": "auth", "phase": "start", "ts": 9139000, "status": 200}
{"id": "t000004977", "svc": "auth", "phase": "end", "ts": 9139100, "status": 200}
{"id": "t000004978", "svc": "gateway", "phase": "start", "ts": 9140000, "status": 200}
{"id": "t000004978", "svc": "gateway", "phase": "end", "ts": 9140100, "status": 200}
{"id": "t000004979", "svc": "payment", "phase": "start", "ts": 9141000, "status": 200}
{"id": "t000004979", "svc": "payment", "phase": "end", "ts": 9141100, "status": 200}
{"id": "t000004980", "svc": "auth", "phase": "start", "ts": 9142000, "status": 200}
{"id": "t000004980", "svc": "auth", "phase": "end", "ts": 9142100, "status": 200}
{"id": "t000004981", "svc": "gateway", "phase": "start", "ts": 9143000, "status": 200}
{"id": "t000004981", "svc": "gateway", "phase": "end", "ts": 9143100, "status": 200}
{"id": "t000004982", "svc": "payment", "phase": "start", "ts": 9144000, "status": 200}
{"id": "t000004982", "svc": "payment", "phase": "end", "ts": 9144100, "status": 200}
{"id": "t000004983", "svc": "auth", "phase": "start", "ts": 9145000, "status": 200}
{"id": "t000004983", "svc": "auth", "phase": "end", "ts": 9145100, "status": 200}
{"id": "t000004984", "svc": "gateway", "phase": "start", "ts": 9146000, "status": 200}
{"id": "t000004984", "svc": "gateway", "phase": "end", "ts": 9146100, "status": 500}
{"id": "t000004985", "svc": "payment", "phase": "start", "ts": 9147000, "status": 200}
{"id": "t000004985", "svc": "payment", "phase": "end", "ts": 9147100, "status": 200}
{"id": "t000004986", "svc": "auth", "phase": "start", "ts": 9148000, "status": 200}
{"id": "t000004986", "svc": "auth", "phase": "end", "ts": 9148100, "status": 200}
{"id": "t000004987", "svc": "gateway", "phase": "start", "ts": 9149000, "status": 200}
{"id": "t000004987", "svc": "gateway", "phase": "end", "ts": 9149100, "status": 200}
{"id": "t000004988", "svc": "payment", "phase": "start", "ts": 9150000, "status": 200}
{"id": "t000004988", "svc": "payment", "phase": "end", "ts": 9150100, "status": 200}
{"id": "t000004989", "svc": "auth", "phase": "start", "ts": 9151000, "status": 200}
{"id": "t000004989", "svc": "auth", "phase": "end", "ts": 9151100, "status": 200}
{"id": "t000004990", "svc": "gateway", "phase": "start", "ts": 9152000, "status": 200}
{"id": "t000004990", "svc": "gateway", "phase": "end", "ts": 9152100, "status": 200}
{"id": "t000004991", "svc": "payment", "phase": "start", "ts": 9153000, "status": 200}
{"id": "t000004991", "svc": "payment", "phase": "end", "ts": 9153100, "status": 200}
{"id": "t000004992", "svc": "auth", "phase": "start", "ts": 9154000, "status": 200}
{"id": "t000004992", "svc": "auth", "phase": "end", "ts": 9154100, "status": 500}
{"id": "t000004993", "svc": "gateway", "phase": "start", "ts": 9155000, "status": 200}
{"id": "t000004993", "svc": "gateway", "phase": "end", "ts": 9155100, "status": 200}
{"id": "t000004994", "svc": "payment", "phase": "start", "ts": 9156000, "status": 200}
{"id": "t000004994", "svc": "payment", "phase": "end", "ts": 9156100, "status": 200}
{"id": "t000004995", "svc": "auth", "phase": "start", "ts": 9157000, "status": 200}
{"id": "t000004995", "svc": "auth", "phase": "end", "ts": 9157100, "status": 200}
{"id": "t000004996", "svc": "gateway", "phase": "start", "ts": 9158000, "status": 200}
{"id": "t000004996", "svc": "gateway", "phase": "end", "ts": 9158100, "status": 200}
{"id": "t000004997", "svc": "payment", "phase": "start", "ts": 9159000, "status": 200}
{"id": "t000004997", "svc": "payment", "phase": "end", "ts": 9159100, "status": 200}
{"id": "t000004998", "svc": "auth", "phase": "start", "ts": 9160000, "status": 200}
{"id": "t000004998", "svc": "auth", "phase": "end", "ts": 9160100, "status": 200}
{"id": "t000004999", "svc": "gateway", "phase": "start", "ts": 9161000, "status": 200}
{"id": "t000004999", "svc": "gateway", "phase": "end", "ts": 9161100, "status": 200}
{"id": "t000005000", "svc": "payment", "phase": "start", "ts": 9162000, "status": 200}
{"id": "t000005000", "svc": "auth", "phase": "end", "ts": 9162100, "status": 500}
{"id": "t000005001", "svc": "auth", "phase": "start", "ts": 9163000, "status": 200}
{"id": "t000005001", "svc": "gateway", "phase": "end", "ts": 9163100, "status": 200}
{"id": "t000005002", "svc": "gateway", "phase": "start", "ts": 9164000, "status": 200}
{"id": "t000005002", "svc": "payment", "phase": "end", "ts": 9164100, "status": 200}
{"id": "t000005003", "svc": "payment", "phase": "start", "ts": 9165000, "status": 200}
{"id": "t000005003", "svc": "auth", "phase": "end", "ts": 9165100, "status": 200}
{"id": "t000005004", "svc": "auth", "phase": "start", "ts": 9166000, "status": 200}
{"id": "t000005004", "svc": "gateway", "phase": "end", "ts": 9166100, "status": 200}
{"id": "t000005005", "svc": "gateway", "phase": "start", "ts": 9167000, "status": 200}
{"id": "t000005005", "svc": "payment", "phase": "end", "ts": 9167100, "status": 200}
{"id": "t000005006", "svc": "payment", "phase": "start", "ts": 9168000, "status": 200}
{"id": "t000005006", "svc": "auth", "phase": "end", "ts": 9168100, "status": 200}
{"id": "t000005007", "svc": "auth", "phase": "start", "ts": 9169000, "status": 200}
{"id": "t000005007", "svc": "gateway", "phase": "end", "ts": 9169100, "status": 200}
{"id": "t000005008", "svc": "gateway", "phase": "start", "ts": 9170000, "status": 200}
{"id": "t000005008", "svc": "payment", "phase": "end", "ts": 9170100, "status": 500}
{"id": "t000005009", "svc": "payment", "phase": "start", "ts": 9171000, "status": 200}
{"id": "t000005009", "svc": "auth", "phase": "end", "ts": 9171100, "status": 200}
{"id": "t000005010", "svc": "auth", "phase": "start", "ts": 9172000, "status": 200}
{"id": "t000005010", "svc": "gateway", "phase": "end", "ts": 9172100, "status": 200}
{"id": "t000005011", "svc": "gateway", "phase": "start", "ts": 9173000, "status": 200}
{"id": "t000005011", "svc": "payment", "phase": "end", "ts": 9173100, "status": 200}
{"id": "t000005012", "svc": "payment", "phase": "start", "ts": 9174000, "status": 200}
{"id": "t000005012", "svc": "auth", "phase": "end", "ts": 9174100, "status": 200}
{"id": "t000005013", "svc": "auth", "phase": "start", "ts": 9175000, "status": 200}
{"id": "t000005013", "svc": "gateway", "phase": "end", "ts": 9175100, "status": 200}
{"id": "t000005014", "svc": "gateway", "phase": "start", "ts": 9176000, "status": 200}
{"id": "t000005014", "svc": "payment", "phase": "end", "ts": 9176100, "status": 200}
{"id": "t000005015", "svc": "payment", "phase": "start", "ts": 9177000, "status": 200}
{"id": "t000005015", "svc": "auth", "phase": "end", "ts": 9177100, "status": 200}
{"id": "t000005016", "svc": "auth", "phase": "start", "ts": 9178000, "status": 200}
{"id": "t000005016", "svc": "gateway", "phase": "end", "ts": 9178100, "status": 500}
{"id": "t000005017", "svc": "gateway", "phase": "start", "ts": 9179000, "status": 200}
{"id": "t000005017", "svc": "payment", "phase": "end", "ts": 9179100, "status": 200}
{"id": "t000005018", "svc": "payment", "phase": "start", "ts": 9180000, "status": 200}
{"id": "t000005018", "svc": "auth", "phase": "end", "ts": 9180100, "status": 200}
{"id": "t000005019", "svc": "auth", "phase": "start", "ts": 9181000, "status": 200}
{"id": "t000005019", "svc": "gateway", "phase": "end", "ts": 9181100, "status": 200}
{"id": "t000005020", "svc": "gateway", "phase": "start", "ts": 9182000, "status": 200}
{"id": "t000005020", "svc": "payment", "phase": "end", "ts": 9182100, "status": 200}
{"id": "t000005021", "svc": "payment", "phase": "start", "ts": 9183000, "status": 200}
{"id": "t000005021", "svc": "auth", "phase": "end", "ts": 9183100, "status": 200}
{"id": "t000005022", "svc": "auth", "phase": "start", "ts": 9184000, "status": 200}
{"id": "t000005022", "svc": "gateway", "phase": "end", "ts": 9184100, "status": 200}
{"id": "t000005023", "svc": "gateway", "phase": "start", "ts": 9185000, "status": 200}
{"id": "t000005023", "svc": "payment", "phase": "end", "ts": 9185100, "status": 200}
{"id": "t000005024", "svc": "payment", "phase": "start", "ts": 9186000, "status": 200}
{"id": "t000005024", "svc": "auth", "phase": "end", "ts": 9186100, "status": 500}
{"id": "t000005025", "svc": "auth", "phase": "start", "ts": 9187000, "status": 200}
{"id": "t000005025", "svc": "gateway", "phase": "end", "ts": 9187100, "status": 200}
{"id": "t000005026", "svc": "gateway", "phase": "start", "ts": 9188000, "status": 200}
{"id": "t000005026", "svc": "payment", "phase": "end", "ts": 9188100, "status": 200}
{"id": "t000005027", "svc": "payment", "phase": "start", "ts": 9189000, "status": 200}
{"id": "t000005027", "svc": "auth", "phase": "end", "ts": 9189100, "status": 200}
{"id": "t000005028", "svc": "auth", "phase": "start", "ts": 9190000, "status": 200}
{"id": "t000005028", "svc": "gateway", "phase": "end", "ts": 9190100, "status": 200}
{"id": "t000005029", "svc": "gateway", "phase": "start", "ts": 9191000, "status": 200}
{"id": "t000005029", "svc": "payment", "phase": "end", "ts": 9191100, "status": 200}
{"id": "t000005030", "svc": "payment", "phase": "start", "ts": 9192000, "status": 200}
{"id": "t000005030", "svc": "auth", "phase": "end", "ts": 9192100, "status": 200}
{"id": "t000005031", "svc": "auth", "phase": "start", "ts": 9193000, "status": 200}
{"id": "t000005031", "svc": "gateway", "phase": "end", "ts": 9193100, "status": 200}
{"id": "t000005032", "svc": "gateway", "phase": "start", "ts": 9194000, "status": 200}
{"id": "t000005032", "svc": "payment", "phase": "end", "ts": 9194100, "status": 500}
{"id": "t000005033", "svc": "payment", "phase": "start", "ts": 9195000, "status": 200}
{"id": "t000005033", "svc": "auth", "phase": "end", "ts": 9195100, "status": 200}
{"id": "t000005034", "svc": "auth", "phase": "start", "ts": 9196000, "status": 200}
{"id": "t000005034", "svc": "gateway", "phase": "end", "ts": 9196100, "status": 200}
{"id": "t000005035", "svc": "gateway", "phase": "start", "ts": 9197000, "status": 200}
{"id": "t000005035", "svc": "payment", "phase": "end", "ts": 9197100, "status": 200}
{"id": "t000005036", "svc": "payment", "phase": "start", "ts": 9198000, "status": 200}
{"id": "t000005036", "svc": "auth", "phase": "end", "ts": 9198100, "status": 200}
{"id": "t000005037", "svc": "auth", "phase": "start", "ts": 9199000, "status": 200}
{"id": "t000005037", "svc": "gateway", "phase": "end", "ts": 9199100, "status": 200}
{"id": "t000005038", "svc": "gateway", "phase": "start", "ts": 9200000, "status": 200}
{"id": "t000005038", "svc": "payment", "phase": "end", "ts": 9200100, "status": 200}
{"id": "t000005039", "svc": "payment", "phase": "start", "ts": 9201000, "status": 200}
{"id": "t000005039", "svc": "auth", "phase": "end", "ts": 9201100, "status": 200}
{"id": "t000005040", "svc": "auth", "phase": "start", "ts": 9202000, "status": 200}
{"id": "t000005040", "svc": "gateway", "phase": "end", "ts": 9202100, "status": 500}
{"id": "t000005041", "svc": "gateway", "phase": "start", "ts": 9203000, "status": 200}
{"id": "t000005041", "svc": "payment", "phase": "end", "ts": 9203100, "status": 200}
{"id": "t000005042", "svc": "payment", "phase": "start", "ts": 9204000, "status": 200}
{"id": "t000005042", "svc": "auth", "phase": "end", "ts": 9204100, "status": 200}
{"id": "t000005043", "svc": "auth", "phase": "start", "ts": 9205000, "status": 200}
{"id": "t000005043", "svc": "gateway", "phase": "end", "ts": 9205100, "status": 200}
{"id": "t000005044", "svc": "gateway", "phase": "start", "ts": 9206000, "status": 200}
{"id": "t000005044", "svc": "payment", "phase": "end", "ts": 9206100, "status": 200}
{"id": "t000005045", "svc": "payment", "phase": "start", "ts": 9207000, "status": 200}
{"id": "t000005045", "svc": "auth", "phase": "end", "ts": 9207100, "status": 200}
{"id": "t000005046", "svc": "auth", "phase": "start", "ts": 9208000, "status": 200}
{"id": "t000005046", "svc": "gateway", "phase": "end", "ts": 9208100, "status": 200}
{"id": "t000005047", "svc": "gateway", "phase": "start", "ts": 9209000, "status": 200}
{"id": "t000005047", "svc": "payment", "phase": "end", "ts": 9209100, "status": 200}
{"id": "t000005048", "svc": "payment", "phase": "start", "ts": 9210000, "status": 200}
{"id": "t000005048", "svc": "auth", "phase": "end", "ts": 9210100, "status": 500}
{"id": "t000005049", "svc": "auth", "phase": "start", "ts": 9211000, "status": 200}
{"id": "t000005049", "svc": "gateway", "phase": "end", "ts": 9211100, "status": 200}
{"id": "t000005050", "svc": "gateway", "phase": "start", "ts": 9212000, "status": 200}
{"id": "t000005050", "svc": "payment", "phase": "end", "ts": 9212100, "status": 200}
{"id": "t000005051", "svc": "payment", "phase": "start", "ts": 9213000, "status": 200}
{"id": "t000005051", "svc": "auth", "phase": "end", "ts": 9213100, "status": 200}
{"id": "t000005052", "svc": "auth", "phase": "start", "ts": 9214000, "status": 200}
{"id": "t000005052", "svc": "gateway", "phase": "end", "ts": 9214100, "status": 200}
{"id": "t000005053", "svc": "gateway", "phase": "start", "ts": 9215000, "status": 200}
{"id": "t000005053", "svc": "payment", "phase": "end", "ts": 9215100, "status": 200}
{"id": "t000005054", "svc": "payment", "phase": "start", "ts": 9216000, "status": 200}
{"id": "t000005054", "svc": "auth", "phase": "end", "ts": 9216100, "status": 200}
{"id": "t000005055", "svc": "auth", "phase": "start", "ts": 9217000, "status": 200}
{"id": "t000005055", "svc": "gateway", "phase": "end", "ts": 9217100, "status": 200}
{"id": "t000005056", "svc": "gateway", "phase": "start", "ts": 9218000, "status": 200}
{"id": "t000005056", "svc": "payment", "phase": "end", "ts": 9218100, "status": 500}
{"id": "t000005057", "svc": "payment", "phase": "start", "ts": 9219000, "status": 200}
{"id": "t000005057", "svc": "auth", "phase": "end", "ts": 9219100, "status": 200}
{"id": "t000005058", "svc": "auth", "phase": "start", "ts": 9220000, "status": 200}
{"id": "t000005058", "svc": "gateway", "phase": "end", "ts": 9220100, "status": 200}
{"id": "t000005059", "svc": "gateway", "phase": "start", "ts": 9221000, "status": 200}
{"id": "t000005059", "svc": "payment", "phase": "end", "ts": 9221100, "status": 200}
{"id": "t000005060", "svc": "payment", "phase": "start", "ts": 9222000, "status": 200}
{"id": "t000005060", "svc": "auth", "phase": "end", "ts": 9222100, "status": 200}
{"id": "t000005061", "svc": "auth", "phase": "start", "ts": 9223000, "status": 200}
{"id": "t000005061", "svc": "gateway", "phase": "end", "ts": 9223100, "status": 200}
{"id": "t000005062", "svc": "gateway", "phase": "start", "ts": 9224000, "status": 200}
{"id": "t000005062", "svc": "payment", "phase": "end", "ts": 9224100, "status": 200}
{"id": "t000005063", "svc": "payment", "phase": "start", "ts": 9225000, "status": 200}
{"id": "t000005063", "svc": "auth", "phase": "end", "ts": 9225100, "status": 200}
{"id": "t000005064", "svc": "auth", "phase": "start", "ts": 9226000, "status": 200}
{"id": "t000005064", "svc": "gateway", "phase": "end", "ts": 9226100, "status": 500}
{"id": "t000005065", "svc": "gateway", "phase": "start", "ts": 9227000, "status": 200}
{"id": "t000005065", "svc": "payment", "phase": "end", "ts": 9227100, "status": 200}
{"id": "t000005066", "svc": "payment", "phase": "start", "ts": 9228000, "status": 200}
{"id": "t000005066", "svc": "auth", "phase": "end", "ts": 9228100, "status": 200}
{"id": "t000005067", "svc": "auth", "phase": "start", "ts": 9229000, "status": 200}
{"id": "t000005067", "svc": "gateway", "phase": "end", "ts": 9229100, "status": 200}
{"id": "t000005068", "svc": "gateway", "phase": "start", "ts": 9230000, "status": 200}
{"id": "t000005068", "svc": "payment", "phase": "end", "ts": 9230100, "status": 200}
{"id": "t000005069", "svc": "payment", "phase": "start", "ts": 9231000, "status": 200}
{"id": "t000005069", "svc": "auth", "phase": "end", "ts": 9231100, "status": 200}
{"id": "t000005070", "svc": "auth", "phase": "start", "ts": 9232000, "status": 200}
{"id": "t000005070", "svc": "gateway", "phase": "end", "ts": 9232100, "status": 200}
{"id": "t000005071", "svc": "gateway", "phase": "start", "ts": 9233000, "status": 200}
{"id": "t000005071", "svc": "payment", "phase": "end", "ts": 9233100, "status": 200}
{"id": "t000005072", "svc": "payment", "phase": "start", "ts": 9234000, "status": 200}
{"id": "t000005072", "svc": "auth", "phase": "end", "ts": 9234100, "status": 500}
{"id": "t000005073", "svc": "auth", "phase": "start", "ts": 9235000, "status": 200}
{"id": "t000005073", "svc": "gateway", "phase": "end", "ts": 9235100, "status": 200}
{"id": "t000005074", "svc": "gateway", "phase": "start", "ts": 9236000, "status": 200}
{"id": "t000005074", "svc": "payment", "phase": "end", "ts": 9236100, "status": 200}
{"id": "t000005075", "svc": "payment", "phase": "start", "ts": 9237000, "status": 200}
{"id": "t000005075", "svc": "auth", "phase": "end", "ts": 9237100, "status": 200}
{"id": "t000005076", "svc": "auth", "phase": "start", "ts": 9238000, "status": 200}
{"id": "t000005076", "svc": "gateway", "phase": "end", "ts": 9238100, "status": 200}
{"id": "t000005077", "svc": "gateway", "phase": "start", "ts": 9239000, "status": 200}
{"id": "t000005077", "svc": "payment", "phase": "end", "ts": 9239100, "status": 200}
{"id": "t000005078", "svc": "payment", "phase": "start", "ts": 9240000, "status": 200}
{"id": "t000005078", "svc": "auth", "phase": "end", "ts": 9240100, "status": 200}
{"id": "t000005079", "svc": "auth", "phase": "start", "ts": 9241000, "status": 200}
{"id": "t000005079", "svc": "gateway", "phase": "end", "ts": 9241100, "status": 200}
{"id": "t000005080", "svc": "gateway", "phase": "start", "ts": 9242000, "status": 200}
{"id": "t000005080", "svc": "payment", "phase": "end", "ts": 9242100, "status": 500}
{"id": "t000005081", "svc": "payment", "phase": "start", "ts": 9243000, "status": 200}
{"id": "t000005081", "svc": "auth", "phase": "end", "ts": 9243100, "status": 200}
{"id": "t000005082", "svc": "auth", "phase": "start", "ts": 9244000, "status": 200}
{"id": "t000005082", "svc": "gateway", "phase": "end", "ts": 9244100, "status": 200}
{"id": "t000005083", "svc": "gateway", "phase": "start", "ts": 9245000, "status": 200}
{"id": "t000005083", "svc": "payment", "phase": "end", "ts": 9245100, "status": 200}
{"id": "t000005084", "svc": "payment", "phase": "start", "ts": 9246000, "status": 200}
{"id": "t000005084", "svc": "auth", "phase": "end", "ts": 9246100, "status": 200}
{"id": "t000005085", "svc": "auth", "phase": "start", "ts": 9247000, "status": 200}
{"id": "t000005085", "svc": "gateway", "phase": "end", "ts": 9247100, "status": 200}
{"id": "t000005086", "svc": "gateway", "phase": "start", "ts": 9248000, "status": 200}
{"id": "t000005086", "svc": "payment", "phase": "end", "ts": 9248100, "status": 200}
{"id": "t000005087", "svc": "payment", "phase": "start", "ts": 9249000, "status": 200}
{"id": "t000005087", "svc": "auth", "phase": "end", "ts": 9249100, "status": 200}
{"id": "t000005088", "svc": "auth", "phase": "start", "ts": 9250000, "status": 200}
{"id": "t000005088", "svc": "gateway", "phase": "end", "ts": 9250100, "status": 500}
{"id": "t000005089", "svc": "gateway", "phase": "start", "ts": 9251000, "status": 200}
{"id": "t000005089", "svc": "payment", "phase": "end", "ts": 9251100, "status": 200}
{"id": "t000005090", "svc": "payment", "phase": "start", "ts": 9252000, "status": 200}
{"id": "t000005090", "svc": "auth", "phase": "end", "ts": 9252100, "status": 200}
{"id": "t000005091", "svc": "auth", "phase": "start", "ts": 9253000, "status": 200}
{"id": "t000005091", "svc": "gateway", "phase": "end", "ts": 9253100, "status": 200}
{"id": "t000005092", "svc": "gateway", "phase": "start", "ts": 9254000, "status": 200}
{"id": "t000005092", "svc": "payment", "phase": "end", "ts": 9254100, "status": 200}
{"id": "t000005093", "svc": "payment", "phase": "start", "ts": 9255000, "status": 200}
{"id": "t000005093", "svc": "auth", "phase": "end", "ts": 9255100, "status": 200}
{"id": "t000005094", "svc": "auth", "phase": "start", "ts": 9256000, "status": 200}
{"id": "t000005094", "svc": "gateway", "phase": "end", "ts": 9256100, "status": 200}
{"id": "t000005095", "svc": "gateway", "phase": "start", "ts": 9257000, "status": 200}
{"id": "t000005095", "svc": "payment", "phase": "end", "ts": 9257100, "status": 200}
{"id": "t000005096", "svc": "payment", "phase": "start", "ts": 9258000, "status": 200}
{"id": "t000005096", "svc": "auth", "phase": "end", "ts": 9258100, "status": 500}
{"id": "t000005097", "svc": "auth", "phase": "start", "ts": 9259000, "status": 200}
{"id": "t000005097", "svc": "gateway", "phase": "end", "ts": 9259100, "status": 200}
{"id": "t000005098", "svc": "gateway", "phase": "start", "ts": 9260000, "status": 200}
{"id": "t000005098", "svc": "payment", "phase": "end", "ts": 9260100, "status": 200}
{"id": "t000005099", "svc": "payment", "phase": "start", "ts": 9261000, "status": 200}
{"id": "t000005099", "svc": "auth", "phase": "end", "ts": 9261100, "status": 200}
{"id": "t000005100", "svc": "auth", "phase": "start", "ts": 9262000, "status": 200}
{"id": "t000005100", "svc": "gateway", "phase": "end", "ts": 9262100, "status": 200}
{"id": "t000005101", "svc": "gateway", "phase": "start", "ts": 9263000, "status": 200}
{"id": "t000005101", "svc": "payment", "phase": "end", "ts": 9263100, "status": 200}
{"id": "t000005102", "svc": "payment", "phase": "start", "ts": 9264000, "status": 200}
{"id": "t000005102", "svc": "auth", "phase": "end", "ts": 9264100, "status": 200}
{"id": "t000005103", "svc": "auth", "phase": "start", "ts": 9265000, "status": 200}
{"id": "t000005103", "svc": "gateway", "phase": "end", "ts": 9265100, "status": 200}
{"id": "t000005104", "svc": "gateway", "phase": "start", "ts": 9266000, "status": 200}
{"id": "t000005104", "svc": "payment", "phase": "end", "ts": 9266100, "status": 500}
{"id": "t000005105", "svc": "payment", "phase": "start", "ts": 9267000, "status": 200}
{"id": "t000005105", "svc": "auth", "phase": "end", "ts": 9267100, "status": 200}
{"id": "t000005106", "svc": "auth", "phase": "start", "ts": 9268000, "status": 200}
{"id": "t000005106", "svc": "gateway", "phase": "end", "ts": 9268100, "status": 200}
{"id": "t000005107", "svc": "gateway", "phase": "start", "ts": 9269000, "status": 200}
{"id": "t000005107", "svc": "payment", "phase": "end", "ts": 9269100, "status": 200}
{"id": "t000005108", "svc": "payment", "phase": "start", "ts": 9270000, "status": 200}
{"id": "t000005108", "svc": "auth", "phase": "end", "ts": 9270100, "status": 200}
{"id": "t000005109", "svc": "auth", "phase": "start", "ts": 9271000, "status": 200}
{"id": "t000005109", "svc": "gateway", "phase": "end", "ts": 9271100, "status": 200}
{"id": "t000005110", "svc": "gateway", "phase": "start", "ts": 9272000, "status": 200}
{"id": "t000005110", "svc": "payment", "phase": "end", "ts": 9272100, "status": 200}
{"id": "t000005111", "svc": "payment", "phase": "start", "ts": 9273000, "status": 200}
{"id": "t000005111", "svc": "auth", "phase": "end", "ts": 9273100, "status": 200}
{"id": "t000005112", "svc": "auth", "phase": "start", "ts": 9274000, "status": 200}
{"id": "t000005112", "svc": "gateway", "phase": "end", "ts": 9274100, "status": 500}
{"id": "t000005113", "svc": "gateway", "phase": "start", "ts": 9275000, "status": 200}
{"id": "t000005113", "svc": "payment", "phase": "end", "ts": 9275100, "status": 200}
{"id": "t000005114", "svc": "payment", "phase": "start", "ts": 9276000, "status": 200}
{"id": "t000005114", "svc": "auth", "phase": "end", "ts": 9276100, "status": 200}
{"id": "t000005115", "svc": "auth", "phase": "start", "ts": 9277000, "status": 200}
{"id": "t000005115", "svc": "gateway", "phase": "end", "ts": 9277100, "status": 200}
{"id": "t000005116", "svc": "gateway", "phase": "start", "ts": 9278000, "status": 200}
{"id": "t000005116", "svc": "payment", "phase": "end", "ts": 9278100, "status": 200}
{"id": "t000005117", "svc": "payment", "phase": "start", "ts": 9279000, "status": 200}
{"id": "t000005117", "svc": "auth", "phase": "end", "ts": 9279100, "status": 200}
{"id": "t000005118", "svc": "auth", "phase": "start", "ts": 9280000, "status": 200}
{"id": "t000005118", "svc": "gateway", "phase": "end", "ts": 9280100, "status": 200}
{"id": "t000005119", "svc": "gateway", "phase": "start", "ts": 9281000, "status": 200}
{"id": "t000005119", "svc": "payment", "phase": "end", "ts": 9281100, "status": 200}
{"id": "t000005120", "svc": "payment", "phase": "start", "ts": 9282000, "status": 200}
{"id": "t000005120", "svc": "auth", "phase": "end", "ts": 9282100, "status": 500}
{"id": "t000005121", "svc": "auth", "phase": "start", "ts": 9283000, "status": 200}
{"id": "t000005121", "svc": "gateway", "phase": "end", "ts": 9283100, "status": 200}
{"id": "t000005122", "svc": "gateway", "phase": "start", "ts": 9284000, "status": 200}
{"id": "t000005122", "svc": "payment", "phase": "end", "ts": 9284100, "status": 200}
{"id": "t000005123", "svc": "payment", "phase": "start", "ts": 9285000, "status": 200}
{"id": "t000005123", "svc": "auth", "phase": "end", "ts": 9285100, "status": 200}
{"id": "t000005124", "svc": "auth", "phase": "start", "ts": 9286000, "status": 200}
{"id": "t000005124", "svc": "gateway", "phase": "end", "ts": 9286100, "status": 200}
{"id": "t000005125", "svc": "gateway", "phase": "start", "ts": 9287000, "status": 200}
{"id": "t000005125", "svc": "payment", "phase": "end", "ts": 9287100, "status": 200}
{"id": "t000005126", "svc": "payment", "phase": "start", "ts": 9288000, "status": 200}
{"id": "t000005126", "svc": "auth", "phase": "end", "ts": 9288100, "status": 200}
{"id": "t000005127", "svc": "auth", "phase": "start", "ts": 9289000, "status": 200}
{"id": "t000005127", "svc": "gateway", "phase": "end", "ts": 9289100, "status": 200}
{"id": "t000005128", "svc": "gateway", "phase": "start", "ts": 9290000, "status": 200}
{"id": "t000005128", "svc": "payment", "phase": "end", "ts": 9290100, "status": 500}
{"id": "t000005129", "svc": "payment", "phase": "start", "ts": 9291000, "status": 200}
{"id": "t000005129", "svc": "auth", "phase": "end", "ts": 9291100, "status": 200}
{"id": "t000005130", "svc": "auth", "phase": "start", "ts": 9292000, "status": 200}
{"id": "t000005130", "svc": "gateway", "phase": "end", "ts": 9292100, "status": 200}
{"id": "t000005131", "svc": "gateway", "phase": "start", "ts": 9293000, "status": 200}
{"id": "t000005131", "svc": "payment", "phase": "end", "ts": 9293100, "status": 200}
{"id": "t000005132", "svc": "payment", "phase": "start", "ts": 9294000, "status": 200}
{"id": "t000005132", "svc": "auth", "phase": "end", "ts": 9294100, "status": 200}
{"id": "t000005133", "svc": "auth", "phase": "start", "ts": 9295000, "status": 200}
{"id": "t000005133", "svc": "gateway", "phase": "end", "ts": 9295100, "status": 200}
{"id": "t000005134", "svc": "gateway", "phase": "start", "ts": 9296000, "status": 200}
{"id": "t000005134", "svc": "payment", "phase": "end", "ts": 9296100, "status": 200}
{"id": "t000005135", "svc": "payment", "phase": "start", "ts": 9297000, "status": 200}
{"id": "t000005135", "svc": "auth", "phase": "end", "ts": 9297100, "status": 200}
{"id": "t000005136", "svc": "auth", "phase": "start", "ts": 9298000, "status": 200}
{"id": "t000005136", "svc": "gateway", "phase": "end", "ts": 9298100, "status": 500}
{"id": "t000005137", "svc": "gateway", "phase": "start", "ts": 9299000, "status": 200}
{"id": "t000005137", "svc": "payment", "phase": "end", "ts": 9299100, "status": 200}
{"id": "t000005138", "svc": "payment", "phase": "start", "ts": 9300000, "status": 200}
{"id": "t000005138", "svc": "auth", "phase": "end", "ts": 9300100, "status": 200}
{"id": "t000005139", "svc": "auth", "phase": "start", "ts": 9301000, "status": 200}
{"id": "t000005139", "svc": "gateway", "phase": "end", "ts": 9301100, "status": 200}
{"id": "t000005140", "svc": "gateway", "phase": "start", "ts": 9302000, "status": 200}
{"id": "t000005140", "svc": "payment", "phase": "end", "ts": 9302100, "status": 200}
{"id": "t000005141", "svc": "payment", "phase": "start", "ts": 9303000, "status": 200}
{"id": "t000005141", "svc": "auth", "phase": "end", "ts": 9303100, "status": 200}
{"id": "t000005142", "svc": "auth", "phase": "start", "ts": 9304000, "status": 200}
{"id": "t000005142", "svc": "gateway", "phase": "end", "ts": 9304100, "status": 200}
{"id": "t000005143", "svc": "gateway", "phase": "start", "ts": 9305000, "status": 200}
{"id": "t000005143", "svc": "payment", "phase": "end", "ts": 9305100, "status": 200}
{"id": "t000005144", "svc": "payment", "phase": "start", "ts": 9306000, "status": 200}
{"id": "t000005144", "svc": "auth", "phase": "end", "ts": 9306100, "status": 500}
{"id": "t000005145", "svc": "auth", "phase": "start", "ts": 9307000, "status": 200}
{"id": "t000005145", "svc": "gateway", "phase": "end", "ts": 9307100, "status": 200}
{"id": "t000005146", "svc": "gateway", "phase": "start", "ts": 9308000, "status": 200}
{"id": "t000005146", "svc": "payment", "phase": "end", "ts": 9308100, "status": 200}
{"id": "t000005147", "svc": "payment", "phase": "start", "ts": 9309000, "status": 200}
{"id": "t000005147", "svc": "auth", "phase": "end", "ts": 9309100, "status": 200}
{"id": "t000005148", "svc": "auth", "phase": "start", "ts": 9310000, "status": 200}
{"id": "t000005148", "svc": "gateway", "phase": "end", "ts": 9310100, "status": 200}
{"id": "t000005149", "svc": "gateway", "phase": "start", "ts": 9311000, "status": 200}
{"id": "t000005149", "svc": "payment", "phase": "end", "ts": 9311100, "status": 200}
{"id": "t000005150", "svc": "payment", "phase": "start", "ts": 9312000, "status": 200}
{"id": "t000005150", "svc": "auth", "phase": "end", "ts": 9312100, "status": 200}
{"id": "t000005151", "svc": "auth", "phase": "start", "ts": 9313000, "status": 200}
{"id": "t000005151", "svc": "gateway", "phase": "end", "ts": 9313100, "status": 200}
{"id": "t000005152", "svc": "gateway", "phase": "start", "ts": 9314000, "status": 200}
{"id": "t000005152", "svc": "payment", "phase": "end", "ts": 9314100, "status": 500}
{"id": "t000005153", "svc": "payment", "phase": "start", "ts": 9315000, "status": 200}
{"id": "t000005153", "svc": "auth", "phase": "end", "ts": 9315100, "status": 200}
{"id": "t000005154", "svc": "auth", "phase": "start", "ts": 9316000, "status": 200}
{"id": "t000005154", "svc": "gateway", "phase": "end", "ts": 9316100, "status": 200}
{"id": "t000005155", "svc": "gateway", "phase": "start", "ts": 9317000, "status": 200}
{"id": "t000005155", "svc": "payment", "phase": "end", "ts": 9317100, "status": 200}
{"id": "t000005156", "svc": "payment", "phase": "start", "ts": 9318000, "status": 200}
{"id": "t000005156", "svc": "auth", "phase": "end", "ts": 9318100, "status": 200}
{"id": "t000005157", "svc": "auth", "phase": "start", "ts": 9319000, "status": 200}
{"id": "t000005157", "svc": "gateway", "phase": "end", "ts": 9319100, "status": 200}
{"id": "t000005158", "svc": "gateway", "phase": "start", "ts": 9320000, "status": 200}
{"id": "t000005158", "svc": "payment", "phase": "end", "ts": 9320100, "status": 200}
{"id": "t000005159", "svc": "payment", "phase": "start", "ts": 9321000, "status": 200}
{"id": "t000005159", "svc": "auth", "phase": "end", "ts": 9321100, "status": 200}
{"id": "t000005160", "svc": "auth", "phase": "start", "ts": 9322000, "status": 200}
{"id": "t000005160", "svc": "gateway", "phase": "end", "ts": 9322100, "status": 500}
{"id": "t000005161", "svc": "gateway", "phase": "start", "ts": 9323000, "status": 200}
{"id": "t000005161", "svc": "payment", "phase": "end", "ts": 9323100, "status": 200}
{"id": "t000005162", "svc": "payment", "phase": "start", "ts": 9324000, "status": 200}
{"id": "t000005162", "svc": "auth", "phase": "end", "ts": 9324100, "status": 200}
{"id": "t000005163", "svc": "auth", "phase": "start", "ts": 9325000, "status": 200}
{"id": "t000005163", "svc": "gateway", "phase": "end", "ts": 9325100, "status": 200}
{"id": "t000005164", "svc": "gateway", "phase": "start", "ts": 9326000, "status": 200}
{"id": "t000005164", "svc": "payment", "phase": "end", "ts": 9326100, "status": 200}
{"id": "t000005165", "svc": "payment", "phase": "start", "ts": 9327000, "status": 200}
{"id": "t000005165", "svc": "auth", "phase": "end", "ts": 9327100, "status": 200}
{"id": "t000005166", "svc": "auth", "phase": "start", "ts": 9328000, "status": 200}
{"id": "t000005166", "svc": "gateway", "phase": "end", "ts": 9328100, "status": 200}
{"id": "t000005167", "svc": "gateway", "phase": "start", "ts": 9329000, "status": 200}
{"id": "t000005167", "svc": "payment", "phase": "end", "ts": 9329100, "status": 200}
{"id": "t000005168", "svc": "payment", "phase": "start", "ts": 9330000, "status": 200}
{"id": "t000005168", "svc": "auth", "phase": "end", "ts": 9330100, "status": 500}
{"id": "t000005169", "svc": "auth", "phase": "start", "ts": 9331000, "status": 200}
{"id": "t000005169", "svc": "gateway", "phase": "end", "ts": 9331100, "status": 200}
{"id": "t000005170", "svc": "gateway", "phase": "start", "ts": 9332000, "status": 200}
{"id": "t000005170", "svc": "payment", "phase": "end", "ts": 9332100, "status": 200}
{"id": "t000005171", "svc": "payment", "phase": "start", "ts": 9333000, "status": 200}
{"id": "t000005171", "svc": "auth", "phase": "end", "ts": 9333100, "status": 200}
{"id": "t000005172", "svc": "auth", "phase": "start", "ts": 9334000, "status": 200}
{"id": "t000005172", "svc": "gateway", "phase": "end", "ts": 9334100, "status": 200}
{"id": "t000005173", "svc": "gateway", "phase": "start", "ts": 9335000, "status": 200}
{"id": "t000005173", "svc": "payment", "phase": "end", "ts": 9335100, "status": 200}
{"id": "t000005174", "svc": "payment", "phase": "start", "ts": 9336000, "status": 200}
{"id": "t000005174", "svc": "auth", "phase": "end", "ts": 9336100, "status": 200}
{"id": "t000005175", "svc": "auth", "phase": "start", "ts": 9337000, "status": 200}
{"id": "t000005175", "svc": "gateway", "phase": "end", "ts": 9337100, "status": 200}
{"id": "t000005176", "svc": "gateway", "phase": "start", "ts": 9338000, "status": 200}
{"id": "t000005176", "svc": "payment", "phase": "end", "ts": 9338100, "status": 500}
{"id": "t000005177", "svc": "payment", "phase": "start", "ts": 9339000, "status": 200}
{"id": "t000005177", "svc": "auth", "phase": "end", "ts": 9339100, "status": 200}
{"id": "t000005178", "svc": "auth", "phase": "start", "ts": 9340000, "status": 200}
{"id": "t000005178", "svc": "gateway", "phase": "end", "ts": 9340100, "status": 200}
{"id": "t000005179", "svc": "gateway", "phase": "start", "ts": 9341000, "status": 200}
{"id": "t000005179", "svc": "payment", "phase": "end", "ts": 9341100, "status": 200}
{"id": "t000005180", "svc": "payment", "phase": "start", "ts": 9342000, "status": 200}
{"id": "t000005180", "svc": "auth", "phase": "end", "ts": 9342100, "status": 200}
{"id": "t000005181", "svc": "auth", "phase": "start", "ts": 9343000, "status": 200}
{"id": "t000005181", "svc": "gateway", "phase": "end", "ts": 9343100, "status": 200}
{"id": "t000005182", "svc": "gateway", "phase": "start", "ts": 9344000, "status": 200}
{"id": "t000005182", "svc": "payment", "phase": "end", "ts": 9344100, "status": 200}
{"id": "t000005183", "svc": "payment", "phase": "start", "ts": 9345000, "status": 200}
{"id": "t000005183", "svc": "auth", "phase": "end", "ts": 9345100, "status": 200}
{"id": "t000005184", "svc": "auth", "phase": "start", "ts": 9346000, "status": 200}
{"id": "t000005184", "svc": "gateway", "phase": "end", "ts": 9346100, "status": 500}
{"id": "t000005185", "svc": "gateway", "phase": "start", "ts": 9347000, "status": 200}
{"id": "t000005185", "svc": "payment", "phase": "end", "ts": 9347100, "status": 200}
{"id": "t000005186", "svc": "payment", "phase": "start", "ts": 9348000, "status": 200}
{"id": "t000005186", "svc": "auth", "phase": "end", "ts": 9348100, "status": 200}
{"id": "t000005187", "svc": "auth", "phase": "start", "ts": 9349000, "status": 200}
{"id": "t000005187", "svc": "gateway", "phase": "end", "ts": 9349100, "status": 200}
{"id": "t000005188", "svc": "gateway", "phase": "start", "ts": 9350000, "status": 200}
{"id": "t000005188", "svc": "payment", "phase": "end", "ts": 9350100, "status": 200}
{"id": "t000005189", "svc": "payment", "phase": "start", "ts": 9351000, "status": 200}
{"id": "t000005189", "svc": "auth", "phase": "end", "ts": 9351100, "status": 200}
{"id": "t000005190", "svc": "auth", "phase": "start", "ts": 9352000, "status": 200}
{"id": "t000005190", "svc": "gateway", "phase": "end", "ts": 9352100, "status": 200}
{"id": "t000005191", "svc": "gateway", "phase": "start", "ts": 9353000, "status": 200}
{"id": "t000005191", "svc": "payment", "phase": "end", "ts": 9353100, "status": 200}
{"id": "t000005192", "svc": "payment", "phase": "start", "ts": 9354000, "status": 200}
{"id": "t000005192", "svc": "auth", "phase": "end", "ts": 9354100, "status": 500}
{"id": "t000005193", "svc": "auth", "phase": "start", "ts": 9355000, "status": 200}
{"id": "t000005193", "svc": "gateway", "phase": "end", "ts": 9355100, "status": 200}
{"id": "t000005194", "svc": "gateway", "phase": "start", "ts": 9356000, "status": 200}
{"id": "t000005194", "svc": "payment", "phase": "end", "ts": 9356100, "status": 200}
{"id": "t000005195", "svc": "payment", "phase": "start", "ts": 9357000, "status": 200}
{"id": "t000005195", "svc": "auth", "phase": "end", "ts": 9357100, "status": 200}
{"id": "t000005196", "svc": "auth", "phase": "start", "ts": 9358000, "status": 200}
{"id": "t000005196", "svc": "gateway", "phase": "end", "ts": 9358100, "status": 200}
{"id": "t000005197", "svc": "gateway", "phase": "start", "ts": 9359000, "status": 200}
{"id": "t000005197", "svc": "payment", "phase": "end", "ts": 9359100, "status": 200}
{"id": "t000005198", "svc": "payment", "phase": "start", "ts": 9360000, "status": 200}
{"id": "t000005198", "svc": "auth", "phase": "end", "ts": 9360100, "status": 200}
{"id": "t000005199", "svc": "auth", "phase": "start", "ts": 9361000, "status": 200}
{"id": "t000005199", "svc": "gateway", "phase": "end", "ts": 9361100, "status": 200}
{"id": "t000005200", "svc": "gateway", "phase": "start", "ts": 9362000, "status": 200}
{"id": "t000005200", "svc": "payment", "phase": "end", "ts": 9362100, "status": 500}
{"id": "t000005201", "svc": "payment", "phase": "start", "ts": 9363000, "status": 200}
{"id": "t000005201", "svc": "auth", "phase": "end", "ts": 9363100, "status": 200}
{"id": "t000005202", "svc": "auth", "phase": "start", "ts": 9364000, "status": 200}
{"id": "t000005202", "svc": "gateway", "phase": "end", "ts": 9364100, "status": 200}
{"id": "t000005203", "svc": "gateway", "phase": "start", "ts": 9365000, "status": 200}
{"id": "t000005203", "svc": "payment", "phase": "end", "ts": 9365100, "status": 200}
{"id": "t000005204", "svc": "payment", "phase": "start", "ts": 9366000, "status": 200}
{"id": "t000005204", "svc": "auth", "phase": "end", "ts": 9366100, "status": 200}
{"id": "t000005205", "svc": "auth", "phase": "start", "ts": 9367000, "status": 200}
{"id": "t000005205", "svc": "gateway", "phase": "end", "ts": 9367100, "status": 200}
{"id": "t000005206", "svc": "gateway", "phase": "start", "ts": 9368000, "status": 200}
{"id": "t000005206", "svc": "payment", "phase": "end", "ts": 9368100, "status": 200}
{"id": "t000005207", "svc": "payment", "phase": "start", "ts": 9369000, "status": 200}
{"id": "t000005207", "svc": "auth", "phase": "end", "ts": 9369100, "status": 200}
{"id": "t000005208", "svc": "auth", "phase": "start", "ts": 9370000, "status": 200}
{"id": "t000005208", "svc": "gateway", "phase": "end", "ts": 9370100, "status": 500}
{"id": "t000005209", "svc": "gateway", "phase": "start", "ts": 9371000, "status": 200}
{"id": "t000005209", "svc": "payment", "phase": "end", "ts": 9371100, "status": 200}
{"id": "t000005210", "svc": "payment", "phase": "start", "ts": 9372000, "status": 200}
{"id": "t000005210", "svc": "auth", "phase": "end", "ts": 9372100, "status": 200}
{"id": "t000005211", "svc": "auth", "phase": "start", "ts": 9373000, "status": 200}
{"id": "t000005211", "svc": "gateway", "phase": "end", "ts": 9373100, "status": 200}
{"id": "t000005212", "svc": "gateway", "phase": "start", "ts": 9374000, "status": 200}
{"id": "t000005212", "svc": "payment", "phase": "end", "ts": 9374100, "status": 200}
{"id": "t000005213", "svc": "payment", "phase": "start", "ts": 9375000, "status": 200}
{"id": "t000005213", "svc": "auth", "phase": "end", "ts": 9375100, "status": 200}
{"id": "t000005214", "svc": "auth", "phase": "start", "ts": 9376000, "status": 200}
{"id": "t000005214", "svc": "gateway", "phase": "end", "ts": 9376100, "status": 200}
{"id": "t000005215", "svc": "gateway", "phase": "start", "ts": 9377000, "status": 200}
{"id": "t000005215", "svc": "payment", "phase": "end", "ts": 9377100, "status": 200}
{"id": "t000005216", "svc": "payment", "phase": "start", "ts": 9378000, "status": 200}
{"id": "t000005216", "svc": "auth", "phase": "end", "ts": 9378100, "status": 500}
{"id": "t000005217", "svc": "auth", "phase": "start", "ts": 9379000, "status": 200}
{"id": "t000005217", "svc": "gateway", "phase": "end", "ts": 9379100, "status": 200}
{"id": "t000005218", "svc": "gateway", "phase": "start", "ts": 9380000, "status": 200}
{"id": "t000005218", "svc": "payment", "phase": "end", "ts": 9380100, "status": 200}
{"id": "t000005219", "svc": "payment", "phase": "start", "ts": 9381000, "status": 200}
{"id": "t000005219", "svc": "auth", "phase": "end", "ts": 9381100, "status": 200}
{"id": "t000005220", "svc": "auth", "phase": "start", "ts": 9382000, "status": 200}
{"id": "t000005220", "svc": "gateway", "phase": "end", "ts": 9382100, "status": 200}
{"id": "t000005221", "svc": "gateway", "phase": "start", "ts": 9383000, "status": 200}
{"id": "t000005221", "svc": "payment", "phase": "end", "ts": 9383100, "status": 200}
{"id": "t000005222", "svc": "payment", "phase": "start", "ts": 9384000, "status": 200}
{"id": "t000005222", "svc": "auth", "phase": "end", "ts": 9384100, "status": 200}
{"id": "t000005223", "svc": "auth", "phase": "start", "ts": 9385000, "status": 200}
{"id": "t000005223", "svc": "gateway", "phase": "end", "ts": 9385100, "status": 200}
{"id": "t000005224", "svc": "gateway", "phase": "start", "ts": 9386000, "status": 200}
{"id": "t000005224", "svc": "payment", "phase": "end", "ts": 9386100, "status": 500}
{"id": "t000005225", "svc": "payment", "phase": "start", "ts": 9387000, "status": 200}
{"id": "t000005225", "svc": "auth", "phase": "end", "ts": 9387100, "status": 200}
{"id": "t000005226", "svc": "auth", "phase": "start", "ts": 9388000, "status": 200}
{"id": "t000005226", "svc": "gateway", "phase": "end", "ts": 9388100, "status": 200}
{"id": "t000005227", "svc": "gateway", "phase": "start", "ts": 9389000, "status": 200}
{"id": "t000005227", "svc": "payment", "phase": "end", "ts": 9389100, "status": 200}
{"id": "t000005228", "svc": "payment", "phase": "start", "ts": 9390000, "status": 200}
{"id": "t000005228", "svc": "auth", "phase": "end", "ts": 9390100, "status": 200}
{"id": "t000005229", "svc": "auth", "phase": "start", "ts": 9391000, "status": 200}
{"id": "t000005229", "svc": "gateway", "phase": "end", "ts": 9391100, "status": 200}
{"id": "t000005230", "svc": "gateway", "phase": "start", "ts": 9392000, "status": 200}
{"id": "t000005230", "svc": "payment", "phase": "end", "ts": 9392100, "status": 200}
{"id": "t000005231", "svc": "payment", "phase": "start", "ts": 9393000, "status": 200}
{"id": "t000005231", "svc": "auth", "phase": "end", "ts": 9393100, "status": 200}
{"id": "t000005232", "svc": "auth", "phase": "start", "ts": 9394000, "status": 200}
{"id": "t000005232", "svc": "gateway", "phase": "end", "ts": 9394100, "status": 500}
{"id": "t000005233", "svc": "gateway", "phase": "start", "ts": 9395000, "status": 200}
{"id": "t000005233", "svc": "payment", "phase": "end", "ts": 9395100, "status": 200}
{"id": "t000005234", "svc": "payment", "phase": "start", "ts": 9396000, "status": 200}
{"id": "t000005234", "svc": "auth", "phase": "end", "ts": 9396100, "status": 200}
{"id": "t000005235", "svc": "auth", "phase": "start", "ts": 9397000, "status": 200}
{"id": "t000005235", "svc": "gateway", "phase": "end", "ts": 9397100, "status": 200}
{"id": "t000005236", "svc": "gateway", "phase": "start", "ts": 9398000, "status": 200}
{"id": "t000005236", "svc": "payment", "phase": "end", "ts": 9398100, "status": 200}
{"id": "t000005237", "svc": "payment", "phase": "start", "ts": 9399000, "status": 200}
{"id": "t000005237", "svc": "auth", "phase": "end", "ts": 9399100, "status": 200}
{"id": "t000005238", "svc": "auth", "phase": "start", "ts": 9400000, "status": 200}
{"id": "t000005238", "svc": "gateway", "phase": "end", "ts": 9400100, "status": 200}
{"id": "t000005239", "svc": "gateway", "phase": "start", "ts": 9401000, "status": 200}
{"id": "t000005239", "svc": "payment", "phase": "end", "ts": 9401100, "status": 200}
{"id": "t000005240", "svc": "payment", "phase": "start", "ts": 9402000, "status": 200}
{"id": "t000005240", "svc": "auth", "phase": "end", "ts": 9402100, "status": 500}
{"id": "t000005241", "svc": "auth", "phase": "start", "ts": 9403000, "status": 200}
{"id": "t000005241", "svc": "gateway", "phase": "end", "ts": 9403100, "status": 200}
{"id": "t000005242", "svc": "gateway", "phase": "start", "ts": 9404000, "status": 200}
{"id": "t000005242", "svc": "payment", "phase": "end", "ts": 9404100, "status": 200}
{"id": "t000005243", "svc": "payment", "phase": "start", "ts": 9405000, "status": 200}
{"id": "t000005243", "svc": "auth", "phase": "end", "ts": 9405100, "status": 200}
{"id": "t000005244", "svc": "auth", "phase": "start", "ts": 9406000, "status": 200}
{"id": "t000005244", "svc": "gateway", "phase": "end", "ts": 9406100, "status": 200}
{"id": "t000005245", "svc": "gateway", "phase": "start", "ts": 9407000, "status": 200}
{"id": "t000005245", "svc": "payment", "phase": "end", "ts": 9407100, "status": 200}
{"id": "t000005246", "svc": "payment", "phase": "start", "ts": 9408000, "status": 200}
{"id": "t000005246", "svc": "auth", "phase": "end", "ts": 9408100, "status": 200}
{"id": "t000005247", "svc": "auth", "phase": "start", "ts": 9409000, "status": 200}
{"id": "t000005247", "svc": "gateway", "phase": "end", "ts": 9409100, "status": 200}
{"id": "t000005248", "svc": "gateway", "phase": "start", "ts": 9410000, "status": 200}
{"id": "t000005248", "svc": "payment", "phase": "end", "ts": 9410100, "status": 500}
{"id": "t000005249", "svc": "payment", "phase": "start", "ts": 9411000, "status": 200}
{"id": "t000005249", "svc": "auth", "phase": "end", "ts": 9411100, "status": 200}
{"id": "t000005250", "svc": "auth", "phase": "start", "ts": 9412000, "status": 200}
{"id": "t000005250", "svc": "gateway", "phase": "end", "ts": 9412100, "status": 200}
{"id": "t000005251", "svc": "gateway", "phase": "start", "ts": 9413000, "status": 200}
{"id": "t000005251", "svc": "payment", "phase": "end", "ts": 9413100, "status": 200}
{"id": "t000005252", "svc": "payment", "phase": "start", "ts": 9414000, "status": 200}
{"id": "t000005252", "svc": "auth", "phase": "end", "ts": 9414100, "status": 200}
{"id": "t000005253", "svc": "auth", "phase": "start", "ts": 9415000, "status": 200}
{"id": "t000005253", "svc": "gateway", "phase": "end", "ts": 9415100, "status": 200}
{"id": "t000005254", "svc": "gateway", "phase": "start", "ts": 9416000, "status": 200}
{"id": "t000005254", "svc": "payment", "phase": "end", "ts": 9416100, "status": 200}
{"id": "t000005255", "svc": "payment", "phase": "start", "ts": 9417000, "status": 200}
{"id": "t000005255", "svc": "auth", "phase": "end", "ts": 9417100, "status": 200}
{"id": "t000005256", "svc": "auth", "phase": "start", "ts": 9418000, "status": 200}
{"id": "t000005256", "svc": "gateway", "phase": "end", "ts": 9418100, "status": 500}
{"id": "t000005257", "svc": "gateway", "phase": "start", "ts": 9419000, "status": 200}
{"id": "t000005257", "svc": "payment", "phase": "end", "ts": 9419100, "status": 200}
{"id": "t000005258", "svc": "payment", "phase": "start", "ts": 9420000, "status": 200}
{"id": "t000005258", "svc": "auth", "phase": "end", "ts": 9420100, "status": 200}
{"id": "t000005259", "svc": "auth", "phase": "start", "ts": 9421000, "status": 200}
{"id": "t000005259", "svc": "gateway", "phase": "end", "ts": 9421100, "status": 200}
{"id": "t000005260", "svc": "gateway", "phase": "start", "ts": 9422000, "status": 200}
{"id": "t000005260", "svc": "payment", "phase": "end", "ts": 9422100, "status": 200}
{"id": "t000005261", "svc": "payment", "phase": "start", "ts": 9423000, "status": 200}
{"id": "t000005261", "svc": "auth", "phase": "end", "ts": 9423100, "status": 200}
{"id": "t000005262", "svc": "auth", "phase": "start", "ts": 9424000, "status": 200}
{"id": "t000005262", "svc": "gateway", "phase": "end", "ts": 9424100, "status": 200}
{"id": "t000005263", "svc": "gateway", "phase": "start", "ts": 9425000, "status": 200}
{"id": "t000005263", "svc": "payment", "phase": "end", "ts": 9425100, "status": 200}
{"id": "t000005264", "svc": "payment", "phase": "start", "ts": 9426000, "status": 200}
{"id": "t000005264", "svc": "auth", "phase": "end", "ts": 9426100, "status": 500}
{"id": "t000005265", "svc": "auth", "phase": "start", "ts": 9427000, "status": 200}
{"id": "t000005265", "svc": "gateway", "phase": "end", "ts": 9427100, "status": 200}
{"id": "t000005266", "svc": "gateway", "phase": "start", "ts": 9428000, "status": 200}
{"id": "t000005266", "svc": "payment", "phase": "end", "ts": 9428100, "status": 200}
{"id": "t000005267", "svc": "payment", "phase": "start", "ts": 9429000, "status": 200}
{"id": "t000005267", "svc": "auth", "phase": "end", "ts": 9429100, "status": 200}
{"id": "t000005268", "svc": "auth", "phase": "start", "ts": 9430000, "status": 200}
{"id": "t000005268", "svc": "gateway", "phase": "end", "ts": 9430100, "status": 200}
{"id": "t000005269", "svc": "gateway", "phase": "start", "ts": 9431000, "status": 200}
{"id": "t000005269", "svc": "payment", "phase": "end", "ts": 9431100, "status": 200}
{"id": "t000005270", "svc": "payment", "phase": "start", "ts": 9432000, "status": 200}
{"id": "t000005270", "svc": "auth", "phase": "end", "ts": 9432100, "status": 200}
{"id": "t000005271", "svc": "auth", "phase": "start", "ts": 9433000, "status": 200}
{"id": "t000005271", "svc": "gateway", "phase": "end", "ts": 9433100, "status": 200}
{"id": "t000005272", "svc": "gateway", "phase": "start", "ts": 9434000, "status": 200}
{"id": "t000005272", "svc": "payment", "phase": "end", "ts": 9434100, "status": 500}
{"id": "t000005273", "svc": "payment", "phase": "start", "ts": 9435000, "status": 200}
{"id": "t000005273", "svc": "auth", "phase": "end", "ts": 9435100, "status": 200}
{"id": "t000005274", "svc": "auth", "phase": "start", "ts": 9436000, "status": 200}
{"id": "t000005274", "svc": "gateway", "phase": "end", "ts": 9436100, "status": 200}
{"id": "t000005275", "svc": "gateway", "phase": "start", "ts": 9437000, "status": 200}
{"id": "t000005275", "svc": "payment", "phase": "end", "ts": 9437100, "status": 200}
{"id": "t000005276", "svc": "payment", "phase": "start", "ts": 9438000, "status": 200}
{"id": "t000005276", "svc": "auth", "phase": "end", "ts": 9438100, "status": 200}
{"id": "t000005277", "svc": "auth", "phase": "start", "ts": 9439000, "status": 200}
{"id": "t000005277", "svc": "gateway", "phase": "end", "ts": 9439100, "status": 200}
{"id": "t000005278", "svc": "gateway", "phase": "start", "ts": 9440000, "status": 200}
{"id": "t000005278", "svc": "payment", "phase": "end", "ts": 9440100, "status": 200}
{"id": "t000005279", "svc": "payment", "phase": "start", "ts": 9441000, "status": 200}
{"id": "t000005279", "svc": "auth", "phase": "end", "ts": 9441100, "status": 200}
{"id": "t000005280", "svc": "auth", "phase": "start", "ts": 9442000, "status": 200}
{"id": "t000005280", "svc": "gateway", "phase": "end", "ts": 9442100, "status": 500}
{"id": "t000005281", "svc": "gateway", "phase": "start", "ts": 9443000, "status": 200}
{"id": "t000005281", "svc": "payment", "phase": "end", "ts": 9443100, "status": 200}
{"id": "t000005282", "svc": "payment", "phase": "start", "ts": 9444000, "status": 200}
{"id": "t000005282", "svc": "auth", "phase": "end", "ts": 9444100, "status": 200}
{"id": "t000005283", "svc": "auth", "phase": "start", "ts": 9445000, "status": 200}
{"id": "t000005283", "svc": "gateway", "phase": "end", "ts": 9445100, "status": 200}
{"id": "t000005284", "svc": "gateway", "phase": "start", "ts": 9446000, "status": 200}
{"id": "t000005284", "svc": "payment", "phase": "end", "ts": 9446100, "status": 200}
{"id": "t000005285", "svc": "payment", "phase": "start", "ts": 9447000, "status": 200}
{"id": "t000005285", "svc": "auth", "phase": "end", "ts": 9447100, "status": 200}
{"id": "t000005286", "svc": "auth", "phase": "start", "ts": 9448000, "status": 200}
{"id": "t000005286", "svc": "gateway", "phase": "end", "ts": 9448100, "status": 200}
{"id": "t000005287", "svc": "gateway", "phase": "start", "ts": 9449000, "status": 200}
{"id": "t000005287", "svc": "payment", "phase": "end", "ts": 9449100, "status": 200}
{"id": "t000005288", "svc": "payment", "phase": "start", "ts": 9450000, "status": 200}
{"id": "t000005288", "svc": "auth", "phase": "end", "ts": 9450100, "status": 500}
{"id": "t000005289", "svc": "auth", "phase": "start", "ts": 9451000, "status": 200}
{"id": "t000005289", "svc": "gateway", "phase": "end", "ts": 9451100, "status": 200}
{"id": "t000005290", "svc": "gateway", "phase": "start", "ts": 9452000, "status": 200}
{"id": "t000005290", "svc": "payment", "phase": "end", "ts": 9452100, "status": 200}
{"id": "t000005291", "svc": "payment", "phase": "start", "ts": 9453000, "status": 200}
{"id": "t000005291", "svc": "auth", "phase": "end", "ts": 9453100, "status": 200}
{"id": "t000005292", "svc": "auth", "phase": "start", "ts": 9454000, "status": 200}
{"id": "t000005292", "svc": "gateway", "phase": "end", "ts": 9454100, "status": 200}
{"id": "t000005293", "svc": "gateway", "phase": "start", "ts": 9455000, "status": 200}
{"id": "t000005293", "svc": "payment", "phase": "end", "ts": 9455100, "status": 200}
{"id": "t000005294", "svc": "payment", "phase": "start", "ts": 9456000, "status": 200}
{"id": "t000005294", "svc": "auth", "phase": "end", "ts": 9456100, "status": 200}
{"id": "t000005295", "svc": "auth", "phase": "start", "ts": 9457000, "status": 200}
{"id": "t000005295", "svc": "gateway", "phase": "end", "ts": 9457100, "status": 200}
{"id": "t000005296", "svc": "gateway", "phase": "start", "ts": 9458000, "status": 200}
{"id": "t000005296", "svc": "payment", "phase": "end", "ts": 9458100, "status": 500}
{"id": "t000005297", "svc": "payment", "phase": "start", "ts": 9459000, "status": 200}
{"id": "t000005297", "svc": "auth", "phase": "end", "ts": 9459100, "status": 200}
{"id": "t000005298", "svc": "auth", "phase": "start", "ts": 9460000, "status": 200}
{"id": "t000005298", "svc": "gateway", "phase": "end", "ts": 9460100, "status": 200}
{"id": "t000005299", "svc": "gateway", "phase": "start", "ts": 9461000, "status": 200}
{"id": "t000005299", "svc": "payment", "phase": "end", "ts": 9461100, "status": 200}
{"id": "t000005300", "svc": "payment", "phase": "start", "ts": 9462000, "status": 200}
{"id": "t000005300", "svc": "payment", "phase": "end", "ts": 9462100, "status": 200}
{"id": "t000005301", "svc": "auth", "phase": "start", "ts": 9463000, "status": 200}
{"id": "t000005301", "svc": "auth", "phase": "end", "ts": 9463100, "status": 200}
{"id": "t000005302", "svc": "gateway", "phase": "start", "ts": 9464000, "status": 200}
{"id": "t000005302", "svc": "gateway", "phase": "end", "ts": 9464100, "status": 200}
{"id": "t000005303", "svc": "payment", "phase": "start", "ts": 9465000, "status": 200}
{"id": "t000005303", "svc": "payment", "phase": "end", "ts": 9465100, "status": 200}
{"id": "t000005304", "svc": "auth", "phase": "start", "ts": 9466000, "status": 200}
{"id": "t000005304", "svc": "auth", "phase": "end", "ts": 9466100, "status": 500}
{"id": "t000005305", "svc": "gateway", "phase": "start", "ts": 9467000, "status": 200}
{"id": "t000005305", "svc": "gateway", "phase": "end", "ts": 9467100, "status": 200}
{"id": "t000005306", "svc": "payment", "phase": "start", "ts": 9468000, "status": 200}
{"id": "t000005306", "svc": "payment", "phase": "end", "ts": 9468100, "status": 200}
{"id": "t000005307", "svc": "auth", "phase": "start", "ts": 9469000, "status": 200}
{"id": "t000005307", "svc": "auth", "phase": "end", "ts": 9469100, "status": 200}
{"id": "t000005308", "svc": "gateway", "phase": "start", "ts": 9470000, "status": 200}
{"id": "t000005308", "svc": "gateway", "phase": "end", "ts": 9470100, "status": 200}
{"id": "t000005309", "svc": "payment", "phase": "start", "ts": 9471000, "status": 200}
{"id": "t000005309", "svc": "payment", "phase": "end", "ts": 9471100, "status": 200}
{"id": "t000005310", "svc": "auth", "phase": "start", "ts": 9472000, "status": 200}
{"id": "t000005310", "svc": "auth", "phase": "end", "ts": 9472100, "status": 200}
{"id": "t000005311", "svc": "gateway", "phase": "start", "ts": 9473000, "status": 200}
{"id": "t000005311", "svc": "gateway", "phase": "end", "ts": 9473100, "status": 200}
{"id": "t000005312", "svc": "payment", "phase": "start", "ts": 9474000, "status": 200}
{"id": "t000005312", "svc": "payment", "phase": "end", "ts": 9474100, "status": 500}
{"id": "t000005313", "svc": "auth", "phase": "start", "ts": 9475000, "status": 200}
{"id": "t000005313", "svc": "auth", "phase": "end", "ts": 9475100, "status": 200}
{"id": "t000005314", "svc": "gateway", "phase": "start", "ts": 9476000, "status": 200}
{"id": "t000005314", "svc": "gateway", "phase": "end", "ts": 9476100, "status": 200}
{"id": "t000005315", "svc": "payment", "phase": "start", "ts": 9477000, "status": 200}
{"id": "t000005315", "svc": "payment", "phase": "end", "ts": 9477100, "status": 200}
{"id": "t000005316", "svc": "auth", "phase": "start", "ts": 9478000, "status": 200}
{"id": "t000005316", "svc": "auth", "phase": "end", "ts": 9478100, "status": 200}
{"id": "t000005317", "svc": "gateway", "phase": "start", "ts": 9479000, "status": 200}
{"id": "t000005317", "svc": "gateway", "phase": "end", "ts": 9479100, "status": 200}
{"id": "t000005318", "svc": "payment", "phase": "start", "ts": 9480000, "status": 200}
{"id": "t000005318", "svc": "payment", "phase": "end", "ts": 9480100, "status": 200}
{"id": "t000005319", "svc": "auth", "phase": "start", "ts": 9481000, "status": 200}
{"id": "t000005319", "svc": "auth", "phase": "end", "ts": 9481100, "status": 200}
{"id": "t000005320", "svc": "gateway", "phase": "start", "ts": 9482000, "status": 200}
{"id": "t000005320", "svc": "gateway", "phase": "end", "ts": 9482100, "status": 500}
{"id": "t000005321", "svc": "payment", "phase": "start", "ts": 9483000, "status": 200}
{"id": "t000005321", "svc": "payment", "phase": "end", "ts": 9483100, "status": 200}
{"id": "t000005322", "svc": "auth", "phase": "start", "ts": 9484000, "status": 200}
{"id": "t000005322", "svc": "auth", "phase": "end", "ts": 9484100, "status": 200}
{"id": "t000005323", "svc": "gateway", "phase": "start", "ts": 9485000, "status": 200}
{"id": "t000005323", "svc": "gateway", "phase": "end", "ts": 9485100, "status": 200}
{"id": "t000005324", "svc": "payment", "phase": "start", "ts": 9486000, "status": 200}
{"id": "t000005324", "svc": "payment", "phase": "end", "ts": 9486100, "status": 200}
{"id": "t000005325", "svc": "auth", "phase": "start", "ts": 9487000, "status": 200}
{"id": "t000005325", "svc": "auth", "phase": "end", "ts": 9487100, "status": 200}
{"id": "t000005326", "svc": "gateway", "phase": "start", "ts": 9488000, "status": 200}
{"id": "t000005326", "svc": "gateway", "phase": "end", "ts": 9488100, "status": 200}
{"id": "t000005327", "svc": "payment", "phase": "start", "ts": 9489000, "status": 200}
{"id": "t000005327", "svc": "payment", "phase": "end", "ts": 9489100, "status": 200}
{"id": "t000005328", "svc": "auth", "phase": "start", "ts": 9490000, "status": 200}
{"id": "t000005328", "svc": "auth", "phase": "end", "ts": 9490100, "status": 500}
{"id": "t000005329", "svc": "gateway", "phase": "start", "ts": 9491000, "status": 200}
{"id": "t000005329", "svc": "gateway", "phase": "end", "ts": 9491100, "status": 200}
{"id": "t000005330", "svc": "payment", "phase": "start", "ts": 9492000, "status": 200}
{"id": "t000005330", "svc": "payment", "phase": "end", "ts": 9492100, "status": 200}
{"id": "t000005331", "svc": "auth", "phase": "start", "ts": 9493000, "status": 200}
{"id": "t000005331", "svc": "auth", "phase": "end", "ts": 9493100, "status": 200}
{"id": "t000005332", "svc": "gateway", "phase": "start", "ts": 9494000, "status": 200}
{"id": "t000005332", "svc": "gateway", "phase": "end", "ts": 9494100, "status": 200}
{"id": "t000005333", "svc": "payment", "phase": "start", "ts": 9495000, "status": 200}
{"id": "t000005333", "svc": "payment", "phase": "end", "ts": 9495100, "status": 200}
{"id": "t000005334", "svc": "auth", "phase": "start", "ts": 9496000, "status": 200}
{"id": "t000005334", "svc": "auth", "phase": "end", "ts": 9496100, "status": 200}
{"id": "t000005335", "svc": "gateway", "phase": "start", "ts": 9497000, "status": 200}
{"id": "t000005335", "svc": "gateway", "phase": "end", "ts": 9497100, "status": 200}
{"id": "t000005336", "svc": "payment", "phase": "start", "ts": 9498000, "status": 200}
{"id": "t000005336", "svc": "payment", "phase": "end", "ts": 9498100, "status": 500}
{"id": "t000005337", "svc": "auth", "phase": "start", "ts": 9499000, "status": 200}
{"id": "t000005337", "svc": "auth", "phase": "end", "ts": 9499100, "status": 200}
{"id": "t000005338", "svc": "gateway", "phase": "start", "ts": 9500000, "status": 200}
{"id": "t000005338", "svc": "gateway", "phase": "end", "ts": 9500100, "status": 200}
{"id": "t000005339", "svc": "payment", "phase": "start", "ts": 9501000, "status": 200}
{"id": "t000005339", "svc": "payment", "phase": "end", "ts": 9501100, "status": 200}
{"id": "t000005340", "svc": "auth", "phase": "start", "ts": 9502000, "status": 200}
{"id": "t000005340", "svc": "auth", "phase": "end", "ts": 9502100, "status": 200}
{"id": "t000005341", "svc": "gateway", "phase": "start", "ts": 9503000, "status": 200}
{"id": "t000005341", "svc": "gateway", "phase": "end", "ts": 9503100, "status": 200}
{"id": "t000005342", "svc": "payment", "phase": "start", "ts": 9504000, "status": 200}
{"id": "t000005342", "svc": "payment", "phase": "end", "ts": 9504100, "status": 200}
{"id": "t000005343", "svc": "auth", "phase": "start", "ts": 9505000, "status": 200}
{"id": "t000005343", "svc": "auth", "phase": "end", "ts": 9505100, "status": 200}
{"id": "t000005344", "svc": "gateway", "phase": "start", "ts": 9506000, "status": 200}
{"id": "t000005344", "svc": "gateway", "phase": "end", "ts": 9506100, "status": 500}
{"id": "t000005345", "svc": "payment", "phase": "start", "ts": 9507000, "status": 200}
{"id": "t000005345", "svc": "payment", "phase": "end", "ts": 9507100, "status": 200}
{"id": "t000005346", "svc": "auth", "phase": "start", "ts": 9508000, "status": 200}
{"id": "t000005346", "svc": "auth", "phase": "end", "ts": 9508100, "status": 200}
{"id": "t000005347", "svc": "gateway", "phase": "start", "ts": 9509000, "status": 200}
{"id": "t000005347", "svc": "gateway", "phase": "end", "ts": 9509100, "status": 200}
{"id": "t000005348", "svc": "payment", "phase": "start", "ts": 9510000, "status": 200}
{"id": "t000005348", "svc": "payment", "phase": "end", "ts": 9510100, "status": 200}
{"id": "t000005349", "svc": "auth", "phase": "start", "ts": 9511000, "status": 200}
{"id": "t000005349", "svc": "auth", "phase": "end", "ts": 9511100, "status": 200}
{"id": "t000005350", "svc": "gateway", "phase": "start", "ts": 9512000, "status": 200}
{"id": "t000005350", "svc": "gateway", "phase": "end", "ts": 9512100, "status": 200}
{"id": "t000005351", "svc": "payment", "phase": "start", "ts": 9513000, "status": 200}
{"id": "t000005351", "svc": "payment", "phase": "end", "ts": 9513100, "status": 200}
{"id": "t000005352", "svc": "auth", "phase": "start", "ts": 9514000, "status": 200}
{"id": "t000005352", "svc": "auth", "phase": "end", "ts": 9514100, "status": 500}
{"id": "t000005353", "svc": "gateway", "phase": "start", "ts": 9515000, "status": 200}
{"id": "t000005353", "svc": "gateway", "phase": "end", "ts": 9515100, "status": 200}
{"id": "t000005354", "svc": "payment", "phase": "start", "ts": 9516000, "status": 200}
{"id": "t000005354", "svc": "payment", "phase": "end", "ts": 9516100, "status": 200}
{"id": "t000005355", "svc": "auth", "phase": "start", "ts": 9517000, "status": 200}
{"id": "t000005355", "svc": "auth", "phase": "end", "ts": 9517100, "status": 200}
{"id": "t000005356", "svc": "gateway", "phase": "start", "ts": 9518000, "status": 200}
{"id": "t000005356", "svc": "gateway", "phase": "end", "ts": 9518100, "status": 200}
{"id": "t000005357", "svc": "payment", "phase": "start", "ts": 9519000, "status": 200}
{"id": "t000005357", "svc": "payment", "phase": "end", "ts": 9519100, "status": 200}
{"id": "t000005358", "svc": "auth", "phase": "start", "ts": 9520000, "status": 200}
{"id": "t000005358", "svc": "auth", "phase": "end", "ts": 9520100, "status": 200}
{"id": "t000005359", "svc": "gateway", "phase": "start", "ts": 9521000, "status": 200}
{"id": "t000005359", "svc": "gateway", "phase": "end", "ts": 9521100, "status": 200}
{"id": "t000005360", "svc": "payment", "phase": "start", "ts": 9522000, "status": 200}
{"id": "t000005360", "svc": "payment", "phase": "end", "ts": 9522100, "status": 500}
{"id": "t000005361", "svc": "auth", "phase": "start", "ts": 9523000, "status": 200}
{"id": "t000005361", "svc": "auth", "phase": "end", "ts": 9523100, "status": 200}
{"id": "t000005362", "svc": "gateway", "phase": "start", "ts": 9524000, "status": 200}
{"id": "t000005362", "svc": "gateway", "phase": "end", "ts": 9524100, "status": 200}
{"id": "t000005363", "svc": "payment", "phase": "start", "ts": 9525000, "status": 200}
{"id": "t000005363", "svc": "payment", "phase": "end", "ts": 9525100, "status": 200}
{"id": "t000005364", "svc": "auth", "phase": "start", "ts": 9526000, "status": 200}
{"id": "t000005364", "svc": "auth", "phase": "end", "ts": 9526100, "status": 200}
{"id": "t000005365", "svc": "gateway", "phase": "start", "ts": 9527000, "status": 200}
{"id": "t000005365", "svc": "gateway", "phase": "end", "ts": 9527100, "status": 200}
{"id": "t000005366", "svc": "payment", "phase": "start", "ts": 9528000, "status": 200}
{"id": "t000005366", "svc": "payment", "phase": "end", "ts": 9528100, "status": 200}
{"id": "t000005367", "svc": "auth", "phase": "start", "ts": 9529000, "status": 200}
{"id": "t000005367", "svc": "auth", "phase": "end", "ts": 9529100, "status": 200}
{"id": "t000005368", "svc": "gateway", "phase": "start", "ts": 9530000, "status": 200}
{"id": "t000005368", "svc": "gateway", "phase": "end", "ts": 9530100, "status": 500}
{"id": "t000005369", "svc": "payment", "phase": "start", "ts": 9531000, "status": 200}
{"id": "t000005369", "svc": "payment", "phase": "end", "ts": 9531100, "status": 200}
{"id": "t000005370", "svc": "auth", "phase": "start", "ts": 9532000, "status": 200}
{"id": "t000005370", "svc": "auth", "phase": "end", "ts": 9532100, "status": 200}
{"id": "t000005371", "svc": "gateway", "phase": "start", "ts": 9533000, "status": 200}
{"id": "t000005371", "svc": "gateway", "phase": "end", "ts": 9533100, "status": 200}
{"id": "t000005372", "svc": "payment", "phase": "start", "ts": 9534000, "status": 200}
{"id": "t000005372", "svc": "payment", "phase": "end", "ts": 9534100, "status": 200}
{"id": "t000005373", "svc": "auth", "phase": "start", "ts": 9535000, "status": 200}
{"id": "t000005373", "svc": "auth", "phase": "end", "ts": 9535100, "status": 200}
{"id": "t000005374", "svc": "gateway", "phase": "start", "ts": 9536000, "status": 200}
{"id": "t000005374", "svc": "gateway", "phase": "end", "ts": 9536100, "status": 200}
{"id": "t000005375", "svc": "payment", "phase": "start", "ts": 9537000, "status": 200}
{"id": "t000005375", "svc": "payment", "phase": "end", "ts": 9537100, "status": 200}
{"id": "t000005376", "svc": "auth", "phase": "start", "ts": 9538000, "status": 200}
{"id": "t000005376", "svc": "auth", "phase": "end", "ts": 9538100, "status": 500}
{"id": "t000005377", "svc": "gateway", "phase": "start", "ts": 9539000, "status": 200}
{"id": "t000005377", "svc": "gateway", "phase": "end", "ts": 9539100, "status": 200}
{"id": "t000005378", "svc": "payment", "phase": "start", "ts": 9540000, "status": 200}
{"id": "t000005378", "svc": "payment", "phase": "end", "ts": 9540100, "status": 200}
{"id": "t000005379", "svc": "auth", "phase": "start", "ts": 9541000, "status": 200}
{"id": "t000005379", "svc": "auth", "phase": "end", "ts": 9541100, "status": 200}
{"id": "t000005380", "svc": "gateway", "phase": "start", "ts": 9542000, "status": 200}
{"id": "t000005380", "svc": "gateway", "phase": "end", "ts": 9542100, "status": 200}
{"id": "t000005381", "svc": "payment", "phase": "start", "ts": 9543000, "status": 200}
{"id": "t000005381", "svc": "payment", "phase": "end", "ts": 9543100, "status": 200}
{"id": "t000005382", "svc": "auth", "phase": "start", "ts": 9544000, "status": 200}
{"id": "t000005382", "svc": "auth", "phase": "end", "ts": 9544100, "status": 200}
{"id": "t000005383", "svc": "gateway", "phase": "start", "ts": 9545000, "status": 200}
{"id": "t000005383", "svc": "gateway", "phase": "end", "ts": 9545100, "status": 200}
{"id": "t000005384", "svc": "payment", "phase": "start", "ts": 9546000, "status": 200}
{"id": "t000005384", "svc": "payment", "phase": "end", "ts": 9546100, "status": 500}
{"id": "t000005385", "svc": "auth", "phase": "start", "ts": 9547000, "status": 200}
{"id": "t000005385", "svc": "auth", "phase": "end", "ts": 9547100, "status": 200}
{"id": "t000005386", "svc": "gateway", "phase": "start", "ts": 9548000, "status": 200}
{"id": "t000005386", "svc": "gateway", "phase": "end", "ts": 9548100, "status": 200}
{"id": "t000005387", "svc": "payment", "phase": "start", "ts": 9549000, "status": 200}
{"id": "t000005387", "svc": "payment", "phase": "end", "ts": 9549100, "status": 200}
{"id": "t000005388", "svc": "auth", "phase": "start", "ts": 9550000, "status": 200}
{"id": "t000005388", "svc": "auth", "phase": "end", "ts": 9550100, "status": 200}
{"id": "t000005389", "svc": "gateway", "phase": "start", "ts": 9551000, "status": 200}
{"id": "t000005389", "svc": "gateway", "phase": "end", "ts": 9551100, "status": 200}
{"id": "t000005390", "svc": "payment", "phase": "start", "ts": 9552000, "status": 200}
{"id": "t000005390", "svc": "payment", "phase": "end", "ts": 9552100, "status": 200}
{"id": "t000005391", "svc": "auth", "phase": "start", "ts": 9553000, "status": 200}
{"id": "t000005391", "svc": "auth", "phase": "end", "ts": 9553100, "status": 200}
{"id": "t000005392", "svc": "gateway", "phase": "start", "ts": 9554000, "status": 200}
{"id": "t000005392", "svc": "gateway", "phase": "end", "ts": 9554100, "status": 500}
{"id": "t000005393", "svc": "payment", "phase": "start", "ts": 9555000, "status": 200}
{"id": "t000005393", "svc": "payment", "phase": "end", "ts": 9555100, "status": 200}
{"id": "t000005394", "svc": "auth", "phase": "start", "ts": 9556000, "status": 200}
{"id": "t000005394", "svc": "auth", "phase": "end", "ts": 9556100, "status": 200}
{"id": "t000005395", "svc": "gateway", "phase": "start", "ts": 9557000, "status": 200}
{"id": "t000005395", "svc": "gateway", "phase": "end", "ts": 9557100, "status": 200}
{"id": "t000005396", "svc": "payment", "phase": "start", "ts": 9558000, "status": 200}
{"id": "t000005396", "svc": "payment", "phase": "end", "ts": 9558100, "status": 200}
{"id": "t000005397", "svc": "auth", "phase": "start", "ts": 9559000, "status": 200}
{"id": "t000005397", "svc": "auth", "phase": "end", "ts": 9559100, "status": 200}
{"id": "t000005398", "svc": "gateway", "phase": "start", "ts": 9560000, "status": 200}
{"id": "t000005398", "svc": "gateway", "phase": "end", "ts": 9560100, "status": 200}
{"id": "t000005399", "svc": "payment", "phase": "start", "ts": 9561000, "status": 200}
{"id": "t000005399", "svc": "payment", "phase": "end", "ts": 9561100, "status": 200}
{"id": "t000005400", "svc": "auth", "phase": "start", "ts": 9562000, "status": 200}
{"id": "t000005400", "svc": "auth", "phase": "end", "ts": 9562100, "status": 500}
{"id": "t000005401", "svc": "gateway", "phase": "start", "ts": 9563000, "status": 200}
{"id": "t000005401", "svc": "gateway", "phase": "end", "ts": 9563100, "status": 200}
{"id": "t000005402", "svc": "payment", "phase": "start", "ts": 9564000, "status": 200}
{"id": "t000005402", "svc": "payment", "phase": "end", "ts": 9564100, "status": 200}
{"id": "t000005403", "svc": "auth", "phase": "start", "ts": 9565000, "status": 200}
{"id": "t000005403", "svc": "auth", "phase": "end", "ts": 9565100, "status": 200}
{"id": "t000005404", "svc": "gateway", "phase": "start", "ts": 9566000, "status": 200}
{"id": "t000005404", "svc": "gateway", "phase": "end", "ts": 9566100, "status": 200}
{"id": "t000005405", "svc": "payment", "phase": "start", "ts": 9567000, "status": 200}
{"id": "t000005405", "svc": "payment", "phase": "end", "ts": 9567100, "status": 200}
{"id": "t000005406", "svc": "auth", "phase": "start", "ts": 9568000, "status": 200}
{"id": "t000005406", "svc": "auth", "phase": "end", "ts": 9568100, "status": 200}
{"id": "t000005407", "svc": "gateway", "phase": "start", "ts": 9569000, "status": 200}
{"id": "t000005407", "svc": "gateway", "phase": "end", "ts": 9569100, "status": 200}
{"id": "t000005408", "svc": "payment", "phase": "start", "ts": 9570000, "status": 200}
{"id": "t000005408", "svc": "payment", "phase": "end", "ts": 9570100, "status": 500}
{"id": "t000005409", "svc": "auth", "phase": "start", "ts": 9571000, "status": 200}
{"id": "t000005409", "svc": "auth", "phase": "end", "ts": 9571100, "status": 200}
{"id": "t000005410", "svc": "gateway", "phase": "start", "ts": 9572000, "status": 200}
{"id": "t000005410", "svc": "gateway", "phase": "end", "ts": 9572100, "status": 200}
{"id": "t000005411", "svc": "payment", "phase": "start", "ts": 9573000, "status": 200}
{"id": "t000005411", "svc": "payment", "phase": "end", "ts": 9573100, "status": 200}
{"id": "t000005412", "svc": "auth", "phase": "start", "ts": 9574000, "status": 200}
{"id": "t000005412", "svc": "auth", "phase": "end", "ts": 9574100, "status": 200}
{"id": "t000005413", "svc": "gateway", "phase": "start", "ts": 9575000, "status": 200}
{"id": "t000005413", "svc": "gateway", "phase": "end", "ts": 9575100, "status": 200}
{"id": "t000005414", "svc": "payment", "phase": "start", "ts": 9576000, "status": 200}
{"id": "t000005414", "svc": "payment", "phase": "end", "ts": 9576100, "status": 200}
{"id": "t000005415", "svc": "auth", "phase": "start", "ts": 9577000, "status": 200}
{"id": "t000005415", "svc": "auth", "phase": "end", "ts": 9577100, "status": 200}
{"id": "t000005416", "svc": "gateway", "phase": "start", "ts": 9578000, "status": 200}
{"id": "t000005416", "svc": "gateway", "phase": "end", "ts": 9578100, "status": 500}
{"id": "t000005417", "svc": "payment", "phase": "start", "ts": 9579000, "status": 200}
{"id": "t000005417", "svc": "payment", "phase": "end", "ts": 9579100, "status": 200}
{"id": "t000005418", "svc": "auth", "phase": "start", "ts": 9580000, "status": 200}
{"id": "t000005418", "svc": "auth", "phase": "end", "ts": 9580100, "status": 200}
{"id": "t000005419", "svc": "gateway", "phase": "start", "ts": 9581000, "status": 200}
{"id": "t000005419", "svc": "gateway", "phase": "end", "ts": 9581100, "status": 200}
{"id": "t000005420", "svc": "payment", "phase": "start", "ts": 9582000, "status": 200}
{"id": "t000005420", "svc": "payment", "phase": "end", "ts": 9582100, "status": 200}
{"id": "t000005421", "svc": "auth", "phase": "start", "ts": 9583000, "status": 200}
{"id": "t000005421", "svc": "auth", "phase": "end", "ts": 9583100, "status": 200}
{"id": "t000005422", "svc": "gateway", "phase": "start", "ts": 9584000, "status": 200}
{"id": "t000005422", "svc": "gateway", "phase": "end", "ts": 9584100, "status": 200}
{"id": "t000005423", "svc": "payment", "phase": "start", "ts": 9585000, "status": 200}
{"id": "t000005423", "svc": "payment", "phase": "end", "ts": 9585100, "status": 200}
{"id": "t000005424", "svc": "auth", "phase": "start", "ts": 9586000, "status": 200}
{"id": "t000005424", "svc": "auth", "phase": "end", "ts": 9586100, "status": 500}
{"id": "t000005425", "svc": "gateway", "phase": "start", "ts": 9587000, "status": 200}
{"id": "t000005425", "svc": "gateway", "phase": "end", "ts": 9587100, "status": 200}
{"id": "t000005426", "svc": "payment", "phase": "start", "ts": 9588000, "status": 200}
{"id": "t000005426", "svc": "payment", "phase": "end", "ts": 9588100, "status": 200}
{"id": "t000005427", "svc": "auth", "phase": "start", "ts": 9589000, "status": 200}
{"id": "t000005427", "svc": "auth", "phase": "end", "ts": 9589100, "status": 200}
{"id": "t000005428", "svc": "gateway", "phase": "start", "ts": 9590000, "status": 200}
{"id": "t000005428", "svc": "gateway", "phase": "end", "ts": 9590100, "status": 200}
{"id": "t000005429", "svc": "payment", "phase": "start", "ts": 9591000, "status": 200}
{"id": "t000005429", "svc": "payment", "phase": "end", "ts": 9591100, "status": 200}
{"id": "t000005430", "svc": "auth", "phase": "start", "ts": 9592000, "status": 200}
{"id": "t000005430", "svc": "auth", "phase": "end", "ts": 9592100, "status": 200}
{"id": "t000005431", "svc": "gateway", "phase": "start", "ts": 9593000, "status": 200}
{"id": "t000005431", "svc": "gateway", "phase": "end", "ts": 9593100, "status": 200}
{"id": "t000005432", "svc": "payment", "phase": "start", "ts": 9594000, "status": 200}
{"id": "t000005432", "svc": "payment", "phase": "end", "ts": 9594100, "status": 500}
{"id": "t000005433", "svc": "auth", "phase": "start", "ts": 9595000, "status": 200}
{"id": "t000005433", "svc": "auth", "phase": "end", "ts": 9595100, "status": 200}
{"id": "t000005434", "svc": "gateway", "phase": "start", "ts": 9596000, "status": 200}
{"id": "t000005434", "svc": "gateway", "phase": "end", "ts": 9596100, "status": 200}
{"id": "t000005435", "svc": "payment", "phase": "start", "ts": 9597000, "status": 200}
{"id": "t000005435", "svc": "payment", "phase": "end", "ts": 9597100, "status": 200}
{"id": "t000005436", "svc": "auth", "phase": "start", "ts": 9598000, "status": 200}
{"id": "t000005436", "svc": "auth", "phase": "end", "ts": 9598100, "status": 200}
{"id": "t000005437", "svc": "gateway", "phase": "start", "ts": 9599000, "status": 200}
{"id": "t000005437", "svc": "gateway", "phase": "end", "ts": 9599100, "status": 200}
{"id": "t000005438", "svc": "payment", "phase": "start", "ts": 9600000, "status": 200}
{"id": "t000005438", "svc": "payment", "phase": "end", "ts": 9600100, "status": 200}
{"id": "t000005439", "svc": "auth", "phase": "start", "ts": 9601000, "status": 200}
{"id": "t000005439", "svc": "auth", "phase": "end", "ts": 9601100, "status": 200}
{"id": "t000005440", "svc": "gateway", "phase": "start", "ts": 9602000, "status": 200}
{"id": "t000005440", "svc": "gateway", "phase": "end", "ts": 9602100, "status": 500}
{"id": "t000005441", "svc": "payment", "phase": "start", "ts": 9603000, "status": 200}
{"id": "t000005441", "svc": "payment", "phase": "end", "ts": 9603100, "status": 200}
{"id": "t000005442", "svc": "auth", "phase": "start", "ts": 9604000, "status": 200}
{"id": "t000005442", "svc": "auth", "phase": "end", "ts": 9604100, "status": 200}
{"id": "t000005443", "svc": "gateway", "phase": "start", "ts": 9605000, "status": 200}
{"id": "t000005443", "svc": "gateway", "phase": "end", "ts": 9605100, "status": 200}
{"id": "t000005444", "svc": "payment", "phase": "start", "ts": 9606000, "status": 200}
{"id": "t000005444", "svc": "payment", "phase": "end", "ts": 9606100, "status": 200}
{"id": "t000005445", "svc": "auth", "phase": "start", "ts": 9607000, "status": 200}
{"id": "t000005445", "svc": "auth", "phase": "end", "ts": 9607100, "status": 200}
{"id": "t000005446", "svc": "gateway", "phase": "start", "ts": 9608000, "status": 200}
{"id": "t000005446", "svc": "gateway", "phase": "end", "ts": 9608100, "status": 200}
{"id": "t000005447", "svc": "payment", "phase": "start", "ts": 9609000, "status": 200}
{"id": "t000005447", "svc": "payment", "phase": "end", "ts": 9609100, "status": 200}
{"id": "t000005448", "svc": "auth", "phase": "start", "ts": 9610000, "status": 200}
{"id": "t000005448", "svc": "auth", "phase": "end", "ts": 9610100, "status": 500}
{"id": "t000005449", "svc": "gateway", "phase": "start", "ts": 9611000, "status": 200}
{"id": "t000005449", "svc": "gateway", "phase": "end", "ts": 9611100, "status": 200}
{"id": "t000005450", "svc": "payment", "phase": "start", "ts": 9612000, "status": 200}
{"id": "t000005450", "svc": "payment", "phase": "end", "ts": 9612100, "status": 200}
{"id": "t000005451", "svc": "auth", "phase": "start", "ts": 9613000, "status": 200}
{"id": "t000005451", "svc": "auth", "phase": "end", "ts": 9613100, "status": 200}
{"id": "t000005452", "svc": "gateway", "phase": "start", "ts": 9614000, "status": 200}
{"id": "t000005452", "svc": "gateway", "phase": "end", "ts": 9614100, "status": 200}
{"id": "t000005453", "svc": "payment", "phase": "start", "ts": 9615000, "status": 200}
{"id": "t000005453", "svc": "payment", "phase": "end", "ts": 9615100, "status": 200}
{"id": "t000005454", "svc": "auth", "phase": "start", "ts": 9616000, "status": 200}
{"id": "t000005454", "svc": "auth", "phase": "end", "ts": 9616100, "status": 200}
{"id": "t000005455", "svc": "gateway", "phase": "start", "ts": 9617000, "status": 200}
{"id": "t000005455", "svc": "gateway", "phase": "end", "ts": 9617100, "status": 200}
{"id": "t000005456", "svc": "payment", "phase": "start", "ts": 9618000, "status": 200}
{"id": "t000005456", "svc": "payment", "phase": "end", "ts": 9618100, "status": 500}
{"id": "t000005457", "svc": "auth", "phase": "start", "ts": 9619000, "status": 200}
{"id": "t000005457", "svc": "auth", "phase": "end", "ts": 9619100, "status": 200}
{"id": "t000005458", "svc": "gateway", "phase": "start", "ts": 9620000, "status": 200}
{"id": "t000005458", "svc": "gateway", "phase": "end", "ts": 9620100, "status": 200}
{"id": "t000005459", "svc": "payment", "phase": "start", "ts": 9621000, "status": 200}
{"id": "t000005459", "svc": "payment", "phase": "end", "ts": 9621100, "status": 200}
{"id": "t000005460", "svc": "auth", "phase": "start", "ts": 9622000, "status": 200}
{"id": "t000005460", "svc": "auth", "phase": "end", "ts": 9622100, "status": 200}
{"id": "t000005461", "svc": "gateway", "phase": "start", "ts": 9623000, "status": 200}
{"id": "t000005461", "svc": "gateway", "phase": "end", "ts": 9623100, "status": 200}
{"id": "t000005462", "svc": "payment", "phase": "start", "ts": 9624000, "status": 200}
{"id": "t000005462", "svc": "payment", "phase": "end", "ts": 9624100, "status": 200}
{"id": "t000005463", "svc": "auth", "phase": "start", "ts": 9625000, "status": 200}
{"id": "t000005463", "svc": "auth", "phase": "end", "ts": 9625100, "status": 200}
{"id": "t000005464", "svc": "gateway", "phase": "start", "ts": 9626000, "status": 200}
{"id": "t000005464", "svc": "gateway", "phase": "end", "ts": 9626100, "status": 500}
{"id": "t000005465", "svc": "payment", "phase": "start", "ts": 9627000, "status": 200}
{"id": "t000005465", "svc": "payment", "phase": "end", "ts": 9627100, "status": 200}
{"id": "t000005466", "svc": "auth", "phase": "start", "ts": 9628000, "status": 200}
{"id": "t000005466", "svc": "auth", "phase": "end", "ts": 9628100, "status": 200}
{"id": "t000005467", "svc": "gateway", "phase": "start", "ts": 9629000, "status": 200}
{"id": "t000005467", "svc": "gateway", "phase": "end", "ts": 9629100, "status": 200}
{"id": "t000005468", "svc": "payment", "phase": "start", "ts": 9630000, "status": 200}
{"id": "t000005468", "svc": "payment", "phase": "end", "ts": 9630100, "status": 200}
{"id": "t000005469", "svc": "auth", "phase": "start", "ts": 9631000, "status": 200}
{"id": "t000005469", "svc": "auth", "phase": "end", "ts": 9631100, "status": 200}
{"id": "t000005470", "svc": "gateway", "phase": "start", "ts": 9632000, "status": 200}
{"id": "t000005470", "svc": "gateway", "phase": "end", "ts": 9632100, "status": 200}
{"id": "t000005471", "svc": "payment", "phase": "start", "ts": 9633000, "status": 200}
{"id": "t000005471", "svc": "payment", "phase": "end", "ts": 9633100, "status": 200}
{"id": "t000005472", "svc": "auth", "phase": "start", "ts": 9634000, "status": 200}
{"id": "t000005472", "svc": "auth", "phase": "end", "ts": 9634100, "status": 500}
{"id": "t000005473", "svc": "gateway", "phase": "start", "ts": 9635000, "status": 200}
{"id": "t000005473", "svc": "gateway", "phase": "end", "ts": 9635100, "status": 200}
{"id": "t000005474", "svc": "payment", "phase": "start", "ts": 9636000, "status": 200}
{"id": "t000005474", "svc": "payment", "phase": "end", "ts": 9636100, "status": 200}
{"id": "t000005475", "svc": "auth", "phase": "start", "ts": 9637000, "status": 200}
{"id": "t000005475", "svc": "auth", "phase": "end", "ts": 9637100, "status": 200}
{"id": "t000005476", "svc": "gateway", "phase": "start", "ts": 9638000, "status": 200}
{"id": "t000005476", "svc": "gateway", "phase": "end", "ts": 9638100, "status": 200}
{"id": "t000005477", "svc": "payment", "phase": "start", "ts": 9639000, "status": 200}
{"id": "t000005477", "svc": "payment", "phase": "end", "ts": 9639100, "status": 200}
{"id": "t000005478", "svc": "auth", "phase": "start", "ts": 9640000, "status": 200}
{"id": "t000005478", "svc": "auth", "phase": "end", "ts": 9640100, "status": 200}
{"id": "t000005479", "svc": "gateway", "phase": "start", "ts": 9641000, "status": 200}
{"id": "t000005479", "svc": "gateway", "phase": "end", "ts": 9641100, "status": 200}
{"id": "t000005480", "svc": "payment", "phase": "start", "ts": 9642000, "status": 200}
{"id": "t000005480", "svc": "payment", "phase": "end", "ts": 9642100, "status": 500}
{"id": "t000005481", "svc": "auth", "phase": "start", "ts": 9643000, "status": 200}
{"id": "t000005481", "svc": "auth", "phase": "end", "ts": 9643100, "status": 200}
{"id": "t000005482", "svc": "gateway", "phase": "start", "ts": 9644000, "status": 200}
{"id": "t000005482", "svc": "gateway", "phase": "end", "ts": 9644100, "status": 200}
{"id": "t000005483", "svc": "payment", "phase": "start", "ts": 9645000, "status": 200}
{"id": "t000005483", "svc": "payment", "phase": "end", "ts": 9645100, "status": 200}
{"id": "t000005484", "svc": "auth", "phase": "start", "ts": 9646000, "status": 200}
{"id": "t000005484", "svc": "auth", "phase": "end", "ts": 9646100, "status": 200}
{"id": "t000005485", "svc": "gateway", "phase": "start", "ts": 9647000, "status": 200}
{"id": "t000005485", "svc": "gateway", "phase": "end", "ts": 9647100, "status": 200}
{"id": "t000005486", "svc": "payment", "phase": "start", "ts": 9648000, "status": 200}
{"id": "t000005486", "svc": "payment", "phase": "end", "ts": 9648100, "status": 200}
{"id": "t000005487", "svc": "auth", "phase": "start", "ts": 9649000, "status": 200}
{"id": "t000005487", "svc": "auth", "phase": "end", "ts": 9649100, "status": 200}
{"id": "t000005488", "svc": "gateway", "phase": "start", "ts": 9650000, "status": 200}
{"id": "t000005488", "svc": "gateway", "phase": "end", "ts": 9650100, "status": 500}
{"id": "t000005489", "svc": "payment", "phase": "start", "ts": 9651000, "status": 200}
{"id": "t000005489", "svc": "payment", "phase": "end", "ts": 9651100, "status": 200}
{"id": "t000005490", "svc": "auth", "phase": "start", "ts": 9652000, "status": 200}
{"id": "t000005490", "svc": "auth", "phase": "end", "ts": 9652100, "status": 200}
{"id": "t000005491", "svc": "gateway", "phase": "start", "ts": 9653000, "status": 200}
{"id": "t000005491", "svc": "gateway", "phase": "end", "ts": 9653100, "status": 200}
{"id": "t000005492", "svc": "payment", "phase": "start", "ts": 9654000, "status": 200}
{"id": "t000005492", "svc": "payment", "phase": "end", "ts": 9654100, "status": 200}
{"id": "t000005493", "svc": "auth", "phase": "start", "ts": 9655000, "status": 200}
{"id": "t000005493", "svc": "auth", "phase": "end", "ts": 9655100, "status": 200}
{"id": "t000005494", "svc": "gateway", "phase": "start", "ts": 9656000, "status": 200}
{"id": "t000005494", "svc": "gateway", "phase": "end", "ts": 9656100, "status": 200}
{"id": "t000005495", "svc": "payment", "phase": "start", "ts": 9657000, "status": 200}
{"id": "t000005495", "svc": "payment", "phase": "end", "ts": 9657100, "status": 200}
{"id": "t000005496", "svc": "auth", "phase": "start", "ts": 9658000, "status": 200}
{"id": "t000005496", "svc": "auth", "phase": "end", "ts": 9658100, "status": 500}
{"id": "t000005497", "svc": "gateway", "phase": "start", "ts": 9659000, "status": 200}
{"id": "t000005497", "svc": "gateway", "phase": "end", "ts": 9659100, "status": 200}
{"id": "t000005498", "svc": "payment", "phase": "start", "ts": 9660000, "status": 200}
{"id": "t000005498", "svc": "payment", "phase": "end", "ts": 9660100, "status": 200}
{"id": "t000005499", "svc": "auth", "phase": "start", "ts": 9661000, "status": 200}
{"id": "t000005499", "svc": "auth", "phase": "end", "ts": 9661100, "status": 200}
{"id": "t000005500", "svc": "gateway", "phase": "start", "ts": 9662000, "status": 200}
{"id": "t000005500", "svc": "gateway", "phase": "end", "ts": 9662100, "status": 200}
{"id": "t000005501", "svc": "payment", "phase": "start", "ts": 9663000, "status": 200}
{"id": "t000005501", "svc": "payment", "phase": "end", "ts": 9663100, "status": 200}
{"id": "t000005502", "svc": "auth", "phase": "start", "ts": 9664000, "status": 200}
{"id": "t000005502", "svc": "auth", "phase": "end", "ts": 9664100, "status": 200}
{"id": "t000005503", "svc": "gateway", "phase": "start", "ts": 9665000, "status": 200}
{"id": "t000005503", "svc": "gateway", "phase": "end", "ts": 9665100, "status": 200}
{"id": "t000005504", "svc": "payment", "phase": "start", "ts": 9666000, "status": 200}
{"id": "t000005504", "svc": "payment", "phase": "end", "ts": 9666100, "status": 500}
{"id": "t000005505", "svc": "auth", "phase": "start", "ts": 9667000, "status": 200}
{"id": "t000005505", "svc": "auth", "phase": "end", "ts": 9667100, "status": 200}
{"id": "t000005506", "svc": "gateway", "phase": "start", "ts": 9668000, "status": 200}
{"id": "t000005506", "svc": "gateway", "phase": "end", "ts": 9668100, "status": 200}
{"id": "t000005507", "svc": "payment", "phase": "start", "ts": 9669000, "status": 200}
{"id": "t000005507", "svc": "payment", "phase": "end", "ts": 9669100, "status": 200}
{"id": "t000005508", "svc": "auth", "phase": "start", "ts": 9670000, "status": 200}
{"id": "t000005508", "svc": "auth", "phase": "end", "ts": 9670100, "status": 200}
{"id": "t000005509", "svc": "gateway", "phase": "start", "ts": 9671000, "status": 200}
{"id": "t000005509", "svc": "gateway", "phase": "end", "ts": 9671100, "status": 200}
{"id": "t000005510", "svc": "payment", "phase": "start", "ts": 9672000, "status": 200}
{"id": "t000005510", "svc": "payment", "phase": "end", "ts": 9672100, "status": 200}
{"id": "t000005511", "svc": "auth", "phase": "start", "ts": 9673000, "status": 200}
{"id": "t000005511", "svc": "auth", "phase": "end", "ts": 9673100, "status": 200}
{"id": "t000005512", "svc": "gateway", "phase": "start", "ts": 9674000, "status": 200}
{"id": "t000005512", "svc": "gateway", "phase": "end", "ts": 9674100, "status": 500}
{"id": "t000005513", "svc": "payment", "phase": "start", "ts": 9675000, "status": 200}
{"id": "t000005513", "svc": "payment", "phase": "end", "ts": 9675100, "status": 200}
{"id": "t000005514", "svc": "auth", "phase": "start", "ts": 9676000, "status": 200}
{"id": "t000005514", "svc": "auth", "phase": "end", "ts": 9676100, "status": 200}
{"id": "t000005515", "svc": "gateway", "phase": "start", "ts": 9677000, "status": 200}
{"id": "t000005515", "svc": "gateway", "phase": "end", "ts": 9677100, "status": 200}
{"id": "t000005516", "svc": "payment", "phase": "start", "ts": 9678000, "status": 200}
{"id": "t000005516", "svc": "payment", "phase": "end", "ts": 9678100, "status": 200}
{"id": "t000005517", "svc": "auth", "phase": "start", "ts": 9679000, "status": 200}
{"id": "t000005517", "svc": "auth", "phase": "end", "ts": 9679100, "status": 200}
{"id": "t000005518", "svc": "gateway", "phase": "start", "ts": 9680000, "status": 200}
{"id": "t000005518", "svc": "gateway", "phase": "end", "ts": 9680100, "status": 200}
{"id": "t000005519", "svc": "payment", "phase": "start", "ts": 9681000, "status": 200}
{"id": "t000005519", "svc": "payment", "phase": "end", "ts": 9681100, "status": 200}
{"id": "t000005520", "svc": "auth", "phase": "start", "ts": 9682000, "status": 200}
{"id": "t000005520", "svc": "auth", "phase": "end", "ts": 9682100, "status": 500}
{"id": "t000005521", "svc": "gateway", "phase": "start", "ts": 9683000, "status": 200}
{"id": "t000005521", "svc": "gateway", "phase": "end", "ts": 9683100, "status": 200}
{"id": "t000005522", "svc": "payment", "phase": "start", "ts": 9684000, "status": 200}
{"id": "t000005522", "svc": "payment", "phase": "end", "ts": 9684100, "status": 200}
{"id": "t000005523", "svc": "auth", "phase": "start", "ts": 9685000, "status": 200}
{"id": "t000005523", "svc": "auth", "phase": "end", "ts": 9685100, "status": 200}
{"id": "t000005524", "svc": "gateway", "phase": "start", "ts": 9686000, "status": 200}
{"id": "t000005524", "svc": "gateway", "phase": "end", "ts": 9686100, "status": 200}
{"id": "t000005525", "svc": "payment", "phase": "start", "ts": 9687000, "status": 200}
{"id": "t000005525", "svc": "payment", "phase": "end", "ts": 9687100, "status": 200}
{"id": "t000005526", "svc": "auth", "phase": "start", "ts": 9688000, "status": 200}
{"id": "t000005526", "svc": "auth", "phase": "end", "ts": 9688100, "status": 200}
{"id": "t000005527", "svc": "gateway", "phase": "start", "ts": 9689000, "status": 200}
{"id": "t000005527", "svc": "gateway", "phase": "end", "ts": 9689100, "status": 200}
{"id": "t000005528", "svc": "payment", "phase": "start", "ts": 9690000, "status": 200}
{"id": "t000005528", "svc": "payment", "phase": "end", "ts": 9690100, "status": 500}
{"id": "t000005529", "svc": "auth", "phase": "start", "ts": 9691000, "status": 200}
{"id": "t000005529", "svc": "auth", "phase": "end", "ts": 9691100, "status": 200}
{"id": "t000005530", "svc": "gateway", "phase": "start", "ts": 9692000, "status": 200}
{"id": "t000005530", "svc": "gateway", "phase": "end", "ts": 9692100, "status": 200}
{"id": "t000005531", "svc": "payment", "phase": "start", "ts": 9693000, "status": 200}
{"id": "t000005531", "svc": "payment", "phase": "end", "ts": 9693100, "status": 200}
{"id": "t000005532", "svc": "auth", "phase": "start", "ts": 9694000, "status": 200}
{"id": "t000005532", "svc": "auth", "phase": "end", "ts": 9694100, "status": 200}
{"id": "t000005533", "svc": "gateway", "phase": "start", "ts": 9695000, "status": 200}
{"id": "t000005533", "svc": "gateway", "phase": "end", "ts": 9695100, "status": 200}
{"id": "t000005534", "svc": "payment", "phase": "start", "ts": 9696000, "status": 200}
{"id": "t000005534", "svc": "payment", "phase": "end", "ts": 9696100, "status": 200}
{"id": "t000005535", "svc": "auth", "phase": "start", "ts": 9697000, "status": 200}
{"id": "t000005535", "svc": "auth", "phase": "end", "ts": 9697100, "status": 200}
{"id": "t000005536", "svc": "gateway", "phase": "start", "ts": 9698000, "status": 200}
{"id": "t000005536", "svc": "gateway", "phase": "end", "ts": 9698100, "status": 500}
{"id": "t000005537", "svc": "payment", "phase": "start", "ts": 9699000, "status": 200}
{"id": "t000005537", "svc": "payment", "phase": "end", "ts": 9699100, "status": 200}
{"id": "t000005538", "svc": "auth", "phase": "start", "ts": 9700000, "status": 200}
{"id": "t000005538", "svc": "auth", "phase": "end", "ts": 9700100, "status": 200}
{"id": "t000005539", "svc": "gateway", "phase": "start", "ts": 9701000, "status": 200}
{"id": "t000005539", "svc": "gateway", "phase": "end", "ts": 9701100, "status": 200}
{"id": "t000005540", "svc": "payment", "phase": "start", "ts": 9702000, "status": 200}
{"id": "t000005540", "svc": "payment", "phase": "end", "ts": 9702100, "status": 200}
{"id": "t000005541", "svc": "auth", "phase": "start", "ts": 9703000, "status": 200}
{"id": "t000005541", "svc": "auth", "phase": "end", "ts": 9703100, "status": 200}
{"id": "t000005542", "svc": "gateway", "phase": "start", "ts": 9704000, "status": 200}
{"id": "t000005542", "svc": "gateway", "phase": "end", "ts": 9704100, "status": 200}
{"id": "t000005543", "svc": "payment", "phase": "start", "ts": 9705000, "status": 200}
{"id": "t000005543", "svc": "payment", "phase": "end", "ts": 9705100, "status": 200}
{"id": "t000005544", "svc": "auth", "phase": "start", "ts": 9706000, "status": 200}
{"id": "t000005544", "svc": "auth", "phase": "end", "ts": 9706100, "status": 500}
{"id": "t000005545", "svc": "gateway", "phase": "start", "ts": 9707000, "status": 200}
{"id": "t000005545", "svc": "gateway", "phase": "end", "ts": 9707100, "status": 200}
{"id": "t000005546", "svc": "payment", "phase": "start", "ts": 9708000, "status": 200}
{"id": "t000005546", "svc": "payment", "phase": "end", "ts": 9708100, "status": 200}
{"id": "t000005547", "svc": "auth", "phase": "start", "ts": 9709000, "status": 200}
{"id": "t000005547", "svc": "auth", "phase": "end", "ts": 9709100, "status": 200}
{"id": "t000005548", "svc": "gateway", "phase": "start", "ts": 9710000, "status": 200}
{"id": "t000005548", "svc": "gateway", "phase": "end", "ts": 9710100, "status": 200}
{"id": "t000005549", "svc": "payment", "phase": "start", "ts": 9711000, "status": 200}
{"id": "t000005549", "svc": "payment", "phase": "end", "ts": 9711100, "status": 200}
{"id": "t000005550", "svc": "auth", "phase": "start", "ts": 9712000, "status": 200}
{"id": "t000005550", "svc": "auth", "phase": "end", "ts": 9712100, "status": 200}
{"id": "t000005551", "svc": "gateway", "phase": "start", "ts": 9713000, "status": 200}
{"id": "t000005551", "svc": "gateway", "phase": "end", "ts": 9713100, "status": 200}
{"id": "t000005552", "svc": "payment", "phase": "start", "ts": 9714000, "status": 200}
{"id": "t000005552", "svc": "payment", "phase": "end", "ts": 9714100, "status": 500}
{"id": "t000005553", "svc": "auth", "phase": "start", "ts": 9715000, "status": 200}
{"id": "t000005553", "svc": "auth", "phase": "end", "ts": 9715100, "status": 200}
{"id": "t000005554", "svc": "gateway", "phase": "start", "ts": 9716000, "status": 200}
{"id": "t000005554", "svc": "gateway", "phase": "end", "ts": 9716100, "status": 200}
{"id": "t000005555", "svc": "payment", "phase": "start", "ts": 9717000, "status": 200}
{"id": "t000005555", "svc": "payment", "phase": "end", "ts": 9717100, "status": 200}
{"id": "t000005556", "svc": "auth", "phase": "start", "ts": 9718000, "status": 200}
{"id": "t000005556", "svc": "auth", "phase": "end", "ts": 9718100, "status": 200}
{"id": "t000005557", "svc": "gateway", "phase": "start", "ts": 9719000, "status": 200}
{"id": "t000005557", "svc": "gateway", "phase": "end", "ts": 9719100, "status": 200}
{"id": "t000005558", "svc": "payment", "phase": "start", "ts": 9720000, "status": 200}
{"id": "t000005558", "svc": "payment", "phase": "end", "ts": 9720100, "status": 200}
{"id": "t000005559", "svc": "auth", "phase": "start", "ts": 9721000, "status": 200}
{"id": "t000005559", "svc": "auth", "phase": "end", "ts": 9721100, "status": 200}
{"id": "t000005560", "svc": "gateway", "phase": "start", "ts": 9722000, "status": 200}
{"id": "t000005560", "svc": "gateway", "phase": "end", "ts": 9722100, "status": 500}
{"id": "t000005561", "svc": "payment", "phase": "start", "ts": 9723000, "status": 200}
{"id": "t000005561", "svc": "payment", "phase": "end", "ts": 9723100, "status": 200}
{"id": "t000005562", "svc": "auth", "phase": "start", "ts": 9724000, "status": 200}
{"id": "t000005562", "svc": "auth", "phase": "end", "ts": 9724100, "status": 200}
{"id": "t000005563", "svc": "gateway", "phase": "start", "ts": 9725000, "status": 200}
{"id": "t000005563", "svc": "gateway", "phase": "end", "ts": 9725100, "status": 200}
{"id": "t000005564", "svc": "payment", "phase": "start", "ts": 9726000, "status": 200}
{"id": "t000005564", "svc": "payment", "phase": "end", "ts": 9726100, "status": 200}
{"id": "t000005565", "svc": "auth", "phase": "start", "ts": 9727000, "status": 200}
{"id": "t000005565", "svc": "auth", "phase": "end", "ts": 9727100, "status": 200}
{"id": "t000005566", "svc": "gateway", "phase": "start", "ts": 9728000, "status": 200}
{"id": "t000005566", "svc": "gateway", "phase": "end", "ts": 9728100, "status": 200}
{"id": "t000005567", "svc": "payment", "phase": "start", "ts": 9729000, "status": 200}
{"id": "t000005567", "svc": "payment", "phase": "end", "ts": 9729100, "status": 200}
{"id": "t000005568", "svc": "auth", "phase": "start", "ts": 9730000, "status": 200}
{"id": "t000005568", "svc": "auth", "phase": "end", "ts": 9730100, "status": 500}
{"id": "t000005569", "svc": "gateway", "phase": "start", "ts": 9731000, "status": 200}
{"id": "t000005569", "svc": "gateway", "phase": "end", "ts": 9731100, "status": 200}
{"id": "t000005570", "svc": "payment", "phase": "start", "ts": 9732000, "status": 200}
{"id": "t000005570", "svc": "payment", "phase": "end", "ts": 9732100, "status": 200}
{"id": "t000005571", "svc": "auth", "phase": "start", "ts": 9733000, "status": 200}
{"id": "t000005571", "svc": "auth", "phase": "end", "ts": 9733100, "status": 200}
{"id": "t000005572", "svc": "gateway", "phase": "start", "ts": 9734000, "status": 200}
{"id": "t000005572", "svc": "gateway", "phase": "end", "ts": 9734100, "status": 200}
{"id": "t000005573", "svc": "payment", "phase": "start", "ts": 9735000, "status": 200}
{"id": "t000005573", "svc": "payment", "phase": "end", "ts": 9735100, "status": 200}
{"id": "t000005574", "svc": "auth", "phase": "start", "ts": 9736000, "status": 200}
{"id": "t000005574", "svc": "auth", "phase": "end", "ts": 9736100, "status": 200}
{"id": "t000005575", "svc": "gateway", "phase": "start", "ts": 9737000, "status": 200}
{"id": "t000005575", "svc": "gateway", "phase": "end", "ts": 9737100, "status": 200}
{"id": "t000005576", "svc": "payment", "phase": "start", "ts": 9738000, "status": 200}
{"id": "t000005576", "svc": "payment", "phase": "end", "ts": 9738100, "status": 500}
{"id": "t000005577", "svc": "auth", "phase": "start", "ts": 9739000, "status": 200}
{"id": "t000005577", "svc": "auth", "phase": "end", "ts": 9739100, "status": 200}
{"id": "t000005578", "svc": "gateway", "phase": "start", "ts": 9740000, "status": 200}
{"id": "t000005578", "svc": "gateway", "phase": "end", "ts": 9740100, "status": 200}
{"id": "t000005579", "svc": "payment", "phase": "start", "ts": 9741000, "status": 200}
{"id": "t000005579", "svc": "payment", "phase": "end", "ts": 9741100, "status": 200}
{"id": "t000005580", "svc": "auth", "phase": "start", "ts": 9742000, "status": 200}
{"id": "t000005580", "svc": "auth", "phase": "end", "ts": 9742100, "status": 200}
{"id": "t000005581", "svc": "gateway", "phase": "start", "ts": 9743000, "status": 200}
{"id": "t000005581", "svc": "gateway", "phase": "end", "ts": 9743100, "status": 200}
{"id": "t000005582", "svc": "payment", "phase": "start", "ts": 9744000, "status": 200}
{"id": "t000005582", "svc": "payment", "phase": "end", "ts": 9744100, "status": 200}
{"id": "t000005583", "svc": "auth", "phase": "start", "ts": 9745000, "status": 200}
{"id": "t000005583", "svc": "auth", "phase": "end", "ts": 9745100, "status": 200}
{"id": "t000005584", "svc": "gateway", "phase": "start", "ts": 9746000, "status": 200}
{"id": "t000005584", "svc": "gateway", "phase": "end", "ts": 9746100, "status": 500}
{"id": "t000005585", "svc": "payment", "phase": "start", "ts": 9747000, "status": 200}
{"id": "t000005585", "svc": "payment", "phase": "end", "ts": 9747100, "status": 200}
{"id": "t000005586", "svc": "auth", "phase": "start", "ts": 9748000, "status": 200}
{"id": "t000005586", "svc": "auth", "phase": "end", "ts": 9748100, "status": 200}
{"id": "t000005587", "svc": "gateway", "phase": "start", "ts": 9749000, "status": 200}
{"id": "t000005587", "svc": "gateway", "phase": "end", "ts": 9749100, "status": 200}
{"id": "t000005588", "svc": "payment", "phase": "start", "ts": 9750000, "status": 200}
{"id": "t000005588", "svc": "payment", "phase": "end", "ts": 9750100, "status": 200}
{"id": "t000005589", "svc": "auth", "phase": "start", "ts": 9751000, "status": 200}
{"id": "t000005589", "svc": "auth", "phase": "end", "ts": 9751100, "status": 200}
{"id": "t000005590", "svc": "gateway", "phase": "start", "ts": 9752000, "status": 200}
{"id": "t000005590", "svc": "gateway", "phase": "end", "ts": 9752100, "status": 200}
{"id": "t000005591", "svc": "payment", "phase": "start", "ts": 9753000, "status": 200}
{"id": "t000005591", "svc": "payment", "phase": "end", "ts": 9753100, "status": 200}
{"id": "t000005592", "svc": "auth", "phase": "start", "ts": 9754000, "status": 200}
{"id": "t000005592", "svc": "auth", "phase": "end", "ts": 9754100, "status": 500}
{"id": "t000005593", "svc": "gateway", "phase": "start", "ts": 9755000, "status": 200}
{"id": "t000005593", "svc": "gateway", "phase": "end", "ts": 9755100, "status": 200}
{"id": "t000005594", "svc": "payment", "phase": "start", "ts": 9756000, "status": 200}
{"id": "t000005594", "svc": "payment", "phase": "end", "ts": 9756100, "status": 200}
{"id": "t000005595", "svc": "auth", "phase": "start", "ts": 9757000, "status": 200}
{"id": "t000005595", "svc": "auth", "phase": "end", "ts": 9757100, "status": 200}
{"id": "t000005596", "svc": "gateway", "phase": "start", "ts": 9758000, "status": 200}
{"id": "t000005596", "svc": "gateway", "phase": "end", "ts": 9758100, "status": 200}
{"id": "t000005597", "svc": "payment", "phase": "start", "ts": 9759000, "status": 200}
{"id": "t000005597", "svc": "payment", "phase": "end", "ts": 9759100, "status": 200}
{"id": "t000005598", "svc": "auth", "phase": "start", "ts": 9760000, "status": 200}
{"id": "t000005598", "svc": "auth", "phase": "end", "ts": 9760100, "status": 200}
{"id": "t000005599", "svc": "gateway", "phase": "start", "ts": 9761000, "status": 200}
{"id": "t000005599", "svc": "gateway", "phase": "end", "ts": 9761100, "status": 200}
{"id": "t000005600", "svc": "payment", "phase": "start", "ts": 9762000, "status": 200}
{"id": "t000005600", "svc": "payment", "phase": "end", "ts": 9762100, "status": 500}
{"id": "t000005601", "svc": "auth", "phase": "start", "ts": 9763000, "status": 200}
{"id": "t000005601", "svc": "auth", "phase": "end", "ts": 9763100, "status": 200}
{"id": "t000005602", "svc": "gateway", "phase": "start", "ts": 9764000, "status": 200}
{"id": "t000005602", "svc": "gateway", "phase": "end", "ts": 9764100, "status": 200}
{"id": "t000005603", "svc": "payment", "phase": "start", "ts": 9765000, "status": 200}
{"id": "t000005603", "svc": "payment", "phase": "end", "ts": 9765100, "status": 200}
{"id": "t000005604", "svc": "auth", "phase": "start", "ts": 9766000, "status": 200}
{"id": "t000005604", "svc": "auth", "phase": "end", "ts": 9766100, "status": 200}
{"id": "t000005605", "svc": "gateway", "phase": "start", "ts": 9767000, "status": 200}
{"id": "t000005605", "svc": "gateway", "phase": "end", "ts": 9767100, "status": 200}
{"id": "t000005606", "svc": "payment", "phase": "start", "ts": 9768000, "status": 200}
{"id": "t000005606", "svc": "payment", "phase": "end", "ts": 9768100, "status": 200}
{"id": "t000005607", "svc": "auth", "phase": "start", "ts": 9769000, "status": 200}
{"id": "t000005607", "svc": "auth", "phase": "end", "ts": 9769100, "status": 200}
{"id": "t000005608", "svc": "gateway", "phase": "start", "ts": 9770000, "status": 200}
{"id": "t000005608", "svc": "gateway", "phase": "end", "ts": 9770100, "status": 500}
{"id": "t000005609", "svc": "payment", "phase": "start", "ts": 9771000, "status": 200}
{"id": "t000005609", "svc": "payment", "phase": "end", "ts": 9771100, "status": 200}
{"id": "t000005610", "svc": "auth", "phase": "start", "ts": 9772000, "status": 200}
{"id": "t000005610", "svc": "auth", "phase": "end", "ts": 9772100, "status": 200}
{"id": "t000005611", "svc": "gateway", "phase": "start", "ts": 9773000, "status": 200}
{"id": "t000005611", "svc": "gateway", "phase": "end", "ts": 9773100, "status": 200}
{"id": "t000005612", "svc": "payment", "phase": "start", "ts": 9774000, "status": 200}
{"id": "t000005612", "svc": "payment", "phase": "end", "ts": 9774100, "status": 200}
{"id": "t000005613", "svc": "auth", "phase": "start", "ts": 9775000, "status": 200}
{"id": "t000005613", "svc": "auth", "phase": "end", "ts": 9775100, "status": 200}
{"id": "t000005614", "svc": "gateway", "phase": "start", "ts": 9776000, "status": 200}
{"id": "t000005614", "svc": "gateway", "phase": "end", "ts": 9776100, "status": 200}
{"id": "t000005615", "svc": "payment", "phase": "start", "ts": 9777000, "status": 200}
{"id": "t000005615", "svc": "payment", "phase": "end", "ts": 9777100, "status": 200}
{"id": "t000005616", "svc": "auth", "phase": "start", "ts": 9778000, "status": 200}
{"id": "t000005616", "svc": "auth", "phase": "end", "ts": 9778100, "status": 500}
{"id": "t000005617", "svc": "gateway", "phase": "start", "ts": 9779000, "status": 200}
{"id": "t000005617", "svc": "gateway", "phase": "end", "ts": 9779100, "status": 200}
{"id": "t000005618", "svc": "payment", "phase": "start", "ts": 9780000, "status": 200}
{"id": "t000005618", "svc": "payment", "phase": "end", "ts": 9780100, "status": 200}
{"id": "t000005619", "svc": "auth", "phase": "start", "ts": 9781000, "status": 200}
{"id": "t000005619", "svc": "auth", "phase": "end", "ts": 9781100, "status": 200}
{"id": "t000005620", "svc": "gateway", "phase": "start", "ts": 9782000, "status": 200}
{"id": "t000005620", "svc": "gateway", "phase": "end", "ts": 9782100, "status": 200}
{"id": "t000005621", "svc": "payment", "phase": "start", "ts": 9783000, "status": 200}
{"id": "t000005621", "svc": "payment", "phase": "end", "ts": 9783100, "status": 200}
{"id": "t000005622", "svc": "auth", "phase": "start", "ts": 9784000, "status": 200}
{"id": "t000005622", "svc": "auth", "phase": "end", "ts": 9784100, "status": 200}
{"id": "t000005623", "svc": "gateway", "phase": "start", "ts": 9785000, "status": 200}
{"id": "t000005623", "svc": "gateway", "phase": "end", "ts": 9785100, "status": 200}
{"id": "t000005624", "svc": "payment", "phase": "start", "ts": 9786000, "status": 200}
{"id": "t000005624", "svc": "payment", "phase": "end", "ts": 9786100, "status": 500}
{"id": "t000005625", "svc": "auth", "phase": "start", "ts": 9787000, "status": 200}
{"id": "t000005625", "svc": "auth", "phase": "end", "ts": 9787100, "status": 200}
{"id": "t000005626", "svc": "gateway", "phase": "start", "ts": 9788000, "status": 200}
{"id": "t000005626", "svc": "gateway", "phase": "end", "ts": 9788100, "status": 200}
{"id": "t000005627", "svc": "payment", "phase": "start", "ts": 9789000, "status": 200}
{"id": "t000005627", "svc": "payment", "phase": "end", "ts": 9789100, "status": 200}
{"id": "t000005628", "svc": "auth", "phase": "start", "ts": 9790000, "status": 200}
{"id": "t000005628", "svc": "auth", "phase": "end", "ts": 9790100, "status": 200}
{"id": "t000005629", "svc": "gateway", "phase": "start", "ts": 9791000, "status": 200}
{"id": "t000005629", "svc": "gateway", "phase": "end", "ts": 9791100, "status": 200}
{"id": "t000005630", "svc": "payment", "phase": "start", "ts": 9792000, "status": 200}
{"id": "t000005630", "svc": "payment", "phase": "end", "ts": 9792100, "status": 200}
{"id": "t000005631", "svc": "auth", "phase": "start", "ts": 9793000, "status": 200}
{"id": "t000005631", "svc": "auth", "phase": "end", "ts": 9793100, "status": 200}
{"id": "t000005632", "svc": "gateway", "phase": "start", "ts": 9794000, "status": 200}
{"id": "t000005632", "svc": "gateway", "phase": "end", "ts": 9794100, "status": 500}
{"id": "t000005633", "svc": "payment", "phase": "start", "ts": 9795000, "status": 200}
{"id": "t000005633", "svc": "payment", "phase": "end", "ts": 9795100, "status": 200}
{"id": "t000005634", "svc": "auth", "phase": "start", "ts": 9796000, "status": 200}
{"id": "t000005634", "svc": "auth", "phase": "end", "ts": 9796100, "status": 200}
{"id": "t000005635", "svc": "gateway", "phase": "start", "ts": 9797000, "status": 200}
{"id": "t000005635", "svc": "gateway", "phase": "end", "ts": 9797100, "status": 200}
{"id": "t000005636", "svc": "payment", "phase": "start", "ts": 9798000, "status": 200}
{"id": "t000005636", "svc": "payment", "phase": "end", "ts": 9798100, "status": 200}
{"id": "t000005637", "svc": "auth", "phase": "start", "ts": 9799000, "status": 200}
{"id": "t000005637", "svc": "auth", "phase": "end", "ts": 9799100, "status": 200}
{"id": "t000005638", "svc": "gateway", "phase": "start", "ts": 9800000, "status": 200}
{"id": "t000005638", "svc": "gateway", "phase": "end", "ts": 9800100, "status": 200}
{"id": "t000005639", "svc": "payment", "phase": "start", "ts": 9801000, "status": 200}
{"id": "t000005639", "svc": "payment", "phase": "end", "ts": 9801100, "status": 200}
{"id": "t000005640", "svc": "auth", "phase": "start", "ts": 9802000, "status": 200}
{"id": "t000005640", "svc": "auth", "phase": "end", "ts": 9802100, "status": 500}
{"id": "t000005641", "svc": "gateway", "phase": "start", "ts": 9803000, "status": 200}
{"id": "t000005641", "svc": "gateway", "phase": "end", "ts": 9803100, "status": 200}
{"id": "t000005642", "svc": "payment", "phase": "start", "ts": 9804000, "status": 200}
{"id": "t000005642", "svc": "payment", "phase": "end", "ts": 9804100, "status": 200}
{"id": "t000005643", "svc": "auth", "phase": "start", "ts": 9805000, "status": 200}
{"id": "t000005643", "svc": "auth", "phase": "end", "ts": 9805100, "status": 200}
{"id": "t000005644", "svc": "gateway", "phase": "start", "ts": 9806000, "status": 200}
{"id": "t000005644", "svc": "gateway", "phase": "end", "ts": 9806100, "status": 200}
{"id": "t000005645", "svc": "payment", "phase": "start", "ts": 9807000, "status": 200}
{"id": "t000005645", "svc": "payment", "phase": "end", "ts": 9807100, "status": 200}
{"id": "t000005646", "svc": "auth", "phase": "start", "ts": 9808000, "status": 200}
{"id": "t000005646", "svc": "auth", "phase": "end", "ts": 9808100, "status": 200}
{"id": "t000005647", "svc": "gateway", "phase": "start", "ts": 9809000, "status": 200}
{"id": "t000005647", "svc": "gateway", "phase": "end", "ts": 9809100, "status": 200}
{"id": "t000005648", "svc": "payment", "phase": "start", "ts": 9810000, "status": 200}
{"id": "t000005648", "svc": "payment", "phase": "end", "ts": 9810100, "status": 500}
{"id": "t000005649", "svc": "auth", "phase": "start", "ts": 9811000, "status": 200}
{"id": "t000005649", "svc": "auth", "phase": "end", "ts": 9811100, "status": 200}
{"id": "t000005650", "svc": "gateway", "phase": "start", "ts": 9812000, "status": 200}
{"id": "t000005650", "svc": "gateway", "phase": "end", "ts": 9812100, "status": 200}
{"id": "t000005651", "svc": "payment", "phase": "start", "ts": 9813000, "status": 200}
{"id": "t000005651", "svc": "payment", "phase": "end", "ts": 9813100, "status": 200}
{"id": "t000005652", "svc": "auth", "phase": "start", "ts": 9814000, "status": 200}
{"id": "t000005652", "svc": "auth", "phase": "end", "ts": 9814100, "status": 200}
{"id": "t000005653", "svc": "gateway", "phase": "start", "ts": 9815000, "status": 200}
{"id": "t000005653", "svc": "gateway", "phase": "end", "ts": 9815100, "status": 200}
{"id": "t000005654", "svc": "payment", "phase": "start", "ts": 9816000, "status": 200}
{"id": "t000005654", "svc": "payment", "phase": "end", "ts": 9816100, "status": 200}
{"id": "t000005655", "svc": "auth", "phase": "start", "ts": 9817000, "status": 200}
{"id": "t000005655", "svc": "auth", "phase": "end", "ts": 9817100, "status": 200}
{"id": "t000005656", "svc": "gateway", "phase": "start", "ts": 9818000, "status": 200}
{"id": "t000005656", "svc": "gateway", "phase": "end", "ts": 9818100, "status": 500}
{"id": "t000005657", "svc": "payment", "phase": "start", "ts": 9819000, "status": 200}
{"id": "t000005657", "svc": "payment", "phase": "end", "ts": 9819100, "status": 200}
{"id": "t000005658", "svc": "auth", "phase": "start", "ts": 9820000, "status": 200}
{"id": "t000005658", "svc": "auth", "phase": "end", "ts": 9820100, "status": 200}
{"id": "t000005659", "svc": "gateway", "phase": "start", "ts": 9821000, "status": 200}
{"id": "t000005659", "svc": "gateway", "phase": "end", "ts": 9821100, "status": 200}
{"id": "t000005660", "svc": "payment", "phase": "start", "ts": 9822000, "status": 200}
{"id": "t000005660", "svc": "payment", "phase": "end", "ts": 9822100, "status": 200}
{"id": "t000005661", "svc": "auth", "phase": "start", "ts": 9823000, "status": 200}
{"id": "t000005661", "svc": "auth", "phase": "end", "ts": 9823100, "status": 200}
{"id": "t000005662", "svc": "gateway", "phase": "start", "ts": 9824000, "status": 200}
{"id": "t000005662", "svc": "gateway", "phase": "end", "ts": 9824100, "status": 200}
{"id": "t000005663", "svc": "payment", "phase": "start", "ts": 9825000, "status": 200}
{"id": "t000005663", "svc": "payment", "phase": "end", "ts": 9825100, "status": 200}
{"id": "t000005664", "svc": "auth", "phase": "start", "ts": 9826000, "status": 200}
{"id": "t000005664", "svc": "auth", "phase": "end", "ts": 9826100, "status": 500}
{"id": "t000005665", "svc": "gateway", "phase": "start", "ts": 9827000, "status": 200}
{"id": "t000005665", "svc": "gateway", "phase": "end", "ts": 9827100, "status": 200}
{"id": "t000005666", "svc": "payment", "phase": "start", "ts": 9828000, "status": 200}
{"id": "t000005666", "svc": "payment", "phase": "end", "ts": 9828100, "status": 200}
{"id": "t000005667", "svc": "auth", "phase": "start", "ts": 9829000, "status": 200}
{"id": "t000005667", "svc": "auth", "phase": "end", "ts": 9829100, "status": 200}
{"id": "t000005668", "svc": "gateway", "phase": "start", "ts": 9830000, "status": 200}
{"id": "t000005668", "svc": "gateway", "phase": "end", "ts": 9830100, "status": 200}
{"id": "t000005669", "svc": "payment", "phase": "start", "ts": 9831000, "status": 200}
{"id": "t000005669", "svc": "payment", "phase": "end", "ts": 9831100, "status": 200}
{"id": "t000005670", "svc": "auth", "phase": "start", "ts": 9832000, "status": 200}
{"id": "t000005670", "svc": "auth", "phase": "end", "ts": 9832100, "status": 200}
{"id": "t000005671", "svc": "gateway", "phase": "start", "ts": 9833000, "status": 200}
{"id": "t000005671", "svc": "gateway", "phase": "end", "ts": 9833100, "status": 200}
{"id": "t000005672", "svc": "payment", "phase": "start", "ts": 9834000, "status": 200}
{"id": "t000005672", "svc": "payment", "phase": "end", "ts": 9834100, "status": 500}
{"id": "t000005673", "svc": "auth", "phase": "start", "ts": 9835000, "status": 200}
{"id": "t000005673", "svc": "auth", "phase": "end", "ts": 9835100, "status": 200}
{"id": "t000005674", "svc": "gateway", "phase": "start", "ts": 9836000, "status": 200}
{"id": "t000005674", "svc": "gateway", "phase": "end", "ts": 9836100, "status": 200}
{"id": "t000005675", "svc": "payment", "phase": "start", "ts": 9837000, "status": 200}
{"id": "t000005675", "svc": "payment", "phase": "end", "ts": 9837100, "status": 200}
{"id": "t000005676", "svc": "auth", "phase": "start", "ts": 9838000, "status": 200}
{"id": "t000005676", "svc": "auth", "phase": "end", "ts": 9838100, "status": 200}
{"id": "t000005677", "svc": "gateway", "phase": "start", "ts": 9839000, "status": 200}
{"id": "t000005677", "svc": "gateway", "phase": "end", "ts": 9839100, "status": 200}
{"id": "t000005678", "svc": "payment", "phase": "start", "ts": 9840000, "status": 200}
{"id": "t000005678", "svc": "payment", "phase": "end", "ts": 9840100, "status": 200}
{"id": "t000005679", "svc": "auth", "phase": "start", "ts": 9841000, "status": 200}
{"id": "t000005679", "svc": "auth", "phase": "end", "ts": 9841100, "status": 200}
{"id": "t000005680", "svc": "gateway", "phase": "start", "ts": 9842000, "status": 200}
{"id": "t000005680", "svc": "gateway", "phase": "end", "ts": 9842100, "status": 500}
{"id": "t000005681", "svc": "payment", "phase": "start", "ts": 9843000, "status": 200}
{"id": "t000005681", "svc": "payment", "phase": "end", "ts": 9843100, "status": 200}
{"id": "t000005682", "svc": "auth", "phase": "start", "ts": 9844000, "status": 200}
{"id": "t000005682", "svc": "auth", "phase": "end", "ts": 9844100, "status": 200}
{"id": "t000005683", "svc": "gateway", "phase": "start", "ts": 9845000, "status": 200}
{"id": "t000005683", "svc": "gateway", "phase": "end", "ts": 9845100, "status": 200}
{"id": "t000005684", "svc": "payment", "phase": "start", "ts": 9846000, "status": 200}
{"id": "t000005684", "svc": "payment", "phase": "end", "ts": 9846100, "status": 200}
{"id": "t000005685", "svc": "auth", "phase": "start", "ts": 9847000, "status": 200}
{"id": "t000005685", "svc": "auth", "phase": "end", "ts": 9847100, "status": 200}
{"id": "t000005686", "svc": "gateway", "phase": "start", "ts": 9848000, "status": 200}
{"id": "t000005686", "svc": "gateway", "phase": "end", "ts": 9848100, "status": 200}
{"id": "t000005687", "svc": "payment", "phase": "start", "ts": 9849000, "status": 200}
{"id": "t000005687", "svc": "payment", "phase": "end", "ts": 9849100, "status": 200}
{"id": "t000005688", "svc": "auth", "phase": "start", "ts": 9850000, "status": 200}
{"id": "t000005688", "svc": "auth", "phase": "end", "ts": 9850100, "status": 500}
{"id": "t000005689", "svc": "gateway", "phase": "start", "ts": 9851000, "status": 200}
{"id": "t000005689", "svc": "gateway", "phase": "end", "ts": 9851100, "status": 200}
{"id": "t000005690", "svc": "payment", "phase": "start", "ts": 9852000, "status": 200}
{"id": "t000005690", "svc": "payment", "phase": "end", "ts": 9852100, "status": 200}
{"id": "t000005691", "svc": "auth", "phase": "start", "ts": 9853000, "status": 200}
{"id": "t000005691", "svc": "auth", "phase": "end", "ts": 9853100, "status": 200}
{"id": "t000005692", "svc": "gateway", "phase": "start", "ts": 9854000, "status": 200}
{"id": "t000005692", "svc": "gateway", "phase": "end", "ts": 9854100, "status": 200}
{"id": "t000005693", "svc": "payment", "phase": "start", "ts": 9855000, "status": 200}
{"id": "t000005693", "svc": "payment", "phase": "end", "ts": 9855100, "status": 200}
{"id": "t000005694", "svc": "auth", "phase": "start", "ts": 9856000, "status": 200}
{"id": "t000005694", "svc": "auth", "phase": "end", "ts": 9856100, "status": 200}
{"id": "t000005695", "svc": "gateway", "phase": "start", "ts": 9857000, "status": 200}
{"id": "t000005695", "svc": "gateway", "phase": "end", "ts": 9857100, "status": 200}
{"id": "t000005696", "svc": "payment", "phase": "start", "ts": 9858000, "status": 200}
{"id": "t000005696", "svc": "payment", "phase": "end", "ts": 9858100, "status": 500}
{"id": "t000005697", "svc": "auth", "phase": "start", "ts": 9859000, "status": 200}
{"id": "t000005697", "svc": "auth", "phase": "end", "ts": 9859100, "status": 200}
{"id": "t000005698", "svc": "gateway", "phase": "start", "ts": 9860000, "status": 200}
{"id": "t000005698", "svc": "gateway", "phase": "end", "ts": 9860100, "status": 200}
{"id": "t000005699", "svc": "payment", "phase": "start", "ts": 9861000, "status": 200}
{"id": "t000005699", "svc": "payment", "phase": "end", "ts": 9861100, "status": 200}
{"id": "t000005700", "svc": "auth", "phase": "start", "ts": 9862000, "status": 200}
{"id": "t000005700", "svc": "auth", "phase": "end", "ts": 9862100, "status": 200}
{"id": "t000005701", "svc": "gateway", "phase": "start", "ts": 9863000, "status": 200}
{"id": "t000005701", "svc": "gateway", "phase": "end", "ts": 9863100, "status": 200}
{"id": "t000005702", "svc": "payment", "phase": "start", "ts": 9864000, "status": 200}
{"id": "t000005702", "svc": "payment", "phase": "end", "ts": 9864100, "status": 200}
{"id": "t000005703", "svc": "auth", "phase": "start", "ts": 9865000, "status": 200}
{"id": "t000005703", "svc": "auth", "phase": "end", "ts": 9865100, "status": 200}
{"id": "t000005704", "svc": "gateway", "phase": "start", "ts": 9866000, "status": 200}
{"id": "t000005704", "svc": "gateway", "phase": "end", "ts": 9866100, "status": 500}
{"id": "t000005705", "svc": "payment", "phase": "start", "ts": 9867000, "status": 200}
{"id": "t000005705", "svc": "payment", "phase": "end", "ts": 9867100, "status": 200}
{"id": "t000005706", "svc": "auth", "phase": "start", "ts": 9868000, "status": 200}
{"id": "t000005706", "svc": "auth", "phase": "end", "ts": 9868100, "status": 200}
{"id": "t000005707", "svc": "gateway", "phase": "start", "ts": 9869000, "status": 200}
{"id": "t000005707", "svc": "gateway", "phase": "end", "ts": 9869100, "status": 200}
{"id": "t000005708", "svc": "payment", "phase": "start", "ts": 9870000, "status": 200}
{"id": "t000005708", "svc": "payment", "phase": "end", "ts": 9870100, "status": 200}
{"id": "t000005709", "svc": "auth", "phase": "start", "ts": 9871000, "status": 200}
{"id": "t000005709", "svc": "auth", "phase": "end", "ts": 9871100, "status": 200}
{"id": "t000005710", "svc": "gateway", "phase": "start", "ts": 9872000, "status": 200}
{"id": "t000005710", "svc": "gateway", "phase": "end", "ts": 9872100, "status": 200}
{"id": "t000005711", "svc": "payment", "phase": "start", "ts": 9873000, "status": 200}
{"id": "t000005711", "svc": "payment", "phase": "end", "ts": 9873100, "status": 200}
{"id": "t000005712", "svc": "auth", "phase": "start", "ts": 9874000, "status": 200}
{"id": "t000005712", "svc": "auth", "phase": "end", "ts": 9874100, "status": 500}
{"id": "t000005713", "svc": "gateway", "phase": "start", "ts": 9875000, "status": 200}
{"id": "t000005713", "svc": "gateway", "phase": "end", "ts": 9875100, "status": 200}
{"id": "t000005714", "svc": "payment", "phase": "start", "ts": 9876000, "status": 200}
{"id": "t000005714", "svc": "payment", "phase": "end", "ts": 9876100, "status": 200}
{"id": "t000005715", "svc": "auth", "phase": "start", "ts": 9877000, "status": 200}
{"id": "t000005715", "svc": "auth", "phase": "end", "ts": 9877100, "status": 200}
{"id": "t000005716", "svc": "gateway", "phase": "start", "ts": 9878000, "status": 200}
{"id": "t000005716", "svc": "gateway", "phase": "end", "ts": 9878100, "status": 200}
{"id": "t000005717", "svc": "payment", "phase": "start", "ts": 9879000, "status": 200}
{"id": "t000005717", "svc": "payment", "phase": "end", "ts": 9879100, "status": 200}
{"id": "t000005718", "svc": "auth", "phase": "start", "ts": 9880000, "status": 200}
{"id": "t000005718", "svc": "auth", "phase": "end", "ts": 9880100, "status": 200}
{"id": "t000005719", "svc": "gateway", "phase": "start", "ts": 9881000, "status": 200}
{"id": "t000005719", "svc": "gateway", "phase": "end", "ts": 9881100, "status": 200}
{"id": "t000005720", "svc": "payment", "phase": "start", "ts": 9882000, "status": 200}
{"id": "t000005720", "svc": "payment", "phase": "end", "ts": 9882100, "status": 500}
{"id": "t000005721", "svc": "auth", "phase": "start", "ts": 9883000, "status": 200}
{"id": "t000005721", "svc": "auth", "phase": "end", "ts": 9883100, "status": 200}
{"id": "t000005722", "svc": "gateway", "phase": "start", "ts": 9884000, "status": 200}
{"id": "t000005722", "svc": "gateway", "phase": "end", "ts": 9884100, "status": 200}
{"id": "t000005723", "svc": "payment", "phase": "start", "ts": 9885000, "status": 200}
{"id": "t000005723", "svc": "payment", "phase": "end", "ts": 9885100, "status": 200}
{"id": "t000005724", "svc": "auth", "phase": "start", "ts": 9886000, "status": 200}
{"id": "t000005724", "svc": "auth", "phase": "end", "ts": 9886100, "status": 200}
{"id": "t000005725", "svc": "gateway", "phase": "start", "ts": 9887000, "status": 200}
{"id": "t000005725", "svc": "gateway", "phase": "end", "ts": 9887100, "status": 200}
{"id": "t000005726", "svc": "payment", "phase": "start", "ts": 9888000, "status": 200}
{"id": "t000005726", "svc": "payment", "phase": "end", "ts": 9888100, "status": 200}
{"id": "t000005727", "svc": "auth", "phase": "start", "ts": 9889000, "status": 200}
{"id": "t000005727", "svc": "auth", "phase": "end", "ts": 9889100, "status": 200}
{"id": "t000005728", "svc": "gateway", "phase": "start", "ts": 9890000, "status": 200}
{"id": "t000005728", "svc": "gateway", "phase": "end", "ts": 9890100, "status": 500}
{"id": "t000005729", "svc": "payment", "phase": "start", "ts": 9891000, "status": 200}
{"id": "t000005729", "svc": "payment", "phase": "end", "ts": 9891100, "status": 200}
{"id": "t000005730", "svc": "auth", "phase": "start", "ts": 9892000, "status": 200}
{"id": "t000005730", "svc": "auth", "phase": "end", "ts": 9892100, "status": 200}
{"id": "t000005731", "svc": "gateway", "phase": "start", "ts": 9893000, "status": 200}
{"id": "t000005731", "svc": "gateway", "phase": "end", "ts": 9893100, "status": 200}
{"id": "t000005732", "svc": "payment", "phase": "start", "ts": 9894000, "status": 200}
{"id": "t000005732", "svc": "payment", "phase": "end", "ts": 9894100, "status": 200}
{"id": "t000005733", "svc": "auth", "phase": "start", "ts": 9895000, "status": 200}
{"id": "t000005733", "svc": "auth", "phase": "end", "ts": 9895100, "status": 200}
{"id": "t000005734", "svc": "gateway", "phase": "start", "ts": 9896000, "status": 200}
{"id": "t000005734", "svc": "gateway", "phase": "end", "ts": 9896100, "status": 200}
{"id": "t000005735", "svc": "payment", "phase": "start", "ts": 9897000, "status": 200}
{"id": "t000005735", "svc": "payment", "phase": "end", "ts": 9897100, "status": 200}
{"id": "t000005736", "svc": "auth", "phase": "start", "ts": 9898000, "status": 200}
{"id": "t000005736", "svc": "auth", "phase": "end", "ts": 9898100, "status": 500}
{"id": "t000005737", "svc": "gateway", "phase": "start", "ts": 9899000, "status": 200}
{"id": "t000005737", "svc": "gateway", "phase": "end", "ts": 9899100, "status": 200}
{"id": "t000005738", "svc": "payment", "phase": "start", "ts": 9900000, "status": 200}
{"id": "t000005738", "svc": "payment", "phase": "end", "ts": 9900100, "status": 200}
{"id": "t000005739", "svc": "auth", "phase": "start", "ts": 9901000, "status": 200}
{"id": "t000005739", "svc": "auth", "phase": "end", "ts": 9901100, "status": 200}
{"id": "t000005740", "svc": "gateway", "phase": "start", "ts": 9902000, "status": 200}
{"id": "t000005740", "svc": "gateway", "phase": "end", "ts": 9902100, "status": 200}
{"id": "t000005741", "svc": "payment", "phase": "start", "ts": 9903000, "status": 200}
{"id": "t000005741", "svc": "payment", "phase": "end", "ts": 9903100, "status": 200}
{"id": "t000005742", "svc": "auth", "phase": "start", "ts": 9904000, "status": 200}
{"id": "t000005742", "svc": "auth", "phase": "end", "ts": 9904100, "status": 200}
{"id": "t000005743", "svc": "gateway", "phase": "start", "ts": 9905000, "status": 200}
{"id": "t000005743", "svc": "gateway", "phase": "end", "ts": 9905100, "status": 200}
{"id": "t000005744", "svc": "payment", "phase": "start", "ts": 9906000, "status": 200}
{"id": "t000005744", "svc": "payment", "phase": "end", "ts": 9906100, "status": 500}
{"id": "t000005745", "svc": "auth", "phase": "start", "ts": 9907000, "status": 200}
{"id": "t000005745", "svc": "auth", "phase": "end", "ts": 9907100, "status": 200}
{"id": "t000005746", "svc": "gateway", "phase": "start", "ts": 9908000, "status": 200}
{"id": "t000005746", "svc": "gateway", "phase": "end", "ts": 9908100, "status": 200}
{"id": "t000005747", "svc": "payment", "phase": "start", "ts": 9909000, "status": 200}
{"id": "t000005747", "svc": "payment", "phase": "end", "ts": 9909100, "status": 200}
{"id": "t000005748", "svc": "auth", "phase": "start", "ts": 9910000, "status": 200}
{"id": "t000005748", "svc": "auth", "phase": "end", "ts": 9910100, "status": 200}
{"id": "t000005749", "svc": "gateway", "phase": "start", "ts": 9911000, "status": 200}
{"id": "t000005749", "svc": "gateway", "phase": "end", "ts": 9911100, "status": 200}
{"id": "t000005750", "svc": "payment", "phase": "start", "ts": 9912000, "status": 200}
{"id": "t000005750", "svc": "payment", "phase": "end", "ts": 9912100, "status": 200}
{"id": "t000005751", "svc": "auth", "phase": "start", "ts": 9913000, "status": 200}
{"id": "t000005751", "svc": "auth", "phase": "end", "ts": 9913100, "status": 200}
{"id": "t000005752", "svc": "gateway", "phase": "start", "ts": 9914000, "status": 200}
{"id": "t000005752", "svc": "gateway", "phase": "end", "ts": 9914100, "status": 500}
{"id": "t000005753", "svc": "payment", "phase": "start", "ts": 9915000, "status": 200}
{"id": "t000005753", "svc": "payment", "phase": "end", "ts": 9915100, "status": 200}
{"id": "t000005754", "svc": "auth", "phase": "start", "ts": 9916000, "status": 200}
{"id": "t000005754", "svc": "auth", "phase": "end", "ts": 9916100, "status": 200}
{"id": "t000005755", "svc": "gateway", "phase": "start", "ts": 9917000, "status": 200}
{"id": "t000005755", "svc": "gateway", "phase": "end", "ts": 9917100, "status": 200}
{"id": "t000005756", "svc": "payment", "phase": "start", "ts": 9918000, "status": 200}
{"id": "t000005756", "svc": "payment", "phase": "end", "ts": 9918100, "status": 200}
{"id": "t000005757", "svc": "auth", "phase": "start", "ts": 9919000, "status": 200}
{"id": "t000005757", "svc": "auth", "phase": "end", "ts": 9919100, "status": 200}
{"id": "t000005758", "svc": "gateway", "phase": "start", "ts": 9920000, "status": 200}
{"id": "t000005758", "svc": "gateway", "phase": "end", "ts": 9920100, "status": 200}
{"id": "t000005759", "svc": "payment", "phase": "start", "ts": 9921000, "status": 200}
{"id": "t000005759", "svc": "payment", "phase": "end", "ts": 9921100, "status": 200}
{"id": "t000005760", "svc": "auth", "phase": "start", "ts": 9922000, "status": 200}
{"id": "t000005760", "svc": "auth", "phase": "end", "ts": 9922100, "status": 500}
{"id": "t000005761", "svc": "gateway", "phase": "start", "ts": 9923000, "status": 200}
{"id": "t000005761", "svc": "gateway", "phase": "end", "ts": 9923100, "status": 200}
{"id": "t000005762", "svc": "payment", "phase": "start", "ts": 9924000, "status": 200}
{"id": "t000005762", "svc": "payment", "phase": "end", "ts": 9924100, "status": 200}
{"id": "t000005763", "svc": "auth", "phase": "start", "ts": 9925000, "status": 200}
{"id": "t000005763", "svc": "auth", "phase": "end", "ts": 9925100, "status": 200}
{"id": "t000005764", "svc": "gateway", "phase": "start", "ts": 9926000, "status": 200}
{"id": "t000005764", "svc": "gateway", "phase": "end", "ts": 9926100, "status": 200}
{"id": "t000005765", "svc": "payment", "phase": "start", "ts": 9927000, "status": 200}
{"id": "t000005765", "svc": "payment", "phase": "end", "ts": 9927100, "status": 200}
{"id": "t000005766", "svc": "auth", "phase": "start", "ts": 9928000, "status": 200}
{"id": "t000005766", "svc": "auth", "phase": "end", "ts": 9928100, "status": 200}
{"id": "t000005767", "svc": "gateway", "phase": "start", "ts": 9929000, "status": 200}
{"id": "t000005767", "svc": "gateway", "phase": "end", "ts": 9929100, "status": 200}
{"id": "t000005768", "svc": "payment", "phase": "start", "ts": 9930000, "status": 200}
{"id": "t000005768", "svc": "payment", "phase": "end", "ts": 9930100, "status": 500}
{"id": "t000005769", "svc": "auth", "phase": "start", "ts": 9931000, "status": 200}
{"id": "t000005769", "svc": "auth", "phase": "end", "ts": 9931100, "status": 200}
{"id": "t000005770", "svc": "gateway", "phase": "start", "ts": 9932000, "status": 200}
{"id": "t000005770", "svc": "gateway", "phase": "end", "ts": 9932100, "status": 200}
{"id": "t000005771", "svc": "payment", "phase": "start", "ts": 9933000, "status": 200}
{"id": "t000005771", "svc": "payment", "phase": "end", "ts": 9933100, "status": 200}
{"id": "t000005772", "svc": "auth", "phase": "start", "ts": 9934000, "status": 200}
{"id": "t000005772", "svc": "auth", "phase": "end", "ts": 9934100, "status": 200}
{"id": "t000005773", "svc": "gateway", "phase": "start", "ts": 9935000, "status": 200}
{"id": "t000005773", "svc": "gateway", "phase": "end", "ts": 9935100, "status": 200}
{"id": "t000005774", "svc": "payment", "phase": "start", "ts": 9936000, "status": 200}
{"id": "t000005774", "svc": "payment", "phase": "end", "ts": 9936100, "status": 200}
{"id": "t000005775", "svc": "auth", "phase": "start", "ts": 9937000, "status": 200}
{"id": "t000005775", "svc": "auth", "phase": "end", "ts": 9937100, "status": 200}
{"id": "t000005776", "svc": "gateway", "phase": "start", "ts": 9938000, "status": 200}
{"id": "t000005776", "svc": "gateway", "phase": "end", "ts": 9938100, "status": 500}
{"id": "t000005777", "svc": "payment", "phase": "start", "ts": 9939000, "status": 200}
{"id": "t000005777", "svc": "payment", "phase": "end", "ts": 9939100, "status": 200}
{"id": "t000005778", "svc": "auth", "phase": "start", "ts": 9940000, "status": 200}
{"id": "t000005778", "svc": "auth", "phase": "end", "ts": 9940100, "status": 200}
{"id": "t000005779", "svc": "gateway", "phase": "start", "ts": 9941000, "status": 200}
{"id": "t000005779", "svc": "gateway", "phase": "end", "ts": 9941100, "status": 200}
{"id": "t000005780", "svc": "payment", "phase": "start", "ts": 9942000, "status": 200}
{"id": "t000005780", "svc": "payment", "phase": "end", "ts": 9942100, "status": 200}
{"id": "t000005781", "svc": "auth", "phase": "start", "ts": 9943000, "status": 200}
{"id": "t000005781", "svc": "auth", "phase": "end", "ts": 9943100, "status": 200}
{"id": "t000005782", "svc": "gateway", "phase": "start", "ts": 9944000, "status": 200}
{"id": "t000005782", "svc": "gateway", "phase": "end", "ts": 9944100, "status": 200}
{"id": "t000005783", "svc": "payment", "phase": "start", "ts": 9945000, "status": 200}
{"id": "t000005783", "svc": "payment", "phase": "end", "ts": 9945100, "status": 200}
{"id": "t000005784", "svc": "auth", "phase": "start", "ts": 9946000, "status": 200}
{"id": "t000005784", "svc": "auth", "phase": "end", "ts": 9946100, "status": 500}
{"id": "t000005785", "svc": "gateway", "phase": "start", "ts": 9947000, "status": 200}
{"id": "t000005785", "svc": "gateway", "phase": "end", "ts": 9947100, "status": 200}
{"id": "t000005786", "svc": "payment", "phase": "start", "ts": 9948000, "status": 200}
{"id": "t000005786", "svc": "payment", "phase": "end", "ts": 9948100, "status": 200}
{"id": "t000005787", "svc": "auth", "phase": "start", "ts": 9949000, "status": 200}
{"id": "t000005787", "svc": "auth", "phase": "end", "ts": 9949100, "status": 200}
{"id": "t000005788", "svc": "gateway", "phase": "start", "ts": 9950000, "status": 200}
{"id": "t000005788", "svc": "gateway", "phase": "end", "ts": 9950100, "status": 200}
{"id": "t000005789", "svc": "payment", "phase": "start", "ts": 9951000, "status": 200}
{"id": "t000005789", "svc": "payment", "phase": "end", "ts": 9951100, "status": 200}
{"id": "t000005790", "svc": "auth", "phase": "start", "ts": 9952000, "status": 200}
{"id": "t000005790", "svc": "auth", "phase": "end", "ts": 9952100, "status": 200}
{"id": "t000005791", "svc": "gateway", "phase": "start", "ts": 9953000, "status": 200}
{"id": "t000005791", "svc": "gateway", "phase": "end", "ts": 9953100, "status": 200}
{"id": "t000005792", "svc": "payment", "phase": "start", "ts": 9954000, "status": 200}
{"id": "t000005792", "svc": "payment", "phase": "end", "ts": 9954100, "status": 500}
{"id": "t000005793", "svc": "auth", "phase": "start", "ts": 9955000, "status": 200}
{"id": "t000005793", "svc": "auth", "phase": "end", "ts": 9955100, "status": 200}
{"id": "t000005794", "svc": "gateway", "phase": "start", "ts": 9956000, "status": 200}
{"id": "t000005794", "svc": "gateway", "phase": "end", "ts": 9956100, "status": 200}
{"id": "t000005795", "svc": "payment", "phase": "start", "ts": 9957000, "status": 200}
{"id": "t000005795", "svc": "payment", "phase": "end", "ts": 9957100, "status": 200}
{"id": "t000005796", "svc": "auth", "phase": "start", "ts": 9958000, "status": 200}
{"id": "t000005796", "svc": "auth", "phase": "end", "ts": 9958100, "status": 200}
{"id": "t000005797", "svc": "gateway", "phase": "start", "ts": 9959000, "status": 200}
{"id": "t000005797", "svc": "gateway", "phase": "end", "ts": 9959100, "status": 200}
{"id": "t000005798", "svc": "payment", "phase": "start", "ts": 9960000, "status": 200}
{"id": "t000005798", "svc": "payment", "phase": "end", "ts": 9960100, "status": 200}
{"id": "t000005799", "svc": "auth", "phase": "start", "ts": 9961000, "status": 200}
{"id": "t000005799", "svc": "auth", "phase": "end", "ts": 9961100, "status": 200}
{"id": "t000005800", "svc": "gateway", "phase": "start", "ts": 9962000, "status": 200}
{"id": "t000005800", "svc": "gateway", "phase": "end", "ts": 9962100, "status": 500}
{"id": "t000005801", "svc": "payment", "phase": "start", "ts": 9963000, "status": 200}
{"id": "t000005801", "svc": "payment", "phase": "end", "ts": 9963100, "status": 200}
{"id": "t000005802", "svc": "auth", "phase": "start", "ts": 9964000, "status": 200}
{"id": "t000005802", "svc": "auth", "phase": "end", "ts": 9964100, "status": 200}
{"id": "t000005803", "svc": "gateway", "phase": "start", "ts": 9965000, "status": 200}
{"id": "t000005803", "svc": "gateway", "phase": "end", "ts": 9965100, "status": 200}
{"id": "t000005804", "svc": "payment", "phase": "start", "ts": 9966000, "status": 200}
{"id": "t000005804", "svc": "payment", "phase": "end", "ts": 9966100, "status": 200}
{"id": "t000005805", "svc": "auth", "phase": "start", "ts": 9967000, "status": 200}
{"id": "t000005805", "svc": "auth", "phase": "end", "ts": 9967100, "status": 200}
{"id": "t000005806", "svc": "gateway", "phase": "start", "ts": 9968000, "status": 200}
{"id": "t000005806", "svc": "gateway", "phase": "end", "ts": 9968100, "status": 200}
{"id": "t000005807", "svc": "payment", "phase": "start", "ts": 9969000, "status": 200}
{"id": "t000005807", "svc": "payment", "phase": "end", "ts": 9969100, "status": 200}
{"id": "t000005808", "svc": "auth", "phase": "start", "ts": 9970000, "status": 200}
{"id": "t000005808", "svc": "auth", "phase": "end", "ts": 9970100, "status": 500}
{"id": "t000005809", "svc": "gateway", "phase": "start", "ts": 9971000, "status": 200}
{"id": "t000005809", "svc": "gateway", "phase": "end", "ts": 9971100, "status": 200}
{"id": "t000005810", "svc": "payment", "phase": "start", "ts": 9972000, "status": 200}
{"id": "t000005810", "svc": "payment", "phase": "end", "ts": 9972100, "status": 200}
{"id": "t000005811", "svc": "auth", "phase": "start", "ts": 9973000, "status": 200}
{"id": "t000005811", "svc": "auth", "phase": "end", "ts": 9973100, "status": 200}
{"id": "t000005812", "svc": "gateway", "phase": "start", "ts": 9974000, "status": 200}
{"id": "t000005812", "svc": "gateway", "phase": "end", "ts": 9974100, "status": 200}
{"id": "t000005813", "svc": "payment", "phase": "start", "ts": 9975000, "status": 200}
{"id": "t000005813", "svc": "payment", "phase": "end", "ts": 9975100, "status": 200}
{"id": "t000005814", "svc": "auth", "phase": "start", "ts": 9976000, "status": 200}
{"id": "t000005814", "svc": "auth", "phase": "end", "ts": 9976100, "status": 200}
{"id": "t000005815", "svc": "gateway", "phase": "start", "ts": 9977000, "status": 200}
{"id": "t000005815", "svc": "gateway", "phase": "end", "ts": 9977100, "status": 200}
{"id": "t000005816", "svc": "payment", "phase": "start", "ts": 9978000, "status": 200}
{"id": "t000005816", "svc": "payment", "phase": "end", "ts": 9978100, "status": 500}
{"id": "t000005817", "svc": "auth", "phase": "start", "ts": 9979000, "status": 200}
{"id": "t000005817", "svc": "auth", "phase": "end", "ts": 9979100, "status": 200}
{"id": "t000005818", "svc": "gateway", "phase": "start", "ts": 9980000, "status": 200}
{"id": "t000005818", "svc": "gateway", "phase": "end", "ts": 9980100, "status": 200}
{"id": "t000005819", "svc": "payment", "phase": "start", "ts": 9981000, "status": 200}
{"id": "t000005819", "svc": "payment", "phase": "end", "ts": 9981100, "status": 200}
{"id": "t000005820", "svc": "auth", "phase": "start", "ts": 9982000, "status": 200}
{"id": "t000005820", "svc": "auth", "phase": "end", "ts": 9982100, "status": 200}
{"id": "t000005821", "svc": "gateway", "phase": "start", "ts": 9983000, "status": 200}
{"id": "t000005821", "svc": "gateway", "phase": "end", "ts": 9983100, "status": 200}
{"id": "t000005822", "svc": "payment", "phase": "start", "ts": 9984000, "status": 200}
{"id": "t000005822", "svc": "payment", "phase": "end", "ts": 9984100, "status": 200}
{"id": "t000005823", "svc": "auth", "phase": "start", "ts": 9985000, "status": 200}
{"id": "t000005823", "svc": "auth", "phase": "end", "ts": 9985100, "status": 200}
{"id": "t000005824", "svc": "gateway", "phase": "start", "ts": 9986000, "status": 200}
{"id": "t000005824", "svc": "gateway", "phase": "end", "ts": 9986100, "status": 500}
{"id": "t000005825", "svc": "payment", "phase": "start", "ts": 9987000, "status": 200}
{"id": "t000005825", "svc": "payment", "phase": "end", "ts": 9987100, "status": 200}
{"id": "t000005826", "svc": "auth", "phase": "start", "ts": 9988000, "status": 200}
{"id": "t000005826", "svc": "auth", "phase": "end", "ts": 9988100, "status": 200}
{"id": "t000005827", "svc": "gateway", "phase": "start", "ts": 9989000, "status": 200}
{"id": "t000005827", "svc": "gateway", "phase": "end", "ts": 9989100, "status": 200}
{"id": "t000005828", "svc": "payment", "phase": "start", "ts": 9990000, "status": 200}
{"id": "t000005828", "svc": "payment", "phase": "end", "ts": 9990100, "status": 200}
{"id": "t000005829", "svc": "auth", "phase": "start", "ts": 9991000, "status": 200}
{"id": "t000005829", "svc": "auth", "phase": "end", "ts": 9991100, "status": 200}
{"id": "t000005830", "svc": "gateway", "phase": "start", "ts": 9992000, "status": 200}
{"id": "t000005830", "svc": "gateway", "phase": "end", "ts": 9992100, "status": 200}
{"id": "t000005831", "svc": "payment", "phase": "start", "ts": 9993000, "status": 200}
{"id": "t000005831", "svc": "payment", "phase": "end", "ts": 9993100, "status": 200}
{"id": "t000005832", "svc": "auth", "phase": "start", "ts": 9994000, "status": 200}
{"id": "t000005832", "svc": "auth", "phase": "end", "ts": 9994100, "status": 500}
{"id": "t000005833", "svc": "gateway", "phase": "start", "ts": 9995000, "status": 200}
{"id": "t000005833", "svc": "gateway", "phase": "end", "ts": 9995100, "status": 200}
{"id": "t000005834", "svc": "payment", "phase": "start", "ts": 9996000, "status": 200}
{"id": "t000005834", "svc": "payment", "phase": "end", "ts": 9996100, "status": 200}
{"id": "t000005835", "svc": "auth", "phase": "start", "ts": 9997000, "status": 200}
{"id": "t000005835", "svc": "auth", "phase": "end", "ts": 9997100, "status": 200}
{"id": "t000005836", "svc": "gateway", "phase": "start", "ts": 9998000, "status": 200}
{"id": "t000005836", "svc": "gateway", "phase": "end", "ts": 9998100, "status": 200}
{"id": "t000005837", "svc": "payment", "phase": "start", "ts": 9999000, "status": 200}
{"id": "t000005837", "svc": "payment", "phase": "end", "ts": 9999100, "status": 200}
{"id": "t000005838", "svc": "auth", "phase": "start", "ts": 10000000, "status": 200}
{"id": "t000005838", "svc": "auth", "phase": "end", "ts": 10000100, "status": 200}
{"id": "t000005839", "svc": "gateway", "phase": "start", "ts": 10001000, "status": 200}
{"id": "t000005839", "svc": "gateway", "phase": "end", "ts": 10001100, "status": 200}
{"id": "t000005840", "svc": "payment", "phase": "start", "ts": 10002000, "status": 200}
{"id": "t000005840", "svc": "payment", "phase": "end", "ts": 10002100, "status": 500}
{"id": "t000005841", "svc": "auth", "phase": "start", "ts": 10003000, "status": 200}
{"id": "t000005841", "svc": "auth", "phase": "end", "ts": 10003100, "status": 200}
{"id": "t000005842", "svc": "gateway", "phase": "start", "ts": 10004000, "status": 200}
{"id": "t000005842", "svc": "gateway", "phase": "end", "ts": 10004100, "status": 200}
{"id": "t000005843", "svc": "payment", "phase": "start", "ts": 10005000, "status": 200}
{"id": "t000005843", "svc": "payment", "phase": "end", "ts": 10005100, "status": 200}
{"id": "t000005844", "svc": "auth", "phase": "start", "ts": 10006000, "status": 200}
{"id": "t000005844", "svc": "auth", "phase": "end", "ts": 10006100, "status": 200}
{"id": "t000005845", "svc": "gateway", "phase": "start", "ts": 10007000, "status": 200}
{"id": "t000005845", "svc": "gateway", "phase": "end", "ts": 10007100, "status": 200}
{"id": "t000005846", "svc": "payment", "phase": "start", "ts": 10008000, "status": 200}
{"id": "t000005846", "svc": "payment", "phase": "end", "ts": 10008100, "status": 200}
{"id": "t000005847", "svc": "auth", "phase": "start", "ts": 10009000, "status": 200}
{"id": "t000005847", "svc": "auth", "phase": "end", "ts": 10009100, "status": 200}
{"id": "t000005848", "svc": "gateway", "phase": "start", "ts": 10010000, "status": 200}
{"id": "t000005848", "svc": "gateway", "phase": "end", "ts": 10010100, "status": 500}
{"id": "t000005849", "svc": "payment", "phase": "start", "ts": 10011000, "status": 200}
{"id": "t000005849", "svc": "payment", "phase": "end", "ts": 10011100, "status": 200}
{"id": "t000005850", "svc": "auth", "phase": "start", "ts": 10012000, "status": 200}
{"id": "t000005850", "svc": "auth", "phase": "end", "ts": 10012100, "status": 200}
{"id": "t000005851", "svc": "gateway", "phase": "start", "ts": 10013000, "status": 200}
{"id": "t000005851", "svc": "gateway", "phase": "end", "ts": 10013100, "status": 200}
{"id": "t000005852", "svc": "payment", "phase": "start", "ts": 10014000, "status": 200}
{"id": "t000005852", "svc": "payment", "phase": "end", "ts": 10014100, "status": 200}
{"id": "t000005853", "svc": "auth", "phase": "start", "ts": 10015000, "status": 200}
{"id": "t000005853", "svc": "auth", "phase": "end", "ts": 10015100, "status": 200}
{"id": "t000005854", "svc": "gateway", "phase": "start", "ts": 10016000, "status": 200}
{"id": "t000005854", "svc": "gateway", "phase": "end", "ts": 10016100, "status": 200}
{"id": "t000005855", "svc": "payment", "phase": "start", "ts": 10017000, "status": 200}
{"id": "t000005855", "svc": "payment", "phase": "end", "ts": 10017100, "status": 200}
{"id": "t000005856", "svc": "auth", "phase": "start", "ts": 10018000, "status": 200}
{"id": "t000005856", "svc": "auth", "phase": "end", "ts": 10018100, "status": 500}
{"id": "t000005857", "svc": "gateway", "phase": "start", "ts": 10019000, "status": 200}
{"id": "t000005857", "svc": "gateway", "phase": "end", "ts": 10019100, "status": 200}
{"id": "t000005858", "svc": "payment", "phase": "start", "ts": 10020000, "status": 200}
{"id": "t000005858", "svc": "payment", "phase": "end", "ts": 10020100, "status": 200}
{"id": "t000005859", "svc": "auth", "phase": "start", "ts": 10021000, "status": 200}
{"id": "t000005859", "svc": "auth", "phase": "end", "ts": 10021100, "status": 200}
{"id": "t000005860", "svc": "gateway", "phase": "start", "ts": 10022000, "status": 200}
{"id": "t000005860", "svc": "gateway", "phase": "end", "ts": 10022100, "status": 200}
{"id": "t000005861", "svc": "payment", "phase": "start", "ts": 10023000, "status": 200}
{"id": "t000005861", "svc": "payment", "phase": "end", "ts": 10023100, "status": 200}
{"id": "t000005862", "svc": "auth", "phase": "start", "ts": 10024000, "status": 200}
{"id": "t000005862", "svc": "auth", "phase": "end", "ts": 10024100, "status": 200}
{"id": "t000005863", "svc": "gateway", "phase": "start", "ts": 10025000, "status": 200}
{"id": "t000005863", "svc": "gateway", "phase": "end", "ts": 10025100, "status": 200}
{"id": "t000005864", "svc": "payment", "phase": "start", "ts": 10026000, "status": 200}
{"id": "t000005864", "svc": "payment", "phase": "end", "ts": 10026100, "status": 500}
{"id": "t000005865", "svc": "auth", "phase": "start", "ts": 10027000, "status": 200}
{"id": "t000005865", "svc": "auth", "phase": "end", "ts": 10027100, "status": 200}
{"id": "t000005866", "svc": "gateway", "phase": "start", "ts": 10028000, "status": 200}
{"id": "t000005866", "svc": "gateway", "phase": "end", "ts": 10028100, "status": 200}
{"id": "t000005867", "svc": "payment", "phase": "start", "ts": 10029000, "status": 200}
{"id": "t000005867", "svc": "payment", "phase": "end", "ts": 10029100, "status": 200}
{"id": "t000005868", "svc": "auth", "phase": "start", "ts": 10030000, "status": 200}
{"id": "t000005868", "svc": "auth", "phase": "end", "ts": 10030100, "status": 200}
{"id": "t000005869", "svc": "gateway", "phase": "start", "ts": 10031000, "status": 200}
{"id": "t000005869", "svc": "gateway", "phase": "end", "ts": 10031100, "status": 200}
{"id": "t000005870", "svc": "payment", "phase": "start", "ts": 10032000, "status": 200}
{"id": "t000005870", "svc": "payment", "phase": "end", "ts": 10032100, "status": 200}
{"id": "t000005871", "svc": "auth", "phase": "start", "ts": 10033000, "status": 200}
{"id": "t000005871", "svc": "auth", "phase": "end", "ts": 10033100, "status": 200}
{"id": "t000005872", "svc": "gateway", "phase": "start", "ts": 10034000, "status": 200}
{"id": "t000005872", "svc": "gateway", "phase": "end", "ts": 10034100, "status": 500}
{"id": "t000005873", "svc": "payment", "phase": "start", "ts": 10035000, "status": 200}
{"id": "t000005873", "svc": "payment", "phase": "end", "ts": 10035100, "status": 200}
{"id": "t000005874", "svc": "auth", "phase": "start", "ts": 10036000, "status": 200}
{"id": "t000005874", "svc": "auth", "phase": "end", "ts": 10036100, "status": 200}
{"id": "t000005875", "svc": "gateway", "phase": "start", "ts": 10037000, "status": 200}
{"id": "t000005875", "svc": "gateway", "phase": "end", "ts": 10037100, "status": 200}
{"id": "t000005876", "svc": "payment", "phase": "start", "ts": 10038000, "status": 200}
{"id": "t000005876", "svc": "payment", "phase": "end", "ts": 10038100, "status": 200}
{"id": "t000005877", "svc": "auth", "phase": "start", "ts": 10039000, "status": 200}
{"id": "t000005877", "svc": "auth", "phase": "end", "ts": 10039100, "status": 200}
{"id": "t000005878", "svc": "gateway", "phase": "start", "ts": 10040000, "status": 200}
{"id": "t000005878", "svc": "gateway", "phase": "end", "ts": 10040100, "status": 200}
{"id": "t000005879", "svc": "payment", "phase": "start", "ts": 10041000, "status": 200}
{"id": "t000005879", "svc": "payment", "phase": "end", "ts": 10041100, "status": 200}
{"id": "t000005880", "svc": "auth", "phase": "start", "ts": 10042000, "status": 200}
{"id": "t000005880", "svc": "auth", "phase": "end", "ts": 10042100, "status": 500}
{"id": "t000005881", "svc": "gateway", "phase": "start", "ts": 10043000, "status": 200}
{"id": "t000005881", "svc": "gateway", "phase": "end", "ts": 10043100, "status": 200}
{"id": "t000005882", "svc": "payment", "phase": "start", "ts": 10044000, "status": 200}
{"id": "t000005882", "svc": "payment", "phase": "end", "ts": 10044100, "status": 200}
{"id": "t000005883", "svc": "auth", "phase": "start", "ts": 10045000, "status": 200}
{"id": "t000005883", "svc": "auth", "phase": "end", "ts": 10045100, "status": 200}
{"id": "t000005884", "svc": "gateway", "phase": "start", "ts": 10046000, "status": 200}
{"id": "t000005884", "svc": "gateway", "phase": "end", "ts": 10046100, "status": 200}
{"id": "t000005885", "svc": "payment", "phase": "start", "ts": 10047000, "status": 200}
{"id": "t000005885", "svc": "payment", "phase": "end", "ts": 10047100, "status": 200}
{"id": "t000005886", "svc": "auth", "phase": "start", "ts": 10048000, "status": 200}
{"id": "t000005886", "svc": "auth", "phase": "end", "ts": 10048100, "status": 200}
{"id": "t000005887", "svc": "gateway", "phase": "start", "ts": 10049000, "status": 200}
{"id": "t000005887", "svc": "gateway", "phase": "end", "ts": 10049100, "status": 200}
{"id": "t000005888", "svc": "payment", "phase": "start", "ts": 10050000, "status": 200}
{"id": "t000005888", "svc": "payment", "phase": "end", "ts": 10050100, "status": 500}
{"id": "t000005889", "svc": "auth", "phase": "start", "ts": 10051000, "status": 200}
{"id": "t000005889", "svc": "auth", "phase": "end", "ts": 10051100, "status": 200}
{"id": "t000005890", "svc": "gateway", "phase": "start", "ts": 10052000, "status": 200}
{"id": "t000005890", "svc": "gateway", "phase": "end", "ts": 10052100, "status": 200}
{"id": "t000005891", "svc": "payment", "phase": "start", "ts": 10053000, "status": 200}
{"id": "t000005891", "svc": "payment", "phase": "end", "ts": 10053100, "status": 200}
{"id": "t000005892", "svc": "auth", "phase": "start", "ts": 10054000, "status": 200}
{"id": "t000005892", "svc": "auth", "phase": "end", "ts": 10054100, "status": 200}
{"id": "t000005893", "svc": "gateway", "phase": "start", "ts": 10055000, "status": 200}
{"id": "t000005893", "svc": "gateway", "phase": "end", "ts": 10055100, "status": 200}
{"id": "t000005894", "svc": "payment", "phase": "start", "ts": 10056000, "status": 200}
{"id": "t000005894", "svc": "payment", "phase": "end", "ts": 10056100, "status": 200}
{"id": "t000005895", "svc": "auth", "phase": "start", "ts": 10057000, "status": 200}
{"id": "t000005895", "svc": "auth", "phase": "end", "ts": 10057100, "status": 200}
{"id": "t000005896", "svc": "gateway", "phase": "start", "ts": 10058000, "status": 200}
{"id": "t000005896", "svc": "gateway", "phase": "end", "ts": 10058100, "status": 500}
{"id": "t000005897", "svc": "payment", "phase": "start", "ts": 10059000, "status": 200}
{"id": "t000005897", "svc": "payment", "phase": "end", "ts": 10059100, "status": 200}
{"id": "t000005898", "svc": "auth", "phase": "start", "ts": 10060000, "status": 200}
{"id": "t000005898", "svc": "auth", "phase": "end", "ts": 10060100, "status": 200}
{"id": "t000005899", "svc": "gateway", "phase": "start", "ts": 10061000, "status": 200}
{"id": "t000005899", "svc": "gateway", "phase": "end", "ts": 10061100, "status": 200}
{"id": "t000005900", "svc": "payment", "phase": "start", "ts": 10062000, "status": 200}
{"id": "t000005900", "svc": "payment", "phase": "end", "ts": 10062100, "status": 200}
{"id": "t000005901", "svc": "auth", "phase": "start", "ts": 10063000, "status": 200}
{"id": "t000005901", "svc": "auth", "phase": "end", "ts": 10063100, "status": 200}
{"id": "t000005902", "svc": "gateway", "phase": "start", "ts": 10064000, "status": 200}
{"id": "t000005902", "svc": "gateway", "phase": "end", "ts": 10064100, "status": 200}
{"id": "t000005903", "svc": "payment", "phase": "start", "ts": 10065000, "status": 200}
{"id": "t000005903", "svc": "payment", "phase": "end", "ts": 10065100, "status": 200}
{"id": "t000005904", "svc": "auth", "phase": "start", "ts": 10066000, "status": 200}
{"id": "t000005904", "svc": "auth", "phase": "end", "ts": 10066100, "status": 500}
{"id": "t000005905", "svc": "gateway", "phase": "start", "ts": 10067000, "status": 200}
{"id": "t000005905", "svc": "gateway", "phase": "end", "ts": 10067100, "status": 200}
{"id": "t000005906", "svc": "payment", "phase": "start", "ts": 10068000, "status": 200}
{"id": "t000005906", "svc": "payment", "phase": "end", "ts": 10068100, "status": 200}
{"id": "t000005907", "svc": "auth", "phase": "start", "ts": 10069000, "status": 200}
{"id": "t000005907", "svc": "auth", "phase": "end", "ts": 10069100, "status": 200}
{"id": "t000005908", "svc": "gateway", "phase": "start", "ts": 10070000, "status": 200}
{"id": "t000005908", "svc": "gateway", "phase": "end", "ts": 10070100, "status": 200}
{"id": "t000005909", "svc": "payment", "phase": "start", "ts": 10071000, "status": 200}
{"id": "t000005909", "svc": "payment", "phase": "end", "ts": 10071100, "status": 200}
{"id": "t000005910", "svc": "auth", "phase": "start", "ts": 10072000, "status": 200}
{"id": "t000005910", "svc": "auth", "phase": "end", "ts": 10072100, "status": 200}
{"id": "t000005911", "svc": "gateway", "phase": "start", "ts": 10073000, "status": 200}
{"id": "t000005911", "svc": "gateway", "phase": "end", "ts": 10073100, "status": 200}
{"id": "t000005912", "svc": "payment", "phase": "start", "ts": 10074000, "status": 200}
{"id": "t000005912", "svc": "payment", "phase": "end", "ts": 10074100, "status": 500}
{"id": "t000005913", "svc": "auth", "phase": "start", "ts": 10075000, "status": 200}
{"id": "t000005913", "svc": "auth", "phase": "end", "ts": 10075100, "status": 200}
{"id": "t000005914", "svc": "gateway", "phase": "start", "ts": 10076000, "status": 200}
{"id": "t000005914", "svc": "gateway", "phase": "end", "ts": 10076100, "status": 200}
{"id": "t000005915", "svc": "payment", "phase": "start", "ts": 10077000, "status": 200}
{"id": "t000005915", "svc": "payment", "phase": "end", "ts": 10077100, "status": 200}
{"id": "t000005916", "svc": "auth", "phase": "start", "ts": 10078000, "status": 200}
{"id": "t000005916", "svc": "auth", "phase": "end", "ts": 10078100, "status": 200}
{"id": "t000005917", "svc": "gateway", "phase": "start", "ts": 10079000, "status": 200}
{"id": "t000005917", "svc": "gateway", "phase": "end", "ts": 10079100, "status": 200}
{"id": "t000005918", "svc": "payment", "phase": "start", "ts": 10080000, "status": 200}
{"id": "t000005918", "svc": "payment", "phase": "end", "ts": 10080100, "status": 200}
{"id": "t000005919", "svc": "auth", "phase": "start", "ts": 10081000, "status": 200}
{"id": "t000005919", "svc": "auth", "phase": "end", "ts": 10081100, "status": 200}
{"id": "t000005920", "svc": "gateway", "phase": "start", "ts": 10082000, "status": 200}
{"id": "t000005920", "svc": "gateway", "phase": "end", "ts": 10082100, "status": 500}
{"id": "t000005921", "svc": "payment", "phase": "start", "ts": 10083000, "status": 200}
{"id": "t000005921", "svc": "payment", "phase": "end", "ts": 10083100, "status": 200}
{"id": "t000005922", "svc": "auth", "phase": "start", "ts": 10084000, "status": 200}
{"id": "t000005922", "svc": "auth", "phase": "end", "ts": 10084100, "status": 200}
{"id": "t000005923", "svc": "gateway", "phase": "start", "ts": 10085000, "status": 200}
{"id": "t000005923", "svc": "gateway", "phase": "end", "ts": 10085100, "status": 200}
{"id": "t000005924", "svc": "payment", "phase": "start", "ts": 10086000, "status": 200}
{"id": "t000005924", "svc": "payment", "phase": "end", "ts": 10086100, "status": 200}
{"id": "t000005925", "svc": "auth", "phase": "start", "ts": 10087000, "status": 200}
{"id": "t000005925", "svc": "auth", "phase": "end", "ts": 10087100, "status": 200}
{"id": "t000005926", "svc": "gateway", "phase": "start", "ts": 10088000, "status": 200}
{"id": "t000005926", "svc": "gateway", "phase": "end", "ts": 10088100, "status": 200}
{"id": "t000005927", "svc": "payment", "phase": "start", "ts": 10089000, "status": 200}
{"id": "t000005927", "svc": "payment", "phase": "end", "ts": 10089100, "status": 200}
{"id": "t000005928", "svc": "auth", "phase": "start", "ts": 10090000, "status": 200}
{"id": "t000005928", "svc": "auth", "phase": "end", "ts": 10090100, "status": 500}
{"id": "t000005929", "svc": "gateway", "phase": "start", "ts": 10091000, "status": 200}
{"id": "t000005929", "svc": "gateway", "phase": "end", "ts": 10091100, "status": 200}
{"id": "t000005930", "svc": "payment", "phase": "start", "ts": 10092000, "status": 200}
{"id": "t000005930", "svc": "payment", "phase": "end", "ts": 10092100, "status": 200}
{"id": "t000005931", "svc": "auth", "phase": "start", "ts": 10093000, "status": 200}
{"id": "t000005931", "svc": "auth", "phase": "end", "ts": 10093100, "status": 200}
{"id": "t000005932", "svc": "gateway", "phase": "start", "ts": 10094000, "status": 200}
{"id": "t000005932", "svc": "gateway", "phase": "end", "ts": 10094100, "status": 200}
{"id": "t000005933", "svc": "payment", "phase": "start", "ts": 10095000, "status": 200}
{"id": "t000005933", "svc": "payment", "phase": "end", "ts": 10095100, "status": 200}
{"id": "t000005934", "svc": "auth", "phase": "start", "ts": 10096000, "status": 200}
{"id": "t000005934", "svc": "auth", "phase": "end", "ts": 10096100, "status": 200}
{"id": "t000005935", "svc": "gateway", "phase": "start", "ts": 10097000, "status": 200}
{"id": "t000005935", "svc": "gateway", "phase": "end", "ts": 10097100, "status": 200}
{"id": "t000005936", "svc": "payment", "phase": "start", "ts": 10098000, "status": 200}
{"id": "t000005936", "svc": "payment", "phase": "end", "ts": 10098100, "status": 500}
{"id": "t000005937", "svc": "auth", "phase": "start", "ts": 10099000, "status": 200}
{"id": "t000005937", "svc": "auth", "phase": "end", "ts": 10099100, "status": 200}
{"id": "t000005938", "svc": "gateway", "phase": "start", "ts": 10100000, "status": 200}
{"id": "t000005938", "svc": "gateway", "phase": "end", "ts": 10100100, "status": 200}
{"id": "t000005939", "svc": "payment", "phase": "start", "ts": 10101000, "status": 200}
{"id": "t000005939", "svc": "payment", "phase": "end", "ts": 10101100, "status": 200}
{"id": "t000005940", "svc": "auth", "phase": "start", "ts": 10102000, "status": 200}
{"id": "t000005940", "svc": "auth", "phase": "end", "ts": 10102100, "status": 200}
{"id": "t000005941", "svc": "gateway", "phase": "start", "ts": 10103000, "status": 200}
{"id": "t000005941", "svc": "gateway", "phase": "end", "ts": 10103100, "status": 200}
{"id": "t000005942", "svc": "payment", "phase": "start", "ts": 10104000, "status": 200}
{"id": "t000005942", "svc": "payment", "phase": "end", "ts": 10104100, "status": 200}
{"id": "t000005943", "svc": "auth", "phase": "start", "ts": 10105000, "status": 200}
{"id": "t000005943", "svc": "auth", "phase": "end", "ts": 10105100, "status": 200}
{"id": "t000005944", "svc": "gateway", "phase": "start", "ts": 10106000, "status": 200}
{"id": "t000005944", "svc": "gateway", "phase": "end", "ts": 10106100, "status": 500}
{"id": "t000005945", "svc": "payment", "phase": "start", "ts": 10107000, "status": 200}
{"id": "t000005945", "svc": "payment", "phase": "end", "ts": 10107100, "status": 200}
{"id": "t000005946", "svc": "auth", "phase": "start", "ts": 10108000, "status": 200}
{"id": "t000005946", "svc": "auth", "phase": "end", "ts": 10108100, "status": 200}
{"id": "t000005947", "svc": "gateway", "phase": "start", "ts": 10109000, "status": 200}
{"id": "t000005947", "svc": "gateway", "phase": "end", "ts": 10109100, "status": 200}
{"id": "t000005948", "svc": "payment", "phase": "start", "ts": 10110000, "status": 200}
{"id": "t000005948", "svc": "payment", "phase": "end", "ts": 10110100, "status": 200}
