{"id": "v000000000", "svc": "auth", "phase": "start", "ts": 1000000, "status": 200}
{"id": "v000000000", "svc": "auth", "phase": "end", "ts": 1000100, "status": 200}
   
this is not json at all }{
{"id": "os000000000", "svc": "auth", "phase": "start", "ts": 1002000, "status": 200}
{"id": "oe000000000", "svc": "auth", "phase": "end", "ts": 1003000, "status": 503}
{"id": "d000000000", "svc": "auth", "phase": "start", "ts": 1004000, "status": 200}
{"id": "d000000000", "svc": "auth", "phase": "start", "ts": 1004001, "status": 200}
{"id": "d000000000", "svc": "auth", "phase": "end", "ts": 1004100, "status": 200}
{"id": "v000000001", "svc": "gateway", "phase": "start", "ts": 1005000, "status": 200}
{"id": "v000000001", "svc": "gateway", "phase": "end", "ts": 1005100, "status": 200}
{"id": "v000000002", "svc": "payment", "phase": "start", "ts": 1006000, "status": 200}
{"id": "v000000002", "svc": "payment", "phase": "end", "ts": 1006100, "status": 200}
{"id": "v000000003", "svc": "auth", "phase": "start", "ts": 1007000, "status": 200}
{"id": "v000000003", "svc": "auth", "phase": "end", "ts": 1007100, "status": 200}
{"id": "v000000004", "svc": "gateway", "phase": "start", "ts": 1008000, "status": 200}
{"id": "v000000004", "svc": "gateway", "phase": "end", "ts": 1008100, "status": 200}
{"id": "v000000005", "svc": "payment", "phase": "start", "ts": 1009000, "status": 200}
{"id": "v000000005", "svc": "payment", "phase": "end", "ts": 1009100, "status": 200}
{"id": "v000000006", "svc": "auth", "phase": "start", "ts": 1010000, "status": 200}
{"id": "v000000006", "svc": "auth", "phase": "end", "ts": 1010100, "status": 200}
{"id": "v000000007", "svc": "gateway", "phase": "start", "ts": 1011000, "status": 200}
{"id": "v000000007", "svc": "gateway", "phase": "end", "ts": 1011100, "status": 200}
{"id": "v000000008", "svc": "payment", "phase": "start", "ts": 1012000, "status": 200}
{"id": "v000000008", "svc": "payment", "phase": "end", "ts": 1012100, "status": 200}
{"id": "v000000009", "svc": "auth", "phase": "start", "ts": 1013000, "status": 200}
{"id": "v000000009", "svc": "auth", "phase": "end", "ts": 1013100, "status": 200}
{"id": "v000000010", "svc": "gateway", "phase": "start", "ts": 1014000, "status": 200}
{"id": "v000000010", "svc": "gateway", "phase": "end", "ts": 1014100, "status": 200}
{"id": "v000000011", "svc": "payment", "phase": "start", "ts": 1015000, "status": 200}
{"id": "v000000011", "svc": "payment", "phase": "end", "ts": 1015100, "status": 200}
{"id": "v000000012", "svc": "auth", "phase": "start", "ts": 1016000, "status": 200}
{"id": "v000000012", "svc": "auth", "phase": "end", "ts": 1016100, "status": 200}
   
{"id": "v000000013", "svc": "gateway", "phase": "start", "ts": 1017000, "status": 200}
{"id": "v000000013", "svc": "gateway", "phase": "end", "ts": 1017100, "status": 200}
{"id": "v000000014", "svc": "payment", "phase": "start", "ts": 1018000, "status": 200}
{"id": "v000000014", "svc": "payment", "phase": "end", "ts": 1018100, "status": 200}
{"id": "v000000015", "svc": "auth", "phase": "start", "ts": 1019000, "status": 200}
{"id": "v000000015", "svc": "auth", "phase": "end", "ts": 1019100, "status": 200}
{"id": "v000000016", "svc": "gateway", "phase": "start", "ts": 1020000, "status": 200}
{"id": "v000000016", "svc": "gateway", "phase": "end", "ts": 1020100, "status": 200}
{"id": "v000000017", "svc": "payment", "phase": "start", "ts": 1021000, "status": 200}
{"id": "v000000017", "svc": "payment", "phase": "end", "ts": 1021100, "status": 200}
{"id": "v000000018", "svc": "auth", "phase": "start", "ts": 1022000, "status": 200}
{"id": "v000000018", "svc": "auth", "phase": "end", "ts": 1022100, "status": 200}
{"id": "v000000019", "svc": "gateway", "phase": "start", "ts": 1023000, "status": 200}
{"id": "v000000019", "svc": "gateway", "phase": "end", "ts": 1023100, "status": 200}
{"id": "v000000020", "svc": "payment", "phase": "start", "ts": 1024000, "status": 200}
{"id": "v000000020", "svc": "payment", "phase": "end", "ts": 1024100, "status": 200}
{"id": "m", "svc": "auth", "phase": "start", "ts": 1025000, "status": 200, "trace": "x"}
{"id": "v000000021", "svc": "auth", "phase": "start", "ts": 1026000, "status": 200}
{"id": "v000000021", "svc": "auth", "phase": "end", "ts": 1026100, "status": 200}
{"id": "v000000022", "svc": "gateway", "phase": "start", "ts": 1027000, "status": 200}
{"id": "v000000022", "svc": "gateway", "phase": "end", "ts": 1027100, "status": 200}
{"id": "v000000023", "svc": "payment", "phase": "start", "ts": 1028000, "status": 200}
{"id": "v000000023", "svc": "payment", "phase": "end", "ts": 1028100, "status": 200}
{"id": "v000000024", "svc": "auth", "phase": "start", "ts": 1029000, "status": 200}
{"id": "v000000024", "svc": "auth", "phase": "end", "ts": 1029100, "status": 200}
   
{"id": "v000000025", "svc": "gateway", "phase": "start", "ts": 1030000, "status": 200}
{"id": "v000000025", "svc": "gateway", "phase": "end", "ts": 1030100, "status": 200}
{"id": "v000000026", "svc": "payment", "phase": "start", "ts": 1031000, "status": 200}
{"id": "v000000026", "svc": "payment", "phase": "end", "ts": 1031100, "status": 200}
{"id": "v000000027", "svc": "auth", "phase": "start", "ts": 1032000, "status": 200}
{"id": "v000000027", "svc": "auth", "phase": "end", "ts": 1032100, "status": 200}
{"id": "v000000028", "svc": "gateway", "phase": "start", "ts": 1033000, "status": 200}
{"id": "v000000028", "svc": "gateway", "phase": "end", "ts": 1033100, "status": 200}
{"id": "v000000029", "svc": "payment", "phase": "start", "ts": 1034000, "status": 200}
{"id": "v000000029", "svc": "payment", "phase": "end", "ts": 1034100, "status": 200}
{"id": "v000000030", "svc": "auth", "phase": "start", "ts": 1035000, "status": 200}
{"id": "v000000030", "svc": "auth", "phase": "end", "ts": 1035100, "status": 200}
{"id": "v000000031", "svc": "gateway", "phase": "start", "ts": 1036000, "status": 200}
{"id": "v000000031", "svc": "gateway", "phase": "end", "ts": 1036100, "status": 200}
{"id": "v000000032", "svc": "payment", "phase": "start", "ts": 1037000, "status": 200}
{"id": "v000000032", "svc": "payment", "phase": "end", "ts": 1037100, "status": 200}
{"id": "v000000033", "svc": "auth", "phase": "start", "ts": 1038000, "status": 200}
{"id": "v000000033", "svc": "auth", "phase": "end", "ts": 1038100, "status": 200}
{"id": "v000000034", "svc": "gateway", "phase": "start", "ts": 1039000, "status": 200}
{"id": "v000000034", "svc": "gateway", "phase": "end", "ts": 1039100, "status": 200}
{"id": "v000000035", "svc": "payment", "phase": "start", "ts": 1040000, "status": 200}
{"id": "v000000035", "svc": "payment", "phase": "end", "ts": 1040100, "status": 200}
{"id": "v000000036", "svc": "auth", "phase": "start", "ts": 1041000, "status": 200}
{"id": "v000000036", "svc": "auth", "phase": "end", "ts": 1041100, "status": 200}
   
{"id": "v000000037", "svc": "gateway", "phase": "start", "ts": 1042000, "status": 200}
{"id": "v000000037", "svc": "gateway", "phase": "end", "ts": 1042100, "status": 200}
{"id": "v000000038", "svc": "payment", "phase": "start", "ts": 1043000, "status": 200}
{"id": "v000000038", "svc": "payment", "phase": "end", "ts": 1043100, "status": 200}
{"id": "v000000039", "svc": "auth", "phase": "start", "ts": 1044000, "status": 200}
{"id": "v000000039", "svc": "auth", "phase": "end", "ts": 1044100, "status": 200}
{"id": "v000000040", "svc": "gateway", "phase": "start", "ts": 1045000, "status": 200}
{"id": "v000000040", "svc": "gateway", "phase": "end", "ts": 1045100, "status": 200}
{"id": "m", "svc": "payment", "phase": "start", "ts": true, "status": 200}
{"id": "v000000041", "svc": "payment", "phase": "start", "ts": 1047000, "status": 200}
{"id": "v000000041", "svc": "payment", "phase": "end", "ts": 1047100, "status": 200}
{"id": "v000000042", "svc": "auth", "phase": "start", "ts": 1048000, "status": 200}
{"id": "v000000042", "svc": "auth", "phase": "end", "ts": 1048100, "status": 200}
{"id": "v000000043", "svc": "gateway", "phase": "start", "ts": 1049000, "status": 200}
{"id": "v000000043", "svc": "gateway", "phase": "end", "ts": 1049100, "status": 200}
{"id": "v000000044", "svc": "payment", "phase": "start", "ts": 1050000, "status": 200}
{"id": "v000000044", "svc": "payment", "phase": "end", "ts": 1050100, "status": 200}
{"id": "v000000045", "svc": "auth", "phase": "start", "ts": 1051000, "status": 200}
{"id": "v000000045", "svc": "auth", "phase": "end", "ts": 1051100, "status": 200}
{"id": "v000000046", "svc": "gateway", "phase": "start", "ts": 1052000, "status": 200}
{"id": "v000000046", "svc": "gateway", "phase": "end", "ts": 1052100, "status": 200}
{"id": "v000000047", "svc": "payment", "phase": "start", "ts": 1053000, "status": 200}
{"id": "v000000047", "svc": "payment", "phase": "end", "ts": 1053100, "status": 200}
{"id": "v000000048", "svc": "auth", "phase": "start", "ts": 1054000, "status": 200}
{"id": "v000000048", "svc": "auth", "phase": "end", "ts": 1054100, "status": 200}
   
{"id": "v000000049", "svc": "gateway", "phase": "start", "ts": 1055000, "status": 200}
{"id": "v000000049", "svc": "gateway", "phase": "end", "ts": 1055100, "status": 200}
{"id": "v000000050", "svc": "payment", "phase": "start", "ts": 1056000, "status": 200}
{"id": "v000000050", "svc": "payment", "phase": "end", "ts": 1056100, "status": 200}
{"id": "v000000051", "svc": "auth", "phase": "start", "ts": 1057000, "status": 200}
{"id": "v000000051", "svc": "auth", "phase": "end", "ts": 1057100, "status": 200}
{"id": "v000000052", "svc": "gateway", "phase": "start", "ts": 1058000, "status": 200}
{"id": "v000000052", "svc": "gateway", "phase": "end", "ts": 1058100, "status": 200}
{"id": "v000000053", "svc": "payment", "phase": "start", "ts": 1059000, "status": 200}
{"id": "v000000053", "svc": "payment", "phase": "end", "ts": 1059100, "status": 200}
{"id": "v000000054", "svc": "auth", "phase": "start", "ts": 1060000, "status": 200}
{"id": "v000000054", "svc": "auth", "phase": "end", "ts": 1060100, "status": 200}
{"id": "v000000055", "svc": "gateway", "phase": "start", "ts": 1061000, "status": 200}
{"id": "v000000055", "svc": "gateway", "phase": "end", "ts": 1061100, "status": 200}
{"id": "v000000056", "svc": "payment", "phase": "start", "ts": 1062000, "status": 200}
{"id": "v000000056", "svc": "payment", "phase": "end", "ts": 1062100, "status": 200}
{"id": "v000000057", "svc": "auth", "phase": "start", "ts": 1063000, "status": 200}
{"id": "v000000057", "svc": "auth", "phase": "end", "ts": 1063100, "status": 200}
{"id": "v000000058", "svc": "gateway", "phase": "start", "ts": 1064000, "status": 200}
{"id": "v000000058", "svc": "gateway", "phase": "end", "ts": 1064100, "status": 200}
{"id": "v000000059", "svc": "payment", "phase": "start", "ts": 1065000, "status": 200}
{"id": "v000000059", "svc": "payment", "phase": "end", "ts": 1065100, "status": 200}
{"id": "v000000060", "svc": "auth", "phase": "start", "ts": 1066000, "status": 200}
{"id": "v000000060", "svc": "auth", "phase": "end", "ts": 1066100, "status": 200}
   
{"id": "m", "svc": "billing", "phase": "start", "ts": 1067000, "status": 200}
{"id": "v000000061", "svc": "gateway", "phase": "start", "ts": 1068000, "status": 200}
{"id": "v000000061", "svc": "gateway", "phase": "end", "ts": 1068100, "status": 200}
{"id": "v000000062", "svc": "payment", "phase": "start", "ts": 1069000, "status": 200}
{"id": "v000000062", "svc": "payment", "phase": "end", "ts": 1069100, "status": 200}
{"id": "v000000063", "svc": "auth", "phase": "start", "ts": 1070000, "status": 200}
{"id": "v000000063", "svc": "auth", "phase": "end", "ts": 1070100, "status": 200}
{"id": "v000000064", "svc": "gateway", "phase": "start", "ts": 1071000, "status": 200}
{"id": "v000000064", "svc": "gateway", "phase": "end", "ts": 1071100, "status": 200}
{"id": "v000000065", "svc": "payment", "phase": "start", "ts": 1072000, "status": 200}
{"id": "v000000065", "svc": "payment", "phase": "end", "ts": 1072100, "status": 200}
{"id": "v000000066", "svc": "auth", "phase": "start", "ts": 1073000, "status": 200}
{"id": "v000000066", "svc": "auth", "phase": "end", "ts": 1073100, "status": 200}
{"id": "v000000067", "svc": "gateway", "phase": "start", "ts": 1074000, "status": 200}
{"id": "v000000067", "svc": "gateway", "phase": "end", "ts": 1074100, "status": 200}
{"id": "v000000068", "svc": "payment", "phase": "start", "ts": 1075000, "status": 200}
{"id": "v000000068", "svc": "payment", "phase": "end", "ts": 1075100, "status": 200}
{"id": "v000000069", "svc": "auth", "phase": "start", "ts": 1076000, "status": 200}
{"id": "v000000069", "svc": "auth", "phase": "end", "ts": 1076100, "status": 200}
{"id": "v000000070", "svc": "gateway", "phase": "start", "ts": 1077000, "status": 200}
{"id": "v000000070", "svc": "gateway", "phase": "end", "ts": 1077100, "status": 200}
{"id": "v000000071", "svc": "payment", "phase": "start", "ts": 1078000, "status": 200}
{"id": "v000000071", "svc": "payment", "phase": "end", "ts": 1078100, "status": 200}
{"id": "v000000072", "svc": "auth", "phase": "start", "ts": 1079000, "status": 200}
{"id": "v000000072", "svc": "auth", "phase": "end", "ts": 1079100, "status": 200}
   
{"id": "v000000073", "svc": "gateway", "phase": "start", "ts": 1080000, "status": 200}
{"id": "v000000073", "svc": "gateway", "phase": "end", "ts": 1080100, "status": 200}
{"id": "v000000074", "svc": "payment", "phase": "start", "ts": 1081000, "status": 200}
{"id": "v000000074", "svc": "payment", "phase": "end", "ts": 1081100, "status": 200}
{"id": "v000000075", "svc": "auth", "phase": "start", "ts": 1082000, "status": 200}
{"id": "v000000075", "svc": "auth", "phase": "end", "ts": 1082100, "status": 200}
{"id": "v000000076", "svc": "gateway", "phase": "start", "ts": 1083000, "status": 200}
{"id": "v000000076", "svc": "gateway", "phase": "end", "ts": 1083100, "status": 200}
{"id": "v000000077", "svc": "payment", "phase": "start", "ts": 1084000, "status": 200}
{"id": "v000000077", "svc": "payment", "phase": "end", "ts": 1084100, "status": 200}
{"id": "v000000078", "svc": "auth", "phase": "start", "ts": 1085000, "status": 200}
{"id": "v000000078", "svc": "auth", "phase": "end", "ts": 1085100, "status": 200}
{"id": "v000000079", "svc": "gateway", "phase": "start", "ts": 1086000, "status": 200}
{"id": "v000000079", "svc": "gateway", "phase": "end", "ts": 1086100, "status": 200}
{"id": "v000000080", "svc": "payment", "phase": "start", "ts": 1087000, "status": 200}
{"id": "v000000080", "svc": "payment", "phase": "end", "ts": 1087100, "status": 200}
{"id": "m", "svc": "payment", "phase": "end", "ts": 1088000, "status": true}
{"id": "v000000081", "svc": "auth", "phase": "start", "ts": 1089000, "status": 200}
{"id": "v000000081", "svc": "auth", "phase": "end", "ts": 1089100, "status": 200}
{"id": "v000000082", "svc": "gateway", "phase": "start", "ts": 1090000, "status": 200}
{"id": "v000000082", "svc": "gateway", "phase": "end", "ts": 1090100, "status": 200}
{"id": "v000000083", "svc": "payment", "phase": "start", "ts": 1091000, "status": 200}
{"id": "v000000083", "svc": "payment", "phase": "end", "ts": 1091100, "status": 200}
{"id": "v000000084", "svc": "auth", "phase": "start", "ts": 1092000, "status": 200}
{"id": "v000000084", "svc": "auth", "phase": "end", "ts": 1092100, "status": 200}
   
{"id": "v000000085", "svc": "gateway", "phase": "start", "ts": 1093000, "status": 200}
{"id": "v000000085", "svc": "gateway", "phase": "end", "ts": 1093100, "status": 200}
{"id": "v000000086", "svc": "payment", "phase": "start", "ts": 1094000, "status": 200}
{"id": "v000000086", "svc": "payment", "phase": "end", "ts": 1094100, "status": 200}
{"id": "v000000087", "svc": "auth", "phase": "start", "ts": 1095000, "status": 200}
{"id": "v000000087", "svc": "auth", "phase": "end", "ts": 1095100, "status": 200}
{"id": "v000000088", "svc": "gateway", "phase": "start", "ts": 1096000, "status": 200}
{"id": "v000000088", "svc": "gateway", "phase": "end", "ts": 1096100, "status": 200}
{"id": "v000000089", "svc": "payment", "phase": "start", "ts": 1097000, "status": 200}
{"id": "v000000089", "svc": "payment", "phase": "end", "ts": 1097100, "status": 200}
{"id": "v000000090", "svc": "auth", "phase": "start", "ts": 1098000, "status": 200}
{"id": "v000000090", "svc": "auth", "phase": "end", "ts": 1098100, "status": 200}
{"id": "v000000091", "svc": "gateway", "phase": "start", "ts": 1099000, "status": 200}
{"id": "v000000091", "svc": "gateway", "phase": "end", "ts": 1099100, "status": 200}
{"id": "v000000092", "svc": "payment", "phase": "start", "ts": 1100000, "status": 200}
{"id": "v000000092", "svc": "payment", "phase": "end", "ts": 1100100, "status": 200}
{"id": "v000000093", "svc": "auth", "phase": "start", "ts": 1101000, "status": 200}
{"id": "v000000093", "svc": "auth", "phase": "end", "ts": 1101100, "status": 200}
{"id": "v000000094", "svc": "gateway", "phase": "start", "ts": 1102000, "status": 200}
{"id": "v000000094", "svc": "gateway", "phase": "end", "ts": 1102100, "status": 200}
{"id": "v000000095", "svc": "payment", "phase": "start", "ts": 1103000, "status": 200}
{"id": "v000000095", "svc": "payment", "phase": "end", "ts": 1103100, "status": 200}
{"id": "v000000096", "svc": "auth", "phase": "start", "ts": 1104000, "status": 200}
{"id": "v000000096", "svc": "auth", "phase": "end", "ts": 1104100, "status": 200}
   
{"id": "v000000097", "svc": "gateway", "phase": "start", "ts": 1105000, "status": 200}
{"id": "v000000097", "svc": "gateway", "phase": "end", "ts": 1105100, "status": 200}
{"id": "v000000098", "svc": "payment", "phase": "start", "ts": 1106000, "status": 200}
{"id": "v000000098", "svc": "payment", "phase": "end", "ts": 1106100, "status": 200}
{"id": "v000000099", "svc": "auth", "phase": "start", "ts": 1107000, "status": 200}
{"id": "v000000099", "svc": "auth", "phase": "end", "ts": 1107100, "status": 200}
{"id": "v000000100", "svc": "gateway", "phase": "start", "ts": 1108000, "status": 200}
{"id": "v000000100", "svc": "gateway", "phase": "end", "ts": 1108100, "status": 200}
{"id": "m", "svc": "auth", "phase": "start", "ts": 1109000}
{"id": "v000000101", "svc": "payment", "phase": "start", "ts": 1110000, "status": 200}
{"id": "v000000101", "svc": "payment", "phase": "end", "ts": 1110100, "status": 200}
{"id": "v000000102", "svc": "auth", "phase": "start", "ts": 1111000, "status": 200}
{"id": "v000000102", "svc": "auth", "phase": "end", "ts": 1111100, "status": 200}
{"id": "v000000103", "svc": "gateway", "phase": "start", "ts": 1112000, "status": 200}
{"id": "v000000103", "svc": "gateway", "phase": "end", "ts": 1112100, "status": 200}
{"id": "v000000104", "svc": "payment", "phase": "start", "ts": 1113000, "status": 200}
{"id": "v000000104", "svc": "payment", "phase": "end", "ts": 1113100, "status": 200}
{"id": "v000000105", "svc": "auth", "phase": "start", "ts": 1114000, "status": 200}
{"id": "v000000105", "svc": "auth", "phase": "end", "ts": 1114100, "status": 200}
{"id": "v000000106", "svc": "gateway", "phase": "start", "ts": 1115000, "status": 200}
{"id": "v000000106", "svc": "gateway", "phase": "end", "ts": 1115100, "status": 200}
{"id": "v000000107", "svc": "payment", "phase": "start", "ts": 1116000, "status": 200}
{"id": "v000000107", "svc": "payment", "phase": "end", "ts": 1116100, "status": 200}
{"id": "v000000108", "svc": "auth", "phase": "start", "ts": 1117000, "status": 200}
{"id": "v000000108", "svc": "auth", "phase": "end", "ts": 1117100, "status": 200}
   
{"id": "v000000109", "svc": "gateway", "phase": "start", "ts": 1118000, "status": 200}
{"id": "v000000109", "svc": "gateway", "phase": "end", "ts": 1118100, "status": 200}
{"id": "v000000110", "svc": "payment", "phase": "start", "ts": 1119000, "status": 200}
{"id": "v000000110", "svc": "payment", "phase": "end", "ts": 1119100, "status": 200}
{"id": "v000000111", "svc": "auth", "phase": "start", "ts": 1120000, "status": 200}
{"id": "v000000111", "svc": "auth", "phase": "end", "ts": 1120100, "status": 200}
{"id": "v000000112", "svc": "gateway", "phase": "start", "ts": 1121000, "status": 200}
{"id": "v000000112", "svc": "gateway", "phase": "end", "ts": 1121100, "status": 200}
{"id": "v000000113", "svc": "payment", "phase": "start", "ts": 1122000, "status": 200}
{"id": "v000000113", "svc": "payment", "phase": "end", "ts": 1122100, "status": 200}
{"id": "v000000114", "svc": "auth", "phase": "start", "ts": 1123000, "status": 200}
{"id": "v000000114", "svc": "auth", "phase": "end", "ts": 1123100, "status": 200}
{"id": "v000000115", "svc": "gateway", "phase": "start", "ts": 1124000, "status": 200}
{"id": "v000000115", "svc": "gateway", "phase": "end", "ts": 1124100, "status": 200}
{"id": "v000000116", "svc": "payment", "phase": "start", "ts": 1125000, "status": 200}
{"id": "v000000116", "svc": "payment", "phase": "end", "ts": 1125100, "status": 200}
{"id": "v000000117", "svc": "auth", "phase": "start", "ts": 1126000, "status": 200}
{"id": "v000000117", "svc": "auth", "phase": "end", "ts": 1126100, "status": 200}
{"id": "v000000118", "svc": "gateway", "phase": "start", "ts": 1127000, "status": 200}
{"id": "v000000118", "svc": "gateway", "phase": "end", "ts": 1127100, "status": 200}
{"id": "v000000119", "svc": "payment", "phase": "start", "ts": 1128000, "status": 200}
{"id": "v000000119", "svc": "payment", "phase": "end", "ts": 1128100, "status": 200}
{"id": "v000000120", "svc": "auth", "phase": "start", "ts": 1129000, "status": 200}
{"id": "v000000120", "svc": "auth", "phase": "end", "ts": 1129100, "status": 200}
   
{"id": "m", "svc": "gateway", "phase": "end", "ts": 1130000, "status": 200.0}
{"id": "v000000121", "svc": "gateway", "phase": "start", "ts": 1131000, "status": 200}
{"id": "v000000121", "svc": "gateway", "phase": "end", "ts": 1131100, "status": 200}
{"id": "v000000122", "svc": "payment", "phase": "start", "ts": 1132000, "status": 200}
{"id": "v000000122", "svc": "payment", "phase": "end", "ts": 1132100, "status": 200}
{"id": "v000000123", "svc": "auth", "phase": "start", "ts": 1133000, "status": 200}
{"id": "v000000123", "svc": "auth", "phase": "end", "ts": 1133100, "status": 200}
{"id": "v000000124", "svc": "gateway", "phase": "start", "ts": 1134000, "status": 200}
{"id": "v000000124", "svc": "gateway", "phase": "end", "ts": 1134100, "status": 200}
{"id": "v000000125", "svc": "payment", "phase": "start", "ts": 1135000, "status": 200}
{"id": "v000000125", "svc": "payment", "phase": "end", "ts": 1135100, "status": 200}
{"id": "v000000126", "svc": "auth", "phase": "start", "ts": 1136000, "status": 200}
{"id": "v000000126", "svc": "auth", "phase": "end", "ts": 1136100, "status": 200}
{"id": "v000000127", "svc": "gateway", "phase": "start", "ts": 1137000, "status": 200}
{"id": "v000000127", "svc": "gateway", "phase": "end", "ts": 1137100, "status": 200}
{"id": "v000000128", "svc": "payment", "phase": "start", "ts": 1138000, "status": 200}
{"id": "v000000128", "svc": "payment", "phase": "end", "ts": 1138100, "status": 200}
{"id": "v000000129", "svc": "auth", "phase": "start", "ts": 1139000, "status": 200}
{"id": "v000000129", "svc": "auth", "phase": "end", "ts": 1139100, "status": 200}
{"id": "v000000130", "svc": "gateway", "phase": "start", "ts": 1140000, "status": 200}
{"id": "v000000130", "svc": "gateway", "phase": "end", "ts": 1140100, "status": 200}
{"id": "v000000131", "svc": "payment", "phase": "start", "ts": 1141000, "status": 200}
{"id": "v000000131", "svc": "payment", "phase": "end", "ts": 1141100, "status": 200}
{"id": "v000000132", "svc": "auth", "phase": "start", "ts": 1142000, "status": 200}
{"id": "v000000132", "svc": "auth", "phase": "end", "ts": 1142100, "status": 200}
   
{"id": "v000000133", "svc": "gateway", "phase": "start", "ts": 1143000, "status": 200}
{"id": "v000000133", "svc": "gateway", "phase": "end", "ts": 1143100, "status": 200}
{"id": "v000000134", "svc": "payment", "phase": "start", "ts": 1144000, "status": 200}
{"id": "v000000134", "svc": "payment", "phase": "end", "ts": 1144100, "status": 200}
{"id": "v000000135", "svc": "auth", "phase": "start", "ts": 1145000, "status": 200}
{"id": "v000000135", "svc": "auth", "phase": "end", "ts": 1145100, "status": 200}
{"id": "v000000136", "svc": "gateway", "phase": "start", "ts": 1146000, "status": 200}
{"id": "v000000136", "svc": "gateway", "phase": "end", "ts": 1146100, "status": 200}
{"id": "v000000137", "svc": "payment", "phase": "start", "ts": 1147000, "status": 200}
{"id": "v000000137", "svc": "payment", "phase": "end", "ts": 1147100, "status": 200}
{"id": "v000000138", "svc": "auth", "phase": "start", "ts": 1148000, "status": 200}
{"id": "v000000138", "svc": "auth", "phase": "end", "ts": 1148100, "status": 200}
{"id": "v000000139", "svc": "gateway", "phase": "start", "ts": 1149000, "status": 200}
{"id": "v000000139", "svc": "gateway", "phase": "end", "ts": 1149100, "status": 200}
{"id": "v000000140", "svc": "payment", "phase": "start", "ts": 1150000, "status": 200}
{"id": "v000000140", "svc": "payment", "phase": "end", "ts": 1150100, "status": 200}
{"id": "m", "svc": "auth", "phase": "end", "ts": 1151000, "status": 99}
{"id": "v000000141", "svc": "auth", "phase": "start", "ts": 1152000, "status": 200}
{"id": "v000000141", "svc": "auth", "phase": "end", "ts": 1152100, "status": 200}
{"id": "v000000142", "svc": "gateway", "phase": "start", "ts": 1153000, "status": 200}
{"id": "v000000142", "svc": "gateway", "phase": "end", "ts": 1153100, "status": 200}
{"id": "v000000143", "svc": "payment", "phase": "start", "ts": 1154000, "status": 200}
{"id": "v000000143", "svc": "payment", "phase": "end", "ts": 1154100, "status": 200}
{"id": "v000000144", "svc": "auth", "phase": "start", "ts": 1155000, "status": 200}
{"id": "v000000144", "svc": "auth", "phase": "end", "ts": 1155100, "status": 200}
   
{"id": "v000000145", "svc": "gateway", "phase": "start", "ts": 1156000, "status": 200}
{"id": "v000000145", "svc": "gateway", "phase": "end", "ts": 1156100, "status": 200}
{"id": "v000000146", "svc": "payment", "phase": "start", "ts": 1157000, "status": 200}
{"id": "v000000146", "svc": "payment", "phase": "end", "ts": 1157100, "status": 200}
{"id": "v000000147", "svc": "auth", "phase": "start", "ts": 1158000, "status": 200}
{"id": "v000000147", "svc": "auth", "phase": "end", "ts": 1158100, "status": 200}
{"id": "v000000148", "svc": "gateway", "phase": "start", "ts": 1159000, "status": 200}
{"id": "v000000148", "svc": "gateway", "phase": "end", "ts": 1159100, "status": 200}
{"id": "v000000149", "svc": "payment", "phase": "start", "ts": 1160000, "status": 200}
{"id": "v000000149", "svc": "payment", "phase": "end", "ts": 1160100, "status": 200}
{"id": "v000000150", "svc": "auth", "phase": "start", "ts": 1161000, "status": 200}
{"id": "v000000150", "svc": "auth", "phase": "end", "ts": 1161100, "status": 200}
{"id": "v000000151", "svc": "gateway", "phase": "start", "ts": 1162000, "status": 200}
{"id": "v000000151", "svc": "gateway", "phase": "end", "ts": 1162100, "status": 200}
{"id": "v000000152", "svc": "payment", "phase": "start", "ts": 1163000, "status": 200}
{"id": "v000000152", "svc": "payment", "phase": "end", "ts": 1163100, "status": 200}
{"id": "v000000153", "svc": "auth", "phase": "start", "ts": 1164000, "status": 200}
{"id": "v000000153", "svc": "auth", "phase": "end", "ts": 1164100, "status": 200}
{"id": "v000000154", "svc": "gateway", "phase": "start", "ts": 1165000, "status": 200}
{"id": "v000000154", "svc": "gateway", "phase": "end", "ts": 1165100, "status": 200}
{"id": "v000000155", "svc": "payment", "phase": "start", "ts": 1166000, "status": 200}
{"id": "v000000155", "svc": "payment", "phase": "end", "ts": 1166100, "status": 200}
{"id": "v000000156", "svc": "auth", "phase": "start", "ts": 1167000, "status": 200}
{"id": "v000000156", "svc": "auth", "phase": "end", "ts": 1167100, "status": 200}
   
{"id": "v000000157", "svc": "gateway", "phase": "start", "ts": 1168000, "status": 200}
{"id": "v000000157", "svc": "gateway", "phase": "end", "ts": 1168100, "status": 200}
{"id": "v000000158", "svc": "payment", "phase": "start", "ts": 1169000, "status": 200}
{"id": "v000000158", "svc": "payment", "phase": "end", "ts": 1169100, "status": 200}
{"id": "v000000159", "svc": "auth", "phase": "start", "ts": 1170000, "status": 200}
{"id": "v000000159", "svc": "auth", "phase": "end", "ts": 1170100, "status": 200}
{"id": "v000000160", "svc": "gateway", "phase": "start", "ts": 1171000, "status": 200}
{"id": "v000000160", "svc": "gateway", "phase": "end", "ts": 1171100, "status": 200}
{"id": "m", "svc": "gateway", "phase": "tick", "ts": 1172000, "status": 200}
{"id": "v000000161", "svc": "payment", "phase": "start", "ts": 1173000, "status": 200}
{"id": "v000000161", "svc": "payment", "phase": "end", "ts": 1173100, "status": 200}
{"id": "v000000162", "svc": "auth", "phase": "start", "ts": 1174000, "status": 200}
{"id": "v000000162", "svc": "auth", "phase": "end", "ts": 1174100, "status": 200}
{"id": "v000000163", "svc": "gateway", "phase": "start", "ts": 1175000, "status": 200}
{"id": "v000000163", "svc": "gateway", "phase": "end", "ts": 1175100, "status": 200}
{"id": "v000000164", "svc": "payment", "phase": "start", "ts": 1176000, "status": 200}
{"id": "v000000164", "svc": "payment", "phase": "end", "ts": 1176100, "status": 200}
{"id": "v000000165", "svc": "auth", "phase": "start", "ts": 1177000, "status": 200}
{"id": "v000000165", "svc": "auth", "phase": "end", "ts": 1177100, "status": 200}
{"id": "v000000166", "svc": "gateway", "phase": "start", "ts": 1178000, "status": 200}
{"id": "v000000166", "svc": "gateway", "phase": "end", "ts": 1178100, "status": 200}
{"id": "v000000167", "svc": "payment", "phase": "start", "ts": 1179000, "status": 200}
{"id": "v000000167", "svc": "payment", "phase": "end", "ts": 1179100, "status": 200}
{"id": "v000000168", "svc": "auth", "phase": "start", "ts": 1180000, "status": 200}
{"id": "v000000168", "svc": "auth", "phase": "end", "ts": 1180100, "status": 200}
   
{"id": "v000000169", "svc": "gateway", "phase": "start", "ts": 1181000, "status": 200}
{"id": "v000000169", "svc": "gateway", "phase": "end", "ts": 1181100, "status": 200}
{"id": "v000000170", "svc": "payment", "phase": "start", "ts": 1182000, "status": 200}
{"id": "v000000170", "svc": "payment", "phase": "end", "ts": 1182100, "status": 200}
{"id": "v000000171", "svc": "auth", "phase": "start", "ts": 1183000, "status": 200}
{"id": "v000000171", "svc": "auth", "phase": "end", "ts": 1183100, "status": 200}
{"id": "v000000172", "svc": "gateway", "phase": "start", "ts": 1184000, "status": 200}
{"id": "v000000172", "svc": "gateway", "phase": "end", "ts": 1184100, "status": 200}
{"id": "v000000173", "svc": "payment", "phase": "start", "ts": 1185000, "status": 200}
{"id": "v000000173", "svc": "payment", "phase": "end", "ts": 1185100, "status": 200}
{"id": "v000000174", "svc": "auth", "phase": "start", "ts": 1186000, "status": 200}
{"id": "v000000174", "svc": "auth", "phase": "end", "ts": 1186100, "status": 200}
{"id": "v000000175", "svc": "gateway", "phase": "start", "ts": 1187000, "status": 200}
{"id": "v000000175", "svc": "gateway", "phase": "end", "ts": 1187100, "status": 200}
{"id": "v000000176", "svc": "payment", "phase": "start", "ts": 1188000, "status": 200}
{"id": "v000000176", "svc": "payment", "phase": "end", "ts": 1188100, "status": 200}
{"id": "v000000177", "svc": "auth", "phase": "start", "ts": 1189000, "status": 200}
{"id": "v000000177", "svc": "auth", "phase": "end", "ts": 1189100, "status": 200}
{"id": "v000000178", "svc": "gateway", "phase": "start", "ts": 1190000, "status": 200}
{"id": "v000000178", "svc": "gateway", "phase": "end", "ts": 1190100, "status": 200}
{"id": "v000000179", "svc": "payment", "phase": "start", "ts": 1191000, "status": 200}
{"id": "v000000179", "svc": "payment", "phase": "end", "ts": 1191100, "status": 200}
{"id": "v000000180", "svc": "auth", "phase": "start", "ts": 1192000, "status": 200}
{"id": "v000000180", "svc": "auth", "phase": "end", "ts": 1192100, "status": 200}
   
this is not json at all }{
{"id": "v000000181", "svc": "gateway", "phase": "start", "ts": 1194000, "status": 200}
{"id": "v000000181", "svc": "gateway", "phase": "end", "ts": 1194100, "status": 200}
{"id": "v000000182", "svc": "payment", "phase": "start", "ts": 1195000, "status": 200}
{"id": "v000000182", "svc": "payment", "phase": "end", "ts": 1195100, "status": 200}
{"id": "v000000183", "svc": "auth", "phase": "start", "ts": 1196000, "status": 200}
{"id": "v000000183", "svc": "auth", "phase": "end", "ts": 1196100, "status": 200}
{"id": "v000000184", "svc": "gateway", "phase": "start", "ts": 1197000, "status": 200}
{"id": "v000000184", "svc": "gateway", "phase": "end", "ts": 1197100, "status": 200}
{"id": "v000000185", "svc": "payment", "phase": "start", "ts": 1198000, "status": 200}
{"id": "v000000185", "svc": "payment", "phase": "end", "ts": 1198100, "status": 200}
{"id": "v000000186", "svc": "auth", "phase": "start", "ts": 1199000, "status": 200}
{"id": "v000000186", "svc": "auth", "phase": "end", "ts": 1199100, "status": 200}
{"id": "v000000187", "svc": "gateway", "phase": "start", "ts": 1200000, "status": 200}
{"id": "v000000187", "svc": "gateway", "phase": "end", "ts": 1200100, "status": 200}
{"id": "v000000188", "svc": "payment", "phase": "start", "ts": 1201000, "status": 200}
{"id": "v000000188", "svc": "payment", "phase": "end", "ts": 1201100, "status": 200}
{"id": "v000000189", "svc": "auth", "phase": "start", "ts": 1202000, "status": 200}
{"id": "v000000189", "svc": "auth", "phase": "end", "ts": 1202100, "status": 200}
{"id": "v000000190", "svc": "gateway", "phase": "start", "ts": 1203000, "status": 200}
{"id": "v000000190", "svc": "gateway", "phase": "end", "ts": 1203100, "status": 200}
{"id": "v000000191", "svc": "payment", "phase": "start", "ts": 1204000, "status": 200}
{"id": "v000000191", "svc": "payment", "phase": "end", "ts": 1204100, "status": 200}
{"id": "v000000192", "svc": "auth", "phase": "start", "ts": 1205000, "status": 200}
{"id": "v000000192", "svc": "auth", "phase": "end", "ts": 1205100, "status": 200}
   
{"id": "v000000193", "svc": "gateway", "phase": "start", "ts": 1206000, "status": 200}
{"id": "v000000193", "svc": "gateway", "phase": "end", "ts": 1206100, "status": 200}
{"id": "v000000194", "svc": "payment", "phase": "start", "ts": 1207000, "status": 200}
{"id": "v000000194", "svc": "payment", "phase": "end", "ts": 1207100, "status": 200}
{"id": "v000000195", "svc": "auth", "phase": "start", "ts": 1208000, "status": 200}
{"id": "v000000195", "svc": "auth", "phase": "end", "ts": 1208100, "status": 200}
{"id": "v000000196", "svc": "gateway", "phase": "start", "ts": 1209000, "status": 200}
{"id": "v000000196", "svc": "gateway", "phase": "end", "ts": 1209100, "status": 200}
{"id": "v000000197", "svc": "payment", "phase": "start", "ts": 1210000, "status": 200}
{"id": "v000000197", "svc": "payment", "phase": "end", "ts": 1210100, "status": 200}
{"id": "v000000198", "svc": "auth", "phase": "start", "ts": 1211000, "status": 200}
{"id": "v000000198", "svc": "auth", "phase": "end", "ts": 1211100, "status": 200}
{"id": "v000000199", "svc": "gateway", "phase": "start", "ts": 1212000, "status": 200}
{"id": "v000000199", "svc": "gateway", "phase": "end", "ts": 1212100, "status": 200}
{"id": "v000000200", "svc": "payment", "phase": "start", "ts": 1213000, "status": 200}
{"id": "v000000200", "svc": "payment", "phase": "end", "ts": 1213100, "status": 200}
{"id": "m", "svc": "auth", "phase": "start", "ts": 1214000, "status": 200, "trace": "x"}
{"id": "v000000201", "svc": "auth", "phase": "start", "ts": 1215000, "status": 200}
{"id": "v000000201", "svc": "auth", "phase": "end", "ts": 1215100, "status": 200}
{"id": "v000000202", "svc": "gateway", "phase": "start", "ts": 1216000, "status": 200}
{"id": "v000000202", "svc": "gateway", "phase": "end", "ts": 1216100, "status": 200}
{"id": "v000000203", "svc": "payment", "phase": "start", "ts": 1217000, "status": 200}
{"id": "v000000203", "svc": "payment", "phase": "end", "ts": 1217100, "status": 200}
{"id": "v000000204", "svc": "auth", "phase": "start", "ts": 1218000, "status": 200}
{"id": "v000000204", "svc": "auth", "phase": "end", "ts": 1218100, "status": 200}
   
{"id": "v000000205", "svc": "gateway", "phase": "start", "ts": 1219000, "status": 200}
{"id": "v000000205", "svc": "gateway", "phase": "end", "ts": 1219100, "status": 200}
{"id": "v000000206", "svc": "payment", "phase": "start", "ts": 1220000, "status": 200}
{"id": "v000000206", "svc": "payment", "phase": "end", "ts": 1220100, "status": 200}
{"id": "v000000207", "svc": "auth", "phase": "start", "ts": 1221000, "status": 200}
{"id": "v000000207", "svc": "auth", "phase": "end", "ts": 1221100, "status": 200}
{"id": "v000000208", "svc": "gateway", "phase": "start", "ts": 1222000, "status": 200}
{"id": "v000000208", "svc": "gateway", "phase": "end", "ts": 1222100, "status": 200}
{"id": "v000000209", "svc": "payment", "phase": "start", "ts": 1223000, "status": 200}
{"id": "v000000209", "svc": "payment", "phase": "end", "ts": 1223100, "status": 200}
{"id": "v000000210", "svc": "auth", "phase": "start", "ts": 1224000, "status": 200}
{"id": "v000000210", "svc": "auth", "phase": "end", "ts": 1224100, "status": 200}
{"id": "v000000211", "svc": "gateway", "phase": "start", "ts": 1225000, "status": 200}
{"id": "v000000211", "svc": "gateway", "phase": "end", "ts": 1225100, "status": 200}
{"id": "v000000212", "svc": "payment", "phase": "start", "ts": 1226000, "status": 200}
{"id": "v000000212", "svc": "payment", "phase": "end", "ts": 1226100, "status": 200}
{"id": "v000000213", "svc": "auth", "phase": "start", "ts": 1227000, "status": 200}
{"id": "v000000213", "svc": "auth", "phase": "end", "ts": 1227100, "status": 200}
{"id": "v000000214", "svc": "gateway", "phase": "start", "ts": 1228000, "status": 200}
{"id": "v000000214", "svc": "gateway", "phase": "end", "ts": 1228100, "status": 200}
{"id": "v000000215", "svc": "payment", "phase": "start", "ts": 1229000, "status": 200}
{"id": "v000000215", "svc": "payment", "phase": "end", "ts": 1229100, "status": 200}
{"id": "v000000216", "svc": "auth", "phase": "start", "ts": 1230000, "status": 200}
{"id": "v000000216", "svc": "auth", "phase": "end", "ts": 1230100, "status": 200}
   
{"id": "v000000217", "svc": "gateway", "phase": "start", "ts": 1231000, "status": 200}
{"id": "v000000217", "svc": "gateway", "phase": "end", "ts": 1231100, "status": 200}
{"id": "v000000218", "svc": "payment", "phase": "start", "ts": 1232000, "status": 200}
{"id": "v000000218", "svc": "payment", "phase": "end", "ts": 1232100, "status": 200}
{"id": "v000000219", "svc": "auth", "phase": "start", "ts": 1233000, "status": 200}
{"id": "v000000219", "svc": "auth", "phase": "end", "ts": 1233100, "status": 200}
{"id": "v000000220", "svc": "gateway", "phase": "start", "ts": 1234000, "status": 200}
{"id": "v000000220", "svc": "gateway", "phase": "end", "ts": 1234100, "status": 200}
{"id": "m", "svc": "payment", "phase": "start", "ts": true, "status": 200}
{"id": "v000000221", "svc": "payment", "phase": "start", "ts": 1236000, "status": 200}
{"id": "v000000221", "svc": "payment", "phase": "end", "ts": 1236100, "status": 200}
{"id": "v000000222", "svc": "auth", "phase": "start", "ts": 1237000, "status": 200}
{"id": "v000000222", "svc": "auth", "phase": "end", "ts": 1237100, "status": 200}
{"id": "v000000223", "svc": "gateway", "phase": "start", "ts": 1238000, "status": 200}
{"id": "v000000223", "svc": "gateway", "phase": "end", "ts": 1238100, "status": 200}
{"id": "v000000224", "svc": "payment", "phase": "start", "ts": 1239000, "status": 200}
{"id": "v000000224", "svc": "payment", "phase": "end", "ts": 1239100, "status": 200}
{"id": "v000000225", "svc": "auth", "phase": "start", "ts": 1240000, "status": 200}
{"id": "v000000225", "svc": "auth", "phase": "end", "ts": 1240100, "status": 200}
{"id": "v000000226", "svc": "gateway", "phase": "start", "ts": 1241000, "status": 200}
{"id": "v000000226", "svc": "gateway", "phase": "end", "ts": 1241100, "status": 200}
{"id": "v000000227", "svc": "payment", "phase": "start", "ts": 1242000, "status": 200}
{"id": "v000000227", "svc": "payment", "phase": "end", "ts": 1242100, "status": 200}
{"id": "v000000228", "svc": "auth", "phase": "start", "ts": 1243000, "status": 200}
{"id": "v000000228", "svc": "auth", "phase": "end", "ts": 1243100, "status": 200}
   
{"id": "v000000229", "svc": "gateway", "phase": "start", "ts": 1244000, "status": 200}
{"id": "v000000229", "svc": "gateway", "phase": "end", "ts": 1244100, "status": 200}
{"id": "v000000230", "svc": "payment", "phase": "start", "ts": 1245000, "status": 200}
{"id": "v000000230", "svc": "payment", "phase": "end", "ts": 1245100, "status": 200}
{"id": "v000000231", "svc": "auth", "phase": "start", "ts": 1246000, "status": 200}
{"id": "v000000231", "svc": "auth", "phase": "end", "ts": 1246100, "status": 200}
{"id": "v000000232", "svc": "gateway", "phase": "start", "ts": 1247000, "status": 200}
{"id": "v000000232", "svc": "gateway", "phase": "end", "ts": 1247100, "status": 200}
{"id": "v000000233", "svc": "payment", "phase": "start", "ts": 1248000, "status": 200}
{"id": "v000000233", "svc": "payment", "phase": "end", "ts": 1248100, "status": 200}
{"id": "v000000234", "svc": "auth", "phase": "start", "ts": 1249000, "status": 200}
{"id": "v000000234", "svc": "auth", "phase": "end", "ts": 1249100, "status": 200}
{"id": "v000000235", "svc": "gateway", "phase": "start", "ts": 1250000, "status": 200}
{"id": "v000000235", "svc": "gateway", "phase": "end", "ts": 1250100, "status": 200}
{"id": "v000000236", "svc": "payment", "phase": "start", "ts": 1251000, "status": 200}
{"id": "v000000236", "svc": "payment", "phase": "end", "ts": 1251100, "status": 200}
{"id": "v000000237", "svc": "auth", "phase": "start", "ts": 1252000, "status": 200}
{"id": "v000000237", "svc": "auth", "phase": "end", "ts": 1252100, "status": 200}
{"id": "v000000238", "svc": "gateway", "phase": "start", "ts": 1253000, "status": 200}
{"id": "v000000238", "svc": "gateway", "phase": "end", "ts": 1253100, "status": 200}
{"id": "v000000239", "svc": "payment", "phase": "start", "ts": 1254000, "status": 200}
{"id": "v000000239", "svc": "payment", "phase": "end", "ts": 1254100, "status": 200}
{"id": "v000000240", "svc": "auth", "phase": "start", "ts": 1255000, "status": 200}
{"id": "v000000240", "svc": "auth", "phase": "end", "ts": 1255100, "status": 200}
   
{"id": "m", "svc": "billing", "phase": "start", "ts": 1256000, "status": 200}
{"id": "v000000241", "svc": "gateway", "phase": "start", "ts": 1257000, "status": 200}
{"id": "v000000241", "svc": "gateway", "phase": "end", "ts": 1257100, "status": 200}
{"id": "v000000242", "svc": "payment", "phase": "start", "ts": 1258000, "status": 200}
{"id": "v000000242", "svc": "payment", "phase": "end", "ts": 1258100, "status": 200}
{"id": "v000000243", "svc": "auth", "phase": "start", "ts": 1259000, "status": 200}
{"id": "v000000243", "svc": "auth", "phase": "end", "ts": 1259100, "status": 200}
{"id": "v000000244", "svc": "gateway", "phase": "start", "ts": 1260000, "status": 200}
{"id": "v000000244", "svc": "gateway", "phase": "end", "ts": 1260100, "status": 200}
{"id": "v000000245", "svc": "payment", "phase": "start", "ts": 1261000, "status": 200}
{"id": "v000000245", "svc": "payment", "phase": "end", "ts": 1261100, "status": 200}
{"id": "v000000246", "svc": "auth", "phase": "start", "ts": 1262000, "status": 200}
{"id": "v000000246", "svc": "auth", "phase": "end", "ts": 1262100, "status": 200}
{"id": "v000000247", "svc": "gateway", "phase": "start", "ts": 1263000, "status": 200}
{"id": "v000000247", "svc": "gateway", "phase": "end", "ts": 1263100, "status": 200}
{"id": "v000000248", "svc": "payment", "phase": "start", "ts": 1264000, "status": 200}
{"id": "v000000248", "svc": "payment", "phase": "end", "ts": 1264100, "status": 200}
{"id": "v000000249", "svc": "auth", "phase": "start", "ts": 1265000, "status": 200}
{"id": "v000000249", "svc": "auth", "phase": "end", "ts": 1265100, "status": 200}
{"id": "v000000250", "svc": "gateway", "phase": "start", "ts": 1266000, "status": 200}
{"id": "v000000250", "svc": "gateway", "phase": "end", "ts": 1266100, "status": 200}
{"id": "v000000251", "svc": "payment", "phase": "start", "ts": 1267000, "status": 200}
{"id": "v000000251", "svc": "payment", "phase": "end", "ts": 1267100, "status": 200}
{"id": "v000000252", "svc": "auth", "phase": "start", "ts": 1268000, "status": 200}
{"id": "v000000252", "svc": "auth", "phase": "end", "ts": 1268100, "status": 200}
   
{"id": "v000000253", "svc": "gateway", "phase": "start", "ts": 1269000, "status": 200}
{"id": "v000000253", "svc": "gateway", "phase": "end", "ts": 1269100, "status": 200}
{"id": "v000000254", "svc": "payment", "phase": "start", "ts": 1270000, "status": 200}
{"id": "v000000254", "svc": "payment", "phase": "end", "ts": 1270100, "status": 200}
{"id": "v000000255", "svc": "auth", "phase": "start", "ts": 1271000, "status": 200}
{"id": "v000000255", "svc": "auth", "phase": "end", "ts": 1271100, "status": 200}
{"id": "v000000256", "svc": "gateway", "phase": "start", "ts": 1272000, "status": 200}
{"id": "v000000256", "svc": "gateway", "phase": "end", "ts": 1272100, "status": 200}
{"id": "v000000257", "svc": "payment", "phase": "start", "ts": 1273000, "status": 200}
{"id": "v000000257", "svc": "payment", "phase": "end", "ts": 1273100, "status": 200}
{"id": "v000000258", "svc": "auth", "phase": "start", "ts": 1274000, "status": 200}
{"id": "v000000258", "svc": "auth", "phase": "end", "ts": 1274100, "status": 200}
{"id": "v000000259", "svc": "gateway", "phase": "start", "ts": 1275000, "status": 200}
{"id": "v000000259", "svc": "gateway", "phase": "end", "ts": 1275100, "status": 200}
{"id": "v000000260", "svc": "payment", "phase": "start", "ts": 1276000, "status": 200}
{"id": "v000000260", "svc": "payment", "phase": "end", "ts": 1276100, "status": 200}
{"id": "m", "svc": "payment", "phase": "end", "ts": 1277000, "status": true}
{"id": "v000000261", "svc": "auth", "phase": "start", "ts": 1278000, "status": 200}
{"id": "v000000261", "svc": "auth", "phase": "end", "ts": 1278100, "status": 200}
{"id": "v000000262", "svc": "gateway", "phase": "start", "ts": 1279000, "status": 200}
{"id": "v000000262", "svc": "gateway", "phase": "end", "ts": 1279100, "status": 200}
{"id": "v000000263", "svc": "payment", "phase": "start", "ts": 1280000, "status": 200}
{"id": "v000000263", "svc": "payment", "phase": "end", "ts": 1280100, "status": 200}
{"id": "v000000264", "svc": "auth", "phase": "start", "ts": 1281000, "status": 200}
{"id": "v000000264", "svc": "auth", "phase": "end", "ts": 1281100, "status": 200}
   
{"id": "v000000265", "svc": "gateway", "phase": "start", "ts": 1282000, "status": 200}
{"id": "v000000265", "svc": "gateway", "phase": "end", "ts": 1282100, "status": 200}
{"id": "v000000266", "svc": "payment", "phase": "start", "ts": 1283000, "status": 200}
{"id": "v000000266", "svc": "payment", "phase": "end", "ts": 1283100, "status": 200}
{"id": "v000000267", "svc": "auth", "phase": "start", "ts": 1284000, "status": 200}
{"id": "v000000267", "svc": "auth", "phase": "end", "ts": 1284100, "status": 200}
{"id": "v000000268", "svc": "gateway", "phase": "start", "ts": 1285000, "status": 200}
{"id": "v000000268", "svc": "gateway", "phase": "end", "ts": 1285100, "status": 200}
{"id": "v000000269", "svc": "payment", "phase": "start", "ts": 1286000, "status": 200}
{"id": "v000000269", "svc": "payment", "phase": "end", "ts": 1286100, "status": 200}
{"id": "v000000270", "svc": "auth", "phase": "start", "ts": 1287000, "status": 200}
{"id": "v000000270", "svc": "auth", "phase": "end", "ts": 1287100, "status": 200}
{"id": "v000000271", "svc": "gateway", "phase": "start", "ts": 1288000, "status": 200}
{"id": "v000000271", "svc": "gateway", "phase": "end", "ts": 1288100, "status": 200}
{"id": "v000000272", "svc": "payment", "phase": "start", "ts": 1289000, "status": 200}
{"id": "v000000272", "svc": "payment", "phase": "end", "ts": 1289100, "status": 200}
{"id": "v000000273", "svc": "auth", "phase": "start", "ts": 1290000, "status": 200}
{"id": "v000000273", "svc": "auth", "phase": "end", "ts": 1290100, "status": 200}
{"id": "v000000274", "svc": "gateway", "phase": "start", "ts": 1291000, "status": 200}
{"id": "v000000274", "svc": "gateway", "phase": "end", "ts": 1291100, "status": 200}
{"id": "v000000275", "svc": "payment", "phase": "start", "ts": 1292000, "status": 200}
{"id": "v000000275", "svc": "payment", "phase": "end", "ts": 1292100, "status": 200}
{"id": "v000000276", "svc": "auth", "phase": "start", "ts": 1293000, "status": 200}
{"id": "v000000276", "svc": "auth", "phase": "end", "ts": 1293100, "status": 200}
   
{"id": "v000000277", "svc": "gateway", "phase": "start", "ts": 1294000, "status": 200}
{"id": "v000000277", "svc": "gateway", "phase": "end", "ts": 1294100, "status": 200}
{"id": "v000000278", "svc": "payment", "phase": "start", "ts": 1295000, "status": 200}
{"id": "v000000278", "svc": "payment", "phase": "end", "ts": 1295100, "status": 200}
{"id": "v000000279", "svc": "auth", "phase": "start", "ts": 1296000, "status": 200}
{"id": "v000000279", "svc": "auth", "phase": "end", "ts": 1296100, "status": 200}
{"id": "v000000280", "svc": "gateway", "phase": "start", "ts": 1297000, "status": 200}
{"id": "v000000280", "svc": "gateway", "phase": "end", "ts": 1297100, "status": 200}
{"id": "m", "svc": "auth", "phase": "start", "ts": 1298000}
{"id": "v000000281", "svc": "payment", "phase": "start", "ts": 1299000, "status": 200}
{"id": "v000000281", "svc": "payment", "phase": "end", "ts": 1299100, "status": 200}
{"id": "v000000282", "svc": "auth", "phase": "start", "ts": 1300000, "status": 200}
{"id": "v000000282", "svc": "auth", "phase": "end", "ts": 1300100, "status": 200}
{"id": "v000000283", "svc": "gateway", "phase": "start", "ts": 1301000, "status": 200}
{"id": "v000000283", "svc": "gateway", "phase": "end", "ts": 1301100, "status": 200}
{"id": "v000000284", "svc": "payment", "phase": "start", "ts": 1302000, "status": 200}
{"id": "v000000284", "svc": "payment", "phase": "end", "ts": 1302100, "status": 200}
{"id": "v000000285", "svc": "auth", "phase": "start", "ts": 1303000, "status": 200}
{"id": "v000000285", "svc": "auth", "phase": "end", "ts": 1303100, "status": 200}
{"id": "v000000286", "svc": "gateway", "phase": "start", "ts": 1304000, "status": 200}
{"id": "v000000286", "svc": "gateway", "phase": "end", "ts": 1304100, "status": 200}
{"id": "v000000287", "svc": "payment", "phase": "start", "ts": 1305000, "status": 200}
{"id": "v000000287", "svc": "payment", "phase": "end", "ts": 1305100, "status": 200}
{"id": "v000000288", "svc": "auth", "phase": "start", "ts": 1306000, "status": 200}
{"id": "v000000288", "svc": "auth", "phase": "end", "ts": 1306100, "status": 200}
   
{"id": "v000000289", "svc": "gateway", "phase": "start", "ts": 1307000, "status": 200}
{"id": "v000000289", "svc": "gateway", "phase": "end", "ts": 1307100, "status": 200}
{"id": "v000000290", "svc": "payment", "phase": "start", "ts": 1308000, "status": 200}
{"id": "v000000290", "svc": "payment", "phase": "end", "ts": 1308100, "status": 200}
{"id": "v000000291", "svc": "auth", "phase": "start", "ts": 1309000, "status": 200}
{"id": "v000000291", "svc": "auth", "phase": "end", "ts": 1309100, "status": 200}
{"id": "v000000292", "svc": "gateway", "phase": "start", "ts": 1310000, "status": 200}
{"id": "v000000292", "svc": "gateway", "phase": "end", "ts": 1310100, "status": 200}
{"id": "v000000293", "svc": "payment", "phase": "start", "ts": 1311000, "status": 200}
{"id": "v000000293", "svc": "payment", "phase": "end", "ts": 1311100, "status": 200}
{"id": "v000000294", "svc": "auth", "phase": "start", "ts": 1312000, "status": 200}
{"id": "v000000294", "svc": "auth", "phase": "end", "ts": 1312100, "status": 200}
{"id": "v000000295", "svc": "gateway", "phase": "start", "ts": 1313000, "status": 200}
{"id": "v000000295", "svc": "gateway", "phase": "end", "ts": 1313100, "status": 200}
{"id": "v000000296", "svc": "payment", "phase": "start", "ts": 1314000, "status": 200}
{"id": "v000000296", "svc": "payment", "phase": "end", "ts": 1314100, "status": 200}
{"id": "v000000297", "svc": "auth", "phase": "start", "ts": 1315000, "status": 200}
{"id": "v000000297", "svc": "auth", "phase": "end", "ts": 1315100, "status": 200}
{"id": "v000000298", "svc": "gateway", "phase": "start", "ts": 1316000, "status": 200}
{"id": "v000000298", "svc": "gateway", "phase": "end", "ts": 1316100, "status": 200}
{"id": "v000000299", "svc": "payment", "phase": "start", "ts": 1317000, "status": 200}
{"id": "v000000299", "svc": "payment", "phase": "end", "ts": 1317100, "status": 200}
{"id": "v000000300", "svc": "auth", "phase": "start", "ts": 1318000, "status": 200}
{"id": "v000000300", "svc": "auth", "phase": "end", "ts": 1318100, "status": 200}
   
{"id": "m", "svc": "gateway", "phase": "end", "ts": 1319000, "status": 200.0}
{"id": "v000000301", "svc": "gateway", "phase": "start", "ts": 1320000, "status": 200}
{"id": "v000000301", "svc": "gateway", "phase": "end", "ts": 1320100, "status": 200}
{"id": "v000000302", "svc": "payment", "phase": "start", "ts": 1321000, "status": 200}
{"id": "v000000302", "svc": "payment", "phase": "end", "ts": 1321100, "status": 200}
{"id": "v000000303", "svc": "auth", "phase": "start", "ts": 1322000, "status": 200}
{"id": "v000000303", "svc": "auth", "phase": "end", "ts": 1322100, "status": 200}
{"id": "v000000304", "svc": "gateway", "phase": "start", "ts": 1323000, "status": 200}
{"id": "v000000304", "svc": "gateway", "phase": "end", "ts": 1323100, "status": 200}
{"id": "v000000305", "svc": "payment", "phase": "start", "ts": 1324000, "status": 200}
{"id": "v000000305", "svc": "payment", "phase": "end", "ts": 1324100, "status": 200}
{"id": "v000000306", "svc": "auth", "phase": "start", "ts": 1325000, "status": 200}
{"id": "v000000306", "svc": "auth", "phase": "end", "ts": 1325100, "status": 200}
{"id": "v000000307", "svc": "gateway", "phase": "start", "ts": 1326000, "status": 200}
{"id": "v000000307", "svc": "gateway", "phase": "end", "ts": 1326100, "status": 200}
{"id": "v000000308", "svc": "payment", "phase": "start", "ts": 1327000, "status": 200}
{"id": "v000000308", "svc": "payment", "phase": "end", "ts": 1327100, "status": 200}
{"id": "v000000309", "svc": "auth", "phase": "start", "ts": 1328000, "status": 200}
{"id": "v000000309", "svc": "auth", "phase": "end", "ts": 1328100, "status": 200}
{"id": "v000000310", "svc": "gateway", "phase": "start", "ts": 1329000, "status": 200}
{"id": "v000000310", "svc": "gateway", "phase": "end", "ts": 1329100, "status": 200}
{"id": "v000000311", "svc": "payment", "phase": "start", "ts": 1330000, "status": 200}
{"id": "v000000311", "svc": "payment", "phase": "end", "ts": 1330100, "status": 200}
{"id": "v000000312", "svc": "auth", "phase": "start", "ts": 1331000, "status": 200}
{"id": "v000000312", "svc": "auth", "phase": "end", "ts": 1331100, "status": 200}
   
{"id": "v000000313", "svc": "gateway", "phase": "start", "ts": 1332000, "status": 200}
{"id": "v000000313", "svc": "gateway", "phase": "end", "ts": 1332100, "status": 200}
{"id": "v000000314", "svc": "payment", "phase": "start", "ts": 1333000, "status": 200}
{"id": "v000000314", "svc": "payment", "phase": "end", "ts": 1333100, "status": 200}
{"id": "v000000315", "svc": "auth", "phase": "start", "ts": 1334000, "status": 200}
{"id": "v000000315", "svc": "auth", "phase": "end", "ts": 1334100, "status": 200}
{"id": "v000000316", "svc": "gateway", "phase": "start", "ts": 1335000, "status": 200}
{"id": "v000000316", "svc": "gateway", "phase": "end", "ts": 1335100, "status": 200}
{"id": "v000000317", "svc": "payment", "phase": "start", "ts": 1336000, "status": 200}
{"id": "v000000317", "svc": "payment", "phase": "end", "ts": 1336100, "status": 200}
{"id": "v000000318", "svc": "auth", "phase": "start", "ts": 1337000, "status": 200}
{"id": "v000000318", "svc": "auth", "phase": "end", "ts": 1337100, "status": 200}
{"id": "v000000319", "svc": "gateway", "phase": "start", "ts": 1338000, "status": 200}
{"id": "v000000319", "svc": "gateway", "phase": "end", "ts": 1338100, "status": 200}
{"id": "v000000320", "svc": "payment", "phase": "start", "ts": 1339000, "status": 200}
{"id": "v000000320", "svc": "payment", "phase": "end", "ts": 1339100, "status": 200}
{"id": "m", "svc": "auth", "phase": "end", "ts": 1340000, "status": 99}
{"id": "v000000321", "svc": "auth", "phase": "start", "ts": 1341000, "status": 200}
{"id": "v000000321", "svc": "auth", "phase": "end", "ts": 1341100, "status": 200}
{"id": "v000000322", "svc": "gateway", "phase": "start", "ts": 1342000, "status": 200}
{"id": "v000000322", "svc": "gateway", "phase": "end", "ts": 1342100, "status": 200}
{"id": "v000000323", "svc": "payment", "phase": "start", "ts": 1343000, "status": 200}
{"id": "v000000323", "svc": "payment", "phase": "end", "ts": 1343100, "status": 200}
{"id": "v000000324", "svc": "auth", "phase": "start", "ts": 1344000, "status": 200}
{"id": "v000000324", "svc": "auth", "phase": "end", "ts": 1344100, "status": 200}
   
{"id": "v000000325", "svc": "gateway", "phase": "start", "ts": 1345000, "status": 200}
{"id": "v000000325", "svc": "gateway", "phase": "end", "ts": 1345100, "status": 200}
{"id": "v000000326", "svc": "payment", "phase": "start", "ts": 1346000, "status": 200}
{"id": "v000000326", "svc": "payment", "phase": "end", "ts": 1346100, "status": 200}
{"id": "v000000327", "svc": "auth", "phase": "start", "ts": 1347000, "status": 200}
{"id": "v000000327", "svc": "auth", "phase": "end", "ts": 1347100, "status": 200}
{"id": "v000000328", "svc": "gateway", "phase": "start", "ts": 1348000, "status": 200}
{"id": "v000000328", "svc": "gateway", "phase": "end", "ts": 1348100, "status": 200}
{"id": "v000000329", "svc": "payment", "phase": "start", "ts": 1349000, "status": 200}
{"id": "v000000329", "svc": "payment", "phase": "end", "ts": 1349100, "status": 200}
{"id": "v000000330", "svc": "auth", "phase": "start", "ts": 1350000, "status": 200}
{"id": "v000000330", "svc": "auth", "phase": "end", "ts": 1350100, "status": 200}
{"id": "v000000331", "svc": "gateway", "phase": "start", "ts": 1351000, "status": 200}
{"id": "v000000331", "svc": "gateway", "phase": "end", "ts": 1351100, "status": 200}
{"id": "v000000332", "svc": "payment", "phase": "start", "ts": 1352000, "status": 200}
{"id": "v000000332", "svc": "payment", "phase": "end", "ts": 1352100, "status": 200}
{"id": "v000000333", "svc": "auth", "phase": "start", "ts": 1353000, "status": 200}
{"id": "v000000333", "svc": "auth", "phase": "end", "ts": 1353100, "status": 200}
{"id": "v000000334", "svc": "gateway", "phase": "start", "ts": 1354000, "status": 200}
{"id": "v000000334", "svc": "gateway", "phase": "end", "ts": 1354100, "status": 200}
{"id": "v000000335", "svc": "payment", "phase": "start", "ts": 1355000, "status": 200}
{"id": "v000000335", "svc": "payment", "phase": "end", "ts": 1355100, "status": 200}
{"id": "v000000336", "svc": "auth", "phase": "start", "ts": 1356000, "status": 200}
{"id": "v000000336", "svc": "auth", "phase": "end", "ts": 1356100, "status": 200}
   
{"id": "v000000337", "svc": "gateway", "phase": "start", "ts": 1357000, "status": 200}
{"id": "v000000337", "svc": "gateway", "phase": "end", "ts": 1357100, "status": 200}
{"id": "v000000338", "svc": "payment", "phase": "start", "ts": 1358000, "status": 200}
{"id": "v000000338", "svc": "payment", "phase": "end", "ts": 1358100, "status": 200}
{"id": "v000000339", "svc": "auth", "phase": "start", "ts": 1359000, "status": 200}
{"id": "v000000339", "svc": "auth", "phase": "end", "ts": 1359100, "status": 200}
{"id": "v000000340", "svc": "gateway", "phase": "start", "ts": 1360000, "status": 200}
{"id": "v000000340", "svc": "gateway", "phase": "end", "ts": 1360100, "status": 200}
{"id": "m", "svc": "gateway", "phase": "tick", "ts": 1361000, "status": 200}
{"id": "v000000341", "svc": "payment", "phase": "start", "ts": 1362000, "status": 200}
{"id": "v000000341", "svc": "payment", "phase": "end", "ts": 1362100, "status": 200}
{"id": "v000000342", "svc": "auth", "phase": "start", "ts": 1363000, "status": 200}
{"id": "v000000342", "svc": "auth", "phase": "end", "ts": 1363100, "status": 200}
{"id": "v000000343", "svc": "gateway", "phase": "start", "ts": 1364000, "status": 200}
{"id": "v000000343", "svc": "gateway", "phase": "end", "ts": 1364100, "status": 200}
{"id": "v000000344", "svc": "payment", "phase": "start", "ts": 1365000, "status": 200}
{"id": "v000000344", "svc": "payment", "phase": "end", "ts": 1365100, "status": 200}
{"id": "v000000345", "svc": "auth", "phase": "start", "ts": 1366000, "status": 200}
{"id": "v000000345", "svc": "auth", "phase": "end", "ts": 1366100, "status": 200}
{"id": "v000000346", "svc": "gateway", "phase": "start", "ts": 1367000, "status": 200}
{"id": "v000000346", "svc": "gateway", "phase": "end", "ts": 1367100, "status": 200}
{"id": "v000000347", "svc": "payment", "phase": "start", "ts": 1368000, "status": 200}
{"id": "v000000347", "svc": "payment", "phase": "end", "ts": 1368100, "status": 200}
{"id": "v000000348", "svc": "auth", "phase": "start", "ts": 1369000, "status": 200}
{"id": "v000000348", "svc": "auth", "phase": "end", "ts": 1369100, "status": 200}
   
{"id": "v000000349", "svc": "gateway", "phase": "start", "ts": 1370000, "status": 200}
{"id": "v000000349", "svc": "gateway", "phase": "end", "ts": 1370100, "status": 200}
{"id": "v000000350", "svc": "payment", "phase": "start", "ts": 1371000, "status": 200}
{"id": "v000000350", "svc": "payment", "phase": "end", "ts": 1371100, "status": 200}
{"id": "v000000351", "svc": "auth", "phase": "start", "ts": 1372000, "status": 200}
{"id": "v000000351", "svc": "auth", "phase": "end", "ts": 1372100, "status": 200}
{"id": "v000000352", "svc": "gateway", "phase": "start", "ts": 1373000, "status": 200}
{"id": "v000000352", "svc": "gateway", "phase": "end", "ts": 1373100, "status": 200}
{"id": "v000000353", "svc": "payment", "phase": "start", "ts": 1374000, "status": 200}
{"id": "v000000353", "svc": "payment", "phase": "end", "ts": 1374100, "status": 200}
{"id": "v000000354", "svc": "auth", "phase": "start", "ts": 1375000, "status": 200}
{"id": "v000000354", "svc": "auth", "phase": "end", "ts": 1375100, "status": 200}
{"id": "v000000355", "svc": "gateway", "phase": "start", "ts": 1376000, "status": 200}
{"id": "v000000355", "svc": "gateway", "phase": "end", "ts": 1376100, "status": 200}
{"id": "v000000356", "svc": "payment", "phase": "start", "ts": 1377000, "status": 200}
{"id": "v000000356", "svc": "payment", "phase": "end", "ts": 1377100, "status": 200}
{"id": "v000000357", "svc": "auth", "phase": "start", "ts": 1378000, "status": 200}
{"id": "v000000357", "svc": "auth", "phase": "end", "ts": 1378100, "status": 200}
{"id": "v000000358", "svc": "gateway", "phase": "start", "ts": 1379000, "status": 200}
{"id": "v000000358", "svc": "gateway", "phase": "end", "ts": 1379100, "status": 200}
{"id": "v000000359", "svc": "payment", "phase": "start", "ts": 1380000, "status": 200}
{"id": "v000000359", "svc": "payment", "phase": "end", "ts": 1380100, "status": 200}
{"id": "v000000360", "svc": "auth", "phase": "start", "ts": 1381000, "status": 200}
{"id": "v000000360", "svc": "auth", "phase": "end", "ts": 1381100, "status": 200}
   
this is not json at all }{
{"id": "v000000361", "svc": "gateway", "phase": "start", "ts": 1383000, "status": 200}
{"id": "v000000361", "svc": "gateway", "phase": "end", "ts": 1383100, "status": 200}
{"id": "v000000362", "svc": "payment", "phase": "start", "ts": 1384000, "status": 200}
{"id": "v000000362", "svc": "payment", "phase": "end", "ts": 1384100, "status": 200}
{"id": "v000000363", "svc": "auth", "phase": "start", "ts": 1385000, "status": 200}
{"id": "v000000363", "svc": "auth", "phase": "end", "ts": 1385100, "status": 200}
{"id": "v000000364", "svc": "gateway", "phase": "start", "ts": 1386000, "status": 200}
{"id": "v000000364", "svc": "gateway", "phase": "end", "ts": 1386100, "status": 200}
{"id": "v000000365", "svc": "payment", "phase": "start", "ts": 1387000, "status": 200}
{"id": "v000000365", "svc": "payment", "phase": "end", "ts": 1387100, "status": 200}
{"id": "v000000366", "svc": "auth", "phase": "start", "ts": 1388000, "status": 200}
{"id": "v000000366", "svc": "auth", "phase": "end", "ts": 1388100, "status": 200}
{"id": "v000000367", "svc": "gateway", "phase": "start", "ts": 1389000, "status": 200}
{"id": "v000000367", "svc": "gateway", "phase": "end", "ts": 1389100, "status": 200}
{"id": "v000000368", "svc": "payment", "phase": "start", "ts": 1390000, "status": 200}
{"id": "v000000368", "svc": "payment", "phase": "end", "ts": 1390100, "status": 200}
{"id": "v000000369", "svc": "auth", "phase": "start", "ts": 1391000, "status": 200}
{"id": "v000000369", "svc": "auth", "phase": "end", "ts": 1391100, "status": 200}
{"id": "v000000370", "svc": "gateway", "phase": "start", "ts": 1392000, "status": 200}
{"id": "v000000370", "svc": "gateway", "phase": "end", "ts": 1392100, "status": 200}
{"id": "v000000371", "svc": "payment", "phase": "start", "ts": 1393000, "status": 200}
{"id": "v000000371", "svc": "payment", "phase": "end", "ts": 1393100, "status": 200}
{"id": "v000000372", "svc": "auth", "phase": "start", "ts": 1394000, "status": 200}
{"id": "v000000372", "svc": "auth", "phase": "end", "ts": 1394100, "status": 200}
   
{"id": "v000000373", "svc": "gateway", "phase": "start", "ts": 1395000, "status": 200}
{"id": "v000000373", "svc": "gateway", "phase": "end", "ts": 1395100, "status": 200}
{"id": "v000000374", "svc": "payment", "phase": "start", "ts": 1396000, "status": 200}
{"id": "v000000374", "svc": "payment", "phase": "end", "ts": 1396100, "status": 200}
{"id": "v000000375", "svc": "auth", "phase": "start", "ts": 1397000, "status": 200}
{"id": "v000000375", "svc": "auth", "phase": "end", "ts": 1397100, "status": 200}
{"id": "v000000376", "svc": "gateway", "phase": "start", "ts": 1398000, "status": 200}
{"id": "v000000376", "svc": "gateway", "phase": "end", "ts": 1398100, "status": 200}
{"id": "v000000377", "svc": "payment", "phase": "start", "ts": 1399000, "status": 200}
{"id": "v000000377", "svc": "payment", "phase": "end", "ts": 1399100, "status": 200}
{"id": "v000000378", "svc": "auth", "phase": "start", "ts": 1400000, "status": 200}
{"id": "v000000378", "svc": "auth", "phase": "end", "ts": 1400100, "status": 200}
{"id": "v000000379", "svc": "gateway", "phase": "start", "ts": 1401000, "status": 200}
{"id": "v000000379", "svc": "gateway", "phase": "end", "ts": 1401100, "status": 200}
{"id": "v000000380", "svc": "payment", "phase": "start", "ts": 1402000, "status": 200}
{"id": "v000000380", "svc": "payment", "phase": "end", "ts": 1402100, "status": 200}
{"id": "m", "svc": "auth", "phase": "start", "ts": 1403000, "status": 200, "trace": "x"}
{"id": "v000000381", "svc": "auth", "phase": "start", "ts": 1404000, "status": 200}
{"id": "v000000381", "svc": "auth", "phase": "end", "ts": 1404100, "status": 200}
{"id": "v000000382", "svc": "gateway", "phase": "start", "ts": 1405000, "status": 200}
{"id": "v000000382", "svc": "gateway", "phase": "end", "ts": 1405100, "status": 200}
{"id": "v000000383", "svc": "payment", "phase": "start", "ts": 1406000, "status": 200}
{"id": "v000000383", "svc": "payment", "phase": "end", "ts": 1406100, "status": 200}
{"id": "v000000384", "svc": "auth", "phase": "start", "ts": 1407000, "status": 200}
{"id": "v000000384", "svc": "auth", "phase": "end", "ts": 1407100, "status": 200}
   
{"id": "v000000385", "svc": "gateway", "phase": "start", "ts": 1408000, "status": 200}
{"id": "v000000385", "svc": "gateway", "phase": "end", "ts": 1408100, "status": 200}
{"id": "v000000386", "svc": "payment", "phase": "start", "ts": 1409000, "status": 200}
{"id": "v000000386", "svc": "payment", "phase": "end", "ts": 1409100, "status": 200}
{"id": "v000000387", "svc": "auth", "phase": "start", "ts": 1410000, "status": 200}
{"id": "v000000387", "svc": "auth", "phase": "end", "ts": 1410100, "status": 200}
{"id": "v000000388", "svc": "gateway", "phase": "start", "ts": 1411000, "status": 200}
{"id": "v000000388", "svc": "gateway", "phase": "end", "ts": 1411100, "status": 200}
{"id": "v000000389", "svc": "payment", "phase": "start", "ts": 1412000, "status": 200}
{"id": "v000000389", "svc": "payment", "phase": "end", "ts": 1412100, "status": 200}
{"id": "v000000390", "svc": "auth", "phase": "start", "ts": 1413000, "status": 200}
{"id": "v000000390", "svc": "auth", "phase": "end", "ts": 1413100, "status": 200}
{"id": "v000000391", "svc": "gateway", "phase": "start", "ts": 1414000, "status": 200}
{"id": "v000000391", "svc": "gateway", "phase": "end", "ts": 1414100, "status": 200}
{"id": "v000000392", "svc": "payment", "phase": "start", "ts": 1415000, "status": 200}
{"id": "v000000392", "svc": "payment", "phase": "end", "ts": 1415100, "status": 200}
{"id": "v000000393", "svc": "auth", "phase": "start", "ts": 1416000, "status": 200}
{"id": "v000000393", "svc": "auth", "phase": "end", "ts": 1416100, "status": 200}
{"id": "v000000394", "svc": "gateway", "phase": "start", "ts": 1417000, "status": 200}
{"id": "v000000394", "svc": "gateway", "phase": "end", "ts": 1417100, "status": 200}
{"id": "v000000395", "svc": "payment", "phase": "start", "ts": 1418000, "status": 200}
{"id": "v000000395", "svc": "payment", "phase": "end", "ts": 1418100, "status": 200}
{"id": "v000000396", "svc": "auth", "phase": "start", "ts": 1419000, "status": 200}
{"id": "v000000396", "svc": "auth", "phase": "end", "ts": 1419100, "status": 200}
   
{"id": "v000000397", "svc": "gateway", "phase": "start", "ts": 1420000, "status": 200}
{"id": "v000000397", "svc": "gateway", "phase": "end", "ts": 1420100, "status": 200}
{"id": "v000000398", "svc": "payment", "phase": "start", "ts": 1421000, "status": 200}
{"id": "v000000398", "svc": "payment", "phase": "end", "ts": 1421100, "status": 200}
{"id": "v000000399", "svc": "auth", "phase": "start", "ts": 1422000, "status": 200}
{"id": "v000000399", "svc": "auth", "phase": "end", "ts": 1422100, "status": 200}
{"id": "v000000400", "svc": "gateway", "phase": "start", "ts": 1423000, "status": 200}
{"id": "v000000400", "svc": "gateway", "phase": "end", "ts": 1423100, "status": 200}
{"id": "m", "svc": "payment", "phase": "start", "ts": true, "status": 200}
{"id": "v000000401", "svc": "payment", "phase": "start", "ts": 1425000, "status": 200}
{"id": "v000000401", "svc": "payment", "phase": "end", "ts": 1425100, "status": 200}
{"id": "v000000402", "svc": "auth", "phase": "start", "ts": 1426000, "status": 200}
{"id": "v000000402", "svc": "auth", "phase": "end", "ts": 1426100, "status": 200}
{"id": "v000000403", "svc": "gateway", "phase": "start", "ts": 1427000, "status": 200}
{"id": "v000000403", "svc": "gateway", "phase": "end", "ts": 1427100, "status": 200}
{"id": "v000000404", "svc": "payment", "phase": "start", "ts": 1428000, "status": 200}
{"id": "v000000404", "svc": "payment", "phase": "end", "ts": 1428100, "status": 200}
{"id": "v000000405", "svc": "auth", "phase": "start", "ts": 1429000, "status": 200}
{"id": "v000000405", "svc": "auth", "phase": "end", "ts": 1429100, "status": 200}
{"id": "v000000406", "svc": "gateway", "phase": "start", "ts": 1430000, "status": 200}
{"id": "v000000406", "svc": "gateway", "phase": "end", "ts": 1430100, "status": 200}
{"id": "v000000407", "svc": "payment", "phase": "start", "ts": 1431000, "status": 200}
{"id": "v000000407", "svc": "payment", "phase": "end", "ts": 1431100, "status": 200}
{"id": "v000000408", "svc": "auth", "phase": "start", "ts": 1432000, "status": 200}
{"id": "v000000408", "svc": "auth", "phase": "end", "ts": 1432100, "status": 200}
   
{"id": "v000000409", "svc": "gateway", "phase": "start", "ts": 1433000, "status": 200}
{"id": "v000000409", "svc": "gateway", "phase": "end", "ts": 1433100, "status": 200}
{"id": "v000000410", "svc": "payment", "phase": "start", "ts": 1434000, "status": 200}
{"id": "v000000410", "svc": "payment", "phase": "end", "ts": 1434100, "status": 200}
{"id": "v000000411", "svc": "auth", "phase": "start", "ts": 1435000, "status": 200}
{"id": "v000000411", "svc": "auth", "phase": "end", "ts": 1435100, "status": 200}
{"id": "v000000412", "svc": "gateway", "phase": "start", "ts": 1436000, "status": 200}
{"id": "v000000412", "svc": "gateway", "phase": "end", "ts": 1436100, "status": 200}
{"id": "v000000413", "svc": "payment", "phase": "start", "ts": 1437000, "status": 200}
{"id": "v000000413", "svc": "payment", "phase": "end", "ts": 1437100, "status": 200}
{"id": "v000000414", "svc": "auth", "phase": "start", "ts": 1438000, "status": 200}
{"id": "v000000414", "svc": "auth", "phase": "end", "ts": 1438100, "status": 200}
{"id": "v000000415", "svc": "gateway", "phase": "start", "ts": 1439000, "status": 200}
{"id": "v000000415", "svc": "gateway", "phase": "end", "ts": 1439100, "status": 200}
{"id": "v000000416", "svc": "payment", "phase": "start", "ts": 1440000, "status": 200}
{"id": "v000000416", "svc": "payment", "phase": "end", "ts": 1440100, "status": 200}
{"id": "v000000417", "svc": "auth", "phase": "start", "ts": 1441000, "status": 200}
{"id": "v000000417", "svc": "auth", "phase": "end", "ts": 1441100, "status": 200}
{"id": "v000000418", "svc": "gateway", "phase": "start", "ts": 1442000, "status": 200}
{"id": "v000000418", "svc": "gateway", "phase": "end", "ts": 1442100, "status": 200}
{"id": "v000000419", "svc": "payment", "phase": "start", "ts": 1443000, "status": 200}
{"id": "v000000419", "svc": "payment", "phase": "end", "ts": 1443100, "status": 200}
{"id": "v000000420", "svc": "auth", "phase": "start", "ts": 1444000, "status": 200}
{"id": "v000000420", "svc": "auth", "phase": "end", "ts": 1444100, "status": 200}
   
{"id": "m", "svc": "billing", "phase": "start", "ts": 1445000, "status": 200}
{"id": "v000000421", "svc": "gateway", "phase": "start", "ts": 1446000, "status": 200}
{"id": "v000000421", "svc": "gateway", "phase": "end", "ts": 1446100, "status": 200}
{"id": "v000000422", "svc": "payment", "phase": "start", "ts": 1447000, "status": 200}
{"id": "v000000422", "svc": "payment", "phase": "end", "ts": 1447100, "status": 200}
{"id": "v000000423", "svc": "auth", "phase": "start", "ts": 1448000, "status": 200}
{"id": "v000000423", "svc": "auth", "phase": "end", "ts": 1448100, "status": 200}
{"id": "v000000424", "svc": "gateway", "phase": "start", "ts": 1449000, "status": 200}
{"id": "v000000424", "svc": "gateway", "phase": "end", "ts": 1449100, "status": 200}
{"id": "v000000425", "svc": "payment", "phase": "start", "ts": 1450000, "status": 200}
{"id": "v000000425", "svc": "payment", "phase": "end", "ts": 1450100, "status": 200}
{"id": "v000000426", "svc": "auth", "phase": "start", "ts": 1451000, "status": 200}
{"id": "v000000426", "svc": "auth", "phase": "end", "ts": 1451100, "status": 200}
{"id": "v000000427", "svc": "gateway", "phase": "start", "ts": 1452000, "status": 200}
{"id": "v000000427", "svc": "gateway", "phase": "end", "ts": 1452100, "status": 200}
{"id": "v000000428", "svc": "payment", "phase": "start", "ts": 1453000, "status": 200}
{"id": "v000000428", "svc": "payment", "phase": "end", "ts": 1453100, "status": 200}
{"id": "v000000429", "svc": "auth", "phase": "start", "ts": 1454000, "status": 200}
{"id": "v000000429", "svc": "auth", "phase": "end", "ts": 1454100, "status": 200}
{"id": "v000000430", "svc": "gateway", "phase": "start", "ts": 1455000, "status": 200}
{"id": "v000000430", "svc": "gateway", "phase": "end", "ts": 1455100, "status": 200}
{"id": "v000000431", "svc": "payment", "phase": "start", "ts": 1456000, "status": 200}
{"id": "v000000431", "svc": "payment", "phase": "end", "ts": 1456100, "status": 200}
{"id": "v000000432", "svc": "auth", "phase": "start", "ts": 1457000, "status": 200}
{"id": "v000000432", "svc": "auth", "phase": "end", "ts": 1457100, "status": 200}
   
{"id": "v000000433", "svc": "gateway", "phase": "start", "ts": 1458000, "status": 200}
{"id": "v000000433", "svc": "gateway", "phase": "end", "ts": 1458100, "status": 200}
{"id": "v000000434", "svc": "payment", "phase": "start", "ts": 1459000, "status": 200}
{"id": "v000000434", "svc": "payment", "phase": "end", "ts": 1459100, "status": 200}
{"id": "v000000435", "svc": "auth", "phase": "start", "ts": 1460000, "status": 200}
{"id": "v000000435", "svc": "auth", "phase": "end", "ts": 1460100, "status": 200}
{"id": "v000000436", "svc": "gateway", "phase": "start", "ts": 1461000, "status": 200}
{"id": "v000000436", "svc": "gateway", "phase": "end", "ts": 1461100, "status": 200}
{"id": "v000000437", "svc": "payment", "phase": "start", "ts": 1462000, "status": 200}
{"id": "v000000437", "svc": "payment", "phase": "end", "ts": 1462100, "status": 200}
{"id": "v000000438", "svc": "auth", "phase": "start", "ts": 1463000, "status": 200}
{"id": "v000000438", "svc": "auth", "phase": "end", "ts": 1463100, "status": 200}
{"id": "v000000439", "svc": "gateway", "phase": "start", "ts": 1464000, "status": 200}
{"id": "v000000439", "svc": "gateway", "phase": "end", "ts": 1464100, "status": 200}
{"id": "v000000440", "svc": "payment", "phase": "start", "ts": 1465000, "status": 200}
{"id": "v000000440", "svc": "payment", "phase": "end", "ts": 1465100, "status": 200}
{"id": "m", "svc": "payment", "phase": "end", "ts": 1466000, "status": true}
{"id": "v000000441", "svc": "auth", "phase": "start", "ts": 1467000, "status": 200}
{"id": "v000000441", "svc": "auth", "phase": "end", "ts": 1467100, "status": 200}
{"id": "v000000442", "svc": "gateway", "phase": "start", "ts": 1468000, "status": 200}
{"id": "v000000442", "svc": "gateway", "phase": "end", "ts": 1468100, "status": 200}
{"id": "v000000443", "svc": "payment", "phase": "start", "ts": 1469000, "status": 200}
{"id": "v000000443", "svc": "payment", "phase": "end", "ts": 1469100, "status": 200}
{"id": "v000000444", "svc": "auth", "phase": "start", "ts": 1470000, "status": 200}
{"id": "v000000444", "svc": "auth", "phase": "end", "ts": 1470100, "status": 200}
   
{"id": "v000000445", "svc": "gateway", "phase": "start", "ts": 1471000, "status": 200}
{"id": "v000000445", "svc": "gateway", "phase": "end", "ts": 1471100, "status": 200}
{"id": "v000000446", "svc": "payment", "phase": "start", "ts": 1472000, "status": 200}
{"id": "v000000446", "svc": "payment", "phase": "end", "ts": 1472100, "status": 200}
{"id": "v000000447", "svc": "auth", "phase": "start", "ts": 1473000, "status": 200}
{"id": "v000000447", "svc": "auth", "phase": "end", "ts": 1473100, "status": 200}
{"id": "v000000448", "svc": "gateway", "phase": "start", "ts": 1474000, "status": 200}
{"id": "v000000448", "svc": "gateway", "phase": "end", "ts": 1474100, "status": 200}
{"id": "v000000449", "svc": "payment", "phase": "start", "ts": 1475000, "status": 200}
{"id": "v000000449", "svc": "payment", "phase": "end", "ts": 1475100, "status": 200}
{"id": "v000000450", "svc": "auth", "phase": "start", "ts": 1476000, "status": 200}
{"id": "v000000450", "svc": "auth", "phase": "end", "ts": 1476100, "status": 200}
{"id": "v000000451", "svc": "gateway", "phase": "start", "ts": 1477000, "status": 200}
{"id": "v000000451", "svc": "gateway", "phase": "end", "ts": 1477100, "status": 200}
{"id": "v000000452", "svc": "payment", "phase": "start", "ts": 1478000, "status": 200}
{"id": "v000000452", "svc": "payment", "phase": "end", "ts": 1478100, "status": 200}
{"id": "v000000453", "svc": "auth", "phase": "start", "ts": 1479000, "status": 200}
{"id": "v000000453", "svc": "auth", "phase": "end", "ts": 1479100, "status": 200}
{"id": "v000000454", "svc": "gateway", "phase": "start", "ts": 1480000, "status": 200}
{"id": "v000000454", "svc": "gateway", "phase": "end", "ts": 1480100, "status": 200}
{"id": "v000000455", "svc": "payment", "phase": "start", "ts": 1481000, "status": 200}
{"id": "v000000455", "svc": "payment", "phase": "end", "ts": 1481100, "status": 200}
{"id": "v000000456", "svc": "auth", "phase": "start", "ts": 1482000, "status": 200}
{"id": "v000000456", "svc": "auth", "phase": "end", "ts": 1482100, "status": 200}
   
{"id": "v000000457", "svc": "gateway", "phase": "start", "ts": 1483000, "status": 200}
{"id": "v000000457", "svc": "gateway", "phase": "end", "ts": 1483100, "status": 200}
{"id": "v000000458", "svc": "payment", "phase": "start", "ts": 1484000, "status": 200}
{"id": "v000000458", "svc": "payment", "phase": "end", "ts": 1484100, "status": 200}
{"id": "v000000459", "svc": "auth", "phase": "start", "ts": 1485000, "status": 200}
{"id": "v000000459", "svc": "auth", "phase": "end", "ts": 1485100, "status": 200}
{"id": "v000000460", "svc": "gateway", "phase": "start", "ts": 1486000, "status": 200}
{"id": "v000000460", "svc": "gateway", "phase": "end", "ts": 1486100, "status": 200}
{"id": "m", "svc": "auth", "phase": "start", "ts": 1487000}
{"id": "v000000461", "svc": "payment", "phase": "start", "ts": 1488000, "status": 200}
{"id": "v000000461", "svc": "payment", "phase": "end", "ts": 1488100, "status": 200}
{"id": "v000000462", "svc": "auth", "phase": "start", "ts": 1489000, "status": 200}
{"id": "v000000462", "svc": "auth", "phase": "end", "ts": 1489100, "status": 200}
{"id": "v000000463", "svc": "gateway", "phase": "start", "ts": 1490000, "status": 200}
{"id": "v000000463", "svc": "gateway", "phase": "end", "ts": 1490100, "status": 200}
{"id": "v000000464", "svc": "payment", "phase": "start", "ts": 1491000, "status": 200}
{"id": "v000000464", "svc": "payment", "phase": "end", "ts": 1491100, "status": 200}
{"id": "v000000465", "svc": "auth", "phase": "start", "ts": 1492000, "status": 200}
{"id": "v000000465", "svc": "auth", "phase": "end", "ts": 1492100, "status": 200}
{"id": "v000000466", "svc": "gateway", "phase": "start", "ts": 1493000, "status": 200}
{"id": "v000000466", "svc": "gateway", "phase": "end", "ts": 1493100, "status": 200}
{"id": "v000000467", "svc": "payment", "phase": "start", "ts": 1494000, "status": 200}
{"id": "v000000467", "svc": "payment", "phase": "end", "ts": 1494100, "status": 200}
{"id": "v000000468", "svc": "auth", "phase": "start", "ts": 1495000, "status": 200}
{"id": "v000000468", "svc": "auth", "phase": "end", "ts": 1495100, "status": 200}
   
{"id": "v000000469", "svc": "gateway", "phase": "start", "ts": 1496000, "status": 200}
{"id": "v000000469", "svc": "gateway", "phase": "end", "ts": 1496100, "status": 200}
{"id": "v000000470", "svc": "payment", "phase": "start", "ts": 1497000, "status": 200}
{"id": "v000000470", "svc": "payment", "phase": "end", "ts": 1497100, "status": 200}
{"id": "v000000471", "svc": "auth", "phase": "start", "ts": 1498000, "status": 200}
{"id": "v000000471", "svc": "auth", "phase": "end", "ts": 1498100, "status": 200}
{"id": "v000000472", "svc": "gateway", "phase": "start", "ts": 1499000, "status": 200}
{"id": "v000000472", "svc": "gateway", "phase": "end", "ts": 1499100, "status": 200}
{"id": "v000000473", "svc": "payment", "phase": "start", "ts": 1500000, "status": 200}
{"id": "v000000473", "svc": "payment", "phase": "end", "ts": 1500100, "status": 200}
{"id": "v000000474", "svc": "auth", "phase": "start", "ts": 1501000, "status": 200}
{"id": "v000000474", "svc": "auth", "phase": "end", "ts": 1501100, "status": 200}
{"id": "v000000475", "svc": "gateway", "phase": "start", "ts": 1502000, "status": 200}
{"id": "v000000475", "svc": "gateway", "phase": "end", "ts": 1502100, "status": 200}
{"id": "v000000476", "svc": "payment", "phase": "start", "ts": 1503000, "status": 200}
{"id": "v000000476", "svc": "payment", "phase": "end", "ts": 1503100, "status": 200}
{"id": "v000000477", "svc": "auth", "phase": "start", "ts": 1504000, "status": 200}
{"id": "v000000477", "svc": "auth", "phase": "end", "ts": 1504100, "status": 200}
{"id": "v000000478", "svc": "gateway", "phase": "start", "ts": 1505000, "status": 200}
{"id": "v000000478", "svc": "gateway", "phase": "end", "ts": 1505100, "status": 200}
{"id": "v000000479", "svc": "payment", "phase": "start", "ts": 1506000, "status": 200}
{"id": "v000000479", "svc": "payment", "phase": "end", "ts": 1506100, "status": 200}
{"id": "v000000480", "svc": "auth", "phase": "start", "ts": 1507000, "status": 200}
{"id": "v000000480", "svc": "auth", "phase": "end", "ts": 1507100, "status": 200}
   
{"id": "m", "svc": "gateway", "phase": "end", "ts": 1508000, "status": 200.0}
{"id": "v000000481", "svc": "gateway", "phase": "start", "ts": 1509000, "status": 200}
{"id": "v000000481", "svc": "gateway", "phase": "end", "ts": 1509100, "status": 200}
{"id": "v000000482", "svc": "payment", "phase": "start", "ts": 1510000, "status": 200}
{"id": "v000000482", "svc": "payment", "phase": "end", "ts": 1510100, "status": 200}
{"id": "v000000483", "svc": "auth", "phase": "start", "ts": 1511000, "status": 200}
{"id": "v000000483", "svc": "auth", "phase": "end", "ts": 1511100, "status": 200}
{"id": "v000000484", "svc": "gateway", "phase": "start", "ts": 1512000, "status": 200}
{"id": "v000000484", "svc": "gateway", "phase": "end", "ts": 1512100, "status": 200}
{"id": "v000000485", "svc": "payment", "phase": "start", "ts": 1513000, "status": 200}
{"id": "v000000485", "svc": "payment", "phase": "end", "ts": 1513100, "status": 200}
{"id": "v000000486", "svc": "auth", "phase": "start", "ts": 1514000, "status": 200}
{"id": "v000000486", "svc": "auth", "phase": "end", "ts": 1514100, "status": 200}
{"id": "v000000487", "svc": "gateway", "phase": "start", "ts": 1515000, "status": 200}
{"id": "v000000487", "svc": "gateway", "phase": "end", "ts": 1515100, "status": 200}
{"id": "v000000488", "svc": "payment", "phase": "start", "ts": 1516000, "status": 200}
{"id": "v000000488", "svc": "payment", "phase": "end", "ts": 1516100, "status": 200}
{"id": "v000000489", "svc": "auth", "phase": "start", "ts": 1517000, "status": 200}
{"id": "v000000489", "svc": "auth", "phase": "end", "ts": 1517100, "status": 200}
{"id": "v000000490", "svc": "gateway", "phase": "start", "ts": 1518000, "status": 200}
{"id": "v000000490", "svc": "gateway", "phase": "end", "ts": 1518100, "status": 200}
{"id": "v000000491", "svc": "payment", "phase": "start", "ts": 1519000, "status": 200}
{"id": "v000000491", "svc": "payment", "phase": "end", "ts": 1519100, "status": 200}
{"id": "v000000492", "svc": "auth", "phase": "start", "ts": 1520000, "status": 200}
{"id": "v000000492", "svc": "auth", "phase": "end", "ts": 1520100, "status": 200}
   
{"id": "v000000493", "svc": "gateway", "phase": "start", "ts": 1521000, "status": 200}
{"id": "v000000493", "svc": "gateway", "phase": "end", "ts": 1521100, "status": 200}
{"id": "v000000494", "svc": "payment", "phase": "start", "ts": 1522000, "status": 200}
{"id": "v000000494", "svc": "payment", "phase": "end", "ts": 1522100, "status": 200}
{"id": "v000000495", "svc": "auth", "phase": "start", "ts": 1523000, "status": 200}
{"id": "v000000495", "svc": "auth", "phase": "end", "ts": 1523100, "status": 200}
{"id": "v000000496", "svc": "gateway", "phase": "start", "ts": 1524000, "status": 200}
{"id": "v000000496", "svc": "gateway", "phase": "end", "ts": 1524100, "status": 200}
{"id": "v000000497", "svc": "payment", "phase": "start", "ts": 1525000, "status": 200}
{"id": "v000000497", "svc": "payment", "phase": "end", "ts": 1525100, "status": 200}
{"id": "v000000498", "svc": "auth", "phase": "start", "ts": 1526000, "status": 200}
{"id": "v000000498", "svc": "auth", "phase": "end", "ts": 1526100, "status": 200}
{"id": "v000000499", "svc": "gateway", "phase": "start", "ts": 1527000, "status": 200}
{"id": "v000000499", "svc": "gateway", "phase": "end", "ts": 1527100, "status": 200}
{"id": "v000000500", "svc": "payment", "phase": "start", "ts": 1528000, "status": 200}
{"id": "v000000500", "svc": "payment", "phase": "end", "ts": 1528100, "status": 200}
{"id": "m", "svc": "auth", "phase": "end", "ts": 1529000, "status": 99}
{"id": "os000000500", "svc": "gateway", "phase": "start", "ts": 1530000, "status": 200}
{"id": "v000000501", "svc": "auth", "phase": "start", "ts": 1531000, "status": 200}
{"id": "v000000501", "svc": "auth", "phase": "end", "ts": 1531100, "status": 200}
{"id": "v000000502", "svc": "gateway", "phase": "start", "ts": 1532000, "status": 200}
{"id": "v000000502", "svc": "gateway", "phase": "end", "ts": 1532100, "status": 200}
{"id": "v000000503", "svc": "payment", "phase": "start", "ts": 1533000, "status": 200}
{"id": "v000000503", "svc": "payment", "phase": "end", "ts": 1533100, "status": 200}
{"id": "v000000504", "svc": "auth", "phase": "start", "ts": 1534000, "status": 200}
{"id": "v000000504", "svc": "auth", "phase": "end", "ts": 1534100, "status": 200}
   
{"id": "v000000505", "svc": "gateway", "phase": "start", "ts": 1535000, "status": 200}
{"id": "v000000505", "svc": "gateway", "phase": "end", "ts": 1535100, "status": 200}
{"id": "v000000506", "svc": "payment", "phase": "start", "ts": 1536000, "status": 200}
{"id": "v000000506", "svc": "payment", "phase": "end", "ts": 1536100, "status": 200}
{"id": "v000000507", "svc": "auth", "phase": "start", "ts": 1537000, "status": 200}
{"id": "v000000507", "svc": "auth", "phase": "end", "ts": 1537100, "status": 200}
{"id": "v000000508", "svc": "gateway", "phase": "start", "ts": 1538000, "status": 200}
{"id": "v000000508", "svc": "gateway", "phase": "end", "ts": 1538100, "status": 200}
{"id": "v000000509", "svc": "payment", "phase": "start", "ts": 1539000, "status": 200}
{"id": "v000000509", "svc": "payment", "phase": "end", "ts": 1539100, "status": 200}
{"id": "v000000510", "svc": "auth", "phase": "start", "ts": 1540000, "status": 200}
{"id": "v000000510", "svc": "auth", "phase": "end", "ts": 1540100, "status": 200}
{"id": "v000000511", "svc": "gateway", "phase": "start", "ts": 1541000, "status": 200}
{"id": "v000000511", "svc": "gateway", "phase": "end", "ts": 1541100, "status": 200}
{"id": "v000000512", "svc": "payment", "phase": "start", "ts": 1542000, "status": 200}
{"id": "v000000512", "svc": "payment", "phase": "end", "ts": 1542100, "status": 200}
{"id": "v000000513", "svc": "auth", "phase": "start", "ts": 1543000, "status": 200}
{"id": "v000000513", "svc": "auth", "phase": "end", "ts": 1543100, "status": 200}
{"id": "v000000514", "svc": "gateway", "phase": "start", "ts": 1544000, "status": 200}
{"id": "v000000514", "svc": "gateway", "phase": "end", "ts": 1544100, "status": 200}
{"id": "v000000515", "svc": "payment", "phase": "start", "ts": 1545000, "status": 200}
{"id": "v000000515", "svc": "payment", "phase": "end", "ts": 1545100, "status": 200}
{"id": "v000000516", "svc": "auth", "phase": "start", "ts": 1546000, "status": 200}
{"id": "v000000516", "svc": "auth", "phase": "end", "ts": 1546100, "status": 200}
   
{"id": "v000000517", "svc": "gateway", "phase": "start", "ts": 1547000, "status": 200}
{"id": "v000000517", "svc": "gateway", "phase": "end", "ts": 1547100, "status": 200}
{"id": "v000000518", "svc": "payment", "phase": "start", "ts": 1548000, "status": 200}
{"id": "v000000518", "svc": "payment", "phase": "end", "ts": 1548100, "status": 200}
{"id": "v000000519", "svc": "auth", "phase": "start", "ts": 1549000, "status": 200}
{"id": "v000000519", "svc": "auth", "phase": "end", "ts": 1549100, "status": 200}
{"id": "v000000520", "svc": "gateway", "phase": "start", "ts": 1550000, "status": 200}
{"id": "v000000520", "svc": "gateway", "phase": "end", "ts": 1550100, "status": 200}
{"id": "m", "svc": "gateway", "phase": "tick", "ts": 1551000, "status": 200}
{"id": "v000000521", "svc": "payment", "phase": "start", "ts": 1552000, "status": 200}
{"id": "v000000521", "svc": "payment", "phase": "end", "ts": 1552100, "status": 200}
{"id": "v000000522", "svc": "auth", "phase": "start", "ts": 1553000, "status": 200}
{"id": "v000000522", "svc": "auth", "phase": "end", "ts": 1553100, "status": 200}
{"id": "v000000523", "svc": "gateway", "phase": "start", "ts": 1554000, "status": 200}
{"id": "v000000523", "svc": "gateway", "phase": "end", "ts": 1554100, "status": 200}
{"id": "v000000524", "svc": "payment", "phase": "start", "ts": 1555000, "status": 200}
{"id": "v000000524", "svc": "payment", "phase": "end", "ts": 1555100, "status": 200}
{"id": "v000000525", "svc": "auth", "phase": "start", "ts": 1556000, "status": 200}
{"id": "v000000525", "svc": "auth", "phase": "end", "ts": 1556100, "status": 200}
{"id": "v000000526", "svc": "gateway", "phase": "start", "ts": 1557000, "status": 200}
{"id": "v000000526", "svc": "gateway", "phase": "end", "ts": 1557100, "status": 200}
{"id": "v000000527", "svc": "payment", "phase": "start", "ts": 1558000, "status": 200}
{"id": "v000000527", "svc": "payment", "phase": "end", "ts": 1558100, "status": 200}
{"id": "v000000528", "svc": "auth", "phase": "start", "ts": 1559000, "status": 200}
{"id": "v000000528", "svc": "auth", "phase": "end", "ts": 1559100, "status": 200}
   
{"id": "v000000529", "svc": "gateway", "phase": "start", "ts": 1560000, "status": 200}
{"id": "v000000529", "svc": "gateway", "phase": "end", "ts": 1560100, "status": 200}
{"id": "v000000530", "svc": "payment", "phase": "start", "ts": 1561000, "status": 200}
{"id": "v000000530", "svc": "payment", "phase": "end", "ts": 1561100, "status": 200}
{"id": "v000000531", "svc": "auth", "phase": "start", "ts": 1562000, "status": 200}
{"id": "v000000531", "svc": "auth", "phase": "end", "ts": 1562100, "status": 200}
{"id": "v000000532", "svc": "gateway", "phase": "start", "ts": 1563000, "status": 200}
{"id": "v000000532", "svc": "gateway", "phase": "end", "ts": 1563100, "status": 200}
{"id": "v000000533", "svc": "payment", "phase": "start", "ts": 1564000, "status": 200}
{"id": "v000000533", "svc": "payment", "phase": "end", "ts": 1564100, "status": 200}
{"id": "v000000534", "svc": "auth", "phase": "start", "ts": 1565000, "status": 200}
{"id": "v000000534", "svc": "auth", "phase": "end", "ts": 1565100, "status": 200}
{"id": "v000000535", "svc": "gateway", "phase": "start", "ts": 1566000, "status": 200}
{"id": "v000000535", "svc": "gateway", "phase": "end", "ts": 1566100, "status": 200}
{"id": "v000000536", "svc": "payment", "phase": "start", "ts": 1567000, "status": 200}
{"id": "v000000536", "svc": "payment", "phase": "end", "ts": 1567100, "status": 200}
{"id": "v000000537", "svc": "auth", "phase": "start", "ts": 1568000, "status": 200}
{"id": "v000000537", "svc": "auth", "phase": "end", "ts": 1568100, "status": 200}
{"id": "v000000538", "svc": "gateway", "phase": "start", "ts": 1569000, "status": 200}
{"id": "v000000538", "svc": "gateway", "phase": "end", "ts": 1569100, "status": 200}
{"id": "v000000539", "svc": "payment", "phase": "start", "ts": 1570000, "status": 200}
{"id": "v000000539", "svc": "payment", "phase": "end", "ts": 1570100, "status": 200}
{"id": "v000000540", "svc": "auth", "phase": "start", "ts": 1571000, "status": 200}
{"id": "v000000540", "svc": "auth", "phase": "end", "ts": 1571100, "status": 200}
   
this is not json at all }{
{"id": "v000000541", "svc": "gateway", "phase": "start", "ts": 1573000, "status": 200}
{"id": "v000000541", "svc": "gateway", "phase": "end", "ts": 1573100, "status": 200}
{"id": "v000000542", "svc": "payment", "phase": "start", "ts": 1574000, "status": 200}
{"id": "v000000542", "svc": "payment", "phase": "end", "ts": 1574100, "status": 200}
{"id": "v000000543", "svc": "auth", "phase": "start", "ts": 1575000, "status": 200}
{"id": "v000000543", "svc": "auth", "phase": "end", "ts": 1575100, "status": 200}
{"id": "v000000544", "svc": "gateway", "phase": "start", "ts": 1576000, "status": 200}
{"id": "v000000544", "svc": "gateway", "phase": "end", "ts": 1576100, "status": 200}
{"id": "v000000545", "svc": "payment", "phase": "start", "ts": 1577000, "status": 200}
{"id": "v000000545", "svc": "payment", "phase": "end", "ts": 1577100, "status": 200}
{"id": "v000000546", "svc": "auth", "phase": "start", "ts": 1578000, "status": 200}
{"id": "v000000546", "svc": "auth", "phase": "end", "ts": 1578100, "status": 200}
{"id": "v000000547", "svc": "gateway", "phase": "start", "ts": 1579000, "status": 200}
{"id": "v000000547", "svc": "gateway", "phase": "end", "ts": 1579100, "status": 200}
{"id": "v000000548", "svc": "payment", "phase": "start", "ts": 1580000, "status": 200}
{"id": "v000000548", "svc": "payment", "phase": "end", "ts": 1580100, "status": 200}
{"id": "v000000549", "svc": "auth", "phase": "start", "ts": 1581000, "status": 200}
{"id": "v000000549", "svc": "auth", "phase": "end", "ts": 1581100, "status": 200}
{"id": "v000000550", "svc": "gateway", "phase": "start", "ts": 1582000, "status": 200}
{"id": "v000000550", "svc": "gateway", "phase": "end", "ts": 1582100, "status": 200}
{"id": "v000000551", "svc": "payment", "phase": "start", "ts": 1583000, "status": 200}
{"id": "v000000551", "svc": "payment", "phase": "end", "ts": 1583100, "status": 200}
{"id": "v000000552", "svc": "auth", "phase": "start", "ts": 1584000, "status": 200}
{"id": "v000000552", "svc": "auth", "phase": "end", "ts": 1584100, "status": 200}
   
{"id": "v000000553", "svc": "gateway", "phase": "start", "ts": 1585000, "status": 200}
{"id": "v000000553", "svc": "gateway", "phase": "end", "ts": 1585100, "status": 200}
{"id": "v000000554", "svc": "payment", "phase": "start", "ts": 1586000, "status": 200}
{"id": "v000000554", "svc": "payment", "phase": "end", "ts": 1586100, "status": 200}
{"id": "v000000555", "svc": "auth", "phase": "start", "ts": 1587000, "status": 200}
{"id": "v000000555", "svc": "auth", "phase": "end", "ts": 1587100, "status": 200}
{"id": "v000000556", "svc": "gateway", "phase": "start", "ts": 1588000, "status": 200}
{"id": "v000000556", "svc": "gateway", "phase": "end", "ts": 1588100, "status": 200}
{"id": "v000000557", "svc": "payment", "phase": "start", "ts": 1589000, "status": 200}
{"id": "v000000557", "svc": "payment", "phase": "end", "ts": 1589100, "status": 200}
{"id": "v000000558", "svc": "auth", "phase": "start", "ts": 1590000, "status": 200}
{"id": "v000000558", "svc": "auth", "phase": "end", "ts": 1590100, "status": 200}
{"id": "v000000559", "svc": "gateway", "phase": "start", "ts": 1591000, "status": 200}
{"id": "v000000559", "svc": "gateway", "phase": "end", "ts": 1591100, "status": 200}
{"id": "v000000560", "svc": "payment", "phase": "start", "ts": 1592000, "status": 200}
{"id": "v000000560", "svc": "payment", "phase": "end", "ts": 1592100, "status": 200}
{"id": "m", "svc": "auth", "phase": "start", "ts": 1593000, "status": 200, "trace": "x"}
{"id": "v000000561", "svc": "auth", "phase": "start", "ts": 1594000, "status": 200}
{"id": "v000000561", "svc": "auth", "phase": "end", "ts": 1594100, "status": 200}
{"id": "v000000562", "svc": "gateway", "phase": "start", "ts": 1595000, "status": 200}
{"id": "v000000562", "svc": "gateway", "phase": "end", "ts": 1595100, "status": 200}
{"id": "v000000563", "svc": "payment", "phase": "start", "ts": 1596000, "status": 200}
{"id": "v000000563", "svc": "payment", "phase": "end", "ts": 1596100, "status": 200}
{"id": "v000000564", "svc": "auth", "phase": "start", "ts": 1597000, "status": 200}
{"id": "v000000564", "svc": "auth", "phase": "end", "ts": 1597100, "status": 200}
   
{"id": "v000000565", "svc": "gateway", "phase": "start", "ts": 1598000, "status": 200}
{"id": "v000000565", "svc": "gateway", "phase": "end", "ts": 1598100, "status": 200}
{"id": "v000000566", "svc": "payment", "phase": "start", "ts": 1599000, "status": 200}
{"id": "v000000566", "svc": "payment", "phase": "end", "ts": 1599100, "status": 200}
{"id": "v000000567", "svc": "auth", "phase": "start", "ts": 1600000, "status": 200}
{"id": "v000000567", "svc": "auth", "phase": "end", "ts": 1600100, "status": 200}
{"id": "v000000568", "svc": "gateway", "phase": "start", "ts": 1601000, "status": 200}
{"id": "v000000568", "svc": "gateway", "phase": "end", "ts": 1601100, "status": 200}
{"id": "v000000569", "svc": "payment", "phase": "start", "ts": 1602000, "status": 200}
{"id": "v000000569", "svc": "payment", "phase": "end", "ts": 1602100, "status": 200}
{"id": "v000000570", "svc": "auth", "phase": "start", "ts": 1603000, "status": 200}
{"id": "v000000570", "svc": "auth", "phase": "end", "ts": 1603100, "status": 200}
{"id": "v000000571", "svc": "gateway", "phase": "start", "ts": 1604000, "status": 200}
{"id": "v000000571", "svc": "gateway", "phase": "end", "ts": 1604100, "status": 200}
{"id": "v000000572", "svc": "payment", "phase": "start", "ts": 1605000, "status": 200}
{"id": "v000000572", "svc": "payment", "phase": "end", "ts": 1605100, "status": 200}
{"id": "v000000573", "svc": "auth", "phase": "start", "ts": 1606000, "status": 200}
{"id": "v000000573", "svc": "auth", "phase": "end", "ts": 1606100, "status": 200}
{"id": "v000000574", "svc": "gateway", "phase": "start", "ts": 1607000, "status": 200}
{"id": "v000000574", "svc": "gateway", "phase": "end", "ts": 1607100, "status": 200}
{"id": "v000000575", "svc": "payment", "phase": "start", "ts": 1608000, "status": 200}
{"id": "v000000575", "svc": "payment", "phase": "end", "ts": 1608100, "status": 200}
{"id": "v000000576", "svc": "auth", "phase": "start", "ts": 1609000, "status": 200}
{"id": "v000000576", "svc": "auth", "phase": "end", "ts": 1609100, "status": 200}
   
{"id": "v000000577", "svc": "gateway", "phase": "start", "ts": 1610000, "status": 200}
{"id": "v000000577", "svc": "gateway", "phase": "end", "ts": 1610100, "status": 200}
{"id": "v000000578", "svc": "payment", "phase": "start", "ts": 1611000, "status": 200}
{"id": "v000000578", "svc": "payment", "phase": "end", "ts": 1611100, "status": 200}
{"id": "v000000579", "svc": "auth", "phase": "start", "ts": 1612000, "status": 200}
{"id": "v000000579", "svc": "auth", "phase": "end", "ts": 1612100, "status": 200}
{"id": "v000000580", "svc": "gateway", "phase": "start", "ts": 1613000, "status": 200}
{"id": "v000000580", "svc": "gateway", "phase": "end", "ts": 1613100, "status": 200}
{"id": "m", "svc": "payment", "phase": "start", "ts": true, "status": 200}
{"id": "v000000581", "svc": "payment", "phase": "start", "ts": 1615000, "status": 200}
{"id": "v000000581", "svc": "payment", "phase": "end", "ts": 1615100, "status": 200}
{"id": "v000000582", "svc": "auth", "phase": "start", "ts": 1616000, "status": 200}
{"id": "v000000582", "svc": "auth", "phase": "end", "ts": 1616100, "status": 200}
{"id": "v000000583", "svc": "gateway", "phase": "start", "ts": 1617000, "status": 200}
{"id": "v000000583", "svc": "gateway", "phase": "end", "ts": 1617100, "status": 200}
{"id": "v000000584", "svc": "payment", "phase": "start", "ts": 1618000, "status": 200}
{"id": "v000000584", "svc": "payment", "phase": "end", "ts": 1618100, "status": 200}
{"id": "v000000585", "svc": "auth", "phase": "start", "ts": 1619000, "status": 200}
{"id": "v000000585", "svc": "auth", "phase": "end", "ts": 1619100, "status": 200}
{"id": "v000000586", "svc": "gateway", "phase": "start", "ts": 1620000, "status": 200}
{"id": "v000000586", "svc": "gateway", "phase": "end", "ts": 1620100, "status": 200}
{"id": "v000000587", "svc": "payment", "phase": "start", "ts": 1621000, "status": 200}
{"id": "v000000587", "svc": "payment", "phase": "end", "ts": 1621100, "status": 200}
{"id": "v000000588", "svc": "auth", "phase": "start", "ts": 1622000, "status": 200}
{"id": "v000000588", "svc": "auth", "phase": "end", "ts": 1622100, "status": 200}
   
{"id": "v000000589", "svc": "gateway", "phase": "start", "ts": 1623000, "status": 200}
{"id": "v000000589", "svc": "gateway", "phase": "end", "ts": 1623100, "status": 200}
{"id": "v000000590", "svc": "payment", "phase": "start", "ts": 1624000, "status": 200}
{"id": "v000000590", "svc": "payment", "phase": "end", "ts": 1624100, "status": 200}
{"id": "v000000591", "svc": "auth", "phase": "start", "ts": 1625000, "status": 200}
{"id": "v000000591", "svc": "auth", "phase": "end", "ts": 1625100, "status": 200}
{"id": "v000000592", "svc": "gateway", "phase": "start", "ts": 1626000, "status": 200}
{"id": "v000000592", "svc": "gateway", "phase": "end", "ts": 1626100, "status": 200}
{"id": "v000000593", "svc": "payment", "phase": "start", "ts": 1627000, "status": 200}
{"id": "v000000593", "svc": "payment", "phase": "end", "ts": 1627100, "status": 200}
{"id": "v000000594", "svc": "auth", "phase": "start", "ts": 1628000, "status": 200}
{"id": "v000000594", "svc": "auth", "phase": "end", "ts": 1628100, "status": 200}
{"id": "v000000595", "svc": "gateway", "phase": "start", "ts": 1629000, "status": 200}
{"id": "v000000595", "svc": "gateway", "phase": "end", "ts": 1629100, "status": 200}
{"id": "v000000596", "svc": "payment", "phase": "start", "ts": 1630000, "status": 200}
{"id": "v000000596", "svc": "payment", "phase": "end", "ts": 1630100, "status": 200}
{"id": "v000000597", "svc": "auth", "phase": "start", "ts": 1631000, "status": 200}
{"id": "v000000597", "svc": "auth", "phase": "end", "ts": 1631100, "status": 200}
{"id": "v000000598", "svc": "gateway", "phase": "start", "ts": 1632000, "status": 200}
{"id": "v000000598", "svc": "gateway", "phase": "end", "ts": 1632100, "status": 200}
{"id": "v000000599", "svc": "payment", "phase": "start", "ts": 1633000, "status": 200}
{"id": "v000000599", "svc": "payment", "phase": "end", "ts": 1633100, "status": 200}
{"id": "v000000600", "svc": "auth", "phase": "start", "ts": 1634000, "status": 200}
{"id": "v000000600", "svc": "auth", "phase": "end", "ts": 1634100, "status": 200}
   
{"id": "m", "svc": "billing", "phase": "start", "ts": 1635000, "status": 200}
{"id": "v000000601", "svc": "gateway", "phase": "start", "ts": 1636000, "status": 200}
{"id": "v000000601", "svc": "gateway", "phase": "end", "ts": 1636100, "status": 200}
{"id": "v000000602", "svc": "payment", "phase": "start", "ts": 1637000, "status": 200}
{"id": "v000000602", "svc": "payment", "phase": "end", "ts": 1637100, "status": 200}
{"id": "v000000603", "svc": "auth", "phase": "start", "ts": 1638000, "status": 200}
{"id": "v000000603", "svc": "auth", "phase": "end", "ts": 1638100, "status": 200}
{"id": "v000000604", "svc": "gateway", "phase": "start", "ts": 1639000, "status": 200}
{"id": "v000000604", "svc": "gateway", "phase": "end", "ts": 1639100, "status": 200}
{"id": "v000000605", "svc": "payment", "phase": "start", "ts": 1640000, "status": 200}
{"id": "v000000605", "svc": "payment", "phase": "end", "ts": 1640100, "status": 200}
{"id": "v000000606", "svc": "auth", "phase": "start", "ts": 1641000, "status": 200}
{"id": "v000000606", "svc": "auth", "phase": "end", "ts": 1641100, "status": 200}
{"id": "v000000607", "svc": "gateway", "phase": "start", "ts": 1642000, "status": 200}
{"id": "v000000607", "svc": "gateway", "phase": "end", "ts": 1642100, "status": 200}
{"id": "v000000608", "svc": "payment", "phase": "start", "ts": 1643000, "status": 200}
{"id": "v000000608", "svc": "payment", "phase": "end", "ts": 1643100, "status": 200}
{"id": "v000000609", "svc": "auth", "phase": "start", "ts": 1644000, "status": 200}
{"id": "v000000609", "svc": "auth", "phase": "end", "ts": 1644100, "status": 200}
{"id": "v000000610", "svc": "gateway", "phase": "start", "ts": 1645000, "status": 200}
{"id": "v000000610", "svc": "gateway", "phase": "end", "ts": 1645100, "status": 200}
{"id": "v000000611", "svc": "payment", "phase": "start", "ts": 1646000, "status": 200}
{"id": "v000000611", "svc": "payment", "phase": "end", "ts": 1646100, "status": 200}
{"id": "v000000612", "svc": "auth", "phase": "start", "ts": 1647000, "status": 200}
{"id": "v000000612", "svc": "auth", "phase": "end", "ts": 1647100, "status": 200}
   
{"id": "v000000613", "svc": "gateway", "phase": "start", "ts": 1648000, "status": 200}
{"id": "v000000613", "svc": "gateway", "phase": "end", "ts": 1648100, "status": 200}
{"id": "v000000614", "svc": "payment", "phase": "start", "ts": 1649000, "status": 200}
{"id": "v000000614", "svc": "payment", "phase": "end", "ts": 1649100, "status": 200}
{"id": "v000000615", "svc": "auth", "phase": "start", "ts": 1650000, "status": 200}
{"id": "v000000615", "svc": "auth", "phase": "end", "ts": 1650100, "status": 200}
{"id": "v000000616", "svc": "gateway", "phase": "start", "ts": 1651000, "status": 200}
{"id": "v000000616", "svc": "gateway", "phase": "end", "ts": 1651100, "status": 200}
{"id": "v000000617", "svc": "payment", "phase": "start", "ts": 1652000, "status": 200}
{"id": "v000000617", "svc": "payment", "phase": "end", "ts": 1652100, "status": 200}
{"id": "v000000618", "svc": "auth", "phase": "start", "ts": 1653000, "status": 200}
{"id": "v000000618", "svc": "auth", "phase": "end", "ts": 1653100, "status": 200}
{"id": "v000000619", "svc": "gateway", "phase": "start", "ts": 1654000, "status": 200}
{"id": "v000000619", "svc": "gateway", "phase": "end", "ts": 1654100, "status": 200}
{"id": "v000000620", "svc": "payment", "phase": "start", "ts": 1655000, "status": 200}
{"id": "v000000620", "svc": "payment", "phase": "end", "ts": 1655100, "status": 200}
{"id": "m", "svc": "payment", "phase": "end", "ts": 1656000, "status": true}
{"id": "v000000621", "svc": "auth", "phase": "start", "ts": 1657000, "status": 200}
{"id": "v000000621", "svc": "auth", "phase": "end", "ts": 1657100, "status": 200}
{"id": "v000000622", "svc": "gateway", "phase": "start", "ts": 1658000, "status": 200}
{"id": "v000000622", "svc": "gateway", "phase": "end", "ts": 1658100, "status": 200}
{"id": "v000000623", "svc": "payment", "phase": "start", "ts": 1659000, "status": 200}
{"id": "v000000623", "svc": "payment", "phase": "end", "ts": 1659100, "status": 200}
{"id": "v000000624", "svc": "auth", "phase": "start", "ts": 1660000, "status": 200}
{"id": "v000000624", "svc": "auth", "phase": "end", "ts": 1660100, "status": 200}
   
{"id": "v000000625", "svc": "gateway", "phase": "start", "ts": 1661000, "status": 200}
{"id": "v000000625", "svc": "gateway", "phase": "end", "ts": 1661100, "status": 200}
{"id": "v000000626", "svc": "payment", "phase": "start", "ts": 1662000, "status": 200}
{"id": "v000000626", "svc": "payment", "phase": "end", "ts": 1662100, "status": 200}
{"id": "v000000627", "svc": "auth", "phase": "start", "ts": 1663000, "status": 200}
{"id": "v000000627", "svc": "auth", "phase": "end", "ts": 1663100, "status": 200}
{"id": "v000000628", "svc": "gateway", "phase": "start", "ts": 1664000, "status": 200}
{"id": "v000000628", "svc": "gateway", "phase": "end", "ts": 1664100, "status": 200}
{"id": "v000000629", "svc": "payment", "phase": "start", "ts": 1665000, "status": 200}
{"id": "v000000629", "svc": "payment", "phase": "end", "ts": 1665100, "status": 200}
{"id": "v000000630", "svc": "auth", "phase": "start", "ts": 1666000, "status": 200}
{"id": "v000000630", "svc": "auth", "phase": "end", "ts": 1666100, "status": 200}
{"id": "v000000631", "svc": "gateway", "phase": "start", "ts": 1667000, "status": 200}
{"id": "v000000631", "svc": "gateway", "phase": "end", "ts": 1667100, "status": 200}
{"id": "v000000632", "svc": "payment", "phase": "start", "ts": 1668000, "status": 200}
{"id": "v000000632", "svc": "payment", "phase": "end", "ts": 1668100, "status": 200}
{"id": "v000000633", "svc": "auth", "phase": "start", "ts": 1669000, "status": 200}
{"id": "v000000633", "svc": "auth", "phase": "end", "ts": 1669100, "status": 200}
{"id": "v000000634", "svc": "gateway", "phase": "start", "ts": 1670000, "status": 200}
{"id": "v000000634", "svc": "gateway", "phase": "end", "ts": 1670100, "status": 200}
{"id": "v000000635", "svc": "payment", "phase": "start", "ts": 1671000, "status": 200}
{"id": "v000000635", "svc": "payment", "phase": "end", "ts": 1671100, "status": 200}
{"id": "v000000636", "svc": "auth", "phase": "start", "ts": 1672000, "status": 200}
{"id": "v000000636", "svc": "auth", "phase": "end", "ts": 1672100, "status": 200}
   
{"id": "v000000637", "svc": "gateway", "phase": "start", "ts": 1673000, "status": 200}
{"id": "v000000637", "svc": "gateway", "phase": "end", "ts": 1673100, "status": 200}
{"id": "v000000638", "svc": "payment", "phase": "start", "ts": 1674000, "status": 200}
{"id": "v000000638", "svc": "payment", "phase": "end", "ts": 1674100, "status": 200}
{"id": "v000000639", "svc": "auth", "phase": "start", "ts": 1675000, "status": 200}
{"id": "v000000639", "svc": "auth", "phase": "end", "ts": 1675100, "status": 200}
{"id": "v000000640", "svc": "gateway", "phase": "start", "ts": 1676000, "status": 200}
{"id": "v000000640", "svc": "gateway", "phase": "end", "ts": 1676100, "status": 200}
{"id": "m", "svc": "auth", "phase": "start", "ts": 1677000}
{"id": "v000000641", "svc": "payment", "phase": "start", "ts": 1678000, "status": 200}
{"id": "v000000641", "svc": "payment", "phase": "end", "ts": 1678100, "status": 200}
{"id": "v000000642", "svc": "auth", "phase": "start", "ts": 1679000, "status": 200}
{"id": "v000000642", "svc": "auth", "phase": "end", "ts": 1679100, "status": 200}
{"id": "v000000643", "svc": "gateway", "phase": "start", "ts": 1680000, "status": 200}
{"id": "v000000643", "svc": "gateway", "phase": "end", "ts": 1680100, "status": 200}
{"id": "v000000644", "svc": "payment", "phase": "start", "ts": 1681000, "status": 200}
{"id": "v000000644", "svc": "payment", "phase": "end", "ts": 1681100, "status": 200}
{"id": "v000000645", "svc": "auth", "phase": "start", "ts": 1682000, "status": 200}
{"id": "v000000645", "svc": "auth", "phase": "end", "ts": 1682100, "status": 200}
{"id": "v000000646", "svc": "gateway", "phase": "start", "ts": 1683000, "status": 200}
{"id": "v000000646", "svc": "gateway", "phase": "end", "ts": 1683100, "status": 200}
{"id": "v000000647", "svc": "payment", "phase": "start", "ts": 1684000, "status": 200}
{"id": "v000000647", "svc": "payment", "phase": "end", "ts": 1684100, "status": 200}
{"id": "v000000648", "svc": "auth", "phase": "start", "ts": 1685000, "status": 200}
{"id": "v000000648", "svc": "auth", "phase": "end", "ts": 1685100, "status": 200}
   
{"id": "v000000649", "svc": "gateway", "phase": "start", "ts": 1686000, "status": 200}
{"id": "v000000649", "svc": "gateway", "phase": "end", "ts": 1686100, "status": 200}
{"id": "v000000650", "svc": "payment", "phase": "start", "ts": 1687000, "status": 200}
{"id": "v000000650", "svc": "payment", "phase": "end", "ts": 1687100, "status": 200}
{"id": "v000000651", "svc": "auth", "phase": "start", "ts": 1688000, "status": 200}
{"id": "v000000651", "svc": "auth", "phase": "end", "ts": 1688100, "status": 200}
{"id": "v000000652", "svc": "gateway", "phase": "start", "ts": 1689000, "status": 200}
{"id": "v000000652", "svc": "gateway", "phase": "end", "ts": 1689100, "status": 200}
{"id": "v000000653", "svc": "payment", "phase": "start", "ts": 1690000, "status": 200}
{"id": "v000000653", "svc": "payment", "phase": "end", "ts": 1690100, "status": 200}
{"id": "v000000654", "svc": "auth", "phase": "start", "ts": 1691000, "status": 200}
{"id": "v000000654", "svc": "auth", "phase": "end", "ts": 1691100, "status": 200}
{"id": "v000000655", "svc": "gateway", "phase": "start", "ts": 1692000, "status": 200}
{"id": "v000000655", "svc": "gateway", "phase": "end", "ts": 1692100, "status": 200}
{"id": "v000000656", "svc": "payment", "phase": "start", "ts": 1693000, "status": 200}
{"id": "v000000656", "svc": "payment", "phase": "end", "ts": 1693100, "status": 200}
{"id": "v000000657", "svc": "auth", "phase": "start", "ts": 1694000, "status": 200}
{"id": "v000000657", "svc": "auth", "phase": "end", "ts": 1694100, "status": 200}
{"id": "v000000658", "svc": "gateway", "phase": "start", "ts": 1695000, "status": 200}
{"id": "v000000658", "svc": "gateway", "phase": "end", "ts": 1695100, "status": 200}
{"id": "v000000659", "svc": "payment", "phase": "start", "ts": 1696000, "status": 200}
{"id": "v000000659", "svc": "payment", "phase": "end", "ts": 1696100, "status": 200}
{"id": "v000000660", "svc": "auth", "phase": "start", "ts": 1697000, "status": 200}
{"id": "v000000660", "svc": "auth", "phase": "end", "ts": 1697100, "status": 200}
   
{"id": "m", "svc": "gateway", "phase": "end", "ts": 1698000, "status": 200.0}
{"id": "v000000661", "svc": "gateway", "phase": "start", "ts": 1699000, "status": 200}
{"id": "v000000661", "svc": "gateway", "phase": "end", "ts": 1699100, "status": 200}
{"id": "v000000662", "svc": "payment", "phase": "start", "ts": 1700000, "status": 200}
{"id": "v000000662", "svc": "payment", "phase": "end", "ts": 1700100, "status": 200}
{"id": "v000000663", "svc": "auth", "phase": "start", "ts": 1701000, "status": 200}
{"id": "v000000663", "svc": "auth", "phase": "end", "ts": 1701100, "status": 200}
{"id": "v000000664", "svc": "gateway", "phase": "start", "ts": 1702000, "status": 200}
{"id": "v000000664", "svc": "gateway", "phase": "end", "ts": 1702100, "status": 200}
{"id": "v000000665", "svc": "payment", "phase": "start", "ts": 1703000, "status": 200}
{"id": "v000000665", "svc": "payment", "phase": "end", "ts": 1703100, "status": 200}
{"id": "v000000666", "svc": "auth", "phase": "start", "ts": 1704000, "status": 200}
{"id": "v000000666", "svc": "auth", "phase": "end", "ts": 1704100, "status": 200}
{"id": "v000000667", "svc": "gateway", "phase": "start", "ts": 1705000, "status": 200}
{"id": "v000000667", "svc": "gateway", "phase": "end", "ts": 1705100, "status": 200}
{"id": "v000000668", "svc": "payment", "phase": "start", "ts": 1706000, "status": 200}
{"id": "v000000668", "svc": "payment", "phase": "end", "ts": 1706100, "status": 200}
{"id": "v000000669", "svc": "auth", "phase": "start", "ts": 1707000, "status": 200}
{"id": "v000000669", "svc": "auth", "phase": "end", "ts": 1707100, "status": 200}
{"id": "v000000670", "svc": "gateway", "phase": "start", "ts": 1708000, "status": 200}
{"id": "v000000670", "svc": "gateway", "phase": "end", "ts": 1708100, "status": 200}
{"id": "v000000671", "svc": "payment", "phase": "start", "ts": 1709000, "status": 200}
{"id": "v000000671", "svc": "payment", "phase": "end", "ts": 1709100, "status": 200}
{"id": "v000000672", "svc": "auth", "phase": "start", "ts": 1710000, "status": 200}
{"id": "v000000672", "svc": "auth", "phase": "end", "ts": 1710100, "status": 200}
   
{"id": "v000000673", "svc": "gateway", "phase": "start", "ts": 1711000, "status": 200}
{"id": "v000000673", "svc": "gateway", "phase": "end", "ts": 1711100, "status": 200}
{"id": "v000000674", "svc": "payment", "phase": "start", "ts": 1712000, "status": 200}
{"id": "v000000674", "svc": "payment", "phase": "end", "ts": 1712100, "status": 200}
{"id": "v000000675", "svc": "auth", "phase": "start", "ts": 1713000, "status": 200}
{"id": "v000000675", "svc": "auth", "phase": "end", "ts": 1713100, "status": 200}
{"id": "v000000676", "svc": "gateway", "phase": "start", "ts": 1714000, "status": 200}
{"id": "v000000676", "svc": "gateway", "phase": "end", "ts": 1714100, "status": 200}
{"id": "v000000677", "svc": "payment", "phase": "start", "ts": 1715000, "status": 200}
{"id": "v000000677", "svc": "payment", "phase": "end", "ts": 1715100, "status": 200}
{"id": "v000000678", "svc": "auth", "phase": "start", "ts": 1716000, "status": 200}
{"id": "v000000678", "svc": "auth", "phase": "end", "ts": 1716100, "status": 200}
{"id": "v000000679", "svc": "gateway", "phase": "start", "ts": 1717000, "status": 200}
{"id": "v000000679", "svc": "gateway", "phase": "end", "ts": 1717100, "status": 200}
{"id": "v000000680", "svc": "payment", "phase": "start", "ts": 1718000, "status": 200}
{"id": "v000000680", "svc": "payment", "phase": "end", "ts": 1718100, "status": 200}
{"id": "m", "svc": "auth", "phase": "end", "ts": 1719000, "status": 99}
{"id": "v000000681", "svc": "auth", "phase": "start", "ts": 1720000, "status": 200}
{"id": "v000000681", "svc": "auth", "phase": "end", "ts": 1720100, "status": 200}
{"id": "v000000682", "svc": "gateway", "phase": "start", "ts": 1721000, "status": 200}
{"id": "v000000682", "svc": "gateway", "phase": "end", "ts": 1721100, "status": 200}
{"id": "v000000683", "svc": "payment", "phase": "start", "ts": 1722000, "status": 200}
{"id": "v000000683", "svc": "payment", "phase": "end", "ts": 1722100, "status": 200}
{"id": "v000000684", "svc": "auth", "phase": "start", "ts": 1723000, "status": 200}
{"id": "v000000684", "svc": "auth", "phase": "end", "ts": 1723100, "status": 200}
   
{"id": "v000000685", "svc": "gateway", "phase": "start", "ts": 1724000, "status": 200}
{"id": "v000000685", "svc": "gateway", "phase": "end", "ts": 1724100, "status": 200}
{"id": "v000000686", "svc": "payment", "phase": "start", "ts": 1725000, "status": 200}
{"id": "v000000686", "svc": "payment", "phase": "end", "ts": 1725100, "status": 200}
{"id": "v000000687", "svc": "auth", "phase": "start", "ts": 1726000, "status": 200}
{"id": "v000000687", "svc": "auth", "phase": "end", "ts": 1726100, "status": 200}
{"id": "v000000688", "svc": "gateway", "phase": "start", "ts": 1727000, "status": 200}
{"id": "v000000688", "svc": "gateway", "phase": "end", "ts": 1727100, "status": 200}
{"id": "v000000689", "svc": "payment", "phase": "start", "ts": 1728000, "status": 200}
{"id": "v000000689", "svc": "payment", "phase": "end", "ts": 1728100, "status": 200}
{"id": "v000000690", "svc": "auth", "phase": "start", "ts": 1729000, "status": 200}
{"id": "v000000690", "svc": "auth", "phase": "end", "ts": 1729100, "status": 200}
{"id": "v000000691", "svc": "gateway", "phase": "start", "ts": 1730000, "status": 200}
{"id": "v000000691", "svc": "gateway", "phase": "end", "ts": 1730100, "status": 200}
{"id": "v000000692", "svc": "payment", "phase": "start", "ts": 1731000, "status": 200}
{"id": "v000000692", "svc": "payment", "phase": "end", "ts": 1731100, "status": 200}
{"id": "v000000693", "svc": "auth", "phase": "start", "ts": 1732000, "status": 200}
{"id": "v000000693", "svc": "auth", "phase": "end", "ts": 1732100, "status": 200}
{"id": "v000000694", "svc": "gateway", "phase": "start", "ts": 1733000, "status": 200}
{"id": "v000000694", "svc": "gateway", "phase": "end", "ts": 1733100, "status": 200}
{"id": "v000000695", "svc": "payment", "phase": "start", "ts": 1734000, "status": 200}
{"id": "v000000695", "svc": "payment", "phase": "end", "ts": 1734100, "status": 200}
{"id": "v000000696", "svc": "auth", "phase": "start", "ts": 1735000, "status": 200}
{"id": "v000000696", "svc": "auth", "phase": "end", "ts": 1735100, "status": 200}
   
{"id": "v000000697", "svc": "gateway", "phase": "start", "ts": 1736000, "status": 200}
{"id": "v000000697", "svc": "gateway", "phase": "end", "ts": 1736100, "status": 200}
{"id": "v000000698", "svc": "payment", "phase": "start", "ts": 1737000, "status": 200}
{"id": "v000000698", "svc": "payment", "phase": "end", "ts": 1737100, "status": 200}
{"id": "v000000699", "svc": "auth", "phase": "start", "ts": 1738000, "status": 200}
{"id": "v000000699", "svc": "auth", "phase": "end", "ts": 1738100, "status": 200}
{"id": "v000000700", "svc": "gateway", "phase": "start", "ts": 1739000, "status": 200}
{"id": "v000000700", "svc": "gateway", "phase": "end", "ts": 1739100, "status": 200}
{"id": "m", "svc": "gateway", "phase": "tick", "ts": 1740000, "status": 200}
{"id": "oe000000700", "svc": "gateway", "phase": "end", "ts": 1741000, "status": 503}
{"id": "v000000701", "svc": "payment", "phase": "start", "ts": 1742000, "status": 200}
{"id": "v000000701", "svc": "payment", "phase": "end", "ts": 1742100, "status": 200}
{"id": "v000000702", "svc": "auth", "phase": "start", "ts": 1743000, "status": 200}
{"id": "v000000702", "svc": "auth", "phase": "end", "ts": 1743100, "status": 200}
{"id": "v000000703", "svc": "gateway", "phase": "start", "ts": 1744000, "status": 200}
{"id": "v000000703", "svc": "gateway", "phase": "end", "ts": 1744100, "status": 200}
{"id": "v000000704", "svc": "payment", "phase": "start", "ts": 1745000, "status": 200}
{"id": "v000000704", "svc": "payment", "phase": "end", "ts": 1745100, "status": 200}
{"id": "v000000705", "svc": "auth", "phase": "start", "ts": 1746000, "status": 200}
{"id": "v000000705", "svc": "auth", "phase": "end", "ts": 1746100, "status": 200}
{"id": "v000000706", "svc": "gateway", "phase": "start", "ts": 1747000, "status": 200}
{"id": "v000000706", "svc": "gateway", "phase": "end", "ts": 1747100, "status": 200}
{"id": "v000000707", "svc": "payment", "phase": "start", "ts": 1748000, "status": 200}
{"id": "v000000707", "svc": "payment", "phase": "end", "ts": 1748100, "status": 200}
{"id": "v000000708", "svc": "auth", "phase": "start", "ts": 1749000, "status": 200}
{"id": "v000000708", "svc": "auth", "phase": "end", "ts": 1749100, "status": 200}
   
{"id": "v000000709", "svc": "gateway", "phase": "start", "ts": 1750000, "status": 200}
{"id": "v000000709", "svc": "gateway", "phase": "end", "ts": 1750100, "status": 200}
{"id": "v000000710", "svc": "payment", "phase": "start", "ts": 1751000, "status": 200}
{"id": "v000000710", "svc": "payment", "phase": "end", "ts": 1751100, "status": 200}
{"id": "v000000711", "svc": "auth", "phase": "start", "ts": 1752000, "status": 200}
{"id": "v000000711", "svc": "auth", "phase": "end", "ts": 1752100, "status": 200}
{"id": "v000000712", "svc": "gateway", "phase": "start", "ts": 1753000, "status": 200}
{"id": "v000000712", "svc": "gateway", "phase": "end", "ts": 1753100, "status": 200}
{"id": "v000000713", "svc": "payment", "phase": "start", "ts": 1754000, "status": 200}
{"id": "v000000713", "svc": "payment", "phase": "end", "ts": 1754100, "status": 200}
{"id": "v000000714", "svc": "auth", "phase": "start", "ts": 1755000, "status": 200}
{"id": "v000000714", "svc": "auth", "phase": "end", "ts": 1755100, "status": 200}
{"id": "v000000715", "svc": "gateway", "phase": "start", "ts": 1756000, "status": 200}
{"id": "v000000715", "svc": "gateway", "phase": "end", "ts": 1756100, "status": 200}
{"id": "v000000716", "svc": "payment", "phase": "start", "ts": 1757000, "status": 200}
{"id": "v000000716", "svc": "payment", "phase": "end", "ts": 1757100, "status": 200}
{"id": "v000000717", "svc": "auth", "phase": "start", "ts": 1758000, "status": 200}
{"id": "v000000717", "svc": "auth", "phase": "end", "ts": 1758100, "status": 200}
{"id": "v000000718", "svc": "gateway", "phase": "start", "ts": 1759000, "status": 200}
{"id": "v000000718", "svc": "gateway", "phase": "end", "ts": 1759100, "status": 200}
{"id": "v000000719", "svc": "payment", "phase": "start", "ts": 1760000, "status": 200}
{"id": "v000000719", "svc": "payment", "phase": "end", "ts": 1760100, "status": 200}
{"id": "v000000720", "svc": "auth", "phase": "start", "ts": 1761000, "status": 200}
{"id": "v000000720", "svc": "auth", "phase": "end", "ts": 1761100, "status": 200}
   
this is not json at all }{
{"id": "v000000721", "svc": "gateway", "phase": "start", "ts": 1763000, "status": 200}
{"id": "v000000721", "svc": "gateway", "phase": "end", "ts": 1763100, "status": 200}
{"id": "v000000722", "svc": "payment", "phase": "start", "ts": 1764000, "status": 200}
{"id": "v000000722", "svc": "payment", "phase": "end", "ts": 1764100, "status": 200}
{"id": "v000000723", "svc": "auth", "phase": "start", "ts": 1765000, "status": 200}
{"id": "v000000723", "svc": "auth", "phase": "end", "ts": 1765100, "status": 200}
{"id": "v000000724", "svc": "gateway", "phase": "start", "ts": 1766000, "status": 200}
{"id": "v000000724", "svc": "gateway", "phase": "end", "ts": 1766100, "status": 200}
{"id": "v000000725", "svc": "payment", "phase": "start", "ts": 1767000, "status": 200}
{"id": "v000000725", "svc": "payment", "phase": "end", "ts": 1767100, "status": 200}
{"id": "v000000726", "svc": "auth", "phase": "start", "ts": 1768000, "status": 200}
{"id": "v000000726", "svc": "auth", "phase": "end", "ts": 1768100, "status": 200}
{"id": "v000000727", "svc": "gateway", "phase": "start", "ts": 1769000, "status": 200}
{"id": "v000000727", "svc": "gateway", "phase": "end", "ts": 1769100, "status": 200}
{"id": "v000000728", "svc": "payment", "phase": "start", "ts": 1770000, "status": 200}
{"id": "v000000728", "svc": "payment", "phase": "end", "ts": 1770100, "status": 200}
{"id": "v000000729", "svc": "auth", "phase": "start", "ts": 1771000, "status": 200}
{"id": "v000000729", "svc": "auth", "phase": "end", "ts": 1771100, "status": 200}
{"id": "v000000730", "svc": "gateway", "phase": "start", "ts": 1772000, "status": 200}
{"id": "v000000730", "svc": "gateway", "phase": "end", "ts": 1772100, "status": 200}
{"id": "v000000731", "svc": "payment", "phase": "start", "ts": 1773000, "status": 200}
{"id": "v000000731", "svc": "payment", "phase": "end", "ts": 1773100, "status": 200}
{"id": "v000000732", "svc": "auth", "phase": "start", "ts": 1774000, "status": 200}
{"id": "v000000732", "svc": "auth", "phase": "end", "ts": 1774100, "status": 200}
   
{"id": "v000000733", "svc": "gateway", "phase": "start", "ts": 1775000, "status": 200}
{"id": "v000000733", "svc": "gateway", "phase": "end", "ts": 1775100, "status": 200}
{"id": "v000000734", "svc": "payment", "phase": "start", "ts": 1776000, "status": 200}
{"id": "v000000734", "svc": "payment", "phase": "end", "ts": 1776100, "status": 200}
{"id": "v000000735", "svc": "auth", "phase": "start", "ts": 1777000, "status": 200}
{"id": "v000000735", "svc": "auth", "phase": "end", "ts": 1777100, "status": 200}
{"id": "v000000736", "svc": "gateway", "phase": "start", "ts": 1778000, "status": 200}
{"id": "v000000736", "svc": "gateway", "phase": "end", "ts": 1778100, "status": 200}
{"id": "v000000737", "svc": "payment", "phase": "start", "ts": 1779000, "status": 200}
{"id": "v000000737", "svc": "payment", "phase": "end", "ts": 1779100, "status": 200}
{"id": "v000000738", "svc": "auth", "phase": "start", "ts": 1780000, "status": 200}
{"id": "v000000738", "svc": "auth", "phase": "end", "ts": 1780100, "status": 200}
{"id": "v000000739", "svc": "gateway", "phase": "start", "ts": 1781000, "status": 200}
{"id": "v000000739", "svc": "gateway", "phase": "end", "ts": 1781100, "status": 200}
{"id": "v000000740", "svc": "payment", "phase": "start", "ts": 1782000, "status": 200}
{"id": "v000000740", "svc": "payment", "phase": "end", "ts": 1782100, "status": 200}
{"id": "m", "svc": "auth", "phase": "start", "ts": 1783000, "status": 200, "trace": "x"}
{"id": "v000000741", "svc": "auth", "phase": "start", "ts": 1784000, "status": 200}
{"id": "v000000741", "svc": "auth", "phase": "end", "ts": 1784100, "status": 200}
{"id": "v000000742", "svc": "gateway", "phase": "start", "ts": 1785000, "status": 200}
{"id": "v000000742", "svc": "gateway", "phase": "end", "ts": 1785100, "status": 200}
{"id": "v000000743", "svc": "payment", "phase": "start", "ts": 1786000, "status": 200}
{"id": "v000000743", "svc": "payment", "phase": "end", "ts": 1786100, "status": 200}
{"id": "v000000744", "svc": "auth", "phase": "start", "ts": 1787000, "status": 200}
{"id": "v000000744", "svc": "auth", "phase": "end", "ts": 1787100, "status": 200}
   
{"id": "v000000745", "svc": "gateway", "phase": "start", "ts": 1788000, "status": 200}
{"id": "v000000745", "svc": "gateway", "phase": "end", "ts": 1788100, "status": 200}
{"id": "v000000746", "svc": "payment", "phase": "start", "ts": 1789000, "status": 200}
{"id": "v000000746", "svc": "payment", "phase": "end", "ts": 1789100, "status": 200}
{"id": "v000000747", "svc": "auth", "phase": "start", "ts": 1790000, "status": 200}
{"id": "v000000747", "svc": "auth", "phase": "end", "ts": 1790100, "status": 200}
{"id": "v000000748", "svc": "gateway", "phase": "start", "ts": 1791000, "status": 200}
{"id": "v000000748", "svc": "gateway", "phase": "end", "ts": 1791100, "status": 200}
{"id": "v000000749", "svc": "payment", "phase": "start", "ts": 1792000, "status": 200}
{"id": "v000000749", "svc": "payment", "phase": "end", "ts": 1792100, "status": 200}
{"id": "v000000750", "svc": "auth", "phase": "start", "ts": 1793000, "status": 200}
{"id": "v000000750", "svc": "auth", "phase": "end", "ts": 1793100, "status": 200}
{"id": "v000000751", "svc": "gateway", "phase": "start", "ts": 1794000, "status": 200}
{"id": "v000000751", "svc": "gateway", "phase": "end", "ts": 1794100, "status": 200}
{"id": "v000000752", "svc": "payment", "phase": "start", "ts": 1795000, "status": 200}
{"id": "v000000752", "svc": "payment", "phase": "end", "ts": 1795100, "status": 200}
{"id": "v000000753", "svc": "auth", "phase": "start", "ts": 1796000, "status": 200}
{"id": "v000000753", "svc": "auth", "phase": "end", "ts": 1796100, "status": 200}
{"id": "v000000754", "svc": "gateway", "phase": "start", "ts": 1797000, "status": 200}
{"id": "v000000754", "svc": "gateway", "phase": "end", "ts": 1797100, "status": 200}
{"id": "v000000755", "svc": "payment", "phase": "start", "ts": 1798000, "status": 200}
{"id": "v000000755", "svc": "payment", "phase": "end", "ts": 1798100, "status": 200}
{"id": "v000000756", "svc": "auth", "phase": "start", "ts": 1799000, "status": 200}
{"id": "v000000756", "svc": "auth", "phase": "end", "ts": 1799100, "status": 200}
   
{"id": "v000000757", "svc": "gateway", "phase": "start", "ts": 1800000, "status": 200}
{"id": "v000000757", "svc": "gateway", "phase": "end", "ts": 1800100, "status": 200}
{"id": "v000000758", "svc": "payment", "phase": "start", "ts": 1801000, "status": 200}
{"id": "v000000758", "svc": "payment", "phase": "end", "ts": 1801100, "status": 200}
{"id": "v000000759", "svc": "auth", "phase": "start", "ts": 1802000, "status": 200}
{"id": "v000000759", "svc": "auth", "phase": "end", "ts": 1802100, "status": 200}
{"id": "v000000760", "svc": "gateway", "phase": "start", "ts": 1803000, "status": 200}
{"id": "v000000760", "svc": "gateway", "phase": "end", "ts": 1803100, "status": 200}
{"id": "m", "svc": "payment", "phase": "start", "ts": true, "status": 200}
{"id": "v000000761", "svc": "payment", "phase": "start", "ts": 1805000, "status": 200}
{"id": "v000000761", "svc": "payment", "phase": "end", "ts": 1805100, "status": 200}
{"id": "v000000762", "svc": "auth", "phase": "start", "ts": 1806000, "status": 200}
{"id": "v000000762", "svc": "auth", "phase": "end", "ts": 1806100, "status": 200}
{"id": "v000000763", "svc": "gateway", "phase": "start", "ts": 1807000, "status": 200}
{"id": "v000000763", "svc": "gateway", "phase": "end", "ts": 1807100, "status": 200}
{"id": "v000000764", "svc": "payment", "phase": "start", "ts": 1808000, "status": 200}
{"id": "v000000764", "svc": "payment", "phase": "end", "ts": 1808100, "status": 200}
{"id": "v000000765", "svc": "auth", "phase": "start", "ts": 1809000, "status": 200}
{"id": "v000000765", "svc": "auth", "phase": "end", "ts": 1809100, "status": 200}
{"id": "v000000766", "svc": "gateway", "phase": "start", "ts": 1810000, "status": 200}
{"id": "v000000766", "svc": "gateway", "phase": "end", "ts": 1810100, "status": 200}
{"id": "v000000767", "svc": "payment", "phase": "start", "ts": 1811000, "status": 200}
{"id": "v000000767", "svc": "payment", "phase": "end", "ts": 1811100, "status": 200}
{"id": "v000000768", "svc": "auth", "phase": "start", "ts": 1812000, "status": 200}
{"id": "v000000768", "svc": "auth", "phase": "end", "ts": 1812100, "status": 200}
   
{"id": "v000000769", "svc": "gateway", "phase": "start", "ts": 1813000, "status": 200}
{"id": "v000000769", "svc": "gateway", "phase": "end", "ts": 1813100, "status": 200}
{"id": "v000000770", "svc": "payment", "phase": "start", "ts": 1814000, "status": 200}
{"id": "v000000770", "svc": "payment", "phase": "end", "ts": 1814100, "status": 200}
{"id": "v000000771", "svc": "auth", "phase": "start", "ts": 1815000, "status": 200}
{"id": "v000000771", "svc": "auth", "phase": "end", "ts": 1815100, "status": 200}
{"id": "v000000772", "svc": "gateway", "phase": "start", "ts": 1816000, "status": 200}
{"id": "v000000772", "svc": "gateway", "phase": "end", "ts": 1816100, "status": 200}
{"id": "v000000773", "svc": "payment", "phase": "start", "ts": 1817000, "status": 200}
{"id": "v000000773", "svc": "payment", "phase": "end", "ts": 1817100, "status": 200}
{"id": "v000000774", "svc": "auth", "phase": "start", "ts": 1818000, "status": 200}
{"id": "v000000774", "svc": "auth", "phase": "end", "ts": 1818100, "status": 200}
{"id": "v000000775", "svc": "gateway", "phase": "start", "ts": 1819000, "status": 200}
{"id": "v000000775", "svc": "gateway", "phase": "end", "ts": 1819100, "status": 200}
{"id": "v000000776", "svc": "payment", "phase": "start", "ts": 1820000, "status": 200}
{"id": "v000000776", "svc": "payment", "phase": "end", "ts": 1820100, "status": 200}
{"id": "v000000777", "svc": "auth", "phase": "start", "ts": 1821000, "status": 200}
{"id": "v000000777", "svc": "auth", "phase": "end", "ts": 1821100, "status": 200}
{"id": "v000000778", "svc": "gateway", "phase": "start", "ts": 1822000, "status": 200}
{"id": "v000000778", "svc": "gateway", "phase": "end", "ts": 1822100, "status": 200}
{"id": "v000000779", "svc": "payment", "phase": "start", "ts": 1823000, "status": 200}
{"id": "v000000779", "svc": "payment", "phase": "end", "ts": 1823100, "status": 200}
{"id": "v000000780", "svc": "auth", "phase": "start", "ts": 1824000, "status": 200}
{"id": "v000000780", "svc": "auth", "phase": "end", "ts": 1824100, "status": 200}
   
{"id": "m", "svc": "billing", "phase": "start", "ts": 1825000, "status": 200}
{"id": "v000000781", "svc": "gateway", "phase": "start", "ts": 1826000, "status": 200}
{"id": "v000000781", "svc": "gateway", "phase": "end", "ts": 1826100, "status": 200}
{"id": "v000000782", "svc": "payment", "phase": "start", "ts": 1827000, "status": 200}
{"id": "v000000782", "svc": "payment", "phase": "end", "ts": 1827100, "status": 200}
{"id": "v000000783", "svc": "auth", "phase": "start", "ts": 1828000, "status": 200}
{"id": "v000000783", "svc": "auth", "phase": "end", "ts": 1828100, "status": 200}
{"id": "v000000784", "svc": "gateway", "phase": "start", "ts": 1829000, "status": 200}
{"id": "v000000784", "svc": "gateway", "phase": "end", "ts": 1829100, "status": 200}
{"id": "v000000785", "svc": "payment", "phase": "start", "ts": 1830000, "status": 200}
{"id": "v000000785", "svc": "payment", "phase": "end", "ts": 1830100, "status": 200}
{"id": "v000000786", "svc": "auth", "phase": "start", "ts": 1831000, "status": 200}
{"id": "v000000786", "svc": "auth", "phase": "end", "ts": 1831100, "status": 200}
{"id": "v000000787", "svc": "gateway", "phase": "start", "ts": 1832000, "status": 200}
{"id": "v000000787", "svc": "gateway", "phase": "end", "ts": 1832100, "status": 200}
{"id": "v000000788", "svc": "payment", "phase": "start", "ts": 1833000, "status": 200}
{"id": "v000000788", "svc": "payment", "phase": "end", "ts": 1833100, "status": 200}
{"id": "v000000789", "svc": "auth", "phase": "start", "ts": 1834000, "status": 200}
{"id": "v000000789", "svc": "auth", "phase": "end", "ts": 1834100, "status": 200}
{"id": "v000000790", "svc": "gateway", "phase": "start", "ts": 1835000, "status": 200}
{"id": "v000000790", "svc": "gateway", "phase": "end", "ts": 1835100, "status": 200}
{"id": "v000000791", "svc": "payment", "phase": "start", "ts": 1836000, "status": 200}
{"id": "v000000791", "svc": "payment", "phase": "end", "ts": 1836100, "status": 200}
{"id": "v000000792", "svc": "auth", "phase": "start", "ts": 1837000, "status": 200}
{"id": "v000000792", "svc": "auth", "phase": "end", "ts": 1837100, "status": 200}
   
{"id": "v000000793", "svc": "gateway", "phase": "start", "ts": 1838000, "status": 200}
{"id": "v000000793", "svc": "gateway", "phase": "end", "ts": 1838100, "status": 200}
{"id": "v000000794", "svc": "payment", "phase": "start", "ts": 1839000, "status": 200}
{"id": "v000000794", "svc": "payment", "phase": "end", "ts": 1839100, "status": 200}
{"id": "v000000795", "svc": "auth", "phase": "start", "ts": 1840000, "status": 200}
{"id": "v000000795", "svc": "auth", "phase": "end", "ts": 1840100, "status": 200}
{"id": "v000000796", "svc": "gateway", "phase": "start", "ts": 1841000, "status": 200}
{"id": "v000000796", "svc": "gateway", "phase": "end", "ts": 1841100, "status": 200}
{"id": "v000000797", "svc": "payment", "phase": "start", "ts": 1842000, "status": 200}
{"id": "v000000797", "svc": "payment", "phase": "end", "ts": 1842100, "status": 200}
{"id": "v000000798", "svc": "auth", "phase": "start", "ts": 1843000, "status": 200}
{"id": "v000000798", "svc": "auth", "phase": "end", "ts": 1843100, "status": 200}
{"id": "v000000799", "svc": "gateway", "phase": "start", "ts": 1844000, "status": 200}
{"id": "v000000799", "svc": "gateway", "phase": "end", "ts": 1844100, "status": 200}
{"id": "v000000800", "svc": "payment", "phase": "start", "ts": 1845000, "status": 200}
{"id": "v000000800", "svc": "payment", "phase": "end", "ts": 1845100, "status": 200}
{"id": "m", "svc": "payment", "phase": "end", "ts": 1846000, "status": true}
{"id": "v000000801", "svc": "auth", "phase": "start", "ts": 1847000, "status": 200}
{"id": "v000000801", "svc": "auth", "phase": "end", "ts": 1847100, "status": 200}
{"id": "v000000802", "svc": "gateway", "phase": "start", "ts": 1848000, "status": 200}
{"id": "v000000802", "svc": "gateway", "phase": "end", "ts": 1848100, "status": 200}
{"id": "v000000803", "svc": "payment", "phase": "start", "ts": 1849000, "status": 200}
{"id": "v000000803", "svc": "payment", "phase": "end", "ts": 1849100, "status": 200}
{"id": "v000000804", "svc": "auth", "phase": "start", "ts": 1850000, "status": 200}
{"id": "v000000804", "svc": "auth", "phase": "end", "ts": 1850100, "status": 200}
   
{"id": "v000000805", "svc": "gateway", "phase": "start", "ts": 1851000, "status": 200}
{"id": "v000000805", "svc": "gateway", "phase": "end", "ts": 1851100, "status": 200}
{"id": "v000000806", "svc": "payment", "phase": "start", "ts": 1852000, "status": 200}
{"id": "v000000806", "svc": "payment", "phase": "end", "ts": 1852100, "status": 200}
{"id": "v000000807", "svc": "auth", "phase": "start", "ts": 1853000, "status": 200}
{"id": "v000000807", "svc": "auth", "phase": "end", "ts": 1853100, "status": 200}
{"id": "v000000808", "svc": "gateway", "phase": "start", "ts": 1854000, "status": 200}
{"id": "v000000808", "svc": "gateway", "phase": "end", "ts": 1854100, "status": 200}
{"id": "v000000809", "svc": "payment", "phase": "start", "ts": 1855000, "status": 200}
{"id": "v000000809", "svc": "payment", "phase": "end", "ts": 1855100, "status": 200}
{"id": "v000000810", "svc": "auth", "phase": "start", "ts": 1856000, "status": 200}
{"id": "v000000810", "svc": "auth", "phase": "end", "ts": 1856100, "status": 200}
{"id": "v000000811", "svc": "gateway", "phase": "start", "ts": 1857000, "status": 200}
{"id": "v000000811", "svc": "gateway", "phase": "end", "ts": 1857100, "status": 200}
{"id": "v000000812", "svc": "payment", "phase": "start", "ts": 1858000, "status": 200}
{"id": "v000000812", "svc": "payment", "phase": "end", "ts": 1858100, "status": 200}
{"id": "v000000813", "svc": "auth", "phase": "start", "ts": 1859000, "status": 200}
{"id": "v000000813", "svc": "auth", "phase": "end", "ts": 1859100, "status": 200}
{"id": "v000000814", "svc": "gateway", "phase": "start", "ts": 1860000, "status": 200}
{"id": "v000000814", "svc": "gateway", "phase": "end", "ts": 1860100, "status": 200}
{"id": "v000000815", "svc": "payment", "phase": "start", "ts": 1861000, "status": 200}
{"id": "v000000815", "svc": "payment", "phase": "end", "ts": 1861100, "status": 200}
{"id": "v000000816", "svc": "auth", "phase": "start", "ts": 1862000, "status": 200}
{"id": "v000000816", "svc": "auth", "phase": "end", "ts": 1862100, "status": 200}
   
{"id": "v000000817", "svc": "gateway", "phase": "start", "ts": 1863000, "status": 200}
{"id": "v000000817", "svc": "gateway", "phase": "end", "ts": 1863100, "status": 200}
{"id": "v000000818", "svc": "payment", "phase": "start", "ts": 1864000, "status": 200}
{"id": "v000000818", "svc": "payment", "phase": "end", "ts": 1864100, "status": 200}
{"id": "v000000819", "svc": "auth", "phase": "start", "ts": 1865000, "status": 200}
{"id": "v000000819", "svc": "auth", "phase": "end", "ts": 1865100, "status": 200}
{"id": "v000000820", "svc": "gateway", "phase": "start", "ts": 1866000, "status": 200}
{"id": "v000000820", "svc": "gateway", "phase": "end", "ts": 1866100, "status": 200}
{"id": "m", "svc": "auth", "phase": "start", "ts": 1867000}
{"id": "v000000821", "svc": "payment", "phase": "start", "ts": 1868000, "status": 200}
{"id": "v000000821", "svc": "payment", "phase": "end", "ts": 1868100, "status": 200}
{"id": "v000000822", "svc": "auth", "phase": "start", "ts": 1869000, "status": 200}
{"id": "v000000822", "svc": "auth", "phase": "end", "ts": 1869100, "status": 200}
{"id": "v000000823", "svc": "gateway", "phase": "start", "ts": 1870000, "status": 200}
{"id": "v000000823", "svc": "gateway", "phase": "end", "ts": 1870100, "status": 200}
{"id": "v000000824", "svc": "payment", "phase": "start", "ts": 1871000, "status": 200}
{"id": "v000000824", "svc": "payment", "phase": "end", "ts": 1871100, "status": 200}
{"id": "v000000825", "svc": "auth", "phase": "start", "ts": 1872000, "status": 200}
{"id": "v000000825", "svc": "auth", "phase": "end", "ts": 1872100, "status": 200}
{"id": "v000000826", "svc": "gateway", "phase": "start", "ts": 1873000, "status": 200}
{"id": "v000000826", "svc": "gateway", "phase": "end", "ts": 1873100, "status": 200}
{"id": "v000000827", "svc": "payment", "phase": "start", "ts": 1874000, "status": 200}
{"id": "v000000827", "svc": "payment", "phase": "end", "ts": 1874100, "status": 200}
{"id": "v000000828", "svc": "auth", "phase": "start", "ts": 1875000, "status": 200}
{"id": "v000000828", "svc": "auth", "phase": "end", "ts": 1875100, "status": 200}
   
{"id": "v000000829", "svc": "gateway", "phase": "start", "ts": 1876000, "status": 200}
{"id": "v000000829", "svc": "gateway", "phase": "end", "ts": 1876100, "status": 200}
{"id": "v000000830", "svc": "payment", "phase": "start", "ts": 1877000, "status": 200}
{"id": "v000000830", "svc": "payment", "phase": "end", "ts": 1877100, "status": 200}
{"id": "v000000831", "svc": "auth", "phase": "start", "ts": 1878000, "status": 200}
{"id": "v000000831", "svc": "auth", "phase": "end", "ts": 1878100, "status": 200}
{"id": "v000000832", "svc": "gateway", "phase": "start", "ts": 1879000, "status": 200}
{"id": "v000000832", "svc": "gateway", "phase": "end", "ts": 1879100, "status": 200}
{"id": "v000000833", "svc": "payment", "phase": "start", "ts": 1880000, "status": 200}
{"id": "v000000833", "svc": "payment", "phase": "end", "ts": 1880100, "status": 200}
{"id": "v000000834", "svc": "auth", "phase": "start", "ts": 1881000, "status": 200}
{"id": "v000000834", "svc": "auth", "phase": "end", "ts": 1881100, "status": 200}
{"id": "v000000835", "svc": "gateway", "phase": "start", "ts": 1882000, "status": 200}
{"id": "v000000835", "svc": "gateway", "phase": "end", "ts": 1882100, "status": 200}
{"id": "v000000836", "svc": "payment", "phase": "start", "ts": 1883000, "status": 200}
{"id": "v000000836", "svc": "payment", "phase": "end", "ts": 1883100, "status": 200}
{"id": "v000000837", "svc": "auth", "phase": "start", "ts": 1884000, "status": 200}
{"id": "v000000837", "svc": "auth", "phase": "end", "ts": 1884100, "status": 200}
{"id": "v000000838", "svc": "gateway", "phase": "start", "ts": 1885000, "status": 200}
{"id": "v000000838", "svc": "gateway", "phase": "end", "ts": 1885100, "status": 200}
{"id": "v000000839", "svc": "payment", "phase": "start", "ts": 1886000, "status": 200}
{"id": "v000000839", "svc": "payment", "phase": "end", "ts": 1886100, "status": 200}
{"id": "v000000840", "svc": "auth", "phase": "start", "ts": 1887000, "status": 200}
{"id": "v000000840", "svc": "auth", "phase": "end", "ts": 1887100, "status": 200}
   
{"id": "m", "svc": "gateway", "phase": "end", "ts": 1888000, "status": 200.0}
{"id": "v000000841", "svc": "gateway", "phase": "start", "ts": 1889000, "status": 200}
{"id": "v000000841", "svc": "gateway", "phase": "end", "ts": 1889100, "status": 200}
{"id": "v000000842", "svc": "payment", "phase": "start", "ts": 1890000, "status": 200}
{"id": "v000000842", "svc": "payment", "phase": "end", "ts": 1890100, "status": 200}
{"id": "v000000843", "svc": "auth", "phase": "start", "ts": 1891000, "status": 200}
{"id": "v000000843", "svc": "auth", "phase": "end", "ts": 1891100, "status": 200}
{"id": "v000000844", "svc": "gateway", "phase": "start", "ts": 1892000, "status": 200}
{"id": "v000000844", "svc": "gateway", "phase": "end", "ts": 1892100, "status": 200}
{"id": "v000000845", "svc": "payment", "phase": "start", "ts": 1893000, "status": 200}
{"id": "v000000845", "svc": "payment", "phase": "end", "ts": 1893100, "status": 200}
{"id": "v000000846", "svc": "auth", "phase": "start", "ts": 1894000, "status": 200}
{"id": "v000000846", "svc": "auth", "phase": "end", "ts": 1894100, "status": 200}
{"id": "v000000847", "svc": "gateway", "phase": "start", "ts": 1895000, "status": 200}
{"id": "v000000847", "svc": "gateway", "phase": "end", "ts": 1895100, "status": 200}
{"id": "v000000848", "svc": "payment", "phase": "start", "ts": 1896000, "status": 200}
{"id": "v000000848", "svc": "payment", "phase": "end", "ts": 1896100, "status": 200}
{"id": "v000000849", "svc": "auth", "phase": "start", "ts": 1897000, "status": 200}
{"id": "v000000849", "svc": "auth", "phase": "end", "ts": 1897100, "status": 200}
{"id": "v000000850", "svc": "gateway", "phase": "start", "ts": 1898000, "status": 200}
{"id": "v000000850", "svc": "gateway", "phase": "end", "ts": 1898100, "status": 200}
{"id": "v000000851", "svc": "payment", "phase": "start", "ts": 1899000, "status": 200}
{"id": "v000000851", "svc": "payment", "phase": "end", "ts": 1899100, "status": 200}
{"id": "v000000852", "svc": "auth", "phase": "start", "ts": 1900000, "status": 200}
{"id": "v000000852", "svc": "auth", "phase": "end", "ts": 1900100, "status": 200}
   
{"id": "v000000853", "svc": "gateway", "phase": "start", "ts": 1901000, "status": 200}
{"id": "v000000853", "svc": "gateway", "phase": "end", "ts": 1901100, "status": 200}
{"id": "v000000854", "svc": "payment", "phase": "start", "ts": 1902000, "status": 200}
{"id": "v000000854", "svc": "payment", "phase": "end", "ts": 1902100, "status": 200}
{"id": "v000000855", "svc": "auth", "phase": "start", "ts": 1903000, "status": 200}
{"id": "v000000855", "svc": "auth", "phase": "end", "ts": 1903100, "status": 200}
{"id": "v000000856", "svc": "gateway", "phase": "start", "ts": 1904000, "status": 200}
{"id": "v000000856", "svc": "gateway", "phase": "end", "ts": 1904100, "status": 200}
{"id": "v000000857", "svc": "payment", "phase": "start", "ts": 1905000, "status": 200}
{"id": "v000000857", "svc": "payment", "phase": "end", "ts": 1905100, "status": 200}
{"id": "v000000858", "svc": "auth", "phase": "start", "ts": 1906000, "status": 200}
{"id": "v000000858", "svc": "auth", "phase": "end", "ts": 1906100, "status": 200}
{"id": "v000000859", "svc": "gateway", "phase": "start", "ts": 1907000, "status": 200}
{"id": "v000000859", "svc": "gateway", "phase": "end", "ts": 1907100, "status": 200}
{"id": "v000000860", "svc": "payment", "phase": "start", "ts": 1908000, "status": 200}
{"id": "v000000860", "svc": "payment", "phase": "end", "ts": 1908100, "status": 200}
{"id": "m", "svc": "auth", "phase": "end", "ts": 1909000, "status": 99}
{"id": "v000000861", "svc": "auth", "phase": "start", "ts": 1910000, "status": 200}
{"id": "v000000861", "svc": "auth", "phase": "end", "ts": 1910100, "status": 200}
{"id": "v000000862", "svc": "gateway", "phase": "start", "ts": 1911000, "status": 200}
{"id": "v000000862", "svc": "gateway", "phase": "end", "ts": 1911100, "status": 200}
{"id": "v000000863", "svc": "payment", "phase": "start", "ts": 1912000, "status": 200}
{"id": "v000000863", "svc": "payment", "phase": "end", "ts": 1912100, "status": 200}
{"id": "v000000864", "svc": "auth", "phase": "start", "ts": 1913000, "status": 200}
{"id": "v000000864", "svc": "auth", "phase": "end", "ts": 1913100, "status": 200}
   
{"id": "v000000865", "svc": "gateway", "phase": "start", "ts": 1914000, "status": 200}
{"id": "v000000865", "svc": "gateway", "phase": "end", "ts": 1914100, "status": 200}
{"id": "v000000866", "svc": "payment", "phase": "start", "ts": 1915000, "status": 200}
{"id": "v000000866", "svc": "payment", "phase": "end", "ts": 1915100, "status": 200}
{"id": "v000000867", "svc": "auth", "phase": "start", "ts": 1916000, "status": 200}
{"id": "v000000867", "svc": "auth", "phase": "end", "ts": 1916100, "status": 200}
{"id": "v000000868", "svc": "gateway", "phase": "start", "ts": 1917000, "status": 200}
{"id": "v000000868", "svc": "gateway", "phase": "end", "ts": 1917100, "status": 200}
{"id": "v000000869", "svc": "payment", "phase": "start", "ts": 1918000, "status": 200}
{"id": "v000000869", "svc": "payment", "phase": "end", "ts": 1918100, "status": 200}
{"id": "v000000870", "svc": "auth", "phase": "start", "ts": 1919000, "status": 200}
{"id": "v000000870", "svc": "auth", "phase": "end", "ts": 1919100, "status": 200}
{"id": "v000000871", "svc": "gateway", "phase": "start", "ts": 1920000, "status": 200}
{"id": "v000000871", "svc": "gateway", "phase": "end", "ts": 1920100, "status": 200}
{"id": "v000000872", "svc": "payment", "phase": "start", "ts": 1921000, "status": 200}
{"id": "v000000872", "svc": "payment", "phase": "end", "ts": 1921100, "status": 200}
{"id": "v000000873", "svc": "auth", "phase": "start", "ts": 1922000, "status": 200}
{"id": "v000000873", "svc": "auth", "phase": "end", "ts": 1922100, "status": 200}
{"id": "v000000874", "svc": "gateway", "phase": "start", "ts": 1923000, "status": 200}
{"id": "v000000874", "svc": "gateway", "phase": "end", "ts": 1923100, "status": 200}
{"id": "v000000875", "svc": "payment", "phase": "start", "ts": 1924000, "status": 200}
{"id": "v000000875", "svc": "payment", "phase": "end", "ts": 1924100, "status": 200}
{"id": "v000000876", "svc": "auth", "phase": "start", "ts": 1925000, "status": 200}
{"id": "v000000876", "svc": "auth", "phase": "end", "ts": 1925100, "status": 200}
   
{"id": "v000000877", "svc": "gateway", "phase": "start", "ts": 1926000, "status": 200}
{"id": "v000000877", "svc": "gateway", "phase": "end", "ts": 1926100, "status": 200}
{"id": "v000000878", "svc": "payment", "phase": "start", "ts": 1927000, "status": 200}
{"id": "v000000878", "svc": "payment", "phase": "end", "ts": 1927100, "status": 200}
{"id": "v000000879", "svc": "auth", "phase": "start", "ts": 1928000, "status": 200}
{"id": "v000000879", "svc": "auth", "phase": "end", "ts": 1928100, "status": 200}
{"id": "v000000880", "svc": "gateway", "phase": "start", "ts": 1929000, "status": 200}
{"id": "v000000880", "svc": "gateway", "phase": "end", "ts": 1929100, "status": 200}
{"id": "m", "svc": "gateway", "phase": "tick", "ts": 1930000, "status": 200}
{"id": "v000000881", "svc": "payment", "phase": "start", "ts": 1931000, "status": 200}
{"id": "v000000881", "svc": "payment", "phase": "end", "ts": 1931100, "status": 200}
{"id": "v000000882", "svc": "auth", "phase": "start", "ts": 1932000, "status": 200}
{"id": "v000000882", "svc": "auth", "phase": "end", "ts": 1932100, "status": 200}
{"id": "v000000883", "svc": "gateway", "phase": "start", "ts": 1933000, "status": 200}
{"id": "v000000883", "svc": "gateway", "phase": "end", "ts": 1933100, "status": 200}
{"id": "v000000884", "svc": "payment", "phase": "start", "ts": 1934000, "status": 200}
{"id": "v000000884", "svc": "payment", "phase": "end", "ts": 1934100, "status": 200}
{"id": "v000000885", "svc": "auth", "phase": "start", "ts": 1935000, "status": 200}
{"id": "v000000885", "svc": "auth", "phase": "end", "ts": 1935100, "status": 200}
{"id": "v000000886", "svc": "gateway", "phase": "start", "ts": 1936000, "status": 200}
{"id": "v000000886", "svc": "gateway", "phase": "end", "ts": 1936100, "status": 200}
{"id": "v000000887", "svc": "payment", "phase": "start", "ts": 1937000, "status": 200}
{"id": "v000000887", "svc": "payment", "phase": "end", "ts": 1937100, "status": 200}
{"id": "v000000888", "svc": "auth", "phase": "start", "ts": 1938000, "status": 200}
{"id": "v000000888", "svc": "auth", "phase": "end", "ts": 1938100, "status": 200}
   
{"id": "v000000889", "svc": "gateway", "phase": "start", "ts": 1939000, "status": 200}
{"id": "v000000889", "svc": "gateway", "phase": "end", "ts": 1939100, "status": 200}
{"id": "v000000890", "svc": "payment", "phase": "start", "ts": 1940000, "status": 200}
{"id": "v000000890", "svc": "payment", "phase": "end", "ts": 1940100, "status": 200}
{"id": "v000000891", "svc": "auth", "phase": "start", "ts": 1941000, "status": 200}
{"id": "v000000891", "svc": "auth", "phase": "end", "ts": 1941100, "status": 200}
{"id": "v000000892", "svc": "gateway", "phase": "start", "ts": 1942000, "status": 200}
{"id": "v000000892", "svc": "gateway", "phase": "end", "ts": 1942100, "status": 200}
{"id": "v000000893", "svc": "payment", "phase": "start", "ts": 1943000, "status": 200}
{"id": "v000000893", "svc": "payment", "phase": "end", "ts": 1943100, "status": 200}
{"id": "v000000894", "svc": "auth", "phase": "start", "ts": 1944000, "status": 200}
{"id": "v000000894", "svc": "auth", "phase": "end", "ts": 1944100, "status": 200}
{"id": "v000000895", "svc": "gateway", "phase": "start", "ts": 1945000, "status": 200}
{"id": "v000000895", "svc": "gateway", "phase": "end", "ts": 1945100, "status": 200}
{"id": "v000000896", "svc": "payment", "phase": "start", "ts": 1946000, "status": 200}
{"id": "v000000896", "svc": "payment", "phase": "end", "ts": 1946100, "status": 200}
{"id": "v000000897", "svc": "auth", "phase": "start", "ts": 1947000, "status": 200}
{"id": "v000000897", "svc": "auth", "phase": "end", "ts": 1947100, "status": 200}
{"id": "v000000898", "svc": "gateway", "phase": "start", "ts": 1948000, "status": 200}
{"id": "v000000898", "svc": "gateway", "phase": "end", "ts": 1948100, "status": 200}
{"id": "v000000899", "svc": "payment", "phase": "start", "ts": 1949000, "status": 200}
{"id": "v000000899", "svc": "payment", "phase": "end", "ts": 1949100, "status": 200}
{"id": "v000000900", "svc": "auth", "phase": "start", "ts": 1950000, "status": 200}
{"id": "v000000900", "svc": "auth", "phase": "end", "ts": 1950100, "status": 200}
   
this is not json at all }{
{"id": "v000000901", "svc": "gateway", "phase": "start", "ts": 1952000, "status": 200}
{"id": "v000000901", "svc": "gateway", "phase": "end", "ts": 1952100, "status": 200}
{"id": "v000000902", "svc": "payment", "phase": "start", "ts": 1953000, "status": 200}
{"id": "v000000902", "svc": "payment", "phase": "end", "ts": 1953100, "status": 200}
{"id": "v000000903", "svc": "auth", "phase": "start", "ts": 1954000, "status": 200}
{"id": "v000000903", "svc": "auth", "phase": "end", "ts": 1954100, "status": 200}
{"id": "v000000904", "svc": "gateway", "phase": "start", "ts": 1955000, "status": 200}
{"id": "v000000904", "svc": "gateway", "phase": "end", "ts": 1955100, "status": 200}
{"id": "v000000905", "svc": "payment", "phase": "start", "ts": 1956000, "status": 200}
{"id": "v000000905", "svc": "payment", "phase": "end", "ts": 1956100, "status": 200}
{"id": "v000000906", "svc": "auth", "phase": "start", "ts": 1957000, "status": 200}
{"id": "v000000906", "svc": "auth", "phase": "end", "ts": 1957100, "status": 200}
{"id": "v000000907", "svc": "gateway", "phase": "start", "ts": 1958000, "status": 200}
{"id": "v000000907", "svc": "gateway", "phase": "end", "ts": 1958100, "status": 200}
{"id": "v000000908", "svc": "payment", "phase": "start", "ts": 1959000, "status": 200}
{"id": "v000000908", "svc": "payment", "phase": "end", "ts": 1959100, "status": 200}
{"id": "v000000909", "svc": "auth", "phase": "start", "ts": 1960000, "status": 200}
{"id": "v000000909", "svc": "auth", "phase": "end", "ts": 1960100, "status": 200}
{"id": "v000000910", "svc": "gateway", "phase": "start", "ts": 1961000, "status": 200}
{"id": "v000000910", "svc": "gateway", "phase": "end", "ts": 1961100, "status": 200}
{"id": "v000000911", "svc": "payment", "phase": "start", "ts": 1962000, "status": 200}
{"id": "v000000911", "svc": "payment", "phase": "end", "ts": 1962100, "status": 200}
{"id": "v000000912", "svc": "auth", "phase": "start", "ts": 1963000, "status": 200}
{"id": "v000000912", "svc": "auth", "phase": "end", "ts": 1963100, "status": 200}
   
{"id": "v000000913", "svc": "gateway", "phase": "start", "ts": 1964000, "status": 200}
{"id": "v000000913", "svc": "gateway", "phase": "end", "ts": 1964100, "status": 200}
{"id": "v000000914", "svc": "payment", "phase": "start", "ts": 1965000, "status": 200}
{"id": "v000000914", "svc": "payment", "phase": "end", "ts": 1965100, "status": 200}
{"id": "v000000915", "svc": "auth", "phase": "start", "ts": 1966000, "status": 200}
{"id": "v000000915", "svc": "auth", "phase": "end", "ts": 1966100, "status": 200}
{"id": "v000000916", "svc": "gateway", "phase": "start", "ts": 1967000, "status": 200}
{"id": "v000000916", "svc": "gateway", "phase": "end", "ts": 1967100, "status": 200}
{"id": "v000000917", "svc": "payment", "phase": "start", "ts": 1968000, "status": 200}
{"id": "v000000917", "svc": "payment", "phase": "end", "ts": 1968100, "status": 200}
{"id": "v000000918", "svc": "auth", "phase": "start", "ts": 1969000, "status": 200}
{"id": "v000000918", "svc": "auth", "phase": "end", "ts": 1969100, "status": 200}
{"id": "v000000919", "svc": "gateway", "phase": "start", "ts": 1970000, "status": 200}
{"id": "v000000919", "svc": "gateway", "phase": "end", "ts": 1970100, "status": 200}
{"id": "v000000920", "svc": "payment", "phase": "start", "ts": 1971000, "status": 200}
{"id": "v000000920", "svc": "payment", "phase": "end", "ts": 1971100, "status": 200}
{"id": "m", "svc": "auth", "phase": "start", "ts": 1972000, "status": 200, "trace": "x"}
{"id": "v000000921", "svc": "auth", "phase": "start", "ts": 1973000, "status": 200}
{"id": "v000000921", "svc": "auth", "phase": "end", "ts": 1973100, "status": 200}
{"id": "v000000922", "svc": "gateway", "phase": "start", "ts": 1974000, "status": 200}
{"id": "v000000922", "svc": "gateway", "phase": "end", "ts": 1974100, "status": 200}
{"id": "v000000923", "svc": "payment", "phase": "start", "ts": 1975000, "status": 200}
{"id": "v000000923", "svc": "payment", "phase": "end", "ts": 1975100, "status": 200}
{"id": "v000000924", "svc": "auth", "phase": "start", "ts": 1976000, "status": 200}
{"id": "v000000924", "svc": "auth", "phase": "end", "ts": 1976100, "status": 200}
   
{"id": "v000000925", "svc": "gateway", "phase": "start", "ts": 1977000, "status": 200}
{"id": "v000000925", "svc": "gateway", "phase": "end", "ts": 1977100, "status": 200}
{"id": "v000000926", "svc": "payment", "phase": "start", "ts": 1978000, "status": 200}
{"id": "v000000926", "svc": "payment", "phase": "end", "ts": 1978100, "status": 200}
{"id": "v000000927", "svc": "auth", "phase": "start", "ts": 1979000, "status": 200}
{"id": "v000000927", "svc": "auth", "phase": "end", "ts": 1979100, "status": 200}
{"id": "v000000928", "svc": "gateway", "phase": "start", "ts": 1980000, "status": 200}
{"id": "v000000928", "svc": "gateway", "phase": "end", "ts": 1980100, "status": 200}
{"id": "v000000929", "svc": "payment", "phase": "start", "ts": 1981000, "status": 200}
{"id": "v000000929", "svc": "payment", "phase": "end", "ts": 1981100, "status": 200}
{"id": "v000000930", "svc": "auth", "phase": "start", "ts": 1982000, "status": 200}
{"id": "v000000930", "svc": "auth", "phase": "end", "ts": 1982100, "status": 200}
{"id": "v000000931", "svc": "gateway", "phase": "start", "ts": 1983000, "status": 200}
{"id": "v000000931", "svc": "gateway", "phase": "end", "ts": 1983100, "status": 200}
{"id": "v000000932", "svc": "payment", "phase": "start", "ts": 1984000, "status": 200}
{"id": "v000000932", "svc": "payment", "phase": "end", "ts": 1984100, "status": 200}
{"id": "v000000933", "svc": "auth", "phase": "start", "ts": 1985000, "status": 200}
{"id": "v000000933", "svc": "auth", "phase": "end", "ts": 1985100, "status": 200}
{"id": "v000000934", "svc": "gateway", "phase": "start", "ts": 1986000, "status": 200}
{"id": "v000000934", "svc": "gateway", "phase": "end", "ts": 1986100, "status": 200}
{"id": "v000000935", "svc": "payment", "phase": "start", "ts": 1987000, "status": 200}
{"id": "v000000935", "svc": "payment", "phase": "end", "ts": 1987100, "status": 200}
{"id": "v000000936", "svc": "auth", "phase": "start", "ts": 1988000, "status": 200}
{"id": "v000000936", "svc": "auth", "phase": "end", "ts": 1988100, "status": 200}
   
{"id": "v000000937", "svc": "gateway", "phase": "start", "ts": 1989000, "status": 200}
{"id": "v000000937", "svc": "gateway", "phase": "end", "ts": 1989100, "status": 200}
{"id": "v000000938", "svc": "payment", "phase": "start", "ts": 1990000, "status": 200}
{"id": "v000000938", "svc": "payment", "phase": "end", "ts": 1990100, "status": 200}
{"id": "v000000939", "svc": "auth", "phase": "start", "ts": 1991000, "status": 200}
{"id": "v000000939", "svc": "auth", "phase": "end", "ts": 1991100, "status": 200}
{"id": "v000000940", "svc": "gateway", "phase": "start", "ts": 1992000, "status": 200}
{"id": "v000000940", "svc": "gateway", "phase": "end", "ts": 1992100, "status": 200}
{"id": "m", "svc": "payment", "phase": "start", "ts": true, "status": 200}
{"id": "v000000941", "svc": "payment", "phase": "start", "ts": 1994000, "status": 200}
{"id": "v000000941", "svc": "payment", "phase": "end", "ts": 1994100, "status": 200}
{"id": "v000000942", "svc": "auth", "phase": "start", "ts": 1995000, "status": 200}
{"id": "v000000942", "svc": "auth", "phase": "end", "ts": 1995100, "status": 200}
{"id": "v000000943", "svc": "gateway", "phase": "start", "ts": 1996000, "status": 200}
{"id": "v000000943", "svc": "gateway", "phase": "end", "ts": 1996100, "status": 200}
{"id": "v000000944", "svc": "payment", "phase": "start", "ts": 1997000, "status": 200}
{"id": "v000000944", "svc": "payment", "phase": "end", "ts": 1997100, "status": 200}
{"id": "v000000945", "svc": "auth", "phase": "start", "ts": 1998000, "status": 200}
{"id": "v000000945", "svc": "auth", "phase": "end", "ts": 1998100, "status": 200}
{"id": "v000000946", "svc": "gateway", "phase": "start", "ts": 1999000, "status": 200}
{"id": "v000000946", "svc": "gateway", "phase": "end", "ts": 1999100, "status": 200}
{"id": "v000000947", "svc": "payment", "phase": "start", "ts": 2000000, "status": 200}
{"id": "v000000947", "svc": "payment", "phase": "end", "ts": 2000100, "status": 200}
{"id": "v000000948", "svc": "auth", "phase": "start", "ts": 2001000, "status": 200}
{"id": "v000000948", "svc": "auth", "phase": "end", "ts": 2001100, "status": 200}
   
{"id": "v000000949", "svc": "gateway", "phase": "start", "ts": 2002000, "status": 200}
{"id": "v000000949", "svc": "gateway", "phase": "end", "ts": 2002100, "status": 200}
{"id": "v000000950", "svc": "payment", "phase": "start", "ts": 2003000, "status": 200}
{"id": "v000000950", "svc": "payment", "phase": "end", "ts": 2003100, "status": 200}
{"id": "v000000951", "svc": "auth", "phase": "start", "ts": 2004000, "status": 200}
{"id": "v000000951", "svc": "auth", "phase": "end", "ts": 2004100, "status": 200}
{"id": "v000000952", "svc": "gateway", "phase": "start", "ts": 2005000, "status": 200}
{"id": "v000000952", "svc": "gateway", "phase": "end", "ts": 2005100, "status": 200}
{"id": "v000000953", "svc": "payment", "phase": "start", "ts": 2006000, "status": 200}
{"id": "v000000953", "svc": "payment", "phase": "end", "ts": 2006100, "status": 200}
{"id": "v000000954", "svc": "auth", "phase": "start", "ts": 2007000, "status": 200}
{"id": "v000000954", "svc": "auth", "phase": "end", "ts": 2007100, "status": 200}
{"id": "v000000955", "svc": "gateway", "phase": "start", "ts": 2008000, "status": 200}
{"id": "v000000955", "svc": "gateway", "phase": "end", "ts": 2008100, "status": 200}
{"id": "v000000956", "svc": "payment", "phase": "start", "ts": 2009000, "status": 200}
{"id": "v000000956", "svc": "payment", "phase": "end", "ts": 2009100, "status": 200}
{"id": "v000000957", "svc": "auth", "phase": "start", "ts": 2010000, "status": 200}
{"id": "v000000957", "svc": "auth", "phase": "end", "ts": 2010100, "status": 200}
{"id": "v000000958", "svc": "gateway", "phase": "start", "ts": 2011000, "status": 200}
{"id": "v000000958", "svc": "gateway", "phase": "end", "ts": 2011100, "status": 200}
{"id": "v000000959", "svc": "payment", "phase": "start", "ts": 2012000, "status": 200}
{"id": "v000000959", "svc": "payment", "phase": "end", "ts": 2012100, "status": 200}
{"id": "v000000960", "svc": "auth", "phase": "start", "ts": 2013000, "status": 200}
{"id": "v000000960", "svc": "auth", "phase": "end", "ts": 2013100, "status": 200}
   
{"id": "m", "svc": "billing", "phase": "start", "ts": 2014000, "status": 200}
{"id": "v000000961", "svc": "gateway", "phase": "start", "ts": 2015000, "status": 200}
{"id": "v000000961", "svc": "gateway", "phase": "end", "ts": 2015100, "status": 200}
{"id": "v000000962", "svc": "payment", "phase": "start", "ts": 2016000, "status": 200}
{"id": "v000000962", "svc": "payment", "phase": "end", "ts": 2016100, "status": 200}
{"id": "v000000963", "svc": "auth", "phase": "start", "ts": 2017000, "status": 200}
{"id": "v000000963", "svc": "auth", "phase": "end", "ts": 2017100, "status": 200}
{"id": "v000000964", "svc": "gateway", "phase": "start", "ts": 2018000, "status": 200}
{"id": "v000000964", "svc": "gateway", "phase": "end", "ts": 2018100, "status": 200}
{"id": "v000000965", "svc": "payment", "phase": "start", "ts": 2019000, "status": 200}
{"id": "v000000965", "svc": "payment", "phase": "end", "ts": 2019100, "status": 200}
{"id": "v000000966", "svc": "auth", "phase": "start", "ts": 2020000, "status": 200}
{"id": "v000000966", "svc": "auth", "phase": "end", "ts": 2020100, "status": 200}
{"id": "v000000967", "svc": "gateway", "phase": "start", "ts": 2021000, "status": 200}
{"id": "v000000967", "svc": "gateway", "phase": "end", "ts": 2021100, "status": 200}
{"id": "v000000968", "svc": "payment", "phase": "start", "ts": 2022000, "status": 200}
{"id": "v000000968", "svc": "payment", "phase": "end", "ts": 2022100, "status": 200}
{"id": "v000000969", "svc": "auth", "phase": "start", "ts": 2023000, "status": 200}
{"id": "v000000969", "svc": "auth", "phase": "end", "ts": 2023100, "status": 200}
{"id": "v000000970", "svc": "gateway", "phase": "start", "ts": 2024000, "status": 200}
{"id": "v000000970", "svc": "gateway", "phase": "end", "ts": 2024100, "status": 200}
{"id": "v000000971", "svc": "payment", "phase": "start", "ts": 2025000, "status": 200}
{"id": "v000000971", "svc": "payment", "phase": "end", "ts": 2025100, "status": 200}
{"id": "v000000972", "svc": "auth", "phase": "start", "ts": 2026000, "status": 200}
{"id": "v000000972", "svc": "auth", "phase": "end", "ts": 2026100, "status": 200}
   
{"id": "v000000973", "svc": "gateway", "phase": "start", "ts": 2027000, "status": 200}
{"id": "v000000973", "svc": "gateway", "phase": "end", "ts": 2027100, "status": 200}
{"id": "v000000974", "svc": "payment", "phase": "start", "ts": 2028000, "status": 200}
{"id": "v000000974", "svc": "payment", "phase": "end", "ts": 2028100, "status": 200}
{"id": "v000000975", "svc": "auth", "phase": "start", "ts": 2029000, "status": 200}
{"id": "v000000975", "svc": "auth", "phase": "end", "ts": 2029100, "status": 200}
{"id": "v000000976", "svc": "gateway", "phase": "start", "ts": 2030000, "status": 200}
{"id": "v000000976", "svc": "gateway", "phase": "end", "ts": 2030100, "status": 200}
{"id": "v000000977", "svc": "payment", "phase": "start", "ts": 2031000, "status": 200}
{"id": "v000000977", "svc": "payment", "phase": "end", "ts": 2031100, "status": 200}
{"id": "v000000978", "svc": "auth", "phase": "start", "ts": 2032000, "status": 200}
{"id": "v000000978", "svc": "auth", "phase": "end", "ts": 2032100, "status": 200}
{"id": "v000000979", "svc": "gateway", "phase": "start", "ts": 2033000, "status": 200}
{"id": "v000000979", "svc": "gateway", "phase": "end", "ts": 2033100, "status": 200}
{"id": "v000000980", "svc": "payment", "phase": "start", "ts": 2034000, "status": 200}
{"id": "v000000980", "svc": "payment", "phase": "end", "ts": 2034100, "status": 200}
{"id": "m", "svc": "payment", "phase": "end", "ts": 2035000, "status": true}
{"id": "v000000981", "svc": "auth", "phase": "start", "ts": 2036000, "status": 200}
{"id": "v000000981", "svc": "auth", "phase": "end", "ts": 2036100, "status": 200}
{"id": "v000000982", "svc": "gateway", "phase": "start", "ts": 2037000, "status": 200}
{"id": "v000000982", "svc": "gateway", "phase": "end", "ts": 2037100, "status": 200}
{"id": "v000000983", "svc": "payment", "phase": "start", "ts": 2038000, "status": 200}
{"id": "v000000983", "svc": "payment", "phase": "end", "ts": 2038100, "status": 200}
{"id": "v000000984", "svc": "auth", "phase": "start", "ts": 2039000, "status": 200}
{"id": "v000000984", "svc": "auth", "phase": "end", "ts": 2039100, "status": 200}
   
{"id": "v000000985", "svc": "gateway", "phase": "start", "ts": 2040000, "status": 200}
{"id": "v000000985", "svc": "gateway", "phase": "end", "ts": 2040100, "status": 200}
{"id": "v000000986", "svc": "payment", "phase": "start", "ts": 2041000, "status": 200}
{"id": "v000000986", "svc": "payment", "phase": "end", "ts": 2041100, "status": 200}
{"id": "v000000987", "svc": "auth", "phase": "start", "ts": 2042000, "status": 200}
{"id": "v000000987", "svc": "auth", "phase": "end", "ts": 2042100, "status": 200}
{"id": "v000000988", "svc": "gateway", "phase": "start", "ts": 2043000, "status": 200}
{"id": "v000000988", "svc": "gateway", "phase": "end", "ts": 2043100, "status": 200}
{"id": "v000000989", "svc": "payment", "phase": "start", "ts": 2044000, "status": 200}
{"id": "v000000989", "svc": "payment", "phase": "end", "ts": 2044100, "status": 200}
{"id": "v000000990", "svc": "auth", "phase": "start", "ts": 2045000, "status": 200}
{"id": "v000000990", "svc": "auth", "phase": "end", "ts": 2045100, "status": 200}
{"id": "v000000991", "svc": "gateway", "phase": "start", "ts": 2046000, "status": 200}
{"id": "v000000991", "svc": "gateway", "phase": "end", "ts": 2046100, "status": 200}
{"id": "v000000992", "svc": "payment", "phase": "start", "ts": 2047000, "status": 200}
{"id": "v000000992", "svc": "payment", "phase": "end", "ts": 2047100, "status": 200}
{"id": "v000000993", "svc": "auth", "phase": "start", "ts": 2048000, "status": 200}
{"id": "v000000993", "svc": "auth", "phase": "end", "ts": 2048100, "status": 200}
{"id": "v000000994", "svc": "gateway", "phase": "start", "ts": 2049000, "status": 200}
{"id": "v000000994", "svc": "gateway", "phase": "end", "ts": 2049100, "status": 200}
{"id": "v000000995", "svc": "payment", "phase": "start", "ts": 2050000, "status": 200}
{"id": "v000000995", "svc": "payment", "phase": "end", "ts": 2050100, "status": 200}
{"id": "v000000996", "svc": "auth", "phase": "start", "ts": 2051000, "status": 200}
{"id": "v000000996", "svc": "auth", "phase": "end", "ts": 2051100, "status": 200}
   
{"id": "v000000997", "svc": "gateway", "phase": "start", "ts": 2052000, "status": 200}
{"id": "v000000997", "svc": "gateway", "phase": "end", "ts": 2052100, "status": 200}
{"id": "v000000998", "svc": "payment", "phase": "start", "ts": 2053000, "status": 200}
{"id": "v000000998", "svc": "payment", "phase": "end", "ts": 2053100, "status": 200}
{"id": "v000000999", "svc": "auth", "phase": "start", "ts": 2054000, "status": 200}
{"id": "v000000999", "svc": "auth", "phase": "end", "ts": 2054100, "status": 200}
{"id": "v000001000", "svc": "gateway", "phase": "start", "ts": 2055000, "status": 200}
{"id": "v000001000", "svc": "gateway", "phase": "end", "ts": 2055100, "status": 200}
{"id": "m", "svc": "auth", "phase": "start", "ts": 2056000}
{"id": "os000001000", "svc": "payment", "phase": "start", "ts": 2057000, "status": 200}
{"id": "v000001001", "svc": "payment", "phase": "start", "ts": 2058000, "status": 200}
{"id": "v000001001", "svc": "payment", "phase": "end", "ts": 2058100, "status": 200}
{"id": "v000001002", "svc": "auth", "phase": "start", "ts": 2059000, "status": 200}
{"id": "v000001002", "svc": "auth", "phase": "end", "ts": 2059100, "status": 200}
{"id": "v000001003", "svc": "gateway", "phase": "start", "ts": 2060000, "status": 200}
{"id": "v000001003", "svc": "gateway", "phase": "end", "ts": 2060100, "status": 200}
{"id": "v000001004", "svc": "payment", "phase": "start", "ts": 2061000, "status": 200}
{"id": "v000001004", "svc": "payment", "phase": "end", "ts": 2061100, "status": 200}
{"id": "v000001005", "svc": "auth", "phase": "start", "ts": 2062000, "status": 200}
{"id": "v000001005", "svc": "auth", "phase": "end", "ts": 2062100, "status": 200}
{"id": "v000001006", "svc": "gateway", "phase": "start", "ts": 2063000, "status": 200}
{"id": "v000001006", "svc": "gateway", "phase": "end", "ts": 2063100, "status": 200}
{"id": "v000001007", "svc": "payment", "phase": "start", "ts": 2064000, "status": 200}
{"id": "v000001007", "svc": "payment", "phase": "end", "ts": 2064100, "status": 200}
{"id": "v000001008", "svc": "auth", "phase": "start", "ts": 2065000, "status": 200}
{"id": "v000001008", "svc": "auth", "phase": "end", "ts": 2065100, "status": 200}
   
{"id": "v000001009", "svc": "gateway", "phase": "start", "ts": 2066000, "status": 200}
{"id": "v000001009", "svc": "gateway", "phase": "end", "ts": 2066100, "status": 200}
{"id": "v000001010", "svc": "payment", "phase": "start", "ts": 2067000, "status": 200}
{"id": "v000001010", "svc": "payment", "phase": "end", "ts": 2067100, "status": 200}
{"id": "v000001011", "svc": "auth", "phase": "start", "ts": 2068000, "status": 200}
{"id": "v000001011", "svc": "auth", "phase": "end", "ts": 2068100, "status": 200}
{"id": "v000001012", "svc": "gateway", "phase": "start", "ts": 2069000, "status": 200}
{"id": "v000001012", "svc": "gateway", "phase": "end", "ts": 2069100, "status": 200}
{"id": "v000001013", "svc": "payment", "phase": "start", "ts": 2070000, "status": 200}
{"id": "v000001013", "svc": "payment", "phase": "end", "ts": 2070100, "status": 200}
{"id": "v000001014", "svc": "auth", "phase": "start", "ts": 2071000, "status": 200}
{"id": "v000001014", "svc": "auth", "phase": "end", "ts": 2071100, "status": 200}
{"id": "v000001015", "svc": "gateway", "phase": "start", "ts": 2072000, "status": 200}
{"id": "v000001015", "svc": "gateway", "phase": "end", "ts": 2072100, "status": 200}
{"id": "v000001016", "svc": "payment", "phase": "start", "ts": 2073000, "status": 200}
{"id": "v000001016", "svc": "payment", "phase": "end", "ts": 2073100, "status": 200}
{"id": "v000001017", "svc": "auth", "phase": "start", "ts": 2074000, "status": 200}
{"id": "v000001017", "svc": "auth", "phase": "end", "ts": 2074100, "status": 200}
{"id": "v000001018", "svc": "gateway", "phase": "start", "ts": 2075000, "status": 200}
{"id": "v000001018", "svc": "gateway", "phase": "end", "ts": 2075100, "status": 200}
{"id": "v000001019", "svc": "payment", "phase": "start", "ts": 2076000, "status": 200}
{"id": "v000001019", "svc": "payment", "phase": "end", "ts": 2076100, "status": 200}
{"id": "v000001020", "svc": "auth", "phase": "start", "ts": 2077000, "status": 200}
{"id": "v000001020", "svc": "auth", "phase": "end", "ts": 2077100, "status": 200}
   
{"id": "m", "svc": "gateway", "phase": "end", "ts": 2078000, "status": 200.0}
{"id": "v000001021", "svc": "gateway", "phase": "start", "ts": 2079000, "status": 200}
{"id": "v000001021", "svc": "gateway", "phase": "end", "ts": 2079100, "status": 200}
{"id": "v000001022", "svc": "payment", "phase": "start", "ts": 2080000, "status": 200}
{"id": "v000001022", "svc": "payment", "phase": "end", "ts": 2080100, "status": 200}
{"id": "v000001023", "svc": "auth", "phase": "start", "ts": 2081000, "status": 200}
{"id": "v000001023", "svc": "auth", "phase": "end", "ts": 2081100, "status": 200}
{"id": "v000001024", "svc": "gateway", "phase": "start", "ts": 2082000, "status": 200}
{"id": "v000001024", "svc": "gateway", "phase": "end", "ts": 2082100, "status": 200}
{"id": "v000001025", "svc": "payment", "phase": "start", "ts": 2083000, "status": 200}
{"id": "v000001025", "svc": "payment", "phase": "end", "ts": 2083100, "status": 200}
{"id": "v000001026", "svc": "auth", "phase": "start", "ts": 2084000, "status": 200}
{"id": "v000001026", "svc": "auth", "phase": "end", "ts": 2084100, "status": 200}
{"id": "v000001027", "svc": "gateway", "phase": "start", "ts": 2085000, "status": 200}
{"id": "v000001027", "svc": "gateway", "phase": "end", "ts": 2085100, "status": 200}
{"id": "v000001028", "svc": "payment", "phase": "start", "ts": 2086000, "status": 200}
{"id": "v000001028", "svc": "payment", "phase": "end", "ts": 2086100, "status": 200}
{"id": "v000001029", "svc": "auth", "phase": "start", "ts": 2087000, "status": 200}
{"id": "v000001029", "svc": "auth", "phase": "end", "ts": 2087100, "status": 200}
{"id": "v000001030", "svc": "gateway", "phase": "start", "ts": 2088000, "status": 200}
{"id": "v000001030", "svc": "gateway", "phase": "end", "ts": 2088100, "status": 200}
{"id": "v000001031", "svc": "payment", "phase": "start", "ts": 2089000, "status": 200}
{"id": "v000001031", "svc": "payment", "phase": "end", "ts": 2089100, "status": 200}
{"id": "v000001032", "svc": "auth", "phase": "start", "ts": 2090000, "status": 200}
{"id": "v000001032", "svc": "auth", "phase": "end", "ts": 2090100, "status": 200}
   
{"id": "v000001033", "svc": "gateway", "phase": "start", "ts": 2091000, "status": 200}
{"id": "v000001033", "svc": "gateway", "phase": "end", "ts": 2091100, "status": 200}
{"id": "v000001034", "svc": "payment", "phase": "start", "ts": 2092000, "status": 200}
{"id": "v000001034", "svc": "payment", "phase": "end", "ts": 2092100, "status": 200}
{"id": "v000001035", "svc": "auth", "phase": "start", "ts": 2093000, "status": 200}
{"id": "v000001035", "svc": "auth", "phase": "end", "ts": 2093100, "status": 200}
{"id": "v000001036", "svc": "gateway", "phase": "start", "ts": 2094000, "status": 200}
{"id": "v000001036", "svc": "gateway", "phase": "end", "ts": 2094100, "status": 200}
{"id": "v000001037", "svc": "payment", "phase": "start", "ts": 2095000, "status": 200}
{"id": "v000001037", "svc": "payment", "phase": "end", "ts": 2095100, "status": 200}
{"id": "v000001038", "svc": "auth", "phase": "start", "ts": 2096000, "status": 200}
{"id": "v000001038", "svc": "auth", "phase": "end", "ts": 2096100, "status": 200}
{"id": "v000001039", "svc": "gateway", "phase": "start", "ts": 2097000, "status": 200}
{"id": "v000001039", "svc": "gateway", "phase": "end", "ts": 2097100, "status": 200}
{"id": "v000001040", "svc": "payment", "phase": "start", "ts": 2098000, "status": 200}
{"id": "v000001040", "svc": "payment", "phase": "end", "ts": 2098100, "status": 200}
{"id": "m", "svc": "auth", "phase": "end", "ts": 2099000, "status": 99}
{"id": "v000001041", "svc": "auth", "phase": "start", "ts": 2100000, "status": 200}
{"id": "v000001041", "svc": "auth", "phase": "end", "ts": 2100100, "status": 200}
{"id": "v000001042", "svc": "gateway", "phase": "start", "ts": 2101000, "status": 200}
{"id": "v000001042", "svc": "gateway", "phase": "end", "ts": 2101100, "status": 200}
{"id": "v000001043", "svc": "payment", "phase": "start", "ts": 2102000, "status": 200}
{"id": "v000001043", "svc": "payment", "phase": "end", "ts": 2102100, "status": 200}
{"id": "v000001044", "svc": "auth", "phase": "start", "ts": 2103000, "status": 200}
{"id": "v000001044", "svc": "auth", "phase": "end", "ts": 2103100, "status": 200}
   
{"id": "v000001045", "svc": "gateway", "phase": "start", "ts": 2104000, "status": 200}
{"id": "v000001045", "svc": "gateway", "phase": "end", "ts": 2104100, "status": 200}
{"id": "v000001046", "svc": "payment", "phase": "start", "ts": 2105000, "status": 200}
{"id": "v000001046", "svc": "payment", "phase": "end", "ts": 2105100, "status": 200}
{"id": "v000001047", "svc": "auth", "phase": "start", "ts": 2106000, "status": 200}
{"id": "v000001047", "svc": "auth", "phase": "end", "ts": 2106100, "status": 200}
{"id": "v000001048", "svc": "gateway", "phase": "start", "ts": 2107000, "status": 200}
{"id": "v000001048", "svc": "gateway", "phase": "end", "ts": 2107100, "status": 200}
{"id": "v000001049", "svc": "payment", "phase": "start", "ts": 2108000, "status": 200}
{"id": "v000001049", "svc": "payment", "phase": "end", "ts": 2108100, "status": 200}
{"id": "v000001050", "svc": "auth", "phase": "start", "ts": 2109000, "status": 200}
{"id": "v000001050", "svc": "auth", "phase": "end", "ts": 2109100, "status": 200}
{"id": "v000001051", "svc": "gateway", "phase": "start", "ts": 2110000, "status": 200}
{"id": "v000001051", "svc": "gateway", "phase": "end", "ts": 2110100, "status": 200}
{"id": "v000001052", "svc": "payment", "phase": "start", "ts": 2111000, "status": 200}
{"id": "v000001052", "svc": "payment", "phase": "end", "ts": 2111100, "status": 200}
{"id": "v000001053", "svc": "auth", "phase": "start", "ts": 2112000, "status": 200}
{"id": "v000001053", "svc": "auth", "phase": "end", "ts": 2112100, "status": 200}
{"id": "v000001054", "svc": "gateway", "phase": "start", "ts": 2113000, "status": 200}
{"id": "v000001054", "svc": "gateway", "phase": "end", "ts": 2113100, "status": 200}
{"id": "v000001055", "svc": "payment", "phase": "start", "ts": 2114000, "status": 200}
{"id": "v000001055", "svc": "payment", "phase": "end", "ts": 2114100, "status": 200}
{"id": "v000001056", "svc": "auth", "phase": "start", "ts": 2115000, "status": 200}
{"id": "v000001056", "svc": "auth", "phase": "end", "ts": 2115100, "status": 200}
   
{"id": "v000001057", "svc": "gateway", "phase": "start", "ts": 2116000, "status": 200}
{"id": "v000001057", "svc": "gateway", "phase": "end", "ts": 2116100, "status": 200}
{"id": "v000001058", "svc": "payment", "phase": "start", "ts": 2117000, "status": 200}
{"id": "v000001058", "svc": "payment", "phase": "end", "ts": 2117100, "status": 200}
{"id": "v000001059", "svc": "auth", "phase": "start", "ts": 2118000, "status": 200}
{"id": "v000001059", "svc": "auth", "phase": "end", "ts": 2118100, "status": 200}
{"id": "v000001060", "svc": "gateway", "phase": "start", "ts": 2119000, "status": 200}
{"id": "v000001060", "svc": "gateway", "phase": "end", "ts": 2119100, "status": 200}
{"id": "m", "svc": "gateway", "phase": "tick", "ts": 2120000, "status": 200}
{"id": "v000001061", "svc": "payment", "phase": "start", "ts": 2121000, "status": 200}
{"id": "v000001061", "svc": "payment", "phase": "end", "ts": 2121100, "status": 200}
{"id": "v000001062", "svc": "auth", "phase": "start", "ts": 2122000, "status": 200}
{"id": "v000001062", "svc": "auth", "phase": "end", "ts": 2122100, "status": 200}
{"id": "v000001063", "svc": "gateway", "phase": "start", "ts": 2123000, "status": 200}
{"id": "v000001063", "svc": "gateway", "phase": "end", "ts": 2123100, "status": 200}
{"id": "v000001064", "svc": "payment", "phase": "start", "ts": 2124000, "status": 200}
{"id": "v000001064", "svc": "payment", "phase": "end", "ts": 2124100, "status": 200}
{"id": "v000001065", "svc": "auth", "phase": "start", "ts": 2125000, "status": 200}
{"id": "v000001065", "svc": "auth", "phase": "end", "ts": 2125100, "status": 200}
{"id": "v000001066", "svc": "gateway", "phase": "start", "ts": 2126000, "status": 200}
{"id": "v000001066", "svc": "gateway", "phase": "end", "ts": 2126100, "status": 200}
{"id": "v000001067", "svc": "payment", "phase": "start", "ts": 2127000, "status": 200}
{"id": "v000001067", "svc": "payment", "phase": "end", "ts": 2127100, "status": 200}
{"id": "v000001068", "svc": "auth", "phase": "start", "ts": 2128000, "status": 200}
{"id": "v000001068", "svc": "auth", "phase": "end", "ts": 2128100, "status": 200}
   
{"id": "v000001069", "svc": "gateway", "phase": "start", "ts": 2129000, "status": 200}
{"id": "v000001069", "svc": "gateway", "phase": "end", "ts": 2129100, "status": 200}
{"id": "v000001070", "svc": "payment", "phase": "start", "ts": 2130000, "status": 200}
{"id": "v000001070", "svc": "payment", "phase": "end", "ts": 2130100, "status": 200}
{"id": "v000001071", "svc": "auth", "phase": "start", "ts": 2131000, "status": 200}
{"id": "v000001071", "svc": "auth", "phase": "end", "ts": 2131100, "status": 200}
{"id": "v000001072", "svc": "gateway", "phase": "start", "ts": 2132000, "status": 200}
{"id": "v000001072", "svc": "gateway", "phase": "end", "ts": 2132100, "status": 200}
{"id": "v000001073", "svc": "payment", "phase": "start", "ts": 2133000, "status": 200}
{"id": "v000001073", "svc": "payment", "phase": "end", "ts": 2133100, "status": 200}
{"id": "v000001074", "svc": "auth", "phase": "start", "ts": 2134000, "status": 200}
{"id": "v000001074", "svc": "auth", "phase": "end", "ts": 2134100, "status": 200}
{"id": "v000001075", "svc": "gateway", "phase": "start", "ts": 2135000, "status": 200}
{"id": "v000001075", "svc": "gateway", "phase": "end", "ts": 2135100, "status": 200}
{"id": "v000001076", "svc": "payment", "phase": "start", "ts": 2136000, "status": 200}
{"id": "v000001076", "svc": "payment", "phase": "end", "ts": 2136100, "status": 200}
{"id": "v000001077", "svc": "auth", "phase": "start", "ts": 2137000, "status": 200}
{"id": "v000001077", "svc": "auth", "phase": "end", "ts": 2137100, "status": 200}
{"id": "v000001078", "svc": "gateway", "phase": "start", "ts": 2138000, "status": 200}
{"id": "v000001078", "svc": "gateway", "phase": "end", "ts": 2138100, "status": 200}
{"id": "v000001079", "svc": "payment", "phase": "start", "ts": 2139000, "status": 200}
{"id": "v000001079", "svc": "payment", "phase": "end", "ts": 2139100, "status": 200}
{"id": "v000001080", "svc": "auth", "phase": "start", "ts": 2140000, "status": 200}
{"id": "v000001080", "svc": "auth", "phase": "end", "ts": 2140100, "status": 200}
   
this is not json at all }{
{"id": "v000001081", "svc": "gateway", "phase": "start", "ts": 2142000, "status": 200}
{"id": "v000001081", "svc": "gateway", "phase": "end", "ts": 2142100, "status": 200}
{"id": "v000001082", "svc": "payment", "phase": "start", "ts": 2143000, "status": 200}
{"id": "v000001082", "svc": "payment", "phase": "end", "ts": 2143100, "status": 200}
{"id": "v000001083", "svc": "auth", "phase": "start", "ts": 2144000, "status": 200}
{"id": "v000001083", "svc": "auth", "phase": "end", "ts": 2144100, "status": 200}
{"id": "v000001084", "svc": "gateway", "phase": "start", "ts": 2145000, "status": 200}
{"id": "v000001084", "svc": "gateway", "phase": "end", "ts": 2145100, "status": 200}
{"id": "v000001085", "svc": "payment", "phase": "start", "ts": 2146000, "status": 200}
{"id": "v000001085", "svc": "payment", "phase": "end", "ts": 2146100, "status": 200}
{"id": "v000001086", "svc": "auth", "phase": "start", "ts": 2147000, "status": 200}
{"id": "v000001086", "svc": "auth", "phase": "end", "ts": 2147100, "status": 200}
{"id": "v000001087", "svc": "gateway", "phase": "start", "ts": 2148000, "status": 200}
{"id": "v000001087", "svc": "gateway", "phase": "end", "ts": 2148100, "status": 200}
{"id": "v000001088", "svc": "payment", "phase": "start", "ts": 2149000, "status": 200}
{"id": "v000001088", "svc": "payment", "phase": "end", "ts": 2149100, "status": 200}
{"id": "v000001089", "svc": "auth", "phase": "start", "ts": 2150000, "status": 200}
{"id": "v000001089", "svc": "auth", "phase": "end", "ts": 2150100, "status": 200}
{"id": "v000001090", "svc": "gateway", "phase": "start", "ts": 2151000, "status": 200}
{"id": "v000001090", "svc": "gateway", "phase": "end", "ts": 2151100, "status": 200}
{"id": "v000001091", "svc": "payment", "phase": "start", "ts": 2152000, "status": 200}
{"id": "v000001091", "svc": "payment", "phase": "end", "ts": 2152100, "status": 200}
{"id": "v000001092", "svc": "auth", "phase": "start", "ts": 2153000, "status": 200}
{"id": "v000001092", "svc": "auth", "phase": "end", "ts": 2153100, "status": 200}
   
{"id": "v000001093", "svc": "gateway", "phase": "start", "ts": 2154000, "status": 200}
{"id": "v000001093", "svc": "gateway", "phase": "end", "ts": 2154100, "status": 200}
{"id": "v000001094", "svc": "payment", "phase": "start", "ts": 2155000, "status": 200}
{"id": "v000001094", "svc": "payment", "phase": "end", "ts": 2155100, "status": 200}
{"id": "v000001095", "svc": "auth", "phase": "start", "ts": 2156000, "status": 200}
{"id": "v000001095", "svc": "auth", "phase": "end", "ts": 2156100, "status": 200}
{"id": "v000001096", "svc": "gateway", "phase": "start", "ts": 2157000, "status": 200}
{"id": "v000001096", "svc": "gateway", "phase": "end", "ts": 2157100, "status": 200}
{"id": "v000001097", "svc": "payment", "phase": "start", "ts": 2158000, "status": 200}
{"id": "v000001097", "svc": "payment", "phase": "end", "ts": 2158100, "status": 200}
{"id": "v000001098", "svc": "auth", "phase": "start", "ts": 2159000, "status": 200}
{"id": "v000001098", "svc": "auth", "phase": "end", "ts": 2159100, "status": 200}
{"id": "v000001099", "svc": "gateway", "phase": "start", "ts": 2160000, "status": 200}
{"id": "v000001099", "svc": "gateway", "phase": "end", "ts": 2160100, "status": 200}
{"id": "v000001100", "svc": "payment", "phase": "start", "ts": 2161000, "status": 200}
{"id": "v000001100", "svc": "payment", "phase": "end", "ts": 2161100, "status": 200}
{"id": "m", "svc": "auth", "phase": "start", "ts": 2162000, "status": 200, "trace": "x"}
{"id": "v000001101", "svc": "auth", "phase": "start", "ts": 2163000, "status": 200}
{"id": "v000001101", "svc": "auth", "phase": "end", "ts": 2163100, "status": 200}
{"id": "v000001102", "svc": "gateway", "phase": "start", "ts": 2164000, "status": 200}
{"id": "v000001102", "svc": "gateway", "phase": "end", "ts": 2164100, "status": 200}
{"id": "v000001103", "svc": "payment", "phase": "start", "ts": 2165000, "status": 200}
{"id": "v000001103", "svc": "payment", "phase": "end", "ts": 2165100, "status": 200}
{"id": "v000001104", "svc": "auth", "phase": "start", "ts": 2166000, "status": 200}
{"id": "v000001104", "svc": "auth", "phase": "end", "ts": 2166100, "status": 200}
   
{"id": "v000001105", "svc": "gateway", "phase": "start", "ts": 2167000, "status": 200}
{"id": "v000001105", "svc": "gateway", "phase": "end", "ts": 2167100, "status": 200}
{"id": "v000001106", "svc": "payment", "phase": "start", "ts": 2168000, "status": 200}
{"id": "v000001106", "svc": "payment", "phase": "end", "ts": 2168100, "status": 200}
{"id": "v000001107", "svc": "auth", "phase": "start", "ts": 2169000, "status": 200}
{"id": "v000001107", "svc": "auth", "phase": "end", "ts": 2169100, "status": 200}
{"id": "v000001108", "svc": "gateway", "phase": "start", "ts": 2170000, "status": 200}
{"id": "v000001108", "svc": "gateway", "phase": "end", "ts": 2170100, "status": 200}
{"id": "v000001109", "svc": "payment", "phase": "start", "ts": 2171000, "status": 200}
{"id": "v000001109", "svc": "payment", "phase": "end", "ts": 2171100, "status": 200}
{"id": "v000001110", "svc": "auth", "phase": "start", "ts": 2172000, "status": 200}
{"id": "v000001110", "svc": "auth", "phase": "end", "ts": 2172100, "status": 200}
{"id": "v000001111", "svc": "gateway", "phase": "start", "ts": 2173000, "status": 200}
{"id": "v000001111", "svc": "gateway", "phase": "end", "ts": 2173100, "status": 200}
{"id": "v000001112", "svc": "payment", "phase": "start", "ts": 2174000, "status": 200}
{"id": "v000001112", "svc": "payment", "phase": "end", "ts": 2174100, "status": 200}
{"id": "v000001113", "svc": "auth", "phase": "start", "ts": 2175000, "status": 200}
{"id": "v000001113", "svc": "auth", "phase": "end", "ts": 2175100, "status": 200}
{"id": "v000001114", "svc": "gateway", "phase": "start", "ts": 2176000, "status": 200}
{"id": "v000001114", "svc": "gateway", "phase": "end", "ts": 2176100, "status": 200}
{"id": "v000001115", "svc": "payment", "phase": "start", "ts": 2177000, "status": 200}
{"id": "v000001115", "svc": "payment", "phase": "end", "ts": 2177100, "status": 200}
{"id": "v000001116", "svc": "auth", "phase": "start", "ts": 2178000, "status": 200}
{"id": "v000001116", "svc": "auth", "phase": "end", "ts": 2178100, "status": 200}
   
{"id": "v000001117", "svc": "gateway", "phase": "start", "ts": 2179000, "status": 200}
{"id": "v000001117", "svc": "gateway", "phase": "end", "ts": 2179100, "status": 200}
{"id": "v000001118", "svc": "payment", "phase": "start", "ts": 2180000, "status": 200}
{"id": "v000001118", "svc": "payment", "phase": "end", "ts": 2180100, "status": 200}
{"id": "v000001119", "svc": "auth", "phase": "start", "ts": 2181000, "status": 200}
{"id": "v000001119", "svc": "auth", "phase": "end", "ts": 2181100, "status": 200}
{"id": "v000001120", "svc": "gateway", "phase": "start", "ts": 2182000, "status": 200}
{"id": "v000001120", "svc": "gateway", "phase": "end", "ts": 2182100, "status": 200}
{"id": "m", "svc": "payment", "phase": "start", "ts": true, "status": 200}
{"id": "v000001121", "svc": "payment", "phase": "start", "ts": 2184000, "status": 200}
{"id": "v000001121", "svc": "payment", "phase": "end", "ts": 2184100, "status": 200}
{"id": "v000001122", "svc": "auth", "phase": "start", "ts": 2185000, "status": 200}
{"id": "v000001122", "svc": "auth", "phase": "end", "ts": 2185100, "status": 200}
{"id": "v000001123", "svc": "gateway", "phase": "start", "ts": 2186000, "status": 200}
{"id": "v000001123", "svc": "gateway", "phase": "end", "ts": 2186100, "status": 200}
{"id": "v000001124", "svc": "payment", "phase": "start", "ts": 2187000, "status": 200}
{"id": "v000001124", "svc": "payment", "phase": "end", "ts": 2187100, "status": 200}
{"id": "v000001125", "svc": "auth", "phase": "start", "ts": 2188000, "status": 200}
{"id": "v000001125", "svc": "auth", "phase": "end", "ts": 2188100, "status": 200}
{"id": "v000001126", "svc": "gateway", "phase": "start", "ts": 2189000, "status": 200}
{"id": "v000001126", "svc": "gateway", "phase": "end", "ts": 2189100, "status": 200}
{"id": "v000001127", "svc": "payment", "phase": "start", "ts": 2190000, "status": 200}
{"id": "v000001127", "svc": "payment", "phase": "end", "ts": 2190100, "status": 200}
{"id": "v000001128", "svc": "auth", "phase": "start", "ts": 2191000, "status": 200}
{"id": "v000001128", "svc": "auth", "phase": "end", "ts": 2191100, "status": 200}
   
{"id": "v000001129", "svc": "gateway", "phase": "start", "ts": 2192000, "status": 200}
{"id": "v000001129", "svc": "gateway", "phase": "end", "ts": 2192100, "status": 200}
{"id": "v000001130", "svc": "payment", "phase": "start", "ts": 2193000, "status": 200}
{"id": "v000001130", "svc": "payment", "phase": "end", "ts": 2193100, "status": 200}
{"id": "v000001131", "svc": "auth", "phase": "start", "ts": 2194000, "status": 200}
{"id": "v000001131", "svc": "auth", "phase": "end", "ts": 2194100, "status": 200}
{"id": "v000001132", "svc": "gateway", "phase": "start", "ts": 2195000, "status": 200}
{"id": "v000001132", "svc": "gateway", "phase": "end", "ts": 2195100, "status": 200}
{"id": "v000001133", "svc": "payment", "phase": "start", "ts": 2196000, "status": 200}
{"id": "v000001133", "svc": "payment", "phase": "end", "ts": 2196100, "status": 200}
{"id": "v000001134", "svc": "auth", "phase": "start", "ts": 2197000, "status": 200}
{"id": "v000001134", "svc": "auth", "phase": "end", "ts": 2197100, "status": 200}
{"id": "v000001135", "svc": "gateway", "phase": "start", "ts": 2198000, "status": 200}
{"id": "v000001135", "svc": "gateway", "phase": "end", "ts": 2198100, "status": 200}
{"id": "v000001136", "svc": "payment", "phase": "start", "ts": 2199000, "status": 200}
{"id": "v000001136", "svc": "payment", "phase": "end", "ts": 2199100, "status": 200}
{"id": "v000001137", "svc": "auth", "phase": "start", "ts": 2200000, "status": 200}
{"id": "v000001137", "svc": "auth", "phase": "end", "ts": 2200100, "status": 200}
{"id": "v000001138", "svc": "gateway", "phase": "start", "ts": 2201000, "status": 200}
{"id": "v000001138", "svc": "gateway", "phase": "end", "ts": 2201100, "status": 200}
{"id": "v000001139", "svc": "payment", "phase": "start", "ts": 2202000, "status": 200}
{"id": "v000001139", "svc": "payment", "phase": "end", "ts": 2202100, "status": 200}
{"id": "v000001140", "svc": "auth", "phase": "start", "ts": 2203000, "status": 200}
{"id": "v000001140", "svc": "auth", "phase": "end", "ts": 2203100, "status": 200}
   
{"id": "m", "svc": "billing", "phase": "start", "ts": 2204000, "status": 200}
{"id": "v000001141", "svc": "gateway", "phase": "start", "ts": 2205000, "status": 200}
{"id": "v000001141", "svc": "gateway", "phase": "end", "ts": 2205100, "status": 200}
{"id": "v000001142", "svc": "payment", "phase": "start", "ts": 2206000, "status": 200}
{"id": "v000001142", "svc": "payment", "phase": "end", "ts": 2206100, "status": 200}
{"id": "v000001143", "svc": "auth", "phase": "start", "ts": 2207000, "status": 200}
{"id": "v000001143", "svc": "auth", "phase": "end", "ts": 2207100, "status": 200}
{"id": "v000001144", "svc": "gateway", "phase": "start", "ts": 2208000, "status": 200}
{"id": "v000001144", "svc": "gateway", "phase": "end", "ts": 2208100, "status": 200}
{"id": "v000001145", "svc": "payment", "phase": "start", "ts": 2209000, "status": 200}
{"id": "v000001145", "svc": "payment", "phase": "end", "ts": 2209100, "status": 200}
{"id": "v000001146", "svc": "auth", "phase": "start", "ts": 2210000, "status": 200}
{"id": "v000001146", "svc": "auth", "phase": "end", "ts": 2210100, "status": 200}
{"id": "v000001147", "svc": "gateway", "phase": "start", "ts": 2211000, "status": 200}
{"id": "v000001147", "svc": "gateway", "phase": "end", "ts": 2211100, "status": 200}
{"id": "v000001148", "svc": "payment", "phase": "start", "ts": 2212000, "status": 200}
{"id": "v000001148", "svc": "payment", "phase": "end", "ts": 2212100, "status": 200}
{"id": "v000001149", "svc": "auth", "phase": "start", "ts": 2213000, "status": 200}
{"id": "v000001149", "svc": "auth", "phase": "end", "ts": 2213100, "status": 200}
{"id": "v000001150", "svc": "gateway", "phase": "start", "ts": 2214000, "status": 200}
{"id": "v000001150", "svc": "gateway", "phase": "end", "ts": 2214100, "status": 200}
{"id": "v000001151", "svc": "payment", "phase": "start", "ts": 2215000, "status": 200}
{"id": "v000001151", "svc": "payment", "phase": "end", "ts": 2215100, "status": 200}
{"id": "v000001152", "svc": "auth", "phase": "start", "ts": 2216000, "status": 200}
{"id": "v000001152", "svc": "auth", "phase": "end", "ts": 2216100, "status": 200}
   
{"id": "v000001153", "svc": "gateway", "phase": "start", "ts": 2217000, "status": 200}
{"id": "v000001153", "svc": "gateway", "phase": "end", "ts": 2217100, "status": 200}
{"id": "v000001154", "svc": "payment", "phase": "start", "ts": 2218000, "status": 200}
{"id": "v000001154", "svc": "payment", "phase": "end", "ts": 2218100, "status": 200}
{"id": "v000001155", "svc": "auth", "phase": "start", "ts": 2219000, "status": 200}
{"id": "v000001155", "svc": "auth", "phase": "end", "ts": 2219100, "status": 200}
{"id": "v000001156", "svc": "gateway", "phase": "start", "ts": 2220000, "status": 200}
{"id": "v000001156", "svc": "gateway", "phase": "end", "ts": 2220100, "status": 200}
{"id": "v000001157", "svc": "payment", "phase": "start", "ts": 2221000, "status": 200}
{"id": "v000001157", "svc": "payment", "phase": "end", "ts": 2221100, "status": 200}
{"id": "v000001158", "svc": "auth", "phase": "start", "ts": 2222000, "status": 200}
{"id": "v000001158", "svc": "auth", "phase": "end", "ts": 2222100, "status": 200}
{"id": "v000001159", "svc": "gateway", "phase": "start", "ts": 2223000, "status": 200}
{"id": "v000001159", "svc": "gateway", "phase": "end", "ts": 2223100, "status": 200}
{"id": "v000001160", "svc": "payment", "phase": "start", "ts": 2224000, "status": 200}
{"id": "v000001160", "svc": "payment", "phase": "end", "ts": 2224100, "status": 200}
{"id": "m", "svc": "payment", "phase": "end", "ts": 2225000, "status": true}
{"id": "v000001161", "svc": "auth", "phase": "start", "ts": 2226000, "status": 200}
{"id": "v000001161", "svc": "auth", "phase": "end", "ts": 2226100, "status": 200}
{"id": "v000001162", "svc": "gateway", "phase": "start", "ts": 2227000, "status": 200}
{"id": "v000001162", "svc": "gateway", "phase": "end", "ts": 2227100, "status": 200}
{"id": "v000001163", "svc": "payment", "phase": "start", "ts": 2228000, "status": 200}
{"id": "v000001163", "svc": "payment", "phase": "end", "ts": 2228100, "status": 200}
{"id": "v000001164", "svc": "auth", "phase": "start", "ts": 2229000, "status": 200}
{"id": "v000001164", "svc": "auth", "phase": "end", "ts": 2229100, "status": 200}
   
{"id": "v000001165", "svc": "gateway", "phase": "start", "ts": 2230000, "status": 200}
{"id": "v000001165", "svc": "gateway", "phase": "end", "ts": 2230100, "status": 200}
{"id": "v000001166", "svc": "payment", "phase": "start", "ts": 2231000, "status": 200}
{"id": "v000001166", "svc": "payment", "phase": "end", "ts": 2231100, "status": 200}
{"id": "v000001167", "svc": "auth", "phase": "start", "ts": 2232000, "status": 200}
{"id": "v000001167", "svc": "auth", "phase": "end", "ts": 2232100, "status": 200}
{"id": "v000001168", "svc": "gateway", "phase": "start", "ts": 2233000, "status": 200}
{"id": "v000001168", "svc": "gateway", "phase": "end", "ts": 2233100, "status": 200}
{"id": "v000001169", "svc": "payment", "phase": "start", "ts": 2234000, "status": 200}
{"id": "v000001169", "svc": "payment", "phase": "end", "ts": 2234100, "status": 200}
{"id": "v000001170", "svc": "auth", "phase": "start", "ts": 2235000, "status": 200}
{"id": "v000001170", "svc": "auth", "phase": "end", "ts": 2235100, "status": 200}
{"id": "v000001171", "svc": "gateway", "phase": "start", "ts": 2236000, "status": 200}
{"id": "v000001171", "svc": "gateway", "phase": "end", "ts": 2236100, "status": 200}
{"id": "v000001172", "svc": "payment", "phase": "start", "ts": 2237000, "status": 200}
{"id": "v000001172", "svc": "payment", "phase": "end", "ts": 2237100, "status": 200}
{"id": "v000001173", "svc": "auth", "phase": "start", "ts": 2238000, "status": 200}
{"id": "v000001173", "svc": "auth", "phase": "end", "ts": 2238100, "status": 200}
{"id": "v000001174", "svc": "gateway", "phase": "start", "ts": 2239000, "status": 200}
{"id": "v000001174", "svc": "gateway", "phase": "end", "ts": 2239100, "status": 200}
{"id": "v000001175", "svc": "payment", "phase": "start", "ts": 2240000, "status": 200}
{"id": "v000001175", "svc": "payment", "phase": "end", "ts": 2240100, "status": 200}
{"id": "v000001176", "svc": "auth", "phase": "start", "ts": 2241000, "status": 200}
{"id": "v000001176", "svc": "auth", "phase": "end", "ts": 2241100, "status": 200}
   
{"id": "v000001177", "svc": "gateway", "phase": "start", "ts": 2242000, "status": 200}
{"id": "v000001177", "svc": "gateway", "phase": "end", "ts": 2242100, "status": 200}
{"id": "v000001178", "svc": "payment", "phase": "start", "ts": 2243000, "status": 200}
{"id": "v000001178", "svc": "payment", "phase": "end", "ts": 2243100, "status": 200}
{"id": "v000001179", "svc": "auth", "phase": "start", "ts": 2244000, "status": 200}
{"id": "v000001179", "svc": "auth", "phase": "end", "ts": 2244100, "status": 200}
{"id": "v000001180", "svc": "gateway", "phase": "start", "ts": 2245000, "status": 200}
{"id": "v000001180", "svc": "gateway", "phase": "end", "ts": 2245100, "status": 200}
{"id": "m", "svc": "auth", "phase": "start", "ts": 2246000}
{"id": "v000001181", "svc": "payment", "phase": "start", "ts": 2247000, "status": 200}
{"id": "v000001181", "svc": "payment", "phase": "end", "ts": 2247100, "status": 200}
{"id": "v000001182", "svc": "auth", "phase": "start", "ts": 2248000, "status": 200}
{"id": "v000001182", "svc": "auth", "phase": "end", "ts": 2248100, "status": 200}
{"id": "v000001183", "svc": "gateway", "phase": "start", "ts": 2249000, "status": 200}
{"id": "v000001183", "svc": "gateway", "phase": "end", "ts": 2249100, "status": 200}
{"id": "v000001184", "svc": "payment", "phase": "start", "ts": 2250000, "status": 200}
{"id": "v000001184", "svc": "payment", "phase": "end", "ts": 2250100, "status": 200}
{"id": "v000001185", "svc": "auth", "phase": "start", "ts": 2251000, "status": 200}
{"id": "v000001185", "svc": "auth", "phase": "end", "ts": 2251100, "status": 200}
{"id": "v000001186", "svc": "gateway", "phase": "start", "ts": 2252000, "status": 200}
{"id": "v000001186", "svc": "gateway", "phase": "end", "ts": 2252100, "status": 200}
{"id": "v000001187", "svc": "payment", "phase": "start", "ts": 2253000, "status": 200}
{"id": "v000001187", "svc": "payment", "phase": "end", "ts": 2253100, "status": 200}
{"id": "v000001188", "svc": "auth", "phase": "start", "ts": 2254000, "status": 200}
{"id": "v000001188", "svc": "auth", "phase": "end", "ts": 2254100, "status": 200}
   
{"id": "v000001189", "svc": "gateway", "phase": "start", "ts": 2255000, "status": 200}
{"id": "v000001189", "svc": "gateway", "phase": "end", "ts": 2255100, "status": 200}
{"id": "v000001190", "svc": "payment", "phase": "start", "ts": 2256000, "status": 200}
{"id": "v000001190", "svc": "payment", "phase": "end", "ts": 2256100, "status": 200}
{"id": "v000001191", "svc": "auth", "phase": "start", "ts": 2257000, "status": 200}
{"id": "v000001191", "svc": "auth", "phase": "end", "ts": 2257100, "status": 200}
{"id": "v000001192", "svc": "gateway", "phase": "start", "ts": 2258000, "status": 200}
{"id": "v000001192", "svc": "gateway", "phase": "end", "ts": 2258100, "status": 200}
{"id": "v000001193", "svc": "payment", "phase": "start", "ts": 2259000, "status": 200}
{"id": "v000001193", "svc": "payment", "phase": "end", "ts": 2259100, "status": 200}
{"id": "v000001194", "svc": "auth", "phase": "start", "ts": 2260000, "status": 200}
{"id": "v000001194", "svc": "auth", "phase": "end", "ts": 2260100, "status": 200}
{"id": "v000001195", "svc": "gateway", "phase": "start", "ts": 2261000, "status": 200}
{"id": "v000001195", "svc": "gateway", "phase": "end", "ts": 2261100, "status": 200}
{"id": "v000001196", "svc": "payment", "phase": "start", "ts": 2262000, "status": 200}
{"id": "v000001196", "svc": "payment", "phase": "end", "ts": 2262100, "status": 200}
{"id": "v000001197", "svc": "auth", "phase": "start", "ts": 2263000, "status": 200}
{"id": "v000001197", "svc": "auth", "phase": "end", "ts": 2263100, "status": 200}
{"id": "v000001198", "svc": "gateway", "phase": "start", "ts": 2264000, "status": 200}
{"id": "v000001198", "svc": "gateway", "phase": "end", "ts": 2264100, "status": 200}
{"id": "v000001199", "svc": "payment", "phase": "start", "ts": 2265000, "status": 200}
{"id": "v000001199", "svc": "payment", "phase": "end", "ts": 2265100, "status": 200}
{"id": "v000001200", "svc": "auth", "phase": "start", "ts": 2266000, "status": 200}
{"id": "v000001200", "svc": "auth", "phase": "end", "ts": 2266100, "status": 200}
   
{"id": "m", "svc": "gateway", "phase": "end", "ts": 2267000, "status": 200.0}
{"id": "v000001201", "svc": "gateway", "phase": "start", "ts": 2268000, "status": 200}
{"id": "v000001201", "svc": "gateway", "phase": "end", "ts": 2268100, "status": 200}
{"id": "v000001202", "svc": "payment", "phase": "start", "ts": 2269000, "status": 200}
{"id": "v000001202", "svc": "payment", "phase": "end", "ts": 2269100, "status": 200}
{"id": "v000001203", "svc": "auth", "phase": "start", "ts": 2270000, "status": 200}
{"id": "v000001203", "svc": "auth", "phase": "end", "ts": 2270100, "status": 200}
{"id": "v000001204", "svc": "gateway", "phase": "start", "ts": 2271000, "status": 200}
{"id": "v000001204", "svc": "gateway", "phase": "end", "ts": 2271100, "status": 200}
{"id": "v000001205", "svc": "payment", "phase": "start", "ts": 2272000, "status": 200}
{"id": "v000001205", "svc": "payment", "phase": "end", "ts": 2272100, "status": 200}
{"id": "v000001206", "svc": "auth", "phase": "start", "ts": 2273000, "status": 200}
{"id": "v000001206", "svc": "auth", "phase": "end", "ts": 2273100, "status": 200}
{"id": "v000001207", "svc": "gateway", "phase": "start", "ts": 2274000, "status": 200}
{"id": "v000001207", "svc": "gateway", "phase": "end", "ts": 2274100, "status": 200}
{"id": "v000001208", "svc": "payment", "phase": "start", "ts": 2275000, "status": 200}
{"id": "v000001208", "svc": "payment", "phase": "end", "ts": 2275100, "status": 200}
{"id": "v000001209", "svc": "auth", "phase": "start", "ts": 2276000, "status": 200}
{"id": "v000001209", "svc": "auth", "phase": "end", "ts": 2276100, "status": 200}
{"id": "v000001210", "svc": "gateway", "phase": "start", "ts": 2277000, "status": 200}
{"id": "v000001210", "svc": "gateway", "phase": "end", "ts": 2277100, "status": 200}
{"id": "v000001211", "svc": "payment", "phase": "start", "ts": 2278000, "status": 200}
{"id": "v000001211", "svc": "payment", "phase": "end", "ts": 2278100, "status": 200}
{"id": "v000001212", "svc": "auth", "phase": "start", "ts": 2279000, "status": 200}
{"id": "v000001212", "svc": "auth", "phase": "end", "ts": 2279100, "status": 200}
   
{"id": "v000001213", "svc": "gateway", "phase": "start", "ts": 2280000, "status": 200}
{"id": "v000001213", "svc": "gateway", "phase": "end", "ts": 2280100, "status": 200}
{"id": "v000001214", "svc": "payment", "phase": "start", "ts": 2281000, "status": 200}
{"id": "v000001214", "svc": "payment", "phase": "end", "ts": 2281100, "status": 200}
{"id": "v000001215", "svc": "auth", "phase": "start", "ts": 2282000, "status": 200}
{"id": "v000001215", "svc": "auth", "phase": "end", "ts": 2282100, "status": 200}
{"id": "v000001216", "svc": "gateway", "phase": "start", "ts": 2283000, "status": 200}
{"id": "v000001216", "svc": "gateway", "phase": "end", "ts": 2283100, "status": 200}
{"id": "v000001217", "svc": "payment", "phase": "start", "ts": 2284000, "status": 200}
{"id": "v000001217", "svc": "payment", "phase": "end", "ts": 2284100, "status": 200}
{"id": "v000001218", "svc": "auth", "phase": "start", "ts": 2285000, "status": 200}
{"id": "v000001218", "svc": "auth", "phase": "end", "ts": 2285100, "status": 200}
{"id": "v000001219", "svc": "gateway", "phase": "start", "ts": 2286000, "status": 200}
{"id": "v000001219", "svc": "gateway", "phase": "end", "ts": 2286100, "status": 200}
{"id": "v000001220", "svc": "payment", "phase": "start", "ts": 2287000, "status": 200}
{"id": "v000001220", "svc": "payment", "phase": "end", "ts": 2287100, "status": 200}
{"id": "m", "svc": "auth", "phase": "end", "ts": 2288000, "status": 99}
{"id": "v000001221", "svc": "auth", "phase": "start", "ts": 2289000, "status": 200}
{"id": "v000001221", "svc": "auth", "phase": "end", "ts": 2289100, "status": 200}
{"id": "v000001222", "svc": "gateway", "phase": "start", "ts": 2290000, "status": 200}
{"id": "v000001222", "svc": "gateway", "phase": "end", "ts": 2290100, "status": 200}
{"id": "v000001223", "svc": "payment", "phase": "start", "ts": 2291000, "status": 200}
{"id": "v000001223", "svc": "payment", "phase": "end", "ts": 2291100, "status": 200}
{"id": "v000001224", "svc": "auth", "phase": "start", "ts": 2292000, "status": 200}
{"id": "v000001224", "svc": "auth", "phase": "end", "ts": 2292100, "status": 200}
   
{"id": "v000001225", "svc": "gateway", "phase": "start", "ts": 2293000, "status": 200}
{"id": "v000001225", "svc": "gateway", "phase": "end", "ts": 2293100, "status": 200}
{"id": "v000001226", "svc": "payment", "phase": "start", "ts": 2294000, "status": 200}
{"id": "v000001226", "svc": "payment", "phase": "end", "ts": 2294100, "status": 200}
{"id": "v000001227", "svc": "auth", "phase": "start", "ts": 2295000, "status": 200}
{"id": "v000001227", "svc": "auth", "phase": "end", "ts": 2295100, "status": 200}
{"id": "v000001228", "svc": "gateway", "phase": "start", "ts": 2296000, "status": 200}
{"id": "v000001228", "svc": "gateway", "phase": "end", "ts": 2296100, "status": 200}
{"id": "v000001229", "svc": "payment", "phase": "start", "ts": 2297000, "status": 200}
{"id": "v000001229", "svc": "payment", "phase": "end", "ts": 2297100, "status": 200}
{"id": "v000001230", "svc": "auth", "phase": "start", "ts": 2298000, "status": 200}
{"id": "v000001230", "svc": "auth", "phase": "end", "ts": 2298100, "status": 200}
{"id": "v000001231", "svc": "gateway", "phase": "start", "ts": 2299000, "status": 200}
{"id": "v000001231", "svc": "gateway", "phase": "end", "ts": 2299100, "status": 200}
{"id": "v000001232", "svc": "payment", "phase": "start", "ts": 2300000, "status": 200}
{"id": "v000001232", "svc": "payment", "phase": "end", "ts": 2300100, "status": 200}
{"id": "v000001233", "svc": "auth", "phase": "start", "ts": 2301000, "status": 200}
{"id": "v000001233", "svc": "auth", "phase": "end", "ts": 2301100, "status": 200}
{"id": "v000001234", "svc": "gateway", "phase": "start", "ts": 2302000, "status": 200}
{"id": "v000001234", "svc": "gateway", "phase": "end", "ts": 2302100, "status": 200}
{"id": "v000001235", "svc": "payment", "phase": "start", "ts": 2303000, "status": 200}
{"id": "v000001235", "svc": "payment", "phase": "end", "ts": 2303100, "status": 200}
{"id": "v000001236", "svc": "auth", "phase": "start", "ts": 2304000, "status": 200}
{"id": "v000001236", "svc": "auth", "phase": "end", "ts": 2304100, "status": 200}
   
{"id": "v000001237", "svc": "gateway", "phase": "start", "ts": 2305000, "status": 200}
{"id": "v000001237", "svc": "gateway", "phase": "end", "ts": 2305100, "status": 200}
{"id": "v000001238", "svc": "payment", "phase": "start", "ts": 2306000, "status": 200}
{"id": "v000001238", "svc": "payment", "phase": "end", "ts": 2306100, "status": 200}
{"id": "v000001239", "svc": "auth", "phase": "start", "ts": 2307000, "status": 200}
{"id": "v000001239", "svc": "auth", "phase": "end", "ts": 2307100, "status": 200}
{"id": "v000001240", "svc": "gateway", "phase": "start", "ts": 2308000, "status": 200}
{"id": "v000001240", "svc": "gateway", "phase": "end", "ts": 2308100, "status": 200}
{"id": "m", "svc": "gateway", "phase": "tick", "ts": 2309000, "status": 200}
{"id": "v000001241", "svc": "payment", "phase": "start", "ts": 2310000, "status": 200}
{"id": "v000001241", "svc": "payment", "phase": "end", "ts": 2310100, "status": 200}
{"id": "v000001242", "svc": "auth", "phase": "start", "ts": 2311000, "status": 200}
{"id": "v000001242", "svc": "auth", "phase": "end", "ts": 2311100, "status": 200}
{"id": "v000001243", "svc": "gateway", "phase": "start", "ts": 2312000, "status": 200}
{"id": "v000001243", "svc": "gateway", "phase": "end", "ts": 2312100, "status": 200}
{"id": "v000001244", "svc": "payment", "phase": "start", "ts": 2313000, "status": 200}
{"id": "v000001244", "svc": "payment", "phase": "end", "ts": 2313100, "status": 200}
{"id": "v000001245", "svc": "auth", "phase": "start", "ts": 2314000, "status": 200}
{"id": "v000001245", "svc": "auth", "phase": "end", "ts": 2314100, "status": 200}
{"id": "v000001246", "svc": "gateway", "phase": "start", "ts": 2315000, "status": 200}
{"id": "v000001246", "svc": "gateway", "phase": "end", "ts": 2315100, "status": 200}
{"id": "v000001247", "svc": "payment", "phase": "start", "ts": 2316000, "status": 200}
{"id": "v000001247", "svc": "payment", "phase": "end", "ts": 2316100, "status": 200}
{"id": "v000001248", "svc": "auth", "phase": "start", "ts": 2317000, "status": 200}
{"id": "v000001248", "svc": "auth", "phase": "end", "ts": 2317100, "status": 200}
   
{"id": "v000001249", "svc": "gateway", "phase": "start", "ts": 2318000, "status": 200}
{"id": "v000001249", "svc": "gateway", "phase": "end", "ts": 2318100, "status": 200}
{"id": "v000001250", "svc": "payment", "phase": "start", "ts": 2319000, "status": 200}
{"id": "v000001250", "svc": "payment", "phase": "end", "ts": 2319100, "status": 200}
{"id": "v000001251", "svc": "auth", "phase": "start", "ts": 2320000, "status": 200}
{"id": "v000001251", "svc": "auth", "phase": "end", "ts": 2320100, "status": 200}
{"id": "v000001252", "svc": "gateway", "phase": "start", "ts": 2321000, "status": 200}
{"id": "v000001252", "svc": "gateway", "phase": "end", "ts": 2321100, "status": 200}
{"id": "v000001253", "svc": "payment", "phase": "start", "ts": 2322000, "status": 200}
{"id": "v000001253", "svc": "payment", "phase": "end", "ts": 2322100, "status": 200}
{"id": "v000001254", "svc": "auth", "phase": "start", "ts": 2323000, "status": 200}
{"id": "v000001254", "svc": "auth", "phase": "end", "ts": 2323100, "status": 200}
{"id": "v000001255", "svc": "gateway", "phase": "start", "ts": 2324000, "status": 200}
{"id": "v000001255", "svc": "gateway", "phase": "end", "ts": 2324100, "status": 200}
{"id": "v000001256", "svc": "payment", "phase": "start", "ts": 2325000, "status": 200}
{"id": "v000001256", "svc": "payment", "phase": "end", "ts": 2325100, "status": 200}
{"id": "v000001257", "svc": "auth", "phase": "start", "ts": 2326000, "status": 200}
{"id": "v000001257", "svc": "auth", "phase": "end", "ts": 2326100, "status": 200}
{"id": "v000001258", "svc": "gateway", "phase": "start", "ts": 2327000, "status": 200}
{"id": "v000001258", "svc": "gateway", "phase": "end", "ts": 2327100, "status": 200}
{"id": "v000001259", "svc": "payment", "phase": "start", "ts": 2328000, "status": 200}
{"id": "v000001259", "svc": "payment", "phase": "end", "ts": 2328100, "status": 200}
{"id": "v000001260", "svc": "auth", "phase": "start", "ts": 2329000, "status": 200}
{"id": "v000001260", "svc": "auth", "phase": "end", "ts": 2329100, "status": 200}
   
this is not json at all }{
{"id": "v000001261", "svc": "gateway", "phase": "start", "ts": 2331000, "status": 200}
{"id": "v000001261", "svc": "gateway", "phase": "end", "ts": 2331100, "status": 200}
{"id": "v000001262", "svc": "payment", "phase": "start", "ts": 2332000, "status": 200}
{"id": "v000001262", "svc": "payment", "phase": "end", "ts": 2332100, "status": 200}
{"id": "v000001263", "svc": "auth", "phase": "start", "ts": 2333000, "status": 200}
{"id": "v000001263", "svc": "auth", "phase": "end", "ts": 2333100, "status": 200}
{"id": "v000001264", "svc": "gateway", "phase": "start", "ts": 2334000, "status": 200}
{"id": "v000001264", "svc": "gateway", "phase": "end", "ts": 2334100, "status": 200}
{"id": "v000001265", "svc": "payment", "phase": "start", "ts": 2335000, "status": 200}
{"id": "v000001265", "svc": "payment", "phase": "end", "ts": 2335100, "status": 200}
{"id": "v000001266", "svc": "auth", "phase": "start", "ts": 2336000, "status": 200}
{"id": "v000001266", "svc": "auth", "phase": "end", "ts": 2336100, "status": 200}
{"id": "v000001267", "svc": "gateway", "phase": "start", "ts": 2337000, "status": 200}
{"id": "v000001267", "svc": "gateway", "phase": "end", "ts": 2337100, "status": 200}
{"id": "v000001268", "svc": "payment", "phase": "start", "ts": 2338000, "status": 200}
{"id": "v000001268", "svc": "payment", "phase": "end", "ts": 2338100, "status": 200}
{"id": "v000001269", "svc": "auth", "phase": "start", "ts": 2339000, "status": 200}
{"id": "v000001269", "svc": "auth", "phase": "end", "ts": 2339100, "status": 200}
{"id": "v000001270", "svc": "gateway", "phase": "start", "ts": 2340000, "status": 200}
{"id": "v000001270", "svc": "gateway", "phase": "end", "ts": 2340100, "status": 200}
{"id": "v000001271", "svc": "payment", "phase": "start", "ts": 2341000, "status": 200}
{"id": "v000001271", "svc": "payment", "phase": "end", "ts": 2341100, "status": 200}
{"id": "v000001272", "svc": "auth", "phase": "start", "ts": 2342000, "status": 200}
{"id": "v000001272", "svc": "auth", "phase": "end", "ts": 2342100, "status": 200}
   
{"id": "v000001273", "svc": "gateway", "phase": "start", "ts": 2343000, "status": 200}
{"id": "v000001273", "svc": "gateway", "phase": "end", "ts": 2343100, "status": 200}
{"id": "v000001274", "svc": "payment", "phase": "start", "ts": 2344000, "status": 200}
{"id": "v000001274", "svc": "payment", "phase": "end", "ts": 2344100, "status": 200}
{"id": "v000001275", "svc": "auth", "phase": "start", "ts": 2345000, "status": 200}
{"id": "v000001275", "svc": "auth", "phase": "end", "ts": 2345100, "status": 200}
{"id": "v000001276", "svc": "gateway", "phase": "start", "ts": 2346000, "status": 200}
{"id": "v000001276", "svc": "gateway", "phase": "end", "ts": 2346100, "status": 200}
{"id": "v000001277", "svc": "payment", "phase": "start", "ts": 2347000, "status": 200}
{"id": "v000001277", "svc": "payment", "phase": "end", "ts": 2347100, "status": 200}
{"id": "v000001278", "svc": "auth", "phase": "start", "ts": 2348000, "status": 200}
{"id": "v000001278", "svc": "auth", "phase": "end", "ts": 2348100, "status": 200}
{"id": "v000001279", "svc": "gateway", "phase": "start", "ts": 2349000, "status": 200}
{"id": "v000001279", "svc": "gateway", "phase": "end", "ts": 2349100, "status": 200}
{"id": "v000001280", "svc": "payment", "phase": "start", "ts": 2350000, "status": 200}
{"id": "v000001280", "svc": "payment", "phase": "end", "ts": 2350100, "status": 200}
{"id": "m", "svc": "auth", "phase": "start", "ts": 2351000, "status": 200, "trace": "x"}
{"id": "v000001281", "svc": "auth", "phase": "start", "ts": 2352000, "status": 200}
{"id": "v000001281", "svc": "auth", "phase": "end", "ts": 2352100, "status": 200}
{"id": "v000001282", "svc": "gateway", "phase": "start", "ts": 2353000, "status": 200}
{"id": "v000001282", "svc": "gateway", "phase": "end", "ts": 2353100, "status": 200}
{"id": "v000001283", "svc": "payment", "phase": "start", "ts": 2354000, "status": 200}
{"id": "v000001283", "svc": "payment", "phase": "end", "ts": 2354100, "status": 200}
{"id": "v000001284", "svc": "auth", "phase": "start", "ts": 2355000, "status": 200}
{"id": "v000001284", "svc": "auth", "phase": "end", "ts": 2355100, "status": 200}
   
{"id": "v000001285", "svc": "gateway", "phase": "start", "ts": 2356000, "status": 200}
{"id": "v000001285", "svc": "gateway", "phase": "end", "ts": 2356100, "status": 200}
{"id": "v000001286", "svc": "payment", "phase": "start", "ts": 2357000, "status": 200}
{"id": "v000001286", "svc": "payment", "phase": "end", "ts": 2357100, "status": 200}
{"id": "v000001287", "svc": "auth", "phase": "start", "ts": 2358000, "status": 200}
{"id": "v000001287", "svc": "auth", "phase": "end", "ts": 2358100, "status": 200}
{"id": "v000001288", "svc": "gateway", "phase": "start", "ts": 2359000, "status": 200}
{"id": "v000001288", "svc": "gateway", "phase": "end", "ts": 2359100, "status": 200}
{"id": "v000001289", "svc": "payment", "phase": "start", "ts": 2360000, "status": 200}
{"id": "v000001289", "svc": "payment", "phase": "end", "ts": 2360100, "status": 200}
{"id": "v000001290", "svc": "auth", "phase": "start", "ts": 2361000, "status": 200}
{"id": "v000001290", "svc": "auth", "phase": "end", "ts": 2361100, "status": 200}
{"id": "v000001291", "svc": "gateway", "phase": "start", "ts": 2362000, "status": 200}
{"id": "v000001291", "svc": "gateway", "phase": "end", "ts": 2362100, "status": 200}
{"id": "v000001292", "svc": "payment", "phase": "start", "ts": 2363000, "status": 200}
{"id": "v000001292", "svc": "payment", "phase": "end", "ts": 2363100, "status": 200}
{"id": "v000001293", "svc": "auth", "phase": "start", "ts": 2364000, "status": 200}
{"id": "v000001293", "svc": "auth", "phase": "end", "ts": 2364100, "status": 200}
{"id": "v000001294", "svc": "gateway", "phase": "start", "ts": 2365000, "status": 200}
{"id": "v000001294", "svc": "gateway", "phase": "end", "ts": 2365100, "status": 200}
{"id": "v000001295", "svc": "payment", "phase": "start", "ts": 2366000, "status": 200}
{"id": "v000001295", "svc": "payment", "phase": "end", "ts": 2366100, "status": 200}
{"id": "v000001296", "svc": "auth", "phase": "start", "ts": 2367000, "status": 200}
{"id": "v000001296", "svc": "auth", "phase": "end", "ts": 2367100, "status": 200}
   
{"id": "v000001297", "svc": "gateway", "phase": "start", "ts": 2368000, "status": 200}
{"id": "v000001297", "svc": "gateway", "phase": "end", "ts": 2368100, "status": 200}
{"id": "v000001298", "svc": "payment", "phase": "start", "ts": 2369000, "status": 200}
{"id": "v000001298", "svc": "payment", "phase": "end", "ts": 2369100, "status": 200}
{"id": "v000001299", "svc": "auth", "phase": "start", "ts": 2370000, "status": 200}
{"id": "v000001299", "svc": "auth", "phase": "end", "ts": 2370100, "status": 200}
{"id": "v000001300", "svc": "gateway", "phase": "start", "ts": 2371000, "status": 200}
{"id": "v000001300", "svc": "gateway", "phase": "end", "ts": 2371100, "status": 200}
{"id": "m", "svc": "payment", "phase": "start", "ts": true, "status": 200}
{"id": "v000001301", "svc": "payment", "phase": "start", "ts": 2373000, "status": 200}
{"id": "v000001301", "svc": "payment", "phase": "end", "ts": 2373100, "status": 200}
{"id": "v000001302", "svc": "auth", "phase": "start", "ts": 2374000, "status": 200}
{"id": "v000001302", "svc": "auth", "phase": "end", "ts": 2374100, "status": 200}
{"id": "v000001303", "svc": "gateway", "phase": "start", "ts": 2375000, "status": 200}
{"id": "v000001303", "svc": "gateway", "phase": "end", "ts": 2375100, "status": 200}
{"id": "v000001304", "svc": "payment", "phase": "start", "ts": 2376000, "status": 200}
{"id": "v000001304", "svc": "payment", "phase": "end", "ts": 2376100, "status": 200}
{"id": "v000001305", "svc": "auth", "phase": "start", "ts": 2377000, "status": 200}
{"id": "v000001305", "svc": "auth", "phase": "end", "ts": 2377100, "status": 200}
{"id": "v000001306", "svc": "gateway", "phase": "start", "ts": 2378000, "status": 200}
{"id": "v000001306", "svc": "gateway", "phase": "end", "ts": 2378100, "status": 200}
{"id": "v000001307", "svc": "payment", "phase": "start", "ts": 2379000, "status": 200}
{"id": "v000001307", "svc": "payment", "phase": "end", "ts": 2379100, "status": 200}
{"id": "v000001308", "svc": "auth", "phase": "start", "ts": 2380000, "status": 200}
{"id": "v000001308", "svc": "auth", "phase": "end", "ts": 2380100, "status": 200}
   
{"id": "v000001309", "svc": "gateway", "phase": "start", "ts": 2381000, "status": 200}
{"id": "v000001309", "svc": "gateway", "phase": "end", "ts": 2381100, "status": 200}
{"id": "v000001310", "svc": "payment", "phase": "start", "ts": 2382000, "status": 200}
{"id": "v000001310", "svc": "payment", "phase": "end", "ts": 2382100, "status": 200}
{"id": "v000001311", "svc": "auth", "phase": "start", "ts": 2383000, "status": 200}
{"id": "v000001311", "svc": "auth", "phase": "end", "ts": 2383100, "status": 200}
{"id": "v000001312", "svc": "gateway", "phase": "start", "ts": 2384000, "status": 200}
{"id": "v000001312", "svc": "gateway", "phase": "end", "ts": 2384100, "status": 200}
{"id": "v000001313", "svc": "payment", "phase": "start", "ts": 2385000, "status": 200}
{"id": "v000001313", "svc": "payment", "phase": "end", "ts": 2385100, "status": 200}
{"id": "v000001314", "svc": "auth", "phase": "start", "ts": 2386000, "status": 200}
{"id": "v000001314", "svc": "auth", "phase": "end", "ts": 2386100, "status": 200}
{"id": "v000001315", "svc": "gateway", "phase": "start", "ts": 2387000, "status": 200}
{"id": "v000001315", "svc": "gateway", "phase": "end", "ts": 2387100, "status": 200}
{"id": "v000001316", "svc": "payment", "phase": "start", "ts": 2388000, "status": 200}
{"id": "v000001316", "svc": "payment", "phase": "end", "ts": 2388100, "status": 200}
{"id": "v000001317", "svc": "auth", "phase": "start", "ts": 2389000, "status": 200}
{"id": "v000001317", "svc": "auth", "phase": "end", "ts": 2389100, "status": 200}
{"id": "v000001318", "svc": "gateway", "phase": "start", "ts": 2390000, "status": 200}
{"id": "v000001318", "svc": "gateway", "phase": "end", "ts": 2390100, "status": 200}
{"id": "v000001319", "svc": "payment", "phase": "start", "ts": 2391000, "status": 200}
{"id": "v000001319", "svc": "payment", "phase": "end", "ts": 2391100, "status": 200}
{"id": "v000001320", "svc": "auth", "phase": "start", "ts": 2392000, "status": 200}
{"id": "v000001320", "svc": "auth", "phase": "end", "ts": 2392100, "status": 200}
   
{"id": "m", "svc": "billing", "phase": "start", "ts": 2393000, "status": 200}
{"id": "v000001321", "svc": "gateway", "phase": "start", "ts": 2394000, "status": 200}
{"id": "v000001321", "svc": "gateway", "phase": "end", "ts": 2394100, "status": 200}
{"id": "v000001322", "svc": "payment", "phase": "start", "ts": 2395000, "status": 200}
{"id": "v000001322", "svc": "payment", "phase": "end", "ts": 2395100, "status": 200}
{"id": "v000001323", "svc": "auth", "phase": "start", "ts": 2396000, "status": 200}
{"id": "v000001323", "svc": "auth", "phase": "end", "ts": 2396100, "status": 200}
{"id": "v000001324", "svc": "gateway", "phase": "start", "ts": 2397000, "status": 200}
{"id": "v000001324", "svc": "gateway", "phase": "end", "ts": 2397100, "status": 200}
{"id": "v000001325", "svc": "payment", "phase": "start", "ts": 2398000, "status": 200}
{"id": "v000001325", "svc": "payment", "phase": "end", "ts": 2398100, "status": 200}
{"id": "v000001326", "svc": "auth", "phase": "start", "ts": 2399000, "status": 200}
{"id": "v000001326", "svc": "auth", "phase": "end", "ts": 2399100, "status": 200}
{"id": "v000001327", "svc": "gateway", "phase": "start", "ts": 2400000, "status": 200}
{"id": "v000001327", "svc": "gateway", "phase": "end", "ts": 2400100, "status": 200}
{"id": "v000001328", "svc": "payment", "phase": "start", "ts": 2401000, "status": 200}
{"id": "v000001328", "svc": "payment", "phase": "end", "ts": 2401100, "status": 200}
{"id": "v000001329", "svc": "auth", "phase": "start", "ts": 2402000, "status": 200}
{"id": "v000001329", "svc": "auth", "phase": "end", "ts": 2402100, "status": 200}
{"id": "v000001330", "svc": "gateway", "phase": "start", "ts": 2403000, "status": 200}
{"id": "v000001330", "svc": "gateway", "phase": "end", "ts": 2403100, "status": 200}
{"id": "v000001331", "svc": "payment", "phase": "start", "ts": 2404000, "status": 200}
{"id": "v000001331", "svc": "payment", "phase": "end", "ts": 2404100, "status": 200}
{"id": "v000001332", "svc": "auth", "phase": "start", "ts": 2405000, "status": 200}
{"id": "v000001332", "svc": "auth", "phase": "end", "ts": 2405100, "status": 200}
   
{"id": "v000001333", "svc": "gateway", "phase": "start", "ts": 2406000, "status": 200}
{"id": "v000001333", "svc": "gateway", "phase": "end", "ts": 2406100, "status": 200}
{"id": "v000001334", "svc": "payment", "phase": "start", "ts": 2407000, "status": 200}
{"id": "v000001334", "svc": "payment", "phase": "end", "ts": 2407100, "status": 200}
{"id": "v000001335", "svc": "auth", "phase": "start", "ts": 2408000, "status": 200}
{"id": "v000001335", "svc": "auth", "phase": "end", "ts": 2408100, "status": 200}
{"id": "v000001336", "svc": "gateway", "phase": "start", "ts": 2409000, "status": 200}
{"id": "v000001336", "svc": "gateway", "phase": "end", "ts": 2409100, "status": 200}
{"id": "v000001337", "svc": "payment", "phase": "start", "ts": 2410000, "status": 200}
{"id": "v000001337", "svc": "payment", "phase": "end", "ts": 2410100, "status": 200}
{"id": "v000001338", "svc": "auth", "phase": "start", "ts": 2411000, "status": 200}
{"id": "v000001338", "svc": "auth", "phase": "end", "ts": 2411100, "status": 200}
{"id": "v000001339", "svc": "gateway", "phase": "start", "ts": 2412000, "status": 200}
{"id": "v000001339", "svc": "gateway", "phase": "end", "ts": 2412100, "status": 200}
{"id": "v000001340", "svc": "payment", "phase": "start", "ts": 2413000, "status": 200}
{"id": "v000001340", "svc": "payment", "phase": "end", "ts": 2413100, "status": 200}
{"id": "m", "svc": "payment", "phase": "end", "ts": 2414000, "status": true}
{"id": "v000001341", "svc": "auth", "phase": "start", "ts": 2415000, "status": 200}
{"id": "v000001341", "svc": "auth", "phase": "end", "ts": 2415100, "status": 200}
{"id": "v000001342", "svc": "gateway", "phase": "start", "ts": 2416000, "status": 200}
{"id": "v000001342", "svc": "gateway", "phase": "end", "ts": 2416100, "status": 200}
{"id": "v000001343", "svc": "payment", "phase": "start", "ts": 2417000, "status": 200}
{"id": "v000001343", "svc": "payment", "phase": "end", "ts": 2417100, "status": 200}
{"id": "v000001344", "svc": "auth", "phase": "start", "ts": 2418000, "status": 200}
{"id": "v000001344", "svc": "auth", "phase": "end", "ts": 2418100, "status": 200}
   
{"id": "v000001345", "svc": "gateway", "phase": "start", "ts": 2419000, "status": 200}
{"id": "v000001345", "svc": "gateway", "phase": "end", "ts": 2419100, "status": 200}
{"id": "v000001346", "svc": "payment", "phase": "start", "ts": 2420000, "status": 200}
{"id": "v000001346", "svc": "payment", "phase": "end", "ts": 2420100, "status": 200}
{"id": "v000001347", "svc": "auth", "phase": "start", "ts": 2421000, "status": 200}
{"id": "v000001347", "svc": "auth", "phase": "end", "ts": 2421100, "status": 200}
{"id": "v000001348", "svc": "gateway", "phase": "start", "ts": 2422000, "status": 200}
{"id": "v000001348", "svc": "gateway", "phase": "end", "ts": 2422100, "status": 200}
{"id": "v000001349", "svc": "payment", "phase": "start", "ts": 2423000, "status": 200}
{"id": "v000001349", "svc": "payment", "phase": "end", "ts": 2423100, "status": 200}
{"id": "v000001350", "svc": "auth", "phase": "start", "ts": 2424000, "status": 200}
{"id": "v000001350", "svc": "auth", "phase": "end", "ts": 2424100, "status": 200}
{"id": "v000001351", "svc": "gateway", "phase": "start", "ts": 2425000, "status": 200}
{"id": "v000001351", "svc": "gateway", "phase": "end", "ts": 2425100, "status": 200}
{"id": "v000001352", "svc": "payment", "phase": "start", "ts": 2426000, "status": 200}
{"id": "v000001352", "svc": "payment", "phase": "end", "ts": 2426100, "status": 200}
{"id": "v000001353", "svc": "auth", "phase": "start", "ts": 2427000, "status": 200}
{"id": "v000001353", "svc": "auth", "phase": "end", "ts": 2427100, "status": 200}
{"id": "v000001354", "svc": "gateway", "phase": "start", "ts": 2428000, "status": 200}
{"id": "v000001354", "svc": "gateway", "phase": "end", "ts": 2428100, "status": 200}
{"id": "v000001355", "svc": "payment", "phase": "start", "ts": 2429000, "status": 200}
{"id": "v000001355", "svc": "payment", "phase": "end", "ts": 2429100, "status": 200}
{"id": "v000001356", "svc": "auth", "phase": "start", "ts": 2430000, "status": 200}
{"id": "v000001356", "svc": "auth", "phase": "end", "ts": 2430100, "status": 200}
   
{"id": "v000001357", "svc": "gateway", "phase": "start", "ts": 2431000, "status": 200}
{"id": "v000001357", "svc": "gateway", "phase": "end", "ts": 2431100, "status": 200}
{"id": "v000001358", "svc": "payment", "phase": "start", "ts": 2432000, "status": 200}
{"id": "v000001358", "svc": "payment", "phase": "end", "ts": 2432100, "status": 200}
{"id": "v000001359", "svc": "auth", "phase": "start", "ts": 2433000, "status": 200}
{"id": "v000001359", "svc": "auth", "phase": "end", "ts": 2433100, "status": 200}
{"id": "v000001360", "svc": "gateway", "phase": "start", "ts": 2434000, "status": 200}
{"id": "v000001360", "svc": "gateway", "phase": "end", "ts": 2434100, "status": 200}
{"id": "m", "svc": "auth", "phase": "start", "ts": 2435000}
{"id": "v000001361", "svc": "payment", "phase": "start", "ts": 2436000, "status": 200}
{"id": "v000001361", "svc": "payment", "phase": "end", "ts": 2436100, "status": 200}
{"id": "v000001362", "svc": "auth", "phase": "start", "ts": 2437000, "status": 200}
{"id": "v000001362", "svc": "auth", "phase": "end", "ts": 2437100, "status": 200}
{"id": "v000001363", "svc": "gateway", "phase": "start", "ts": 2438000, "status": 200}
{"id": "v000001363", "svc": "gateway", "phase": "end", "ts": 2438100, "status": 200}
{"id": "v000001364", "svc": "payment", "phase": "start", "ts": 2439000, "status": 200}
{"id": "v000001364", "svc": "payment", "phase": "end", "ts": 2439100, "status": 200}
{"id": "v000001365", "svc": "auth", "phase": "start", "ts": 2440000, "status": 200}
{"id": "v000001365", "svc": "auth", "phase": "end", "ts": 2440100, "status": 200}
{"id": "v000001366", "svc": "gateway", "phase": "start", "ts": 2441000, "status": 200}
{"id": "v000001366", "svc": "gateway", "phase": "end", "ts": 2441100, "status": 200}
{"id": "v000001367", "svc": "payment", "phase": "start", "ts": 2442000, "status": 200}
{"id": "v000001367", "svc": "payment", "phase": "end", "ts": 2442100, "status": 200}
{"id": "v000001368", "svc": "auth", "phase": "start", "ts": 2443000, "status": 200}
{"id": "v000001368", "svc": "auth", "phase": "end", "ts": 2443100, "status": 200}
   
{"id": "v000001369", "svc": "gateway", "phase": "start", "ts": 2444000, "status": 200}
{"id": "v000001369", "svc": "gateway", "phase": "end", "ts": 2444100, "status": 200}
{"id": "v000001370", "svc": "payment", "phase": "start", "ts": 2445000, "status": 200}
{"id": "v000001370", "svc": "payment", "phase": "end", "ts": 2445100, "status": 200}
{"id": "v000001371", "svc": "auth", "phase": "start", "ts": 2446000, "status": 200}
{"id": "v000001371", "svc": "auth", "phase": "end", "ts": 2446100, "status": 200}
{"id": "v000001372", "svc": "gateway", "phase": "start", "ts": 2447000, "status": 200}
{"id": "v000001372", "svc": "gateway", "phase": "end", "ts": 2447100, "status": 200}
{"id": "v000001373", "svc": "payment", "phase": "start", "ts": 2448000, "status": 200}
{"id": "v000001373", "svc": "payment", "phase": "end", "ts": 2448100, "status": 200}
{"id": "v000001374", "svc": "auth", "phase": "start", "ts": 2449000, "status": 200}
{"id": "v000001374", "svc": "auth", "phase": "end", "ts": 2449100, "status": 200}
{"id": "v000001375", "svc": "gateway", "phase": "start", "ts": 2450000, "status": 200}
{"id": "v000001375", "svc": "gateway", "phase": "end", "ts": 2450100, "status": 200}
{"id": "v000001376", "svc": "payment", "phase": "start", "ts": 2451000, "status": 200}
{"id": "v000001376", "svc": "payment", "phase": "end", "ts": 2451100, "status": 200}
{"id": "v000001377", "svc": "auth", "phase": "start", "ts": 2452000, "status": 200}
{"id": "v000001377", "svc": "auth", "phase": "end", "ts": 2452100, "status": 200}
{"id": "v000001378", "svc": "gateway", "phase": "start", "ts": 2453000, "status": 200}
{"id": "v000001378", "svc": "gateway", "phase": "end", "ts": 2453100, "status": 200}
{"id": "v000001379", "svc": "payment", "phase": "start", "ts": 2454000, "status": 200}
{"id": "v000001379", "svc": "payment", "phase": "end", "ts": 2454100, "status": 200}
{"id": "v000001380", "svc": "auth", "phase": "start", "ts": 2455000, "status": 200}
{"id": "v000001380", "svc": "auth", "phase": "end", "ts": 2455100, "status": 200}
   
{"id": "m", "svc": "gateway", "phase": "end", "ts": 2456000, "status": 200.0}
{"id": "v000001381", "svc": "gateway", "phase": "start", "ts": 2457000, "status": 200}
{"id": "v000001381", "svc": "gateway", "phase": "end", "ts": 2457100, "status": 200}
{"id": "v000001382", "svc": "payment", "phase": "start", "ts": 2458000, "status": 200}
{"id": "v000001382", "svc": "payment", "phase": "end", "ts": 2458100, "status": 200}
{"id": "v000001383", "svc": "auth", "phase": "start", "ts": 2459000, "status": 200}
{"id": "v000001383", "svc": "auth", "phase": "end", "ts": 2459100, "status": 200}
{"id": "v000001384", "svc": "gateway", "phase": "start", "ts": 2460000, "status": 200}
{"id": "v000001384", "svc": "gateway", "phase": "end", "ts": 2460100, "status": 200}
{"id": "v000001385", "svc": "payment", "phase": "start", "ts": 2461000, "status": 200}
{"id": "v000001385", "svc": "payment", "phase": "end", "ts": 2461100, "status": 200}
{"id": "v000001386", "svc": "auth", "phase": "start", "ts": 2462000, "status": 200}
{"id": "v000001386", "svc": "auth", "phase": "end", "ts": 2462100, "status": 200}
{"id": "v000001387", "svc": "gateway", "phase": "start", "ts": 2463000, "status": 200}
{"id": "v000001387", "svc": "gateway", "phase": "end", "ts": 2463100, "status": 200}
{"id": "v000001388", "svc": "payment", "phase": "start", "ts": 2464000, "status": 200}
{"id": "v000001388", "svc": "payment", "phase": "end", "ts": 2464100, "status": 200}
{"id": "v000001389", "svc": "auth", "phase": "start", "ts": 2465000, "status": 200}
{"id": "v000001389", "svc": "auth", "phase": "end", "ts": 2465100, "status": 200}
{"id": "v000001390", "svc": "gateway", "phase": "start", "ts": 2466000, "status": 200}
{"id": "v000001390", "svc": "gateway", "phase": "end", "ts": 2466100, "status": 200}
{"id": "v000001391", "svc": "payment", "phase": "start", "ts": 2467000, "status": 200}
{"id": "v000001391", "svc": "payment", "phase": "end", "ts": 2467100, "status": 200}
{"id": "v000001392", "svc": "auth", "phase": "start", "ts": 2468000, "status": 200}
{"id": "v000001392", "svc": "auth", "phase": "end", "ts": 2468100, "status": 200}
   
{"id": "v000001393", "svc": "gateway", "phase": "start", "ts": 2469000, "status": 200}
{"id": "v000001393", "svc": "gateway", "phase": "end", "ts": 2469100, "status": 200}
{"id": "v000001394", "svc": "payment", "phase": "start", "ts": 2470000, "status": 200}
{"id": "v000001394", "svc": "payment", "phase": "end", "ts": 2470100, "status": 200}
{"id": "v000001395", "svc": "auth", "phase": "start", "ts": 2471000, "status": 200}
{"id": "v000001395", "svc": "auth", "phase": "end", "ts": 2471100, "status": 200}
{"id": "v000001396", "svc": "gateway", "phase": "start", "ts": 2472000, "status": 200}
{"id": "v000001396", "svc": "gateway", "phase": "end", "ts": 2472100, "status": 200}
{"id": "v000001397", "svc": "payment", "phase": "start", "ts": 2473000, "status": 200}
{"id": "v000001397", "svc": "payment", "phase": "end", "ts": 2473100, "status": 200}
{"id": "v000001398", "svc": "auth", "phase": "start", "ts": 2474000, "status": 200}
{"id": "v000001398", "svc": "auth", "phase": "end", "ts": 2474100, "status": 200}
{"id": "v000001399", "svc": "gateway", "phase": "start", "ts": 2475000, "status": 200}
{"id": "v000001399", "svc": "gateway", "phase": "end", "ts": 2475100, "status": 200}
{"id": "v000001400", "svc": "payment", "phase": "start", "ts": 2476000, "status": 200}
{"id": "v000001400", "svc": "payment", "phase": "end", "ts": 2476100, "status": 200}
{"id": "m", "svc": "auth", "phase": "end", "ts": 2477000, "status": 99}
{"id": "oe000001400", "svc": "payment", "phase": "end", "ts": 2478000, "status": 503}
{"id": "v000001401", "svc": "auth", "phase": "start", "ts": 2479000, "status": 200}
{"id": "v000001401", "svc": "auth", "phase": "end", "ts": 2479100, "status": 200}
{"id": "v000001402", "svc": "gateway", "phase": "start", "ts": 2480000, "status": 200}
{"id": "v000001402", "svc": "gateway", "phase": "end", "ts": 2480100, "status": 200}
{"id": "v000001403", "svc": "payment", "phase": "start", "ts": 2481000, "status": 200}
{"id": "v000001403", "svc": "payment", "phase": "end", "ts": 2481100, "status": 200}
{"id": "v000001404", "svc": "auth", "phase": "start", "ts": 2482000, "status": 200}
{"id": "v000001404", "svc": "auth", "phase": "end", "ts": 2482100, "status": 200}
   
{"id": "v000001405", "svc": "gateway", "phase": "start", "ts": 2483000, "status": 200}
{"id": "v000001405", "svc": "gateway", "phase": "end", "ts": 2483100, "status": 200}
{"id": "v000001406", "svc": "payment", "phase": "start", "ts": 2484000, "status": 200}
{"id": "v000001406", "svc": "payment", "phase": "end", "ts": 2484100, "status": 200}
{"id": "v000001407", "svc": "auth", "phase": "start", "ts": 2485000, "status": 200}
{"id": "v000001407", "svc": "auth", "phase": "end", "ts": 2485100, "status": 200}
{"id": "v000001408", "svc": "gateway", "phase": "start", "ts": 2486000, "status": 200}
{"id": "v000001408", "svc": "gateway", "phase": "end", "ts": 2486100, "status": 200}
{"id": "v000001409", "svc": "payment", "phase": "start", "ts": 2487000, "status": 200}
{"id": "v000001409", "svc": "payment", "phase": "end", "ts": 2487100, "status": 200}
{"id": "v000001410", "svc": "auth", "phase": "start", "ts": 2488000, "status": 200}
{"id": "v000001410", "svc": "auth", "phase": "end", "ts": 2488100, "status": 200}
{"id": "v000001411", "svc": "gateway", "phase": "start", "ts": 2489000, "status": 200}
{"id": "v000001411", "svc": "gateway", "phase": "end", "ts": 2489100, "status": 200}
{"id": "v000001412", "svc": "payment", "phase": "start", "ts": 2490000, "status": 200}
{"id": "v000001412", "svc": "payment", "phase": "end", "ts": 2490100, "status": 200}
{"id": "v000001413", "svc": "auth", "phase": "start", "ts": 2491000, "status": 200}
{"id": "v000001413", "svc": "auth", "phase": "end", "ts": 2491100, "status": 200}
{"id": "v000001414", "svc": "gateway", "phase": "start", "ts": 2492000, "status": 200}
{"id": "v000001414", "svc": "gateway", "phase": "end", "ts": 2492100, "status": 200}
{"id": "v000001415", "svc": "payment", "phase": "start", "ts": 2493000, "status": 200}
{"id": "v000001415", "svc": "payment", "phase": "end", "ts": 2493100, "status": 200}
{"id": "v000001416", "svc": "auth", "phase": "start", "ts": 2494000, "status": 200}
{"id": "v000001416", "svc": "auth", "phase": "end", "ts": 2494100, "status": 200}
   
{"id": "v000001417", "svc": "gateway", "phase": "start", "ts": 2495000, "status": 200}
{"id": "v000001417", "svc": "gateway", "phase": "end", "ts": 2495100, "status": 200}
{"id": "v000001418", "svc": "payment", "phase": "start", "ts": 2496000, "status": 200}
{"id": "v000001418", "svc": "payment", "phase": "end", "ts": 2496100, "status": 200}
{"id": "v000001419", "svc": "auth", "phase": "start", "ts": 2497000, "status": 200}
{"id": "v000001419", "svc": "auth", "phase": "end", "ts": 2497100, "status": 200}
{"id": "v000001420", "svc": "gateway", "phase": "start", "ts": 2498000, "status": 200}
{"id": "v000001420", "svc": "gateway", "phase": "end", "ts": 2498100, "status": 200}
{"id": "m", "svc": "gateway", "phase": "tick", "ts": 2499000, "status": 200}
{"id": "v000001421", "svc": "payment", "phase": "start", "ts": 2500000, "status": 200}
{"id": "v000001421", "svc": "payment", "phase": "end", "ts": 2500100, "status": 200}
{"id": "v000001422", "svc": "auth", "phase": "start", "ts": 2501000, "status": 200}
{"id": "v000001422", "svc": "auth", "phase": "end", "ts": 2501100, "status": 200}
{"id": "v000001423", "svc": "gateway", "phase": "start", "ts": 2502000, "status": 200}
{"id": "v000001423", "svc": "gateway", "phase": "end", "ts": 2502100, "status": 200}
{"id": "v000001424", "svc": "payment", "phase": "start", "ts": 2503000, "status": 200}
{"id": "v000001424", "svc": "payment", "phase": "end", "ts": 2503100, "status": 200}
{"id": "v000001425", "svc": "auth", "phase": "start", "ts": 2504000, "status": 200}
{"id": "v000001425", "svc": "auth", "phase": "end", "ts": 2504100, "status": 200}
{"id": "v000001426", "svc": "gateway", "phase": "start", "ts": 2505000, "status": 200}
{"id": "v000001426", "svc": "gateway", "phase": "end", "ts": 2505100, "status": 200}
{"id": "v000001427", "svc": "payment", "phase": "start", "ts": 2506000, "status": 200}
{"id": "v000001427", "svc": "payment", "phase": "end", "ts": 2506100, "status": 200}
{"id": "v000001428", "svc": "auth", "phase": "start", "ts": 2507000, "status": 200}
{"id": "v000001428", "svc": "auth", "phase": "end", "ts": 2507100, "status": 200}
   
{"id": "v000001429", "svc": "gateway", "phase": "start", "ts": 2508000, "status": 200}
{"id": "v000001429", "svc": "gateway", "phase": "end", "ts": 2508100, "status": 200}
{"id": "v000001430", "svc": "payment", "phase": "start", "ts": 2509000, "status": 200}
{"id": "v000001430", "svc": "payment", "phase": "end", "ts": 2509100, "status": 200}
{"id": "v000001431", "svc": "auth", "phase": "start", "ts": 2510000, "status": 200}
{"id": "v000001431", "svc": "auth", "phase": "end", "ts": 2510100, "status": 200}
{"id": "v000001432", "svc": "gateway", "phase": "start", "ts": 2511000, "status": 200}
{"id": "v000001432", "svc": "gateway", "phase": "end", "ts": 2511100, "status": 200}
{"id": "v000001433", "svc": "payment", "phase": "start", "ts": 2512000, "status": 200}
{"id": "v000001433", "svc": "payment", "phase": "end", "ts": 2512100, "status": 200}
{"id": "v000001434", "svc": "auth", "phase": "start", "ts": 2513000, "status": 200}
{"id": "v000001434", "svc": "auth", "phase": "end", "ts": 2513100, "status": 200}
{"id": "v000001435", "svc": "gateway", "phase": "start", "ts": 2514000, "status": 200}
{"id": "v000001435", "svc": "gateway", "phase": "end", "ts": 2514100, "status": 200}
{"id": "v000001436", "svc": "payment", "phase": "start", "ts": 2515000, "status": 200}
{"id": "v000001436", "svc": "payment", "phase": "end", "ts": 2515100, "status": 200}
{"id": "v000001437", "svc": "auth", "phase": "start", "ts": 2516000, "status": 200}
{"id": "v000001437", "svc": "auth", "phase": "end", "ts": 2516100, "status": 200}
{"id": "v000001438", "svc": "gateway", "phase": "start", "ts": 2517000, "status": 200}
{"id": "v000001438", "svc": "gateway", "phase": "end", "ts": 2517100, "status": 200}
{"id": "v000001439", "svc": "payment", "phase": "start", "ts": 2518000, "status": 200}
{"id": "v000001439", "svc": "payment", "phase": "end", "ts": 2518100, "status": 200}
{"id": "v000001440", "svc": "auth", "phase": "start", "ts": 2519000, "status": 200}
{"id": "v000001440", "svc": "auth", "phase": "end", "ts": 2519100, "status": 200}
   
this is not json at all }{
{"id": "v000001441", "svc": "gateway", "phase": "start", "ts": 2521000, "status": 200}
{"id": "v000001441", "svc": "gateway", "phase": "end", "ts": 2521100, "status": 200}
{"id": "v000001442", "svc": "payment", "phase": "start", "ts": 2522000, "status": 200}
{"id": "v000001442", "svc": "payment", "phase": "end", "ts": 2522100, "status": 200}
{"id": "v000001443", "svc": "auth", "phase": "start", "ts": 2523000, "status": 200}
{"id": "v000001443", "svc": "auth", "phase": "end", "ts": 2523100, "status": 200}
{"id": "v000001444", "svc": "gateway", "phase": "start", "ts": 2524000, "status": 200}
{"id": "v000001444", "svc": "gateway", "phase": "end", "ts": 2524100, "status": 200}
{"id": "v000001445", "svc": "payment", "phase": "start", "ts": 2525000, "status": 200}
{"id": "v000001445", "svc": "payment", "phase": "end", "ts": 2525100, "status": 200}
{"id": "v000001446", "svc": "auth", "phase": "start", "ts": 2526000, "status": 200}
{"id": "v000001446", "svc": "auth", "phase": "end", "ts": 2526100, "status": 200}
{"id": "v000001447", "svc": "gateway", "phase": "start", "ts": 2527000, "status": 200}
{"id": "v000001447", "svc": "gateway", "phase": "end", "ts": 2527100, "status": 200}
{"id": "v000001448", "svc": "payment", "phase": "start", "ts": 2528000, "status": 200}
{"id": "v000001448", "svc": "payment", "phase": "end", "ts": 2528100, "status": 200}
{"id": "v000001449", "svc": "auth", "phase": "start", "ts": 2529000, "status": 200}
{"id": "v000001449", "svc": "auth", "phase": "end", "ts": 2529100, "status": 200}
{"id": "v000001450", "svc": "gateway", "phase": "start", "ts": 2530000, "status": 200}
{"id": "v000001450", "svc": "gateway", "phase": "end", "ts": 2530100, "status": 200}
{"id": "v000001451", "svc": "payment", "phase": "start", "ts": 2531000, "status": 200}
{"id": "v000001451", "svc": "payment", "phase": "end", "ts": 2531100, "status": 200}
{"id": "v000001452", "svc": "auth", "phase": "start", "ts": 2532000, "status": 200}
{"id": "v000001452", "svc": "auth", "phase": "end", "ts": 2532100, "status": 200}
   
{"id": "v000001453", "svc": "gateway", "phase": "start", "ts": 2533000, "status": 200}
{"id": "v000001453", "svc": "gateway", "phase": "end", "ts": 2533100, "status": 200}
{"id": "v000001454", "svc": "payment", "phase": "start", "ts": 2534000, "status": 200}
{"id": "v000001454", "svc": "payment", "phase": "end", "ts": 2534100, "status": 200}
{"id": "v000001455", "svc": "auth", "phase": "start", "ts": 2535000, "status": 200}
{"id": "v000001455", "svc": "auth", "phase": "end", "ts": 2535100, "status": 200}
{"id": "v000001456", "svc": "gateway", "phase": "start", "ts": 2536000, "status": 200}
{"id": "v000001456", "svc": "gateway", "phase": "end", "ts": 2536100, "status": 200}
{"id": "v000001457", "svc": "payment", "phase": "start", "ts": 2537000, "status": 200}
{"id": "v000001457", "svc": "payment", "phase": "end", "ts": 2537100, "status": 200}
{"id": "v000001458", "svc": "auth", "phase": "start", "ts": 2538000, "status": 200}
{"id": "v000001458", "svc": "auth", "phase": "end", "ts": 2538100, "status": 200}
{"id": "v000001459", "svc": "gateway", "phase": "start", "ts": 2539000, "status": 200}
{"id": "v000001459", "svc": "gateway", "phase": "end", "ts": 2539100, "status": 200}
{"id": "v000001460", "svc": "payment", "phase": "start", "ts": 2540000, "status": 200}
{"id": "v000001460", "svc": "payment", "phase": "end", "ts": 2540100, "status": 200}
{"id": "m", "svc": "auth", "phase": "start", "ts": 2541000, "status": 200, "trace": "x"}
{"id": "v000001461", "svc": "auth", "phase": "start", "ts": 2542000, "status": 200}
{"id": "v000001461", "svc": "auth", "phase": "end", "ts": 2542100, "status": 200}
{"id": "v000001462", "svc": "gateway", "phase": "start", "ts": 2543000, "status": 200}
{"id": "v000001462", "svc": "gateway", "phase": "end", "ts": 2543100, "status": 200}
{"id": "v000001463", "svc": "payment", "phase": "start", "ts": 2544000, "status": 200}
{"id": "v000001463", "svc": "payment", "phase": "end", "ts": 2544100, "status": 200}
{"id": "v000001464", "svc": "auth", "phase": "start", "ts": 2545000, "status": 200}
{"id": "v000001464", "svc": "auth", "phase": "end", "ts": 2545100, "status": 200}
   
{"id": "v000001465", "svc": "gateway", "phase": "start", "ts": 2546000, "status": 200}
{"id": "v000001465", "svc": "gateway", "phase": "end", "ts": 2546100, "status": 200}
{"id": "v000001466", "svc": "payment", "phase": "start", "ts": 2547000, "status": 200}
{"id": "v000001466", "svc": "payment", "phase": "end", "ts": 2547100, "status": 200}
{"id": "v000001467", "svc": "auth", "phase": "start", "ts": 2548000, "status": 200}
{"id": "v000001467", "svc": "auth", "phase": "end", "ts": 2548100, "status": 200}
{"id": "v000001468", "svc": "gateway", "phase": "start", "ts": 2549000, "status": 200}
{"id": "v000001468", "svc": "gateway", "phase": "end", "ts": 2549100, "status": 200}
{"id": "v000001469", "svc": "payment", "phase": "start", "ts": 2550000, "status": 200}
{"id": "v000001469", "svc": "payment", "phase": "end", "ts": 2550100, "status": 200}
{"id": "v000001470", "svc": "auth", "phase": "start", "ts": 2551000, "status": 200}
{"id": "v000001470", "svc": "auth", "phase": "end", "ts": 2551100, "status": 200}
{"id": "v000001471", "svc": "gateway", "phase": "start", "ts": 2552000, "status": 200}
{"id": "v000001471", "svc": "gateway", "phase": "end", "ts": 2552100, "status": 200}
{"id": "v000001472", "svc": "payment", "phase": "start", "ts": 2553000, "status": 200}
{"id": "v000001472", "svc": "payment", "phase": "end", "ts": 2553100, "status": 200}
{"id": "v000001473", "svc": "auth", "phase": "start", "ts": 2554000, "status": 200}
{"id": "v000001473", "svc": "auth", "phase": "end", "ts": 2554100, "status": 200}
{"id": "v000001474", "svc": "gateway", "phase": "start", "ts": 2555000, "status": 200}
{"id": "v000001474", "svc": "gateway", "phase": "end", "ts": 2555100, "status": 200}
{"id": "v000001475", "svc": "payment", "phase": "start", "ts": 2556000, "status": 200}
{"id": "v000001475", "svc": "payment", "phase": "end", "ts": 2556100, "status": 200}
{"id": "v000001476", "svc": "auth", "phase": "start", "ts": 2557000, "status": 200}
{"id": "v000001476", "svc": "auth", "phase": "end", "ts": 2557100, "status": 200}
   
{"id": "v000001477", "svc": "gateway", "phase": "start", "ts": 2558000, "status": 200}
{"id": "v000001477", "svc": "gateway", "phase": "end", "ts": 2558100, "status": 200}
{"id": "v000001478", "svc": "payment", "phase": "start", "ts": 2559000, "status": 200}
{"id": "v000001478", "svc": "payment", "phase": "end", "ts": 2559100, "status": 200}
{"id": "v000001479", "svc": "auth", "phase": "start", "ts": 2560000, "status": 200}
{"id": "v000001479", "svc": "auth", "phase": "end", "ts": 2560100, "status": 200}
{"id": "v000001480", "svc": "gateway", "phase": "start", "ts": 2561000, "status": 200}
{"id": "v000001480", "svc": "gateway", "phase": "end", "ts": 2561100, "status": 200}
{"id": "m", "svc": "payment", "phase": "start", "ts": true, "status": 200}
{"id": "v000001481", "svc": "payment", "phase": "start", "ts": 2563000, "status": 200}
{"id": "v000001481", "svc": "payment", "phase": "end", "ts": 2563100, "status": 200}
{"id": "v000001482", "svc": "auth", "phase": "start", "ts": 2564000, "status": 200}
{"id": "v000001482", "svc": "auth", "phase": "end", "ts": 2564100, "status": 200}
{"id": "v000001483", "svc": "gateway", "phase": "start", "ts": 2565000, "status": 200}
{"id": "v000001483", "svc": "gateway", "phase": "end", "ts": 2565100, "status": 200}
{"id": "v000001484", "svc": "payment", "phase": "start", "ts": 2566000, "status": 200}
{"id": "v000001484", "svc": "payment", "phase": "end", "ts": 2566100, "status": 200}
{"id": "v000001485", "svc": "auth", "phase": "start", "ts": 2567000, "status": 200}
{"id": "v000001485", "svc": "auth", "phase": "end", "ts": 2567100, "status": 200}
{"id": "v000001486", "svc": "gateway", "phase": "start", "ts": 2568000, "status": 200}
{"id": "v000001486", "svc": "gateway", "phase": "end", "ts": 2568100, "status": 200}
{"id": "v000001487", "svc": "payment", "phase": "start", "ts": 2569000, "status": 200}
{"id": "v000001487", "svc": "payment", "phase": "end", "ts": 2569100, "status": 200}
{"id": "v000001488", "svc": "auth", "phase": "start", "ts": 2570000, "status": 200}
{"id": "v000001488", "svc": "auth", "phase": "end", "ts": 2570100, "status": 200}
   
{"id": "v000001489", "svc": "gateway", "phase": "start", "ts": 2571000, "status": 200}
{"id": "v000001489", "svc": "gateway", "phase": "end", "ts": 2571100, "status": 200}
{"id": "v000001490", "svc": "payment", "phase": "start", "ts": 2572000, "status": 200}
{"id": "v000001490", "svc": "payment", "phase": "end", "ts": 2572100, "status": 200}
{"id": "v000001491", "svc": "auth", "phase": "start", "ts": 2573000, "status": 200}
{"id": "v000001491", "svc": "auth", "phase": "end", "ts": 2573100, "status": 200}
{"id": "v000001492", "svc": "gateway", "phase": "start", "ts": 2574000, "status": 200}
{"id": "v000001492", "svc": "gateway", "phase": "end", "ts": 2574100, "status": 200}
{"id": "v000001493", "svc": "payment", "phase": "start", "ts": 2575000, "status": 200}
{"id": "v000001493", "svc": "payment", "phase": "end", "ts": 2575100, "status": 200}
{"id": "v000001494", "svc": "auth", "phase": "start", "ts": 2576000, "status": 200}
{"id": "v000001494", "svc": "auth", "phase": "end", "ts": 2576100, "status": 200}
{"id": "v000001495", "svc": "gateway", "phase": "start", "ts": 2577000, "status": 200}
{"id": "v000001495", "svc": "gateway", "phase": "end", "ts": 2577100, "status": 200}
{"id": "v000001496", "svc": "payment", "phase": "start", "ts": 2578000, "status": 200}
{"id": "v000001496", "svc": "payment", "phase": "end", "ts": 2578100, "status": 200}
{"id": "v000001497", "svc": "auth", "phase": "start", "ts": 2579000, "status": 200}
{"id": "v000001497", "svc": "auth", "phase": "end", "ts": 2579100, "status": 200}
{"id": "v000001498", "svc": "gateway", "phase": "start", "ts": 2580000, "status": 200}
{"id": "v000001498", "svc": "gateway", "phase": "end", "ts": 2580100, "status": 200}
{"id": "v000001499", "svc": "payment", "phase": "start", "ts": 2581000, "status": 200}
{"id": "v000001499", "svc": "payment", "phase": "end", "ts": 2581100, "status": 200}
{"id": "v000001500", "svc": "auth", "phase": "start", "ts": 2582000, "status": 200}
{"id": "v000001500", "svc": "auth", "phase": "end", "ts": 2582100, "status": 200}
   
{"id": "m", "svc": "billing", "phase": "start", "ts": 2583000, "status": 200}
{"id": "os000001500", "svc": "auth", "phase": "start", "ts": 2584000, "status": 200}
{"id": "v000001501", "svc": "gateway", "phase": "start", "ts": 2585000, "status": 200}
{"id": "v000001501", "svc": "gateway", "phase": "end", "ts": 2585100, "status": 200}
{"id": "v000001502", "svc": "payment", "phase": "start", "ts": 2586000, "status": 200}
{"id": "v000001502", "svc": "payment", "phase": "end", "ts": 2586100, "status": 200}
{"id": "v000001503", "svc": "auth", "phase": "start", "ts": 2587000, "status": 200}
{"id": "v000001503", "svc": "auth", "phase": "end", "ts": 2587100, "status": 200}
{"id": "v000001504", "svc": "gateway", "phase": "start", "ts": 2588000, "status": 200}
{"id": "v000001504", "svc": "gateway", "phase": "end", "ts": 2588100, "status": 200}
{"id": "v000001505", "svc": "payment", "phase": "start", "ts": 2589000, "status": 200}
{"id": "v000001505", "svc": "payment", "phase": "end", "ts": 2589100, "status": 200}
{"id": "v000001506", "svc": "auth", "phase": "start", "ts": 2590000, "status": 200}
{"id": "v000001506", "svc": "auth", "phase": "end", "ts": 2590100, "status": 200}
{"id": "v000001507", "svc": "gateway", "phase": "start", "ts": 2591000, "status": 200}
{"id": "v000001507", "svc": "gateway", "phase": "end", "ts": 2591100, "status": 200}
{"id": "v000001508", "svc": "payment", "phase": "start", "ts": 2592000, "status": 200}
{"id": "v000001508", "svc": "payment", "phase": "end", "ts": 2592100, "status": 200}
{"id": "v000001509", "svc": "auth", "phase": "start", "ts": 2593000, "status": 200}
{"id": "v000001509", "svc": "auth", "phase": "end", "ts": 2593100, "status": 200}
{"id": "v000001510", "svc": "gateway", "phase": "start", "ts": 2594000, "status": 200}
{"id": "v000001510", "svc": "gateway", "phase": "end", "ts": 2594100, "status": 200}
{"id": "v000001511", "svc": "payment", "phase": "start", "ts": 2595000, "status": 200}
{"id": "v000001511", "svc": "payment", "phase": "end", "ts": 2595100, "status": 200}
{"id": "v000001512", "svc": "auth", "phase": "start", "ts": 2596000, "status": 200}
{"id": "v000001512", "svc": "auth", "phase": "end", "ts": 2596100, "status": 200}
   
{"id": "v000001513", "svc": "gateway", "phase": "start", "ts": 2597000, "status": 200}
{"id": "v000001513", "svc": "gateway", "phase": "end", "ts": 2597100, "status": 200}
{"id": "v000001514", "svc": "payment", "phase": "start", "ts": 2598000, "status": 200}
{"id": "v000001514", "svc": "payment", "phase": "end", "ts": 2598100, "status": 200}
{"id": "v000001515", "svc": "auth", "phase": "start", "ts": 2599000, "status": 200}
{"id": "v000001515", "svc": "auth", "phase": "end", "ts": 2599100, "status": 200}
{"id": "v000001516", "svc": "gateway", "phase": "start", "ts": 2600000, "status": 200}
{"id": "v000001516", "svc": "gateway", "phase": "end", "ts": 2600100, "status": 200}
{"id": "v000001517", "svc": "payment", "phase": "start", "ts": 2601000, "status": 200}
{"id": "v000001517", "svc": "payment", "phase": "end", "ts": 2601100, "status": 200}
{"id": "v000001518", "svc": "auth", "phase": "start", "ts": 2602000, "status": 200}
{"id": "v000001518", "svc": "auth", "phase": "end", "ts": 2602100, "status": 200}
{"id": "v000001519", "svc": "gateway", "phase": "start", "ts": 2603000, "status": 200}
{"id": "v000001519", "svc": "gateway", "phase": "end", "ts": 2603100, "status": 200}
{"id": "v000001520", "svc": "payment", "phase": "start", "ts": 2604000, "status": 200}
{"id": "v000001520", "svc": "payment", "phase": "end", "ts": 2604100, "status": 200}
{"id": "m", "svc": "payment", "phase": "end", "ts": 2605000, "status": true}
{"id": "v000001521", "svc": "auth", "phase": "start", "ts": 2606000, "status": 200}
{"id": "v000001521", "svc": "auth", "phase": "end", "ts": 2606100, "status": 200}
{"id": "v000001522", "svc": "gateway", "phase": "start", "ts": 2607000, "status": 200}
{"id": "v000001522", "svc": "gateway", "phase": "end", "ts": 2607100, "status": 200}
{"id": "v000001523", "svc": "payment", "phase": "start", "ts": 2608000, "status": 200}
{"id": "v000001523", "svc": "payment", "phase": "end", "ts": 2608100, "status": 200}
{"id": "v000001524", "svc": "auth", "phase": "start", "ts": 2609000, "status": 200}
{"id": "v000001524", "svc": "auth", "phase": "end", "ts": 2609100, "status": 200}
   
{"id": "v000001525", "svc": "gateway", "phase": "start", "ts": 2610000, "status": 200}
{"id": "v000001525", "svc": "gateway", "phase": "end", "ts": 2610100, "status": 200}
{"id": "v000001526", "svc": "payment", "phase": "start", "ts": 2611000, "status": 200}
{"id": "v000001526", "svc": "payment", "phase": "end", "ts": 2611100, "status": 200}
{"id": "v000001527", "svc": "auth", "phase": "start", "ts": 2612000, "status": 200}
{"id": "v000001527", "svc": "auth", "phase": "end", "ts": 2612100, "status": 200}
{"id": "v000001528", "svc": "gateway", "phase": "start", "ts": 2613000, "status": 200}
{"id": "v000001528", "svc": "gateway", "phase": "end", "ts": 2613100, "status": 200}
{"id": "v000001529", "svc": "payment", "phase": "start", "ts": 2614000, "status": 200}
{"id": "v000001529", "svc": "payment", "phase": "end", "ts": 2614100, "status": 200}
{"id": "v000001530", "svc": "auth", "phase": "start", "ts": 2615000, "status": 200}
{"id": "v000001530", "svc": "auth", "phase": "end", "ts": 2615100, "status": 200}
{"id": "v000001531", "svc": "gateway", "phase": "start", "ts": 2616000, "status": 200}
{"id": "v000001531", "svc": "gateway", "phase": "end", "ts": 2616100, "status": 200}
{"id": "v000001532", "svc": "payment", "phase": "start", "ts": 2617000, "status": 200}
{"id": "v000001532", "svc": "payment", "phase": "end", "ts": 2617100, "status": 200}
{"id": "v000001533", "svc": "auth", "phase": "start", "ts": 2618000, "status": 200}
{"id": "v000001533", "svc": "auth", "phase": "end", "ts": 2618100, "status": 200}
{"id": "v000001534", "svc": "gateway", "phase": "start", "ts": 2619000, "status": 200}
{"id": "v000001534", "svc": "gateway", "phase": "end", "ts": 2619100, "status": 200}
{"id": "v000001535", "svc": "payment", "phase": "start", "ts": 2620000, "status": 200}
{"id": "v000001535", "svc": "payment", "phase": "end", "ts": 2620100, "status": 200}
{"id": "v000001536", "svc": "auth", "phase": "start", "ts": 2621000, "status": 200}
{"id": "v000001536", "svc": "auth", "phase": "end", "ts": 2621100, "status": 200}
   
{"id": "v000001537", "svc": "gateway", "phase": "start", "ts": 2622000, "status": 200}
{"id": "v000001537", "svc": "gateway", "phase": "end", "ts": 2622100, "status": 200}
{"id": "v000001538", "svc": "payment", "phase": "start", "ts": 2623000, "status": 200}
{"id": "v000001538", "svc": "payment", "phase": "end", "ts": 2623100, "status": 200}
{"id": "v000001539", "svc": "auth", "phase": "start", "ts": 2624000, "status": 200}
{"id": "v000001539", "svc": "auth", "phase": "end", "ts": 2624100, "status": 200}
{"id": "v000001540", "svc": "gateway", "phase": "start", "ts": 2625000, "status": 200}
{"id": "v000001540", "svc": "gateway", "phase": "end", "ts": 2625100, "status": 200}
{"id": "m", "svc": "auth", "phase": "start", "ts": 2626000}
{"id": "v000001541", "svc": "payment", "phase": "start", "ts": 2627000, "status": 200}
{"id": "v000001541", "svc": "payment", "phase": "end", "ts": 2627100, "status": 200}
{"id": "v000001542", "svc": "auth", "phase": "start", "ts": 2628000, "status": 200}
{"id": "v000001542", "svc": "auth", "phase": "end", "ts": 2628100, "status": 200}
{"id": "v000001543", "svc": "gateway", "phase": "start", "ts": 2629000, "status": 200}
{"id": "v000001543", "svc": "gateway", "phase": "end", "ts": 2629100, "status": 200}
{"id": "v000001544", "svc": "payment", "phase": "start", "ts": 2630000, "status": 200}
{"id": "v000001544", "svc": "payment", "phase": "end", "ts": 2630100, "status": 200}
{"id": "v000001545", "svc": "auth", "phase": "start", "ts": 2631000, "status": 200}
{"id": "v000001545", "svc": "auth", "phase": "end", "ts": 2631100, "status": 200}
{"id": "v000001546", "svc": "gateway", "phase": "start", "ts": 2632000, "status": 200}
{"id": "v000001546", "svc": "gateway", "phase": "end", "ts": 2632100, "status": 200}
{"id": "v000001547", "svc": "payment", "phase": "start", "ts": 2633000, "status": 200}
{"id": "v000001547", "svc": "payment", "phase": "end", "ts": 2633100, "status": 200}
{"id": "v000001548", "svc": "auth", "phase": "start", "ts": 2634000, "status": 200}
{"id": "v000001548", "svc": "auth", "phase": "end", "ts": 2634100, "status": 200}
   
{"id": "v000001549", "svc": "gateway", "phase": "start", "ts": 2635000, "status": 200}
{"id": "v000001549", "svc": "gateway", "phase": "end", "ts": 2635100, "status": 200}
{"id": "v000001550", "svc": "payment", "phase": "start", "ts": 2636000, "status": 200}
{"id": "v000001550", "svc": "payment", "phase": "end", "ts": 2636100, "status": 200}
{"id": "v000001551", "svc": "auth", "phase": "start", "ts": 2637000, "status": 200}
{"id": "v000001551", "svc": "auth", "phase": "end", "ts": 2637100, "status": 200}
{"id": "v000001552", "svc": "gateway", "phase": "start", "ts": 2638000, "status": 200}
{"id": "v000001552", "svc": "gateway", "phase": "end", "ts": 2638100, "status": 200}
{"id": "v000001553", "svc": "payment", "phase": "start", "ts": 2639000, "status": 200}
{"id": "v000001553", "svc": "payment", "phase": "end", "ts": 2639100, "status": 200}
{"id": "v000001554", "svc": "auth", "phase": "start", "ts": 2640000, "status": 200}
{"id": "v000001554", "svc": "auth", "phase": "end", "ts": 2640100, "status": 200}
{"id": "v000001555", "svc": "gateway", "phase": "start", "ts": 2641000, "status": 200}
{"id": "v000001555", "svc": "gateway", "phase": "end", "ts": 2641100, "status": 200}
{"id": "v000001556", "svc": "payment", "phase": "start", "ts": 2642000, "status": 200}
{"id": "v000001556", "svc": "payment", "phase": "end", "ts": 2642100, "status": 200}
{"id": "v000001557", "svc": "auth", "phase": "start", "ts": 2643000, "status": 200}
{"id": "v000001557", "svc": "auth", "phase": "end", "ts": 2643100, "status": 200}
{"id": "v000001558", "svc": "gateway", "phase": "start", "ts": 2644000, "status": 200}
{"id": "v000001558", "svc": "gateway", "phase": "end", "ts": 2644100, "status": 200}
{"id": "v000001559", "svc": "payment", "phase": "start", "ts": 2645000, "status": 200}
{"id": "v000001559", "svc": "payment", "phase": "end", "ts": 2645100, "status": 200}
{"id": "v000001560", "svc": "auth", "phase": "start", "ts": 2646000, "status": 200}
{"id": "v000001560", "svc": "auth", "phase": "end", "ts": 2646100, "status": 200}
   
{"id": "m", "svc": "gateway", "phase": "end", "ts": 2647000, "status": 200.0}
{"id": "v000001561", "svc": "gateway", "phase": "start", "ts": 2648000, "status": 200}
{"id": "v000001561", "svc": "gateway", "phase": "end", "ts": 2648100, "status": 200}
{"id": "v000001562", "svc": "payment", "phase": "start", "ts": 2649000, "status": 200}
{"id": "v000001562", "svc": "payment", "phase": "end", "ts": 2649100, "status": 200}
{"id": "v000001563", "svc": "auth", "phase": "start", "ts": 2650000, "status": 200}
{"id": "v000001563", "svc": "auth", "phase": "end", "ts": 2650100, "status": 200}
{"id": "v000001564", "svc": "gateway", "phase": "start", "ts": 2651000, "status": 200}
{"id": "v000001564", "svc": "gateway", "phase": "end", "ts": 2651100, "status": 200}
{"id": "v000001565", "svc": "payment", "phase": "start", "ts": 2652000, "status": 200}
{"id": "v000001565", "svc": "payment", "phase": "end", "ts": 2652100, "status": 200}
{"id": "v000001566", "svc": "auth", "phase": "start", "ts": 2653000, "status": 200}
{"id": "v000001566", "svc": "auth", "phase": "end", "ts": 2653100, "status": 200}
{"id": "v000001567", "svc": "gateway", "phase": "start", "ts": 2654000, "status": 200}
{"id": "v000001567", "svc": "gateway", "phase": "end", "ts": 2654100, "status": 200}
{"id": "v000001568", "svc": "payment", "phase": "start", "ts": 2655000, "status": 200}
{"id": "v000001568", "svc": "payment", "phase": "end", "ts": 2655100, "status": 200}
{"id": "v000001569", "svc": "auth", "phase": "start", "ts": 2656000, "status": 200}
{"id": "v000001569", "svc": "auth", "phase": "end", "ts": 2656100, "status": 200}
{"id": "v000001570", "svc": "gateway", "phase": "start", "ts": 2657000, "status": 200}
{"id": "v000001570", "svc": "gateway", "phase": "end", "ts": 2657100, "status": 200}
{"id": "v000001571", "svc": "payment", "phase": "start", "ts": 2658000, "status": 200}
{"id": "v000001571", "svc": "payment", "phase": "end", "ts": 2658100, "status": 200}
{"id": "v000001572", "svc": "auth", "phase": "start", "ts": 2659000, "status": 200}
{"id": "v000001572", "svc": "auth", "phase": "end", "ts": 2659100, "status": 200}
   
{"id": "v000001573", "svc": "gateway", "phase": "start", "ts": 2660000, "status": 200}
{"id": "v000001573", "svc": "gateway", "phase": "end", "ts": 2660100, "status": 200}
{"id": "v000001574", "svc": "payment", "phase": "start", "ts": 2661000, "status": 200}
{"id": "v000001574", "svc": "payment", "phase": "end", "ts": 2661100, "status": 200}
{"id": "v000001575", "svc": "auth", "phase": "start", "ts": 2662000, "status": 200}
{"id": "v000001575", "svc": "auth", "phase": "end", "ts": 2662100, "status": 200}
{"id": "v000001576", "svc": "gateway", "phase": "start", "ts": 2663000, "status": 200}
{"id": "v000001576", "svc": "gateway", "phase": "end", "ts": 2663100, "status": 200}
{"id": "v000001577", "svc": "payment", "phase": "start", "ts": 2664000, "status": 200}
{"id": "v000001577", "svc": "payment", "phase": "end", "ts": 2664100, "status": 200}
{"id": "v000001578", "svc": "auth", "phase": "start", "ts": 2665000, "status": 200}
{"id": "v000001578", "svc": "auth", "phase": "end", "ts": 2665100, "status": 200}
{"id": "v000001579", "svc": "gateway", "phase": "start", "ts": 2666000, "status": 200}
{"id": "v000001579", "svc": "gateway", "phase": "end", "ts": 2666100, "status": 200}
{"id": "v000001580", "svc": "payment", "phase": "start", "ts": 2667000, "status": 200}
{"id": "v000001580", "svc": "payment", "phase": "end", "ts": 2667100, "status": 200}
{"id": "m", "svc": "auth", "phase": "end", "ts": 2668000, "status": 99}
{"id": "v000001581", "svc": "auth", "phase": "start", "ts": 2669000, "status": 200}
{"id": "v000001581", "svc": "auth", "phase": "end", "ts": 2669100, "status": 200}
{"id": "v000001582", "svc": "gateway", "phase": "start", "ts": 2670000, "status": 200}
{"id": "v000001582", "svc": "gateway", "phase": "end", "ts": 2670100, "status": 200}
{"id": "v000001583", "svc": "payment", "phase": "start", "ts": 2671000, "status": 200}
{"id": "v000001583", "svc": "payment", "phase": "end", "ts": 2671100, "status": 200}
{"id": "v000001584", "svc": "auth", "phase": "start", "ts": 2672000, "status": 200}
{"id": "v000001584", "svc": "auth", "phase": "end", "ts": 2672100, "status": 200}
   
{"id": "v000001585", "svc": "gateway", "phase": "start", "ts": 2673000, "status": 200}
{"id": "v000001585", "svc": "gateway", "phase": "end", "ts": 2673100, "status": 200}
{"id": "v000001586", "svc": "payment", "phase": "start", "ts": 2674000, "status": 200}
{"id": "v000001586", "svc": "payment", "phase": "end", "ts": 2674100, "status": 200}
{"id": "v000001587", "svc": "auth", "phase": "start", "ts": 2675000, "status": 200}
{"id": "v000001587", "svc": "auth", "phase": "end", "ts": 2675100, "status": 200}
{"id": "v000001588", "svc": "gateway", "phase": "start", "ts": 2676000, "status": 200}
{"id": "v000001588", "svc": "gateway", "phase": "end", "ts": 2676100, "status": 200}
{"id": "v000001589", "svc": "payment", "phase": "start", "ts": 2677000, "status": 200}
{"id": "v000001589", "svc": "payment", "phase": "end", "ts": 2677100, "status": 200}
{"id": "v000001590", "svc": "auth", "phase": "start", "ts": 2678000, "status": 200}
{"id": "v000001590", "svc": "auth", "phase": "end", "ts": 2678100, "status": 200}
{"id": "v000001591", "svc": "gateway", "phase": "start", "ts": 2679000, "status": 200}
{"id": "v000001591", "svc": "gateway", "phase": "end", "ts": 2679100, "status": 200}
{"id": "v000001592", "svc": "payment", "phase": "start", "ts": 2680000, "status": 200}
{"id": "v000001592", "svc": "payment", "phase": "end", "ts": 2680100, "status": 200}
{"id": "v000001593", "svc": "auth", "phase": "start", "ts": 2681000, "status": 200}
{"id": "v000001593", "svc": "auth", "phase": "end", "ts": 2681100, "status": 200}
{"id": "v000001594", "svc": "gateway", "phase": "start", "ts": 2682000, "status": 200}
{"id": "v000001594", "svc": "gateway", "phase": "end", "ts": 2682100, "status": 200}
{"id": "v000001595", "svc": "payment", "phase": "start", "ts": 2683000, "status": 200}
{"id": "v000001595", "svc": "payment", "phase": "end", "ts": 2683100, "status": 200}
{"id": "v000001596", "svc": "auth", "phase": "start", "ts": 2684000, "status": 200}
{"id": "v000001596", "svc": "auth", "phase": "end", "ts": 2684100, "status": 200}
   
{"id": "v000001597", "svc": "gateway", "phase": "start", "ts": 2685000, "status": 200}
{"id": "v000001597", "svc": "gateway", "phase": "end", "ts": 2685100, "status": 200}
{"id": "v000001598", "svc": "payment", "phase": "start", "ts": 2686000, "status": 200}
{"id": "v000001598", "svc": "payment", "phase": "end", "ts": 2686100, "status": 200}
{"id": "v000001599", "svc": "auth", "phase": "start", "ts": 2687000, "status": 200}
{"id": "v000001599", "svc": "auth", "phase": "end", "ts": 2687100, "status": 200}
{"id": "v000001600", "svc": "gateway", "phase": "start", "ts": 2688000, "status": 200}
{"id": "v000001600", "svc": "gateway", "phase": "end", "ts": 2688100, "status": 200}
{"id": "m", "svc": "gateway", "phase": "tick", "ts": 2689000, "status": 200}
{"id": "v000001601", "svc": "payment", "phase": "start", "ts": 2690000, "status": 200}
{"id": "v000001601", "svc": "payment", "phase": "end", "ts": 2690100, "status": 200}
{"id": "v000001602", "svc": "auth", "phase": "start", "ts": 2691000, "status": 200}
{"id": "v000001602", "svc": "auth", "phase": "end", "ts": 2691100, "status": 200}
{"id": "v000001603", "svc": "gateway", "phase": "start", "ts": 2692000, "status": 200}
{"id": "v000001603", "svc": "gateway", "phase": "end", "ts": 2692100, "status": 200}
{"id": "v000001604", "svc": "payment", "phase": "start", "ts": 2693000, "status": 200}
{"id": "v000001604", "svc": "payment", "phase": "end", "ts": 2693100, "status": 200}
{"id": "v000001605", "svc": "auth", "phase": "start", "ts": 2694000, "status": 200}
{"id": "v000001605", "svc": "auth", "phase": "end", "ts": 2694100, "status": 200}
{"id": "v000001606", "svc": "gateway", "phase": "start", "ts": 2695000, "status": 200}
{"id": "v000001606", "svc": "gateway", "phase": "end", "ts": 2695100, "status": 200}
{"id": "v000001607", "svc": "payment", "phase": "start", "ts": 2696000, "status": 200}
{"id": "v000001607", "svc": "payment", "phase": "end", "ts": 2696100, "status": 200}
{"id": "v000001608", "svc": "auth", "phase": "start", "ts": 2697000, "status": 200}
{"id": "v000001608", "svc": "auth", "phase": "end", "ts": 2697100, "status": 200}
   
{"id": "v000001609", "svc": "gateway", "phase": "start", "ts": 2698000, "status": 200}
{"id": "v000001609", "svc": "gateway", "phase": "end", "ts": 2698100, "status": 200}
{"id": "v000001610", "svc": "payment", "phase": "start", "ts": 2699000, "status": 200}
{"id": "v000001610", "svc": "payment", "phase": "end", "ts": 2699100, "status": 200}
{"id": "v000001611", "svc": "auth", "phase": "start", "ts": 2700000, "status": 200}
{"id": "v000001611", "svc": "auth", "phase": "end", "ts": 2700100, "status": 200}
{"id": "v000001612", "svc": "gateway", "phase": "start", "ts": 2701000, "status": 200}
{"id": "v000001612", "svc": "gateway", "phase": "end", "ts": 2701100, "status": 200}
{"id": "v000001613", "svc": "payment", "phase": "start", "ts": 2702000, "status": 200}
{"id": "v000001613", "svc": "payment", "phase": "end", "ts": 2702100, "status": 200}
{"id": "v000001614", "svc": "auth", "phase": "start", "ts": 2703000, "status": 200}
{"id": "v000001614", "svc": "auth", "phase": "end", "ts": 2703100, "status": 200}
{"id": "v000001615", "svc": "gateway", "phase": "start", "ts": 2704000, "status": 200}
{"id": "v000001615", "svc": "gateway", "phase": "end", "ts": 2704100, "status": 200}
{"id": "v000001616", "svc": "payment", "phase": "start", "ts": 2705000, "status": 200}
{"id": "v000001616", "svc": "payment", "phase": "end", "ts": 2705100, "status": 200}
{"id": "v000001617", "svc": "auth", "phase": "start", "ts": 2706000, "status": 200}
{"id": "v000001617", "svc": "auth", "phase": "end", "ts": 2706100, "status": 200}
{"id": "v000001618", "svc": "gateway", "phase": "start", "ts": 2707000, "status": 200}
{"id": "v000001618", "svc": "gateway", "phase": "end", "ts": 2707100, "status": 200}
{"id": "v000001619", "svc": "payment", "phase": "start", "ts": 2708000, "status": 200}
{"id": "v000001619", "svc": "payment", "phase": "end", "ts": 2708100, "status": 200}
{"id": "v000001620", "svc": "auth", "phase": "start", "ts": 2709000, "status": 200}
{"id": "v000001620", "svc": "auth", "phase": "end", "ts": 2709100, "status": 200}
   
this is not json at all }{
{"id": "v000001621", "svc": "gateway", "phase": "start", "ts": 2711000, "status": 200}
{"id": "v000001621", "svc": "gateway", "phase": "end", "ts": 2711100, "status": 200}
{"id": "v000001622", "svc": "payment", "phase": "start", "ts": 2712000, "status": 200}
{"id": "v000001622", "svc": "payment", "phase": "end", "ts": 2712100, "status": 200}
{"id": "v000001623", "svc": "auth", "phase": "start", "ts": 2713000, "status": 200}
{"id": "v000001623", "svc": "auth", "phase": "end", "ts": 2713100, "status": 200}
{"id": "v000001624", "svc": "gateway", "phase": "start", "ts": 2714000, "status": 200}
{"id": "v000001624", "svc": "gateway", "phase": "end", "ts": 2714100, "status": 200}
{"id": "v000001625", "svc": "payment", "phase": "start", "ts": 2715000, "status": 200}
{"id": "v000001625", "svc": "payment", "phase": "end", "ts": 2715100, "status": 200}
{"id": "v000001626", "svc": "auth", "phase": "start", "ts": 2716000, "status": 200}
{"id": "v000001626", "svc": "auth", "phase": "end", "ts": 2716100, "status": 200}
{"id": "v000001627", "svc": "gateway", "phase": "start", "ts": 2717000, "status": 200}
{"id": "v000001627", "svc": "gateway", "phase": "end", "ts": 2717100, "status": 200}
{"id": "v000001628", "svc": "payment", "phase": "start", "ts": 2718000, "status": 200}
{"id": "v000001628", "svc": "payment", "phase": "end", "ts": 2718100, "status": 200}
{"id": "v000001629", "svc": "auth", "phase": "start", "ts": 2719000, "status": 200}
{"id": "v000001629", "svc": "auth", "phase": "end", "ts": 2719100, "status": 200}
{"id": "v000001630", "svc": "gateway", "phase": "start", "ts": 2720000, "status": 200}
{"id": "v000001630", "svc": "gateway", "phase": "end", "ts": 2720100, "status": 200}
{"id": "v000001631", "svc": "payment", "phase": "start", "ts": 2721000, "status": 200}
{"id": "v000001631", "svc": "payment", "phase": "end", "ts": 2721100, "status": 200}
{"id": "v000001632", "svc": "auth", "phase": "start", "ts": 2722000, "status": 200}
{"id": "v000001632", "svc": "auth", "phase": "end", "ts": 2722100, "status": 200}
   
{"id": "v000001633", "svc": "gateway", "phase": "start", "ts": 2723000, "status": 200}
{"id": "v000001633", "svc": "gateway", "phase": "end", "ts": 2723100, "status": 200}
{"id": "v000001634", "svc": "payment", "phase": "start", "ts": 2724000, "status": 200}
{"id": "v000001634", "svc": "payment", "phase": "end", "ts": 2724100, "status": 200}
{"id": "v000001635", "svc": "auth", "phase": "start", "ts": 2725000, "status": 200}
{"id": "v000001635", "svc": "auth", "phase": "end", "ts": 2725100, "status": 200}
{"id": "v000001636", "svc": "gateway", "phase": "start", "ts": 2726000, "status": 200}
{"id": "v000001636", "svc": "gateway", "phase": "end", "ts": 2726100, "status": 200}
{"id": "v000001637", "svc": "payment", "phase": "start", "ts": 2727000, "status": 200}
{"id": "v000001637", "svc": "payment", "phase": "end", "ts": 2727100, "status": 200}
{"id": "v000001638", "svc": "auth", "phase": "start", "ts": 2728000, "status": 200}
{"id": "v000001638", "svc": "auth", "phase": "end", "ts": 2728100, "status": 200}
{"id": "v000001639", "svc": "gateway", "phase": "start", "ts": 2729000, "status": 200}
{"id": "v000001639", "svc": "gateway", "phase": "end", "ts": 2729100, "status": 200}
{"id": "v000001640", "svc": "payment", "phase": "start", "ts": 2730000, "status": 200}
{"id": "v000001640", "svc": "payment", "phase": "end", "ts": 2730100, "status": 200}
{"id": "m", "svc": "auth", "phase": "start", "ts": 2731000, "status": 200, "trace": "x"}
{"id": "v000001641", "svc": "auth", "phase": "start", "ts": 2732000, "status": 200}
{"id": "v000001641", "svc": "auth", "phase": "end", "ts": 2732100, "status": 200}
{"id": "v000001642", "svc": "gateway", "phase": "start", "ts": 2733000, "status": 200}
{"id": "v000001642", "svc": "gateway", "phase": "end", "ts": 2733100, "status": 200}
{"id": "v000001643", "svc": "payment", "phase": "start", "ts": 2734000, "status": 200}
{"id": "v000001643", "svc": "payment", "phase": "end", "ts": 2734100, "status": 200}
{"id": "v000001644", "svc": "auth", "phase": "start", "ts": 2735000, "status": 200}
{"id": "v000001644", "svc": "auth", "phase": "end", "ts": 2735100, "status": 200}
   
{"id": "v000001645", "svc": "gateway", "phase": "start", "ts": 2736000, "status": 200}
{"id": "v000001645", "svc": "gateway", "phase": "end", "ts": 2736100, "status": 200}
{"id": "v000001646", "svc": "payment", "phase": "start", "ts": 2737000, "status": 200}
{"id": "v000001646", "svc": "payment", "phase": "end", "ts": 2737100, "status": 200}
{"id": "v000001647", "svc": "auth", "phase": "start", "ts": 2738000, "status": 200}
{"id": "v000001647", "svc": "auth", "phase": "end", "ts": 2738100, "status": 200}
{"id": "v000001648", "svc": "gateway", "phase": "start", "ts": 2739000, "status": 200}
{"id": "v000001648", "svc": "gateway", "phase": "end", "ts": 2739100, "status": 200}
{"id": "v000001649", "svc": "payment", "phase": "start", "ts": 2740000, "status": 200}
{"id": "v000001649", "svc": "payment", "phase": "end", "ts": 2740100, "status": 200}
{"id": "v000001650", "svc": "auth", "phase": "start", "ts": 2741000, "status": 200}
{"id": "v000001650", "svc": "auth", "phase": "end", "ts": 2741100, "status": 200}
{"id": "v000001651", "svc": "gateway", "phase": "start", "ts": 2742000, "status": 200}
{"id": "v000001651", "svc": "gateway", "phase": "end", "ts": 2742100, "status": 200}
{"id": "v000001652", "svc": "payment", "phase": "start", "ts": 2743000, "status": 200}
{"id": "v000001652", "svc": "payment", "phase": "end", "ts": 2743100, "status": 200}
{"id": "v000001653", "svc": "auth", "phase": "start", "ts": 2744000, "status": 200}
{"id": "v000001653", "svc": "auth", "phase": "end", "ts": 2744100, "status": 200}
{"id": "v000001654", "svc": "gateway", "phase": "start", "ts": 2745000, "status": 200}
{"id": "v000001654", "svc": "gateway", "phase": "end", "ts": 2745100, "status": 200}
{"id": "v000001655", "svc": "payment", "phase": "start", "ts": 2746000, "status": 200}
{"id": "v000001655", "svc": "payment", "phase": "end", "ts": 2746100, "status": 200}
{"id": "v000001656", "svc": "auth", "phase": "start", "ts": 2747000, "status": 200}
{"id": "v000001656", "svc": "auth", "phase": "end", "ts": 2747100, "status": 200}
   
{"id": "v000001657", "svc": "gateway", "phase": "start", "ts": 2748000, "status": 200}
{"id": "v000001657", "svc": "gateway", "phase": "end", "ts": 2748100, "status": 200}
{"id": "v000001658", "svc": "payment", "phase": "start", "ts": 2749000, "status": 200}
{"id": "v000001658", "svc": "payment", "phase": "end", "ts": 2749100, "status": 200}
{"id": "v000001659", "svc": "auth", "phase": "start", "ts": 2750000, "status": 200}
{"id": "v000001659", "svc": "auth", "phase": "end", "ts": 2750100, "status": 200}
{"id": "v000001660", "svc": "gateway", "phase": "start", "ts": 2751000, "status": 200}
{"id": "v000001660", "svc": "gateway", "phase": "end", "ts": 2751100, "status": 200}
{"id": "m", "svc": "payment", "phase": "start", "ts": true, "status": 200}
{"id": "v000001661", "svc": "payment", "phase": "start", "ts": 2753000, "status": 200}
{"id": "v000001661", "svc": "payment", "phase": "end", "ts": 2753100, "status": 200}
{"id": "v000001662", "svc": "auth", "phase": "start", "ts": 2754000, "status": 200}
{"id": "v000001662", "svc": "auth", "phase": "end", "ts": 2754100, "status": 200}
{"id": "v000001663", "svc": "gateway", "phase": "start", "ts": 2755000, "status": 200}
{"id": "v000001663", "svc": "gateway", "phase": "end", "ts": 2755100, "status": 200}
{"id": "v000001664", "svc": "payment", "phase": "start", "ts": 2756000, "status": 200}
{"id": "v000001664", "svc": "payment", "phase": "end", "ts": 2756100, "status": 200}
{"id": "v000001665", "svc": "auth", "phase": "start", "ts": 2757000, "status": 200}
{"id": "v000001665", "svc": "auth", "phase": "end", "ts": 2757100, "status": 200}
{"id": "v000001666", "svc": "gateway", "phase": "start", "ts": 2758000, "status": 200}
{"id": "v000001666", "svc": "gateway", "phase": "end", "ts": 2758100, "status": 200}
{"id": "v000001667", "svc": "payment", "phase": "start", "ts": 2759000, "status": 200}
{"id": "v000001667", "svc": "payment", "phase": "end", "ts": 2759100, "status": 200}
{"id": "v000001668", "svc": "auth", "phase": "start", "ts": 2760000, "status": 200}
{"id": "v000001668", "svc": "auth", "phase": "end", "ts": 2760100, "status": 200}
   
{"id": "v000001669", "svc": "gateway", "phase": "start", "ts": 2761000, "status": 200}
{"id": "v000001669", "svc": "gateway", "phase": "end", "ts": 2761100, "status": 200}
{"id": "v000001670", "svc": "payment", "phase": "start", "ts": 2762000, "status": 200}
{"id": "v000001670", "svc": "payment", "phase": "end", "ts": 2762100, "status": 200}
{"id": "v000001671", "svc": "auth", "phase": "start", "ts": 2763000, "status": 200}
{"id": "v000001671", "svc": "auth", "phase": "end", "ts": 2763100, "status": 200}
{"id": "v000001672", "svc": "gateway", "phase": "start", "ts": 2764000, "status": 200}
{"id": "v000001672", "svc": "gateway", "phase": "end", "ts": 2764100, "status": 200}
{"id": "v000001673", "svc": "payment", "phase": "start", "ts": 2765000, "status": 200}
{"id": "v000001673", "svc": "payment", "phase": "end", "ts": 2765100, "status": 200}
{"id": "v000001674", "svc": "auth", "phase": "start", "ts": 2766000, "status": 200}
{"id": "v000001674", "svc": "auth", "phase": "end", "ts": 2766100, "status": 200}
{"id": "v000001675", "svc": "gateway", "phase": "start", "ts": 2767000, "status": 200}
{"id": "v000001675", "svc": "gateway", "phase": "end", "ts": 2767100, "status": 200}
{"id": "v000001676", "svc": "payment", "phase": "start", "ts": 2768000, "status": 200}
{"id": "v000001676", "svc": "payment", "phase": "end", "ts": 2768100, "status": 200}
{"id": "v000001677", "svc": "auth", "phase": "start", "ts": 2769000, "status": 200}
{"id": "v000001677", "svc": "auth", "phase": "end", "ts": 2769100, "status": 200}
{"id": "v000001678", "svc": "gateway", "phase": "start", "ts": 2770000, "status": 200}
{"id": "v000001678", "svc": "gateway", "phase": "end", "ts": 2770100, "status": 200}
{"id": "v000001679", "svc": "payment", "phase": "start", "ts": 2771000, "status": 200}
{"id": "v000001679", "svc": "payment", "phase": "end", "ts": 2771100, "status": 200}
{"id": "v000001680", "svc": "auth", "phase": "start", "ts": 2772000, "status": 200}
{"id": "v000001680", "svc": "auth", "phase": "end", "ts": 2772100, "status": 200}
   
{"id": "m", "svc": "billing", "phase": "start", "ts": 2773000, "status": 200}
{"id": "v000001681", "svc": "gateway", "phase": "start", "ts": 2774000, "status": 200}
{"id": "v000001681", "svc": "gateway", "phase": "end", "ts": 2774100, "status": 200}
{"id": "v000001682", "svc": "payment", "phase": "start", "ts": 2775000, "status": 200}
{"id": "v000001682", "svc": "payment", "phase": "end", "ts": 2775100, "status": 200}
{"id": "v000001683", "svc": "auth", "phase": "start", "ts": 2776000, "status": 200}
{"id": "v000001683", "svc": "auth", "phase": "end", "ts": 2776100, "status": 200}
{"id": "v000001684", "svc": "gateway", "phase": "start", "ts": 2777000, "status": 200}
{"id": "v000001684", "svc": "gateway", "phase": "end", "ts": 2777100, "status": 200}
{"id": "v000001685", "svc": "payment", "phase": "start", "ts": 2778000, "status": 200}
{"id": "v000001685", "svc": "payment", "phase": "end", "ts": 2778100, "status": 200}
{"id": "v000001686", "svc": "auth", "phase": "start", "ts": 2779000, "status": 200}
{"id": "v000001686", "svc": "auth", "phase": "end", "ts": 2779100, "status": 200}
{"id": "v000001687", "svc": "gateway", "phase": "start", "ts": 2780000, "status": 200}
{"id": "v000001687", "svc": "gateway", "phase": "end", "ts": 2780100, "status": 200}
{"id": "v000001688", "svc": "payment", "phase": "start", "ts": 2781000, "status": 200}
{"id": "v000001688", "svc": "payment", "phase": "end", "ts": 2781100, "status": 200}
{"id": "v000001689", "svc": "auth", "phase": "start", "ts": 2782000, "status": 200}
{"id": "v000001689", "svc": "auth", "phase": "end", "ts": 2782100, "status": 200}
{"id": "v000001690", "svc": "gateway", "phase": "start", "ts": 2783000, "status": 200}
{"id": "v000001690", "svc": "gateway", "phase": "end", "ts": 2783100, "status": 200}
{"id": "v000001691", "svc": "payment", "phase": "start", "ts": 2784000, "status": 200}
{"id": "v000001691", "svc": "payment", "phase": "end", "ts": 2784100, "status": 200}
{"id": "v000001692", "svc": "auth", "phase": "start", "ts": 2785000, "status": 200}
{"id": "v000001692", "svc": "auth", "phase": "end", "ts": 2785100, "status": 200}
   
{"id": "v000001693", "svc": "gateway", "phase": "start", "ts": 2786000, "status": 200}
{"id": "v000001693", "svc": "gateway", "phase": "end", "ts": 2786100, "status": 200}
{"id": "v000001694", "svc": "payment", "phase": "start", "ts": 2787000, "status": 200}
{"id": "v000001694", "svc": "payment", "phase": "end", "ts": 2787100, "status": 200}
{"id": "v000001695", "svc": "auth", "phase": "start", "ts": 2788000, "status": 200}
{"id": "v000001695", "svc": "auth", "phase": "end", "ts": 2788100, "status": 200}
{"id": "v000001696", "svc": "gateway", "phase": "start", "ts": 2789000, "status": 200}
{"id": "v000001696", "svc": "gateway", "phase": "end", "ts": 2789100, "status": 200}
{"id": "v000001697", "svc": "payment", "phase": "start", "ts": 2790000, "status": 200}
{"id": "v000001697", "svc": "payment", "phase": "end", "ts": 2790100, "status": 200}
{"id": "v000001698", "svc": "auth", "phase": "start", "ts": 2791000, "status": 200}
{"id": "v000001698", "svc": "auth", "phase": "end", "ts": 2791100, "status": 200}
{"id": "v000001699", "svc": "gateway", "phase": "start", "ts": 2792000, "status": 200}
{"id": "v000001699", "svc": "gateway", "phase": "end", "ts": 2792100, "status": 200}
{"id": "v000001700", "svc": "payment", "phase": "start", "ts": 2793000, "status": 200}
{"id": "v000001700", "svc": "payment", "phase": "end", "ts": 2793100, "status": 200}
{"id": "m", "svc": "payment", "phase": "end", "ts": 2794000, "status": true}
{"id": "v000001701", "svc": "auth", "phase": "start", "ts": 2795000, "status": 200}
{"id": "v000001701", "svc": "auth", "phase": "end", "ts": 2795100, "status": 200}
{"id": "v000001702", "svc": "gateway", "phase": "start", "ts": 2796000, "status": 200}
{"id": "v000001702", "svc": "gateway", "phase": "end", "ts": 2796100, "status": 200}
{"id": "v000001703", "svc": "payment", "phase": "start", "ts": 2797000, "status": 200}
{"id": "v000001703", "svc": "payment", "phase": "end", "ts": 2797100, "status": 200}
{"id": "v000001704", "svc": "auth", "phase": "start", "ts": 2798000, "status": 200}
{"id": "v000001704", "svc": "auth", "phase": "end", "ts": 2798100, "status": 200}
   
{"id": "v000001705", "svc": "gateway", "phase": "start", "ts": 2799000, "status": 200}
{"id": "v000001705", "svc": "gateway", "phase": "end", "ts": 2799100, "status": 200}
{"id": "v000001706", "svc": "payment", "phase": "start", "ts": 2800000, "status": 200}
{"id": "v000001706", "svc": "payment", "phase": "end", "ts": 2800100, "status": 200}
{"id": "v000001707", "svc": "auth", "phase": "start", "ts": 2801000, "status": 200}
{"id": "v000001707", "svc": "auth", "phase": "end", "ts": 2801100, "status": 200}
{"id": "v000001708", "svc": "gateway", "phase": "start", "ts": 2802000, "status": 200}
{"id": "v000001708", "svc": "gateway", "phase": "end", "ts": 2802100, "status": 200}
{"id": "v000001709", "svc": "payment", "phase": "start", "ts": 2803000, "status": 200}
{"id": "v000001709", "svc": "payment", "phase": "end", "ts": 2803100, "status": 200}
{"id": "v000001710", "svc": "auth", "phase": "start", "ts": 2804000, "status": 200}
{"id": "v000001710", "svc": "auth", "phase": "end", "ts": 2804100, "status": 200}
{"id": "v000001711", "svc": "gateway", "phase": "start", "ts": 2805000, "status": 200}
{"id": "v000001711", "svc": "gateway", "phase": "end", "ts": 2805100, "status": 200}
{"id": "v000001712", "svc": "payment", "phase": "start", "ts": 2806000, "status": 200}
{"id": "v000001712", "svc": "payment", "phase": "end", "ts": 2806100, "status": 200}
{"id": "v000001713", "svc": "auth", "phase": "start", "ts": 2807000, "status": 200}
{"id": "v000001713", "svc": "auth", "phase": "end", "ts": 2807100, "status": 200}
{"id": "v000001714", "svc": "gateway", "phase": "start", "ts": 2808000, "status": 200}
{"id": "v000001714", "svc": "gateway", "phase": "end", "ts": 2808100, "status": 200}
{"id": "v000001715", "svc": "payment", "phase": "start", "ts": 2809000, "status": 200}
{"id": "v000001715", "svc": "payment", "phase": "end", "ts": 2809100, "status": 200}
{"id": "v000001716", "svc": "auth", "phase": "start", "ts": 2810000, "status": 200}
{"id": "v000001716", "svc": "auth", "phase": "end", "ts": 2810100, "status": 200}
   
{"id": "v000001717", "svc": "gateway", "phase": "start", "ts": 2811000, "status": 200}
{"id": "v000001717", "svc": "gateway", "phase": "end", "ts": 2811100, "status": 200}
{"id": "v000001718", "svc": "payment", "phase": "start", "ts": 2812000, "status": 200}
{"id": "v000001718", "svc": "payment", "phase": "end", "ts": 2812100, "status": 200}
{"id": "v000001719", "svc": "auth", "phase": "start", "ts": 2813000, "status": 200}
{"id": "v000001719", "svc": "auth", "phase": "end", "ts": 2813100, "status": 200}
{"id": "v000001720", "svc": "gateway", "phase": "start", "ts": 2814000, "status": 200}
{"id": "v000001720", "svc": "gateway", "phase": "end", "ts": 2814100, "status": 200}
{"id": "m", "svc": "auth", "phase": "start", "ts": 2815000}
{"id": "v000001721", "svc": "payment", "phase": "start", "ts": 2816000, "status": 200}
{"id": "v000001721", "svc": "payment", "phase": "end", "ts": 2816100, "status": 200}
{"id": "v000001722", "svc": "auth", "phase": "start", "ts": 2817000, "status": 200}
{"id": "v000001722", "svc": "auth", "phase": "end", "ts": 2817100, "status": 200}
{"id": "v000001723", "svc": "gateway", "phase": "start", "ts": 2818000, "status": 200}
{"id": "v000001723", "svc": "gateway", "phase": "end", "ts": 2818100, "status": 200}
{"id": "v000001724", "svc": "payment", "phase": "start", "ts": 2819000, "status": 200}
{"id": "v000001724", "svc": "payment", "phase": "end", "ts": 2819100, "status": 200}
{"id": "v000001725", "svc": "auth", "phase": "start", "ts": 2820000, "status": 200}
{"id": "v000001725", "svc": "auth", "phase": "end", "ts": 2820100, "status": 200}
{"id": "v000001726", "svc": "gateway", "phase": "start", "ts": 2821000, "status": 200}
{"id": "v000001726", "svc": "gateway", "phase": "end", "ts": 2821100, "status": 200}
{"id": "v000001727", "svc": "payment", "phase": "start", "ts": 2822000, "status": 200}
{"id": "v000001727", "svc": "payment", "phase": "end", "ts": 2822100, "status": 200}
{"id": "v000001728", "svc": "auth", "phase": "start", "ts": 2823000, "status": 200}
{"id": "v000001728", "svc": "auth", "phase": "end", "ts": 2823100, "status": 200}
   
{"id": "v000001729", "svc": "gateway", "phase": "start", "ts": 2824000, "status": 200}
{"id": "v000001729", "svc": "gateway", "phase": "end", "ts": 2824100, "status": 200}
{"id": "v000001730", "svc": "payment", "phase": "start", "ts": 2825000, "status": 200}
{"id": "v000001730", "svc": "payment", "phase": "end", "ts": 2825100, "status": 200}
{"id": "v000001731", "svc": "auth", "phase": "start", "ts": 2826000, "status": 200}
{"id": "v000001731", "svc": "auth", "phase": "end", "ts": 2826100, "status": 200}
{"id": "v000001732", "svc": "gateway", "phase": "start", "ts": 2827000, "status": 200}
{"id": "v000001732", "svc": "gateway", "phase": "end", "ts": 2827100, "status": 200}
{"id": "v000001733", "svc": "payment", "phase": "start", "ts": 2828000, "status": 200}
{"id": "v000001733", "svc": "payment", "phase": "end", "ts": 2828100, "status": 200}
{"id": "v000001734", "svc": "auth", "phase": "start", "ts": 2829000, "status": 200}
{"id": "v000001734", "svc": "auth", "phase": "end", "ts": 2829100, "status": 200}
{"id": "v000001735", "svc": "gateway", "phase": "start", "ts": 2830000, "status": 200}
{"id": "v000001735", "svc": "gateway", "phase": "end", "ts": 2830100, "status": 200}
{"id": "v000001736", "svc": "payment", "phase": "start", "ts": 2831000, "status": 200}
{"id": "v000001736", "svc": "payment", "phase": "end", "ts": 2831100, "status": 200}
{"id": "v000001737", "svc": "auth", "phase": "start", "ts": 2832000, "status": 200}
{"id": "v000001737", "svc": "auth", "phase": "end", "ts": 2832100, "status": 200}
{"id": "v000001738", "svc": "gateway", "phase": "start", "ts": 2833000, "status": 200}
{"id": "v000001738", "svc": "gateway", "phase": "end", "ts": 2833100, "status": 200}
{"id": "v000001739", "svc": "payment", "phase": "start", "ts": 2834000, "status": 200}
{"id": "v000001739", "svc": "payment", "phase": "end", "ts": 2834100, "status": 200}
{"id": "v000001740", "svc": "auth", "phase": "start", "ts": 2835000, "status": 200}
{"id": "v000001740", "svc": "auth", "phase": "end", "ts": 2835100, "status": 200}
   
{"id": "m", "svc": "gateway", "phase": "end", "ts": 2836000, "status": 200.0}
{"id": "v000001741", "svc": "gateway", "phase": "start", "ts": 2837000, "status": 200}
{"id": "v000001741", "svc": "gateway", "phase": "end", "ts": 2837100, "status": 200}
{"id": "v000001742", "svc": "payment", "phase": "start", "ts": 2838000, "status": 200}
{"id": "v000001742", "svc": "payment", "phase": "end", "ts": 2838100, "status": 200}
{"id": "v000001743", "svc": "auth", "phase": "start", "ts": 2839000, "status": 200}
{"id": "v000001743", "svc": "auth", "phase": "end", "ts": 2839100, "status": 200}
{"id": "v000001744", "svc": "gateway", "phase": "start", "ts": 2840000, "status": 200}
{"id": "v000001744", "svc": "gateway", "phase": "end", "ts": 2840100, "status": 200}
{"id": "v000001745", "svc": "payment", "phase": "start", "ts": 2841000, "status": 200}
{"id": "v000001745", "svc": "payment", "phase": "end", "ts": 2841100, "status": 200}
{"id": "v000001746", "svc": "auth", "phase": "start", "ts": 2842000, "status": 200}
{"id": "v000001746", "svc": "auth", "phase": "end", "ts": 2842100, "status": 200}
{"id": "v000001747", "svc": "gateway", "phase": "start", "ts": 2843000, "status": 200}
{"id": "v000001747", "svc": "gateway", "phase": "end", "ts": 2843100, "status": 200}
{"id": "v000001748", "svc": "payment", "phase": "start", "ts": 2844000, "status": 200}
{"id": "v000001748", "svc": "payment", "phase": "end", "ts": 2844100, "status": 200}
{"id": "v000001749", "svc": "auth", "phase": "start", "ts": 2845000, "status": 200}
{"id": "v000001749", "svc": "auth", "phase": "end", "ts": 2845100, "status": 200}
{"id": "v000001750", "svc": "gateway", "phase": "start", "ts": 2846000, "status": 200}
{"id": "v000001750", "svc": "gateway", "phase": "end", "ts": 2846100, "status": 200}
{"id": "v000001751", "svc": "payment", "phase": "start", "ts": 2847000, "status": 200}
{"id": "v000001751", "svc": "payment", "phase": "end", "ts": 2847100, "status": 200}
{"id": "v000001752", "svc": "auth", "phase": "start", "ts": 2848000, "status": 200}
{"id": "v000001752", "svc": "auth", "phase": "end", "ts": 2848100, "status": 200}
   
{"id": "v000001753", "svc": "gateway", "phase": "start", "ts": 2849000, "status": 200}
{"id": "v000001753", "svc": "gateway", "phase": "end", "ts": 2849100, "status": 200}
{"id": "v000001754", "svc": "payment", "phase": "start", "ts": 2850000, "status": 200}
{"id": "v000001754", "svc": "payment", "phase": "end", "ts": 2850100, "status": 200}
{"id": "v000001755", "svc": "auth", "phase": "start", "ts": 2851000, "status": 200}
{"id": "v000001755", "svc": "auth", "phase": "end", "ts": 2851100, "status": 200}
{"id": "v000001756", "svc": "gateway", "phase": "start", "ts": 2852000, "status": 200}
{"id": "v000001756", "svc": "gateway", "phase": "end", "ts": 2852100, "status": 200}
{"id": "v000001757", "svc": "payment", "phase": "start", "ts": 2853000, "status": 200}
{"id": "v000001757", "svc": "payment", "phase": "end", "ts": 2853100, "status": 200}
{"id": "v000001758", "svc": "auth", "phase": "start", "ts": 2854000, "status": 200}
{"id": "v000001758", "svc": "auth", "phase": "end", "ts": 2854100, "status": 200}
{"id": "v000001759", "svc": "gateway", "phase": "start", "ts": 2855000, "status": 200}
{"id": "v000001759", "svc": "gateway", "phase": "end", "ts": 2855100, "status": 200}
{"id": "v000001760", "svc": "payment", "phase": "start", "ts": 2856000, "status": 200}
{"id": "v000001760", "svc": "payment", "phase": "end", "ts": 2856100, "status": 200}
{"id": "m", "svc": "auth", "phase": "end", "ts": 2857000, "status": 99}
{"id": "v000001761", "svc": "auth", "phase": "start", "ts": 2858000, "status": 200}
{"id": "v000001761", "svc": "auth", "phase": "end", "ts": 2858100, "status": 200}
{"id": "v000001762", "svc": "gateway", "phase": "start", "ts": 2859000, "status": 200}
{"id": "v000001762", "svc": "gateway", "phase": "end", "ts": 2859100, "status": 200}
{"id": "v000001763", "svc": "payment", "phase": "start", "ts": 2860000, "status": 200}
{"id": "v000001763", "svc": "payment", "phase": "end", "ts": 2860100, "status": 200}
{"id": "v000001764", "svc": "auth", "phase": "start", "ts": 2861000, "status": 200}
{"id": "v000001764", "svc": "auth", "phase": "end", "ts": 2861100, "status": 200}
   
{"id": "v000001765", "svc": "gateway", "phase": "start", "ts": 2862000, "status": 200}
{"id": "v000001765", "svc": "gateway", "phase": "end", "ts": 2862100, "status": 200}
{"id": "v000001766", "svc": "payment", "phase": "start", "ts": 2863000, "status": 200}
{"id": "v000001766", "svc": "payment", "phase": "end", "ts": 2863100, "status": 200}
{"id": "v000001767", "svc": "auth", "phase": "start", "ts": 2864000, "status": 200}
{"id": "v000001767", "svc": "auth", "phase": "end", "ts": 2864100, "status": 200}
{"id": "v000001768", "svc": "gateway", "phase": "start", "ts": 2865000, "status": 200}
{"id": "v000001768", "svc": "gateway", "phase": "end", "ts": 2865100, "status": 200}
{"id": "v000001769", "svc": "payment", "phase": "start", "ts": 2866000, "status": 200}
{"id": "v000001769", "svc": "payment", "phase": "end", "ts": 2866100, "status": 200}
{"id": "v000001770", "svc": "auth", "phase": "start", "ts": 2867000, "status": 200}
{"id": "v000001770", "svc": "auth", "phase": "end", "ts": 2867100, "status": 200}
{"id": "v000001771", "svc": "gateway", "phase": "start", "ts": 2868000, "status": 200}
{"id": "v000001771", "svc": "gateway", "phase": "end", "ts": 2868100, "status": 200}
{"id": "v000001772", "svc": "payment", "phase": "start", "ts": 2869000, "status": 200}
{"id": "v000001772", "svc": "payment", "phase": "end", "ts": 2869100, "status": 200}
{"id": "v000001773", "svc": "auth", "phase": "start", "ts": 2870000, "status": 200}
{"id": "v000001773", "svc": "auth", "phase": "end", "ts": 2870100, "status": 200}
{"id": "v000001774", "svc": "gateway", "phase": "start", "ts": 2871000, "status": 200}
{"id": "v000001774", "svc": "gateway", "phase": "end", "ts": 2871100, "status": 200}
{"id": "v000001775", "svc": "payment", "phase": "start", "ts": 2872000, "status": 200}
{"id": "v000001775", "svc": "payment", "phase": "end", "ts": 2872100, "status": 200}
{"id": "v000001776", "svc": "auth", "phase": "start", "ts": 2873000, "status": 200}
{"id": "v000001776", "svc": "auth", "phase": "end", "ts": 2873100, "status": 200}
   
{"id": "v000001777", "svc": "gateway", "phase": "start", "ts": 2874000, "status": 200}
{"id": "v000001777", "svc": "gateway", "phase": "end", "ts": 2874100, "status": 200}
{"id": "v000001778", "svc": "payment", "phase": "start", "ts": 2875000, "status": 200}
{"id": "v000001778", "svc": "payment", "phase": "end", "ts": 2875100, "status": 200}
{"id": "v000001779", "svc": "auth", "phase": "start", "ts": 2876000, "status": 200}
{"id": "v000001779", "svc": "auth", "phase": "end", "ts": 2876100, "status": 200}
{"id": "v000001780", "svc": "gateway", "phase": "start", "ts": 2877000, "status": 200}
{"id": "v000001780", "svc": "gateway", "phase": "end", "ts": 2877100, "status": 200}
{"id": "m", "svc": "gateway", "phase": "tick", "ts": 2878000, "status": 200}
{"id": "v000001781", "svc": "payment", "phase": "start", "ts": 2879000, "status": 200}
{"id": "v000001781", "svc": "payment", "phase": "end", "ts": 2879100, "status": 200}
{"id": "v000001782", "svc": "auth", "phase": "start", "ts": 2880000, "status": 200}
{"id": "v000001782", "svc": "auth", "phase": "end", "ts": 2880100, "status": 200}
{"id": "v000001783", "svc": "gateway", "phase": "start", "ts": 2881000, "status": 200}
{"id": "v000001783", "svc": "gateway", "phase": "end", "ts": 2881100, "status": 200}
{"id": "v000001784", "svc": "payment", "phase": "start", "ts": 2882000, "status": 200}
{"id": "v000001784", "svc": "payment", "phase": "end", "ts": 2882100, "status": 200}
{"id": "v000001785", "svc": "auth", "phase": "start", "ts": 2883000, "status": 200}
{"id": "v000001785", "svc": "auth", "phase": "end", "ts": 2883100, "status": 200}
{"id": "v000001786", "svc": "gateway", "phase": "start", "ts": 2884000, "status": 200}
{"id": "v000001786", "svc": "gateway", "phase": "end", "ts": 2884100, "status": 200}
{"id": "v000001787", "svc": "payment", "phase": "start", "ts": 2885000, "status": 200}
{"id": "v000001787", "svc": "payment", "phase": "end", "ts": 2885100, "status": 200}
{"id": "v000001788", "svc": "auth", "phase": "start", "ts": 2886000, "status": 200}
{"id": "v000001788", "svc": "auth", "phase": "end", "ts": 2886100, "status": 200}
   
{"id": "v000001789", "svc": "gateway", "phase": "start", "ts": 2887000, "status": 200}
{"id": "v000001789", "svc": "gateway", "phase": "end", "ts": 2887100, "status": 200}
{"id": "v000001790", "svc": "payment", "phase": "start", "ts": 2888000, "status": 200}
{"id": "v000001790", "svc": "payment", "phase": "end", "ts": 2888100, "status": 200}
{"id": "v000001791", "svc": "auth", "phase": "start", "ts": 2889000, "status": 200}
{"id": "v000001791", "svc": "auth", "phase": "end", "ts": 2889100, "status": 200}
{"id": "v000001792", "svc": "gateway", "phase": "start", "ts": 2890000, "status": 200}
{"id": "v000001792", "svc": "gateway", "phase": "end", "ts": 2890100, "status": 200}
{"id": "v000001793", "svc": "payment", "phase": "start", "ts": 2891000, "status": 200}
{"id": "v000001793", "svc": "payment", "phase": "end", "ts": 2891100, "status": 200}
{"id": "v000001794", "svc": "auth", "phase": "start", "ts": 2892000, "status": 200}
{"id": "v000001794", "svc": "auth", "phase": "end", "ts": 2892100, "status": 200}
{"id": "v000001795", "svc": "gateway", "phase": "start", "ts": 2893000, "status": 200}
{"id": "v000001795", "svc": "gateway", "phase": "end", "ts": 2893100, "status": 200}
{"id": "v000001796", "svc": "payment", "phase": "start", "ts": 2894000, "status": 200}
{"id": "v000001796", "svc": "payment", "phase": "end", "ts": 2894100, "status": 200}
{"id": "v000001797", "svc": "auth", "phase": "start", "ts": 2895000, "status": 200}
{"id": "v000001797", "svc": "auth", "phase": "end", "ts": 2895100, "status": 200}
{"id": "v000001798", "svc": "gateway", "phase": "start", "ts": 2896000, "status": 200}
{"id": "v000001798", "svc": "gateway", "phase": "end", "ts": 2896100, "status": 200}
{"id": "v000001799", "svc": "payment", "phase": "start", "ts": 2897000, "status": 200}
{"id": "v000001799", "svc": "payment", "phase": "end", "ts": 2897100, "status": 200}
{"id": "v000001800", "svc": "auth", "phase": "start", "ts": 2898000, "status": 200}
{"id": "v000001800", "svc": "auth", "phase": "end", "ts": 2898100, "status": 200}
   
this is not json at all }{
{"id": "v000001801", "svc": "gateway", "phase": "start", "ts": 2900000, "status": 200}
{"id": "v000001801", "svc": "gateway", "phase": "end", "ts": 2900100, "status": 200}
{"id": "v000001802", "svc": "payment", "phase": "start", "ts": 2901000, "status": 200}
{"id": "v000001802", "svc": "payment", "phase": "end", "ts": 2901100, "status": 200}
{"id": "v000001803", "svc": "auth", "phase": "start", "ts": 2902000, "status": 200}
{"id": "v000001803", "svc": "auth", "phase": "end", "ts": 2902100, "status": 200}
{"id": "v000001804", "svc": "gateway", "phase": "start", "ts": 2903000, "status": 200}
{"id": "v000001804", "svc": "gateway", "phase": "end", "ts": 2903100, "status": 200}
{"id": "v000001805", "svc": "payment", "phase": "start", "ts": 2904000, "status": 200}
{"id": "v000001805", "svc": "payment", "phase": "end", "ts": 2904100, "status": 200}
{"id": "v000001806", "svc": "auth", "phase": "start", "ts": 2905000, "status": 200}
{"id": "v000001806", "svc": "auth", "phase": "end", "ts": 2905100, "status": 200}
{"id": "v000001807", "svc": "gateway", "phase": "start", "ts": 2906000, "status": 200}
{"id": "v000001807", "svc": "gateway", "phase": "end", "ts": 2906100, "status": 200}
{"id": "v000001808", "svc": "payment", "phase": "start", "ts": 2907000, "status": 200}
{"id": "v000001808", "svc": "payment", "phase": "end", "ts": 2907100, "status": 200}
{"id": "v000001809", "svc": "auth", "phase": "start", "ts": 2908000, "status": 200}
{"id": "v000001809", "svc": "auth", "phase": "end", "ts": 2908100, "status": 200}
{"id": "v000001810", "svc": "gateway", "phase": "start", "ts": 2909000, "status": 200}
{"id": "v000001810", "svc": "gateway", "phase": "end", "ts": 2909100, "status": 200}
{"id": "v000001811", "svc": "payment", "phase": "start", "ts": 2910000, "status": 200}
{"id": "v000001811", "svc": "payment", "phase": "end", "ts": 2910100, "status": 200}
{"id": "v000001812", "svc": "auth", "phase": "start", "ts": 2911000, "status": 200}
{"id": "v000001812", "svc": "auth", "phase": "end", "ts": 2911100, "status": 200}
   
{"id": "v000001813", "svc": "gateway", "phase": "start", "ts": 2912000, "status": 200}
{"id": "v000001813", "svc": "gateway", "phase": "end", "ts": 2912100, "status": 200}
{"id": "v000001814", "svc": "payment", "phase": "start", "ts": 2913000, "status": 200}
{"id": "v000001814", "svc": "payment", "phase": "end", "ts": 2913100, "status": 200}
{"id": "v000001815", "svc": "auth", "phase": "start", "ts": 2914000, "status": 200}
{"id": "v000001815", "svc": "auth", "phase": "end", "ts": 2914100, "status": 200}
{"id": "v000001816", "svc": "gateway", "phase": "start", "ts": 2915000, "status": 200}
{"id": "v000001816", "svc": "gateway", "phase": "end", "ts": 2915100, "status": 200}
{"id": "v000001817", "svc": "payment", "phase": "start", "ts": 2916000, "status": 200}
{"id": "v000001817", "svc": "payment", "phase": "end", "ts": 2916100, "status": 200}
{"id": "v000001818", "svc": "auth", "phase": "start", "ts": 2917000, "status": 200}
{"id": "v000001818", "svc": "auth", "phase": "end", "ts": 2917100, "status": 200}
{"id": "v000001819", "svc": "gateway", "phase": "start", "ts": 2918000, "status": 200}
{"id": "v000001819", "svc": "gateway", "phase": "end", "ts": 2918100, "status": 200}
{"id": "v000001820", "svc": "payment", "phase": "start", "ts": 2919000, "status": 200}
{"id": "v000001820", "svc": "payment", "phase": "end", "ts": 2919100, "status": 200}
{"id": "m", "svc": "auth", "phase": "start", "ts": 2920000, "status": 200, "trace": "x"}
{"id": "v000001821", "svc": "auth", "phase": "start", "ts": 2921000, "status": 200}
{"id": "v000001821", "svc": "auth", "phase": "end", "ts": 2921100, "status": 200}
{"id": "v000001822", "svc": "gateway", "phase": "start", "ts": 2922000, "status": 200}
{"id": "v000001822", "svc": "gateway", "phase": "end", "ts": 2922100, "status": 200}
{"id": "v000001823", "svc": "payment", "phase": "start", "ts": 2923000, "status": 200}
{"id": "v000001823", "svc": "payment", "phase": "end", "ts": 2923100, "status": 200}
{"id": "v000001824", "svc": "auth", "phase": "start", "ts": 2924000, "status": 200}
{"id": "v000001824", "svc": "auth", "phase": "end", "ts": 2924100, "status": 200}
   
{"id": "v000001825", "svc": "gateway", "phase": "start", "ts": 2925000, "status": 200}
{"id": "v000001825", "svc": "gateway", "phase": "end", "ts": 2925100, "status": 200}
{"id": "v000001826", "svc": "payment", "phase": "start", "ts": 2926000, "status": 200}
{"id": "v000001826", "svc": "payment", "phase": "end", "ts": 2926100, "status": 200}
{"id": "v000001827", "svc": "auth", "phase": "start", "ts": 2927000, "status": 200}
{"id": "v000001827", "svc": "auth", "phase": "end", "ts": 2927100, "status": 200}
{"id": "v000001828", "svc": "gateway", "phase": "start", "ts": 2928000, "status": 200}
{"id": "v000001828", "svc": "gateway", "phase": "end", "ts": 2928100, "status": 200}
{"id": "v000001829", "svc": "payment", "phase": "start", "ts": 2929000, "status": 200}
{"id": "v000001829", "svc": "payment", "phase": "end", "ts": 2929100, "status": 200}
{"id": "v000001830", "svc": "auth", "phase": "start", "ts": 2930000, "status": 200}
{"id": "v000001830", "svc": "auth", "phase": "end", "ts": 2930100, "status": 200}
{"id": "v000001831", "svc": "gateway", "phase": "start", "ts": 2931000, "status": 200}
{"id": "v000001831", "svc": "gateway", "phase": "end", "ts": 2931100, "status": 200}
{"id": "v000001832", "svc": "payment", "phase": "start", "ts": 2932000, "status": 200}
{"id": "v000001832", "svc": "payment", "phase": "end", "ts": 2932100, "status": 200}
{"id": "v000001833", "svc": "auth", "phase": "start", "ts": 2933000, "status": 200}
{"id": "v000001833", "svc": "auth", "phase": "end", "ts": 2933100, "status": 200}
{"id": "v000001834", "svc": "gateway", "phase": "start", "ts": 2934000, "status": 200}
{"id": "v000001834", "svc": "gateway", "phase": "end", "ts": 2934100, "status": 200}
{"id": "v000001835", "svc": "payment", "phase": "start", "ts": 2935000, "status": 200}
{"id": "v000001835", "svc": "payment", "phase": "end", "ts": 2935100, "status": 200}
{"id": "v000001836", "svc": "auth", "phase": "start", "ts": 2936000, "status": 200}
{"id": "v000001836", "svc": "auth", "phase": "end", "ts": 2936100, "status": 200}
   
{"id": "v000001837", "svc": "gateway", "phase": "start", "ts": 2937000, "status": 200}
{"id": "v000001837", "svc": "gateway", "phase": "end", "ts": 2937100, "status": 200}
{"id": "v000001838", "svc": "payment", "phase": "start", "ts": 2938000, "status": 200}
{"id": "v000001838", "svc": "payment", "phase": "end", "ts": 2938100, "status": 200}
{"id": "v000001839", "svc": "auth", "phase": "start", "ts": 2939000, "status": 200}
{"id": "v000001839", "svc": "auth", "phase": "end", "ts": 2939100, "status": 200}
{"id": "v000001840", "svc": "gateway", "phase": "start", "ts": 2940000, "status": 200}
{"id": "v000001840", "svc": "gateway", "phase": "end", "ts": 2940100, "status": 200}
{"id": "m", "svc": "payment", "phase": "start", "ts": true, "status": 200}
{"id": "v000001841", "svc": "payment", "phase": "start", "ts": 2942000, "status": 200}
{"id": "v000001841", "svc": "payment", "phase": "end", "ts": 2942100, "status": 200}
{"id": "v000001842", "svc": "auth", "phase": "start", "ts": 2943000, "status": 200}
{"id": "v000001842", "svc": "auth", "phase": "end", "ts": 2943100, "status": 200}
{"id": "v000001843", "svc": "gateway", "phase": "start", "ts": 2944000, "status": 200}
{"id": "v000001843", "svc": "gateway", "phase": "end", "ts": 2944100, "status": 200}
{"id": "v000001844", "svc": "payment", "phase": "start", "ts": 2945000, "status": 200}
{"id": "v000001844", "svc": "payment", "phase": "end", "ts": 2945100, "status": 200}
{"id": "v000001845", "svc": "auth", "phase": "start", "ts": 2946000, "status": 200}
{"id": "v000001845", "svc": "auth", "phase": "end", "ts": 2946100, "status": 200}
{"id": "v000001846", "svc": "gateway", "phase": "start", "ts": 2947000, "status": 200}
{"id": "v000001846", "svc": "gateway", "phase": "end", "ts": 2947100, "status": 200}
{"id": "v000001847", "svc": "payment", "phase": "start", "ts": 2948000, "status": 200}
{"id": "v000001847", "svc": "payment", "phase": "end", "ts": 2948100, "status": 200}
{"id": "v000001848", "svc": "auth", "phase": "start", "ts": 2949000, "status": 200}
{"id": "v000001848", "svc": "auth", "phase": "end", "ts": 2949100, "status": 200}
   
{"id": "v000001849", "svc": "gateway", "phase": "start", "ts": 2950000, "status": 200}
{"id": "v000001849", "svc": "gateway", "phase": "end", "ts": 2950100, "status": 200}
{"id": "v000001850", "svc": "payment", "phase": "start", "ts": 2951000, "status": 200}
{"id": "v000001850", "svc": "payment", "phase": "end", "ts": 2951100, "status": 200}
{"id": "v000001851", "svc": "auth", "phase": "start", "ts": 2952000, "status": 200}
{"id": "v000001851", "svc": "auth", "phase": "end", "ts": 2952100, "status": 200}
{"id": "v000001852", "svc": "gateway", "phase": "start", "ts": 2953000, "status": 200}
{"id": "v000001852", "svc": "gateway", "phase": "end", "ts": 2953100, "status": 200}
{"id": "v000001853", "svc": "payment", "phase": "start", "ts": 2954000, "status": 200}
{"id": "v000001853", "svc": "payment", "phase": "end", "ts": 2954100, "status": 200}
{"id": "v000001854", "svc": "auth", "phase": "start", "ts": 2955000, "status": 200}
{"id": "v000001854", "svc": "auth", "phase": "end", "ts": 2955100, "status": 200}
{"id": "v000001855", "svc": "gateway", "phase": "start", "ts": 2956000, "status": 200}
{"id": "v000001855", "svc": "gateway", "phase": "end", "ts": 2956100, "status": 200}
{"id": "v000001856", "svc": "payment", "phase": "start", "ts": 2957000, "status": 200}
{"id": "v000001856", "svc": "payment", "phase": "end", "ts": 2957100, "status": 200}
{"id": "v000001857", "svc": "auth", "phase": "start", "ts": 2958000, "status": 200}
{"id": "v000001857", "svc": "auth", "phase": "end", "ts": 2958100, "status": 200}
{"id": "v000001858", "svc": "gateway", "phase": "start", "ts": 2959000, "status": 200}
{"id": "v000001858", "svc": "gateway", "phase": "end", "ts": 2959100, "status": 200}
{"id": "v000001859", "svc": "payment", "phase": "start", "ts": 2960000, "status": 200}
{"id": "v000001859", "svc": "payment", "phase": "end", "ts": 2960100, "status": 200}
{"id": "v000001860", "svc": "auth", "phase": "start", "ts": 2961000, "status": 200}
{"id": "v000001860", "svc": "auth", "phase": "end", "ts": 2961100, "status": 200}
   
{"id": "m", "svc": "billing", "phase": "start", "ts": 2962000, "status": 200}
{"id": "v000001861", "svc": "gateway", "phase": "start", "ts": 2963000, "status": 200}
{"id": "v000001861", "svc": "gateway", "phase": "end", "ts": 2963100, "status": 200}
{"id": "v000001862", "svc": "payment", "phase": "start", "ts": 2964000, "status": 200}
{"id": "v000001862", "svc": "payment", "phase": "end", "ts": 2964100, "status": 200}
{"id": "v000001863", "svc": "auth", "phase": "start", "ts": 2965000, "status": 200}
{"id": "v000001863", "svc": "auth", "phase": "end", "ts": 2965100, "status": 200}
{"id": "v000001864", "svc": "gateway", "phase": "start", "ts": 2966000, "status": 200}
{"id": "v000001864", "svc": "gateway", "phase": "end", "ts": 2966100, "status": 200}
{"id": "v000001865", "svc": "payment", "phase": "start", "ts": 2967000, "status": 200}
{"id": "v000001865", "svc": "payment", "phase": "end", "ts": 2967100, "status": 200}
{"id": "v000001866", "svc": "auth", "phase": "start", "ts": 2968000, "status": 200}
{"id": "v000001866", "svc": "auth", "phase": "end", "ts": 2968100, "status": 200}
{"id": "v000001867", "svc": "gateway", "phase": "start", "ts": 2969000, "status": 200}
{"id": "v000001867", "svc": "gateway", "phase": "end", "ts": 2969100, "status": 200}
{"id": "v000001868", "svc": "payment", "phase": "start", "ts": 2970000, "status": 200}
{"id": "v000001868", "svc": "payment", "phase": "end", "ts": 2970100, "status": 200}
{"id": "v000001869", "svc": "auth", "phase": "start", "ts": 2971000, "status": 200}
{"id": "v000001869", "svc": "auth", "phase": "end", "ts": 2971100, "status": 200}
{"id": "v000001870", "svc": "gateway", "phase": "start", "ts": 2972000, "status": 200}
{"id": "v000001870", "svc": "gateway", "phase": "end", "ts": 2972100, "status": 200}
{"id": "v000001871", "svc": "payment", "phase": "start", "ts": 2973000, "status": 200}
{"id": "v000001871", "svc": "payment", "phase": "end", "ts": 2973100, "status": 200}
{"id": "v000001872", "svc": "auth", "phase": "start", "ts": 2974000, "status": 200}
{"id": "v000001872", "svc": "auth", "phase": "end", "ts": 2974100, "status": 200}
   
{"id": "v000001873", "svc": "gateway", "phase": "start", "ts": 2975000, "status": 200}
{"id": "v000001873", "svc": "gateway", "phase": "end", "ts": 2975100, "status": 200}
{"id": "v000001874", "svc": "payment", "phase": "start", "ts": 2976000, "status": 200}
{"id": "v000001874", "svc": "payment", "phase": "end", "ts": 2976100, "status": 200}
{"id": "v000001875", "svc": "auth", "phase": "start", "ts": 2977000, "status": 200}
{"id": "v000001875", "svc": "auth", "phase": "end", "ts": 2977100, "status": 200}
{"id": "v000001876", "svc": "gateway", "phase": "start", "ts": 2978000, "status": 200}
{"id": "v000001876", "svc": "gateway", "phase": "end", "ts": 2978100, "status": 200}
{"id": "v000001877", "svc": "payment", "phase": "start", "ts": 2979000, "status": 200}
{"id": "v000001877", "svc": "payment", "phase": "end", "ts": 2979100, "status": 200}
{"id": "v000001878", "svc": "auth", "phase": "start", "ts": 2980000, "status": 200}
{"id": "v000001878", "svc": "auth", "phase": "end", "ts": 2980100, "status": 200}
{"id": "v000001879", "svc": "gateway", "phase": "start", "ts": 2981000, "status": 200}
{"id": "v000001879", "svc": "gateway", "phase": "end", "ts": 2981100, "status": 200}
{"id": "v000001880", "svc": "payment", "phase": "start", "ts": 2982000, "status": 200}
{"id": "v000001880", "svc": "payment", "phase": "end", "ts": 2982100, "status": 200}
{"id": "m", "svc": "payment", "phase": "end", "ts": 2983000, "status": true}
{"id": "v000001881", "svc": "auth", "phase": "start", "ts": 2984000, "status": 200}
{"id": "v000001881", "svc": "auth", "phase": "end", "ts": 2984100, "status": 200}
{"id": "v000001882", "svc": "gateway", "phase": "start", "ts": 2985000, "status": 200}
{"id": "v000001882", "svc": "gateway", "phase": "end", "ts": 2985100, "status": 200}
{"id": "v000001883", "svc": "payment", "phase": "start", "ts": 2986000, "status": 200}
{"id": "v000001883", "svc": "payment", "phase": "end", "ts": 2986100, "status": 200}
{"id": "v000001884", "svc": "auth", "phase": "start", "ts": 2987000, "status": 200}
{"id": "v000001884", "svc": "auth", "phase": "end", "ts": 2987100, "status": 200}
   
{"id": "v000001885", "svc": "gateway", "phase": "start", "ts": 2988000, "status": 200}
{"id": "v000001885", "svc": "gateway", "phase": "end", "ts": 2988100, "status": 200}
{"id": "v000001886", "svc": "payment", "phase": "start", "ts": 2989000, "status": 200}
{"id": "v000001886", "svc": "payment", "phase": "end", "ts": 2989100, "status": 200}
{"id": "v000001887", "svc": "auth", "phase": "start", "ts": 2990000, "status": 200}
{"id": "v000001887", "svc": "auth", "phase": "end", "ts": 2990100, "status": 200}
{"id": "v000001888", "svc": "gateway", "phase": "start", "ts": 2991000, "status": 200}
{"id": "v000001888", "svc": "gateway", "phase": "end", "ts": 2991100, "status": 200}
{"id": "v000001889", "svc": "payment", "phase": "start", "ts": 2992000, "status": 200}
{"id": "v000001889", "svc": "payment", "phase": "end", "ts": 2992100, "status": 200}
{"id": "v000001890", "svc": "auth", "phase": "start", "ts": 2993000, "status": 200}
{"id": "v000001890", "svc": "auth", "phase": "end", "ts": 2993100, "status": 200}
{"id": "v000001891", "svc": "gateway", "phase": "start", "ts": 2994000, "status": 200}
{"id": "v000001891", "svc": "gateway", "phase": "end", "ts": 2994100, "status": 200}
{"id": "v000001892", "svc": "payment", "phase": "start", "ts": 2995000, "status": 200}
{"id": "v000001892", "svc": "payment", "phase": "end", "ts": 2995100, "status": 200}
{"id": "v000001893", "svc": "auth", "phase": "start", "ts": 2996000, "status": 200}
{"id": "v000001893", "svc": "auth", "phase": "end", "ts": 2996100, "status": 200}
{"id": "v000001894", "svc": "gateway", "phase": "start", "ts": 2997000, "status": 200}
{"id": "v000001894", "svc": "gateway", "phase": "end", "ts": 2997100, "status": 200}
{"id": "v000001895", "svc": "payment", "phase": "start", "ts": 2998000, "status": 200}
{"id": "v000001895", "svc": "payment", "phase": "end", "ts": 2998100, "status": 200}
{"id": "v000001896", "svc": "auth", "phase": "start", "ts": 2999000, "status": 200}
{"id": "v000001896", "svc": "auth", "phase": "end", "ts": 2999100, "status": 200}
   
{"id": "v000001897", "svc": "gateway", "phase": "start", "ts": 3000000, "status": 200}
{"id": "v000001897", "svc": "gateway", "phase": "end", "ts": 3000100, "status": 200}
{"id": "v000001898", "svc": "payment", "phase": "start", "ts": 3001000, "status": 200}
{"id": "v000001898", "svc": "payment", "phase": "end", "ts": 3001100, "status": 200}
{"id": "v000001899", "svc": "auth", "phase": "start", "ts": 3002000, "status": 200}
{"id": "v000001899", "svc": "auth", "phase": "end", "ts": 3002100, "status": 200}
{"id": "v000001900", "svc": "gateway", "phase": "start", "ts": 3003000, "status": 200}
{"id": "v000001900", "svc": "gateway", "phase": "end", "ts": 3003100, "status": 200}
{"id": "m", "svc": "auth", "phase": "start", "ts": 3004000}
{"id": "v000001901", "svc": "payment", "phase": "start", "ts": 3005000, "status": 200}
{"id": "v000001901", "svc": "payment", "phase": "end", "ts": 3005100, "status": 200}
{"id": "v000001902", "svc": "auth", "phase": "start", "ts": 3006000, "status": 200}
{"id": "v000001902", "svc": "auth", "phase": "end", "ts": 3006100, "status": 200}
{"id": "v000001903", "svc": "gateway", "phase": "start", "ts": 3007000, "status": 200}
{"id": "v000001903", "svc": "gateway", "phase": "end", "ts": 3007100, "status": 200}
{"id": "v000001904", "svc": "payment", "phase": "start", "ts": 3008000, "status": 200}
{"id": "v000001904", "svc": "payment", "phase": "end", "ts": 3008100, "status": 200}
{"id": "v000001905", "svc": "auth", "phase": "start", "ts": 3009000, "status": 200}
{"id": "v000001905", "svc": "auth", "phase": "end", "ts": 3009100, "status": 200}
{"id": "v000001906", "svc": "gateway", "phase": "start", "ts": 3010000, "status": 200}
{"id": "v000001906", "svc": "gateway", "phase": "end", "ts": 3010100, "status": 200}
{"id": "v000001907", "svc": "payment", "phase": "start", "ts": 3011000, "status": 200}
{"id": "v000001907", "svc": "payment", "phase": "end", "ts": 3011100, "status": 200}
{"id": "v000001908", "svc": "auth", "phase": "start", "ts": 3012000, "status": 200}
{"id": "v000001908", "svc": "auth", "phase": "end", "ts": 3012100, "status": 200}
   
{"id": "v000001909", "svc": "gateway", "phase": "start", "ts": 3013000, "status": 200}
{"id": "v000001909", "svc": "gateway", "phase": "end", "ts": 3013100, "status": 200}
{"id": "v000001910", "svc": "payment", "phase": "start", "ts": 3014000, "status": 200}
{"id": "v000001910", "svc": "payment", "phase": "end", "ts": 3014100, "status": 200}
{"id": "v000001911", "svc": "auth", "phase": "start", "ts": 3015000, "status": 200}
{"id": "v000001911", "svc": "auth", "phase": "end", "ts": 3015100, "status": 200}
{"id": "v000001912", "svc": "gateway", "phase": "start", "ts": 3016000, "status": 200}
{"id": "v000001912", "svc": "gateway", "phase": "end", "ts": 3016100, "status": 200}
{"id": "v000001913", "svc": "payment", "phase": "start", "ts": 3017000, "status": 200}
{"id": "v000001913", "svc": "payment", "phase": "end", "ts": 3017100, "status": 200}
{"id": "v000001914", "svc": "auth", "phase": "start", "ts": 3018000, "status": 200}
{"id": "v000001914", "svc": "auth", "phase": "end", "ts": 3018100, "status": 200}
{"id": "v000001915", "svc": "gateway", "phase": "start", "ts": 3019000, "status": 200}
{"id": "v000001915", "svc": "gateway", "phase": "end", "ts": 3019100, "status": 200}
{"id": "v000001916", "svc": "payment", "phase": "start", "ts": 3020000, "status": 200}
{"id": "v000001916", "svc": "payment", "phase": "end", "ts": 3020100, "status": 200}
{"id": "v000001917", "svc": "auth", "phase": "start", "ts": 3021000, "status": 200}
{"id": "v000001917", "svc": "auth", "phase": "end", "ts": 3021100, "status": 200}
{"id": "v000001918", "svc": "gateway", "phase": "start", "ts": 3022000, "status": 200}
{"id": "v000001918", "svc": "gateway", "phase": "end", "ts": 3022100, "status": 200}
{"id": "v000001919", "svc": "payment", "phase": "start", "ts": 3023000, "status": 200}
{"id": "v000001919", "svc": "payment", "phase": "end", "ts": 3023100, "status": 200}
{"id": "v000001920", "svc": "auth", "phase": "start", "ts": 3024000, "status": 200}
{"id": "v000001920", "svc": "auth", "phase": "end", "ts": 3024100, "status": 200}
   
{"id": "m", "svc": "gateway", "phase": "end", "ts": 3025000, "status": 200.0}
{"id": "v000001921", "svc": "gateway", "phase": "start", "ts": 3026000, "status": 200}
{"id": "v000001921", "svc": "gateway", "phase": "end", "ts": 3026100, "status": 200}
{"id": "v000001922", "svc": "payment", "phase": "start", "ts": 3027000, "status": 200}
{"id": "v000001922", "svc": "payment", "phase": "end", "ts": 3027100, "status": 200}
{"id": "v000001923", "svc": "auth", "phase": "start", "ts": 3028000, "status": 200}
{"id": "v000001923", "svc": "auth", "phase": "end", "ts": 3028100, "status": 200}
{"id": "v000001924", "svc": "gateway", "phase": "start", "ts": 3029000, "status": 200}
{"id": "v000001924", "svc": "gateway", "phase": "end", "ts": 3029100, "status": 200}
{"id": "v000001925", "svc": "payment", "phase": "start", "ts": 3030000, "status": 200}
{"id": "v000001925", "svc": "payment", "phase": "end", "ts": 3030100, "status": 200}
{"id": "v000001926", "svc": "auth", "phase": "start", "ts": 3031000, "status": 200}
{"id": "v000001926", "svc": "auth", "phase": "end", "ts": 3031100, "status": 200}
{"id": "v000001927", "svc": "gateway", "phase": "start", "ts": 3032000, "status": 200}
{"id": "v000001927", "svc": "gateway", "phase": "end", "ts": 3032100, "status": 200}
{"id": "v000001928", "svc": "payment", "phase": "start", "ts": 3033000, "status": 200}
{"id": "v000001928", "svc": "payment", "phase": "end", "ts": 3033100, "status": 200}
{"id": "v000001929", "svc": "auth", "phase": "start", "ts": 3034000, "status": 200}
{"id": "v000001929", "svc": "auth", "phase": "end", "ts": 3034100, "status": 200}
{"id": "v000001930", "svc": "gateway", "phase": "start", "ts": 3035000, "status": 200}
{"id": "v000001930", "svc": "gateway", "phase": "end", "ts": 3035100, "status": 200}
{"id": "v000001931", "svc": "payment", "phase": "start", "ts": 3036000, "status": 200}
{"id": "v000001931", "svc": "payment", "phase": "end", "ts": 3036100, "status": 200}
{"id": "v000001932", "svc": "auth", "phase": "start", "ts": 3037000, "status": 200}
{"id": "v000001932", "svc": "auth", "phase": "end", "ts": 3037100, "status": 200}
   
{"id": "v000001933", "svc": "gateway", "phase": "start", "ts": 3038000, "status": 200}
{"id": "v000001933", "svc": "gateway", "phase": "end", "ts": 3038100, "status": 200}
{"id": "v000001934", "svc": "payment", "phase": "start", "ts": 3039000, "status": 200}
{"id": "v000001934", "svc": "payment", "phase": "end", "ts": 3039100, "status": 200}
{"id": "v000001935", "svc": "auth", "phase": "start", "ts": 3040000, "status": 200}
{"id": "v000001935", "svc": "auth", "phase": "end", "ts": 3040100, "status": 200}
{"id": "v000001936", "svc": "gateway", "phase": "start", "ts": 3041000, "status": 200}
{"id": "v000001936", "svc": "gateway", "phase": "end", "ts": 3041100, "status": 200}
{"id": "v000001937", "svc": "payment", "phase": "start", "ts": 3042000, "status": 200}
{"id": "v000001937", "svc": "payment", "phase": "end", "ts": 3042100, "status": 200}
{"id": "v000001938", "svc": "auth", "phase": "start", "ts": 3043000, "status": 200}
{"id": "v000001938", "svc": "auth", "phase": "end", "ts": 3043100, "status": 200}
{"id": "v000001939", "svc": "gateway", "phase": "start", "ts": 3044000, "status": 200}
{"id": "v000001939", "svc": "gateway", "phase": "end", "ts": 3044100, "status": 200}
{"id": "v000001940", "svc": "payment", "phase": "start", "ts": 3045000, "status": 200}
{"id": "v000001940", "svc": "payment", "phase": "end", "ts": 3045100, "status": 200}
{"id": "m", "svc": "auth", "phase": "end", "ts": 3046000, "status": 99}
{"id": "v000001941", "svc": "auth", "phase": "start", "ts": 3047000, "status": 200}
{"id": "v000001941", "svc": "auth", "phase": "end", "ts": 3047100, "status": 200}
{"id": "v000001942", "svc": "gateway", "phase": "start", "ts": 3048000, "status": 200}
{"id": "v000001942", "svc": "gateway", "phase": "end", "ts": 3048100, "status": 200}
{"id": "v000001943", "svc": "payment", "phase": "start", "ts": 3049000, "status": 200}
{"id": "v000001943", "svc": "payment", "phase": "end", "ts": 3049100, "status": 200}
{"id": "v000001944", "svc": "auth", "phase": "start", "ts": 3050000, "status": 200}
{"id": "v000001944", "svc": "auth", "phase": "end", "ts": 3050100, "status": 200}
   
{"id": "v000001945", "svc": "gateway", "phase": "start", "ts": 3051000, "status": 200}
{"id": "v000001945", "svc": "gateway", "phase": "end", "ts": 3051100, "status": 200}
{"id": "v000001946", "svc": "payment", "phase": "start", "ts": 3052000, "status": 200}
{"id": "v000001946", "svc": "payment", "phase": "end", "ts": 3052100, "status": 200}
{"id": "v000001947", "svc": "auth", "phase": "start", "ts": 3053000, "status": 200}
{"id": "v000001947", "svc": "auth", "phase": "end", "ts": 3053100, "status": 200}
{"id": "v000001948", "svc": "gateway", "phase": "start", "ts": 3054000, "status": 200}
{"id": "v000001948", "svc": "gateway", "phase": "end", "ts": 3054100, "status": 200}
{"id": "v000001949", "svc": "payment", "phase": "start", "ts": 3055000, "status": 200}
{"id": "v000001949", "svc": "payment", "phase": "end", "ts": 3055100, "status": 200}
{"id": "v000001950", "svc": "auth", "phase": "start", "ts": 3056000, "status": 200}
{"id": "v000001950", "svc": "auth", "phase": "end", "ts": 3056100, "status": 200}
{"id": "v000001951", "svc": "gateway", "phase": "start", "ts": 3057000, "status": 200}
{"id": "v000001951", "svc": "gateway", "phase": "end", "ts": 3057100, "status": 200}
{"id": "v000001952", "svc": "payment", "phase": "start", "ts": 3058000, "status": 200}
{"id": "v000001952", "svc": "payment", "phase": "end", "ts": 3058100, "status": 200}
{"id": "v000001953", "svc": "auth", "phase": "start", "ts": 3059000, "status": 200}
{"id": "v000001953", "svc": "auth", "phase": "end", "ts": 3059100, "status": 200}
{"id": "v000001954", "svc": "gateway", "phase": "start", "ts": 3060000, "status": 200}
{"id": "v000001954", "svc": "gateway", "phase": "end", "ts": 3060100, "status": 200}
{"id": "v000001955", "svc": "payment", "phase": "start", "ts": 3061000, "status": 200}
{"id": "v000001955", "svc": "payment", "phase": "end", "ts": 3061100, "status": 200}
{"id": "v000001956", "svc": "auth", "phase": "start", "ts": 3062000, "status": 200}
{"id": "v000001956", "svc": "auth", "phase": "end", "ts": 3062100, "status": 200}
   
{"id": "v000001957", "svc": "gateway", "phase": "start", "ts": 3063000, "status": 200}
{"id": "v000001957", "svc": "gateway", "phase": "end", "ts": 3063100, "status": 200}
{"id": "v000001958", "svc": "payment", "phase": "start", "ts": 3064000, "status": 200}
{"id": "v000001958", "svc": "payment", "phase": "end", "ts": 3064100, "status": 200}
{"id": "v000001959", "svc": "auth", "phase": "start", "ts": 3065000, "status": 200}
{"id": "v000001959", "svc": "auth", "phase": "end", "ts": 3065100, "status": 200}
{"id": "v000001960", "svc": "gateway", "phase": "start", "ts": 3066000, "status": 200}
{"id": "v000001960", "svc": "gateway", "phase": "end", "ts": 3066100, "status": 200}
{"id": "m", "svc": "gateway", "phase": "tick", "ts": 3067000, "status": 200}
{"id": "v000001961", "svc": "payment", "phase": "start", "ts": 3068000, "status": 200}
{"id": "v000001961", "svc": "payment", "phase": "end", "ts": 3068100, "status": 200}
{"id": "v000001962", "svc": "auth", "phase": "start", "ts": 3069000, "status": 200}
{"id": "v000001962", "svc": "auth", "phase": "end", "ts": 3069100, "status": 200}
{"id": "v000001963", "svc": "gateway", "phase": "start", "ts": 3070000, "status": 200}
{"id": "v000001963", "svc": "gateway", "phase": "end", "ts": 3070100, "status": 200}
{"id": "v000001964", "svc": "payment", "phase": "start", "ts": 3071000, "status": 200}
{"id": "v000001964", "svc": "payment", "phase": "end", "ts": 3071100, "status": 200}
{"id": "v000001965", "svc": "auth", "phase": "start", "ts": 3072000, "status": 200}
{"id": "v000001965", "svc": "auth", "phase": "end", "ts": 3072100, "status": 200}
{"id": "v000001966", "svc": "gateway", "phase": "start", "ts": 3073000, "status": 200}
{"id": "v000001966", "svc": "gateway", "phase": "end", "ts": 3073100, "status": 200}
{"id": "v000001967", "svc": "payment", "phase": "start", "ts": 3074000, "status": 200}
{"id": "v000001967", "svc": "payment", "phase": "end", "ts": 3074100, "status": 200}
{"id": "v000001968", "svc": "auth", "phase": "start", "ts": 3075000, "status": 200}
{"id": "v000001968", "svc": "auth", "phase": "end", "ts": 3075100, "status": 200}
   
{"id": "v000001969", "svc": "gateway", "phase": "start", "ts": 3076000, "status": 200}
{"id": "v000001969", "svc": "gateway", "phase": "end", "ts": 3076100, "status": 200}
{"id": "v000001970", "svc": "payment", "phase": "start", "ts": 3077000, "status": 200}
{"id": "v000001970", "svc": "payment", "phase": "end", "ts": 3077100, "status": 200}
{"id": "v000001971", "svc": "auth", "phase": "start", "ts": 3078000, "status": 200}
{"id": "v000001971", "svc": "auth", "phase": "end", "ts": 3078100, "status": 200}
{"id": "v000001972", "svc": "gateway", "phase": "start", "ts": 3079000, "status": 200}
{"id": "v000001972", "svc": "gateway", "phase": "end", "ts": 3079100, "status": 200}
{"id": "v000001973", "svc": "payment", "phase": "start", "ts": 3080000, "status": 200}
{"id": "v000001973", "svc": "payment", "phase": "end", "ts": 3080100, "status": 200}
{"id": "v000001974", "svc": "auth", "phase": "start", "ts": 3081000, "status": 200}
{"id": "v000001974", "svc": "auth", "phase": "end", "ts": 3081100, "status": 200}
{"id": "v000001975", "svc": "gateway", "phase": "start", "ts": 3082000, "status": 200}
{"id": "v000001975", "svc": "gateway", "phase": "end", "ts": 3082100, "status": 200}
{"id": "v000001976", "svc": "payment", "phase": "start", "ts": 3083000, "status": 200}
{"id": "v000001976", "svc": "payment", "phase": "end", "ts": 3083100, "status": 200}
{"id": "v000001977", "svc": "auth", "phase": "start", "ts": 3084000, "status": 200}
{"id": "v000001977", "svc": "auth", "phase": "end", "ts": 3084100, "status": 200}
{"id": "v000001978", "svc": "gateway", "phase": "start", "ts": 3085000, "status": 200}
{"id": "v000001978", "svc": "gateway", "phase": "end", "ts": 3085100, "status": 200}
{"id": "v000001979", "svc": "payment", "phase": "start", "ts": 3086000, "status": 200}
{"id": "v000001979", "svc": "payment", "phase": "end", "ts": 3086100, "status": 200}
{"id": "v000001980", "svc": "auth", "phase": "start", "ts": 3087000, "status": 200}
{"id": "v000001980", "svc": "auth", "phase": "end", "ts": 3087100, "status": 200}
   
this is not json at all }{
{"id": "v000001981", "svc": "gateway", "phase": "start", "ts": 3089000, "status": 200}
{"id": "v000001981", "svc": "gateway", "phase": "end", "ts": 3089100, "status": 200}
{"id": "v000001982", "svc": "payment", "phase": "start", "ts": 3090000, "status": 200}
{"id": "v000001982", "svc": "payment", "phase": "end", "ts": 3090100, "status": 200}
{"id": "v000001983", "svc": "auth", "phase": "start", "ts": 3091000, "status": 200}
{"id": "v000001983", "svc": "auth", "phase": "end", "ts": 3091100, "status": 200}
{"id": "v000001984", "svc": "gateway", "phase": "start", "ts": 3092000, "status": 200}
{"id": "v000001984", "svc": "gateway", "phase": "end", "ts": 3092100, "status": 200}
{"id": "v000001985", "svc": "payment", "phase": "start", "ts": 3093000, "status": 200}
{"id": "v000001985", "svc": "payment", "phase": "end", "ts": 3093100, "status": 200}
{"id": "v000001986", "svc": "auth", "phase": "start", "ts": 3094000, "status": 200}
{"id": "v000001986", "svc": "auth", "phase": "end", "ts": 3094100, "status": 200}
{"id": "v000001987", "svc": "gateway", "phase": "start", "ts": 3095000, "status": 200}
{"id": "v000001987", "svc": "gateway", "phase": "end", "ts": 3095100, "status": 200}
{"id": "v000001988", "svc": "payment", "phase": "start", "ts": 3096000, "status": 200}
{"id": "v000001988", "svc": "payment", "phase": "end", "ts": 3096100, "status": 200}
{"id": "v000001989", "svc": "auth", "phase": "start", "ts": 3097000, "status": 200}
{"id": "v000001989", "svc": "auth", "phase": "end", "ts": 3097100, "status": 200}
{"id": "v000001990", "svc": "gateway", "phase": "start", "ts": 3098000, "status": 200}
{"id": "v000001990", "svc": "gateway", "phase": "end", "ts": 3098100, "status": 200}
{"id": "v000001991", "svc": "payment", "phase": "start", "ts": 3099000, "status": 200}
{"id": "v000001991", "svc": "payment", "phase": "end", "ts": 3099100, "status": 200}
{"id": "v000001992", "svc": "auth", "phase": "start", "ts": 3100000, "status": 200}
{"id": "v000001992", "svc": "auth", "phase": "end", "ts": 3100100, "status": 200}
   
{"id": "v000001993", "svc": "gateway", "phase": "start", "ts": 3101000, "status": 200}
{"id": "v000001993", "svc": "gateway", "phase": "end", "ts": 3101100, "status": 200}
{"id": "v000001994", "svc": "payment", "phase": "start", "ts": 3102000, "status": 200}
{"id": "v000001994", "svc": "payment", "phase": "end", "ts": 3102100, "status": 200}
{"id": "v000001995", "svc": "auth", "phase": "start", "ts": 3103000, "status": 200}
{"id": "v000001995", "svc": "auth", "phase": "end", "ts": 3103100, "status": 200}
{"id": "v000001996", "svc": "gateway", "phase": "start", "ts": 3104000, "status": 200}
{"id": "v000001996", "svc": "gateway", "phase": "end", "ts": 3104100, "status": 200}
{"id": "v000001997", "svc": "payment", "phase": "start", "ts": 3105000, "status": 200}
{"id": "v000001997", "svc": "payment", "phase": "end", "ts": 3105100, "status": 200}
{"id": "v000001998", "svc": "auth", "phase": "start", "ts": 3106000, "status": 200}
{"id": "v000001998", "svc": "auth", "phase": "end", "ts": 3106100, "status": 200}
{"id": "v000001999", "svc": "gateway", "phase": "start", "ts": 3107000, "status": 200}
{"id": "v000001999", "svc": "gateway", "phase": "end", "ts": 3107100, "status": 200}
{"id": "v000002000", "svc": "payment", "phase": "start", "ts": 3108000, "status": 200}
{"id": "v000002000", "svc": "payment", "phase": "end", "ts": 3108100, "status": 200}
{"id": "m", "svc": "auth", "phase": "start", "ts": 3109000, "status": 200, "trace": "x"}
{"id": "os000002000", "svc": "gateway", "phase": "start", "ts": 3110000, "status": 200}
{"id": "v000002001", "svc": "auth", "phase": "start", "ts": 3111000, "status": 200}
{"id": "v000002001", "svc": "auth", "phase": "end", "ts": 3111100, "status": 200}
{"id": "v000002002", "svc": "gateway", "phase": "start", "ts": 3112000, "status": 200}
{"id": "v000002002", "svc": "gateway", "phase": "end", "ts": 3112100, "status": 200}
{"id": "v000002003", "svc": "payment", "phase": "start", "ts": 3113000, "status": 200}
{"id": "v000002003", "svc": "payment", "phase": "end", "ts": 3113100, "status": 200}
{"id": "v000002004", "svc": "auth", "phase": "start", "ts": 3114000, "status": 200}
{"id": "v000002004", "svc": "auth", "phase": "end", "ts": 3114100, "status": 200}
   
{"id": "v000002005", "svc": "gateway", "phase": "start", "ts": 3115000, "status": 200}
{"id": "v000002005", "svc": "gateway", "phase": "end", "ts": 3115100, "status": 200}
{"id": "v000002006", "svc": "payment", "phase": "start", "ts": 3116000, "status": 200}
{"id": "v000002006", "svc": "payment", "phase": "end", "ts": 3116100, "status": 200}
{"id": "v000002007", "svc": "auth", "phase": "start", "ts": 3117000, "status": 200}
{"id": "v000002007", "svc": "auth", "phase": "end", "ts": 3117100, "status": 200}
{"id": "v000002008", "svc": "gateway", "phase": "start", "ts": 3118000, "status": 200}
{"id": "v000002008", "svc": "gateway", "phase": "end", "ts": 3118100, "status": 200}
{"id": "v000002009", "svc": "payment", "phase": "start", "ts": 3119000, "status": 200}
{"id": "v000002009", "svc": "payment", "phase": "end", "ts": 3119100, "status": 200}
{"id": "v000002010", "svc": "auth", "phase": "start", "ts": 3120000, "status": 200}
{"id": "v000002010", "svc": "auth", "phase": "end", "ts": 3120100, "status": 200}
{"id": "v000002011", "svc": "gateway", "phase": "start", "ts": 3121000, "status": 200}
{"id": "v000002011", "svc": "gateway", "phase": "end", "ts": 3121100, "status": 200}
{"id": "v000002012", "svc": "payment", "phase": "start", "ts": 3122000, "status": 200}
{"id": "v000002012", "svc": "payment", "phase": "end", "ts": 3122100, "status": 200}
{"id": "v000002013", "svc": "auth", "phase": "start", "ts": 3123000, "status": 200}
{"id": "v000002013", "svc": "auth", "phase": "end", "ts": 3123100, "status": 200}
{"id": "v000002014", "svc": "gateway", "phase": "start", "ts": 3124000, "status": 200}
{"id": "v000002014", "svc": "gateway", "phase": "end", "ts": 3124100, "status": 200}
{"id": "v000002015", "svc": "payment", "phase": "start", "ts": 3125000, "status": 200}
{"id": "v000002015", "svc": "payment", "phase": "end", "ts": 3125100, "status": 200}
{"id": "v000002016", "svc": "auth", "phase": "start", "ts": 3126000, "status": 200}
{"id": "v000002016", "svc": "auth", "phase": "end", "ts": 3126100, "status": 200}
   
{"id": "v000002017", "svc": "gateway", "phase": "start", "ts": 3127000, "status": 200}
{"id": "v000002017", "svc": "gateway", "phase": "end", "ts": 3127100, "status": 200}
{"id": "v000002018", "svc": "payment", "phase": "start", "ts": 3128000, "status": 200}
{"id": "v000002018", "svc": "payment", "phase": "end", "ts": 3128100, "status": 200}
{"id": "v000002019", "svc": "auth", "phase": "start", "ts": 3129000, "status": 200}
{"id": "v000002019", "svc": "auth", "phase": "end", "ts": 3129100, "status": 200}
{"id": "v000002020", "svc": "gateway", "phase": "start", "ts": 3130000, "status": 200}
{"id": "v000002020", "svc": "gateway", "phase": "end", "ts": 3130100, "status": 200}
{"id": "m", "svc": "payment", "phase": "start", "ts": true, "status": 200}
{"id": "v000002021", "svc": "payment", "phase": "start", "ts": 3132000, "status": 200}
{"id": "v000002021", "svc": "payment", "phase": "end", "ts": 3132100, "status": 200}
{"id": "v000002022", "svc": "auth", "phase": "start", "ts": 3133000, "status": 200}
{"id": "v000002022", "svc": "auth", "phase": "end", "ts": 3133100, "status": 200}
{"id": "v000002023", "svc": "gateway", "phase": "start", "ts": 3134000, "status": 200}
{"id": "v000002023", "svc": "gateway", "phase": "end", "ts": 3134100, "status": 200}
{"id": "v000002024", "svc": "payment", "phase": "start", "ts": 3135000, "status": 200}
{"id": "v000002024", "svc": "payment", "phase": "end", "ts": 3135100, "status": 200}
{"id": "v000002025", "svc": "auth", "phase": "start", "ts": 3136000, "status": 200}
{"id": "v000002025", "svc": "auth", "phase": "end", "ts": 3136100, "status": 200}
{"id": "v000002026", "svc": "gateway", "phase": "start", "ts": 3137000, "status": 200}
{"id": "v000002026", "svc": "gateway", "phase": "end", "ts": 3137100, "status": 200}
{"id": "v000002027", "svc": "payment", "phase": "start", "ts": 3138000, "status": 200}
{"id": "v000002027", "svc": "payment", "phase": "end", "ts": 3138100, "status": 200}
{"id": "v000002028", "svc": "auth", "phase": "start", "ts": 3139000, "status": 200}
{"id": "v000002028", "svc": "auth", "phase": "end", "ts": 3139100, "status": 200}
   
{"id": "v000002029", "svc": "gateway", "phase": "start", "ts": 3140000, "status": 200}
{"id": "v000002029", "svc": "gateway", "phase": "end", "ts": 3140100, "status": 200}
{"id": "v000002030", "svc": "payment", "phase": "start", "ts": 3141000, "status": 200}
{"id": "v000002030", "svc": "payment", "phase": "end", "ts": 3141100, "status": 200}
{"id": "v000002031", "svc": "auth", "phase": "start", "ts": 3142000, "status": 200}
{"id": "v000002031", "svc": "auth", "phase": "end", "ts": 3142100, "status": 200}
{"id": "v000002032", "svc": "gateway", "phase": "start", "ts": 3143000, "status": 200}
{"id": "v000002032", "svc": "gateway", "phase": "end", "ts": 3143100, "status": 200}
{"id": "v000002033", "svc": "payment", "phase": "start", "ts": 3144000, "status": 200}
{"id": "v000002033", "svc": "payment", "phase": "end", "ts": 3144100, "status": 200}
{"id": "v000002034", "svc": "auth", "phase": "start", "ts": 3145000, "status": 200}
{"id": "v000002034", "svc": "auth", "phase": "end", "ts": 3145100, "status": 200}
{"id": "v000002035", "svc": "gateway", "phase": "start", "ts": 3146000, "status": 200}
{"id": "v000002035", "svc": "gateway", "phase": "end", "ts": 3146100, "status": 200}
{"id": "v000002036", "svc": "payment", "phase": "start", "ts": 3147000, "status": 200}
{"id": "v000002036", "svc": "payment", "phase": "end", "ts": 3147100, "status": 200}
{"id": "v000002037", "svc": "auth", "phase": "start", "ts": 3148000, "status": 200}
{"id": "v000002037", "svc": "auth", "phase": "end", "ts": 3148100, "status": 200}
{"id": "v000002038", "svc": "gateway", "phase": "start", "ts": 3149000, "status": 200}
{"id": "v000002038", "svc": "gateway", "phase": "end", "ts": 3149100, "status": 200}
{"id": "v000002039", "svc": "payment", "phase": "start", "ts": 3150000, "status": 200}
{"id": "v000002039", "svc": "payment", "phase": "end", "ts": 3150100, "status": 200}
{"id": "v000002040", "svc": "auth", "phase": "start", "ts": 3151000, "status": 200}
{"id": "v000002040", "svc": "auth", "phase": "end", "ts": 3151100, "status": 200}
   
{"id": "m", "svc": "billing", "phase": "start", "ts": 3152000, "status": 200}
{"id": "v000002041", "svc": "gateway", "phase": "start", "ts": 3153000, "status": 200}
{"id": "v000002041", "svc": "gateway", "phase": "end", "ts": 3153100, "status": 200}
{"id": "v000002042", "svc": "payment", "phase": "start", "ts": 3154000, "status": 200}
{"id": "v000002042", "svc": "payment", "phase": "end", "ts": 3154100, "status": 200}
{"id": "v000002043", "svc": "auth", "phase": "start", "ts": 3155000, "status": 200}
{"id": "v000002043", "svc": "auth", "phase": "end", "ts": 3155100, "status": 200}
{"id": "v000002044", "svc": "gateway", "phase": "start", "ts": 3156000, "status": 200}
{"id": "v000002044", "svc": "gateway", "phase": "end", "ts": 3156100, "status": 200}
{"id": "v000002045", "svc": "payment", "phase": "start", "ts": 3157000, "status": 200}
{"id": "v000002045", "svc": "payment", "phase": "end", "ts": 3157100, "status": 200}
{"id": "v000002046", "svc": "auth", "phase": "start", "ts": 3158000, "status": 200}
{"id": "v000002046", "svc": "auth", "phase": "end", "ts": 3158100, "status": 200}
{"id": "v000002047", "svc": "gateway", "phase": "start", "ts": 3159000, "status": 200}
{"id": "v000002047", "svc": "gateway", "phase": "end", "ts": 3159100, "status": 200}
{"id": "v000002048", "svc": "payment", "phase": "start", "ts": 3160000, "status": 200}
{"id": "v000002048", "svc": "payment", "phase": "end", "ts": 3160100, "status": 200}
{"id": "v000002049", "svc": "auth", "phase": "start", "ts": 3161000, "status": 200}
{"id": "v000002049", "svc": "auth", "phase": "end", "ts": 3161100, "status": 200}
{"id": "v000002050", "svc": "gateway", "phase": "start", "ts": 3162000, "status": 200}
{"id": "v000002050", "svc": "gateway", "phase": "end", "ts": 3162100, "status": 200}
{"id": "v000002051", "svc": "payment", "phase": "start", "ts": 3163000, "status": 200}
{"id": "v000002051", "svc": "payment", "phase": "end", "ts": 3163100, "status": 200}
{"id": "v000002052", "svc": "auth", "phase": "start", "ts": 3164000, "status": 200}
{"id": "v000002052", "svc": "auth", "phase": "end", "ts": 3164100, "status": 200}
   
{"id": "v000002053", "svc": "gateway", "phase": "start", "ts": 3165000, "status": 200}
{"id": "v000002053", "svc": "gateway", "phase": "end", "ts": 3165100, "status": 200}
{"id": "v000002054", "svc": "payment", "phase": "start", "ts": 3166000, "status": 200}
{"id": "v000002054", "svc": "payment", "phase": "end", "ts": 3166100, "status": 200}
{"id": "v000002055", "svc": "auth", "phase": "start", "ts": 3167000, "status": 200}
{"id": "v000002055", "svc": "auth", "phase": "end", "ts": 3167100, "status": 200}
{"id": "v000002056", "svc": "gateway", "phase": "start", "ts": 3168000, "status": 200}
{"id": "v000002056", "svc": "gateway", "phase": "end", "ts": 3168100, "status": 200}
{"id": "v000002057", "svc": "payment", "phase": "start", "ts": 3169000, "status": 200}
{"id": "v000002057", "svc": "payment", "phase": "end", "ts": 3169100, "status": 200}
{"id": "v000002058", "svc": "auth", "phase": "start", "ts": 3170000, "status": 200}
{"id": "v000002058", "svc": "auth", "phase": "end", "ts": 3170100, "status": 200}
{"id": "v000002059", "svc": "gateway", "phase": "start", "ts": 3171000, "status": 200}
{"id": "v000002059", "svc": "gateway", "phase": "end", "ts": 3171100, "status": 200}
{"id": "v000002060", "svc": "payment", "phase": "start", "ts": 3172000, "status": 200}
{"id": "v000002060", "svc": "payment", "phase": "end", "ts": 3172100, "status": 200}
{"id": "m", "svc": "payment", "phase": "end", "ts": 3173000, "status": true}
{"id": "v000002061", "svc": "auth", "phase": "start", "ts": 3174000, "status": 200}
{"id": "v000002061", "svc": "auth", "phase": "end", "ts": 3174100, "status": 200}
{"id": "v000002062", "svc": "gateway", "phase": "start", "ts": 3175000, "status": 200}
{"id": "v000002062", "svc": "gateway", "phase": "end", "ts": 3175100, "status": 200}
{"id": "v000002063", "svc": "payment", "phase": "start", "ts": 3176000, "status": 200}
{"id": "v000002063", "svc": "payment", "phase": "end", "ts": 3176100, "status": 200}
{"id": "v000002064", "svc": "auth", "phase": "start", "ts": 3177000, "status": 200}
{"id": "v000002064", "svc": "auth", "phase": "end", "ts": 3177100, "status": 200}
   
{"id": "v000002065", "svc": "gateway", "phase": "start", "ts": 3178000, "status": 200}
{"id": "v000002065", "svc": "gateway", "phase": "end", "ts": 3178100, "status": 200}
{"id": "v000002066", "svc": "payment", "phase": "start", "ts": 3179000, "status": 200}
{"id": "v000002066", "svc": "payment", "phase": "end", "ts": 3179100, "status": 200}
{"id": "v000002067", "svc": "auth", "phase": "start", "ts": 3180000, "status": 200}
{"id": "v000002067", "svc": "auth", "phase": "end", "ts": 3180100, "status": 200}
{"id": "v000002068", "svc": "gateway", "phase": "start", "ts": 3181000, "status": 200}
{"id": "v000002068", "svc": "gateway", "phase": "end", "ts": 3181100, "status": 200}
{"id": "v000002069", "svc": "payment", "phase": "start", "ts": 3182000, "status": 200}
{"id": "v000002069", "svc": "payment", "phase": "end", "ts": 3182100, "status": 200}
{"id": "v000002070", "svc": "auth", "phase": "start", "ts": 3183000, "status": 200}
{"id": "v000002070", "svc": "auth", "phase": "end", "ts": 3183100, "status": 200}
{"id": "v000002071", "svc": "gateway", "phase": "start", "ts": 3184000, "status": 200}
{"id": "v000002071", "svc": "gateway", "phase": "end", "ts": 3184100, "status": 200}
{"id": "v000002072", "svc": "payment", "phase": "start", "ts": 3185000, "status": 200}
{"id": "v000002072", "svc": "payment", "phase": "end", "ts": 3185100, "status": 200}
{"id": "v000002073", "svc": "auth", "phase": "start", "ts": 3186000, "status": 200}
{"id": "v000002073", "svc": "auth", "phase": "end", "ts": 3186100, "status": 200}
{"id": "v000002074", "svc": "gateway", "phase": "start", "ts": 3187000, "status": 200}
{"id": "v000002074", "svc": "gateway", "phase": "end", "ts": 3187100, "status": 200}
{"id": "v000002075", "svc": "payment", "phase": "start", "ts": 3188000, "status": 200}
{"id": "v000002075", "svc": "payment", "phase": "end", "ts": 3188100, "status": 200}
{"id": "v000002076", "svc": "auth", "phase": "start", "ts": 3189000, "status": 200}
{"id": "v000002076", "svc": "auth", "phase": "end", "ts": 3189100, "status": 200}
   
{"id": "v000002077", "svc": "gateway", "phase": "start", "ts": 3190000, "status": 200}
{"id": "v000002077", "svc": "gateway", "phase": "end", "ts": 3190100, "status": 200}
{"id": "v000002078", "svc": "payment", "phase": "start", "ts": 3191000, "status": 200}
{"id": "v000002078", "svc": "payment", "phase": "end", "ts": 3191100, "status": 200}
{"id": "v000002079", "svc": "auth", "phase": "start", "ts": 3192000, "status": 200}
{"id": "v000002079", "svc": "auth", "phase": "end", "ts": 3192100, "status": 200}
{"id": "v000002080", "svc": "gateway", "phase": "start", "ts": 3193000, "status": 200}
{"id": "v000002080", "svc": "gateway", "phase": "end", "ts": 3193100, "status": 200}
{"id": "m", "svc": "auth", "phase": "start", "ts": 3194000}
{"id": "v000002081", "svc": "payment", "phase": "start", "ts": 3195000, "status": 200}
{"id": "v000002081", "svc": "payment", "phase": "end", "ts": 3195100, "status": 200}
{"id": "v000002082", "svc": "auth", "phase": "start", "ts": 3196000, "status": 200}
{"id": "v000002082", "svc": "auth", "phase": "end", "ts": 3196100, "status": 200}
{"id": "v000002083", "svc": "gateway", "phase": "start", "ts": 3197000, "status": 200}
{"id": "v000002083", "svc": "gateway", "phase": "end", "ts": 3197100, "status": 200}
{"id": "v000002084", "svc": "payment", "phase": "start", "ts": 3198000, "status": 200}
{"id": "v000002084", "svc": "payment", "phase": "end", "ts": 3198100, "status": 200}
{"id": "v000002085", "svc": "auth", "phase": "start", "ts": 3199000, "status": 200}
{"id": "v000002085", "svc": "auth", "phase": "end", "ts": 3199100, "status": 200}
{"id": "v000002086", "svc": "gateway", "phase": "start", "ts": 3200000, "status": 200}
{"id": "v000002086", "svc": "gateway", "phase": "end", "ts": 3200100, "status": 200}
{"id": "v000002087", "svc": "payment", "phase": "start", "ts": 3201000, "status": 200}
{"id": "v000002087", "svc": "payment", "phase": "end", "ts": 3201100, "status": 200}
{"id": "v000002088", "svc": "auth", "phase": "start", "ts": 3202000, "status": 200}
{"id": "v000002088", "svc": "auth", "phase": "end", "ts": 3202100, "status": 200}
   
{"id": "v000002089", "svc": "gateway", "phase": "start", "ts": 3203000, "status": 200}
{"id": "v000002089", "svc": "gateway", "phase": "end", "ts": 3203100, "status": 200}
{"id": "v000002090", "svc": "payment", "phase": "start", "ts": 3204000, "status": 200}
{"id": "v000002090", "svc": "payment", "phase": "end", "ts": 3204100, "status": 200}
{"id": "v000002091", "svc": "auth", "phase": "start", "ts": 3205000, "status": 200}
{"id": "v000002091", "svc": "auth", "phase": "end", "ts": 3205100, "status": 200}
{"id": "v000002092", "svc": "gateway", "phase": "start", "ts": 3206000, "status": 200}
{"id": "v000002092", "svc": "gateway", "phase": "end", "ts": 3206100, "status": 200}
{"id": "v000002093", "svc": "payment", "phase": "start", "ts": 3207000, "status": 200}
{"id": "v000002093", "svc": "payment", "phase": "end", "ts": 3207100, "status": 200}
{"id": "v000002094", "svc": "auth", "phase": "start", "ts": 3208000, "status": 200}
{"id": "v000002094", "svc": "auth", "phase": "end", "ts": 3208100, "status": 200}
{"id": "v000002095", "svc": "gateway", "phase": "start", "ts": 3209000, "status": 200}
{"id": "v000002095", "svc": "gateway", "phase": "end", "ts": 3209100, "status": 200}
{"id": "v000002096", "svc": "payment", "phase": "start", "ts": 3210000, "status": 200}
{"id": "v000002096", "svc": "payment", "phase": "end", "ts": 3210100, "status": 200}
{"id": "v000002097", "svc": "auth", "phase": "start", "ts": 3211000, "status": 200}
{"id": "v000002097", "svc": "auth", "phase": "end", "ts": 3211100, "status": 200}
{"id": "v000002098", "svc": "gateway", "phase": "start", "ts": 3212000, "status": 200}
{"id": "v000002098", "svc": "gateway", "phase": "end", "ts": 3212100, "status": 200}
{"id": "v000002099", "svc": "payment", "phase": "start", "ts": 3213000, "status": 200}
{"id": "v000002099", "svc": "payment", "phase": "end", "ts": 3213100, "status": 200}
{"id": "v000002100", "svc": "auth", "phase": "start", "ts": 3214000, "status": 200}
{"id": "v000002100", "svc": "auth", "phase": "end", "ts": 3214100, "status": 200}
   
{"id": "m", "svc": "gateway", "phase": "end", "ts": 3215000, "status": 200.0}
{"id": "oe000002100", "svc": "auth", "phase": "end", "ts": 3216000, "status": 503}
{"id": "v000002101", "svc": "gateway", "phase": "start", "ts": 3217000, "status": 200}
{"id": "v000002101", "svc": "gateway", "phase": "end", "ts": 3217100, "status": 200}
{"id": "v000002102", "svc": "payment", "phase": "start", "ts": 3218000, "status": 200}
{"id": "v000002102", "svc": "payment", "phase": "end", "ts": 3218100, "status": 200}
{"id": "v000002103", "svc": "auth", "phase": "start", "ts": 3219000, "status": 200}
{"id": "v000002103", "svc": "auth", "phase": "end", "ts": 3219100, "status": 200}
{"id": "v000002104", "svc": "gateway", "phase": "start", "ts": 3220000, "status": 200}
{"id": "v000002104", "svc": "gateway", "phase": "end", "ts": 3220100, "status": 200}
{"id": "v000002105", "svc": "payment", "phase": "start", "ts": 3221000, "status": 200}
{"id": "v000002105", "svc": "payment", "phase": "end", "ts": 3221100, "status": 200}
{"id": "v000002106", "svc": "auth", "phase": "start", "ts": 3222000, "status": 200}
{"id": "v000002106", "svc": "auth", "phase": "end", "ts": 3222100, "status": 200}
{"id": "v000002107", "svc": "gateway", "phase": "start", "ts": 3223000, "status": 200}
{"id": "v000002107", "svc": "gateway", "phase": "end", "ts": 3223100, "status": 200}
{"id": "v000002108", "svc": "payment", "phase": "start", "ts": 3224000, "status": 200}
{"id": "v000002108", "svc": "payment", "phase": "end", "ts": 3224100, "status": 200}
{"id": "v000002109", "svc": "auth", "phase": "start", "ts": 3225000, "status": 200}
{"id": "v000002109", "svc": "auth", "phase": "end", "ts": 3225100, "status": 200}
{"id": "v000002110", "svc": "gateway", "phase": "start", "ts": 3226000, "status": 200}
{"id": "v000002110", "svc": "gateway", "phase": "end", "ts": 3226100, "status": 200}
{"id": "v000002111", "svc": "payment", "phase": "start", "ts": 3227000, "status": 200}
{"id": "v000002111", "svc": "payment", "phase": "end", "ts": 3227100, "status": 200}
{"id": "v000002112", "svc": "auth", "phase": "start", "ts": 3228000, "status": 200}
{"id": "v000002112", "svc": "auth", "phase": "end", "ts": 3228100, "status": 200}
   
{"id": "v000002113", "svc": "gateway", "phase": "start", "ts": 3229000, "status": 200}
{"id": "v000002113", "svc": "gateway", "phase": "end", "ts": 3229100, "status": 200}
{"id": "v000002114", "svc": "payment", "phase": "start", "ts": 3230000, "status": 200}
{"id": "v000002114", "svc": "payment", "phase": "end", "ts": 3230100, "status": 200}
{"id": "v000002115", "svc": "auth", "phase": "start", "ts": 3231000, "status": 200}
{"id": "v000002115", "svc": "auth", "phase": "end", "ts": 3231100, "status": 200}
{"id": "v000002116", "svc": "gateway", "phase": "start", "ts": 3232000, "status": 200}
{"id": "v000002116", "svc": "gateway", "phase": "end", "ts": 3232100, "status": 200}
{"id": "v000002117", "svc": "payment", "phase": "start", "ts": 3233000, "status": 200}
{"id": "v000002117", "svc": "payment", "phase": "end", "ts": 3233100, "status": 200}
{"id": "v000002118", "svc": "auth", "phase": "start", "ts": 3234000, "status": 200}
{"id": "v000002118", "svc": "auth", "phase": "end", "ts": 3234100, "status": 200}
{"id": "v000002119", "svc": "gateway", "phase": "start", "ts": 3235000, "status": 200}
{"id": "v000002119", "svc": "gateway", "phase": "end", "ts": 3235100, "status": 200}
{"id": "v000002120", "svc": "payment", "phase": "start", "ts": 3236000, "status": 200}
{"id": "v000002120", "svc": "payment", "phase": "end", "ts": 3236100, "status": 200}
{"id": "m", "svc": "auth", "phase": "end", "ts": 3237000, "status": 99}
{"id": "v000002121", "svc": "auth", "phase": "start", "ts": 3238000, "status": 200}
{"id": "v000002121", "svc": "auth", "phase": "end", "ts": 3238100, "status": 200}
{"id": "v000002122", "svc": "gateway", "phase": "start", "ts": 3239000, "status": 200}
{"id": "v000002122", "svc": "gateway", "phase": "end", "ts": 3239100, "status": 200}
{"id": "v000002123", "svc": "payment", "phase": "start", "ts": 3240000, "status": 200}
{"id": "v000002123", "svc": "payment", "phase": "end", "ts": 3240100, "status": 200}
{"id": "v000002124", "svc": "auth", "phase": "start", "ts": 3241000, "status": 200}
{"id": "v000002124", "svc": "auth", "phase": "end", "ts": 3241100, "status": 200}
   
{"id": "v000002125", "svc": "gateway", "phase": "start", "ts": 3242000, "status": 200}
{"id": "v000002125", "svc": "gateway", "phase": "end", "ts": 3242100, "status": 200}
{"id": "v000002126", "svc": "payment", "phase": "start", "ts": 3243000, "status": 200}
{"id": "v000002126", "svc": "payment", "phase": "end", "ts": 3243100, "status": 200}
{"id": "v000002127", "svc": "auth", "phase": "start", "ts": 3244000, "status": 200}
{"id": "v000002127", "svc": "auth", "phase": "end", "ts": 3244100, "status": 200}
{"id": "v000002128", "svc": "gateway", "phase": "start", "ts": 3245000, "status": 200}
{"id": "v000002128", "svc": "gateway", "phase": "end", "ts": 3245100, "status": 200}
{"id": "v000002129", "svc": "payment", "phase": "start", "ts": 3246000, "status": 200}
{"id": "v000002129", "svc": "payment", "phase": "end", "ts": 3246100, "status": 200}
{"id": "v000002130", "svc": "auth", "phase": "start", "ts": 3247000, "status": 200}
{"id": "v000002130", "svc": "auth", "phase": "end", "ts": 3247100, "status": 200}
{"id": "v000002131", "svc": "gateway", "phase": "start", "ts": 3248000, "status": 200}
{"id": "v000002131", "svc": "gateway", "phase": "end", "ts": 3248100, "status": 200}
{"id": "v000002132", "svc": "payment", "phase": "start", "ts": 3249000, "status": 200}
{"id": "v000002132", "svc": "payment", "phase": "end", "ts": 3249100, "status": 200}
{"id": "v000002133", "svc": "auth", "phase": "start", "ts": 3250000, "status": 200}
{"id": "v000002133", "svc": "auth", "phase": "end", "ts": 3250100, "status": 200}
{"id": "v000002134", "svc": "gateway", "phase": "start", "ts": 3251000, "status": 200}
{"id": "v000002134", "svc": "gateway", "phase": "end", "ts": 3251100, "status": 200}
{"id": "v000002135", "svc": "payment", "phase": "start", "ts": 3252000, "status": 200}
{"id": "v000002135", "svc": "payment", "phase": "end", "ts": 3252100, "status": 200}
{"id": "v000002136", "svc": "auth", "phase": "start", "ts": 3253000, "status": 200}
{"id": "v000002136", "svc": "auth", "phase": "end", "ts": 3253100, "status": 200}
   
{"id": "v000002137", "svc": "gateway", "phase": "start", "ts": 3254000, "status": 200}
{"id": "v000002137", "svc": "gateway", "phase": "end", "ts": 3254100, "status": 200}
{"id": "v000002138", "svc": "payment", "phase": "start", "ts": 3255000, "status": 200}
{"id": "v000002138", "svc": "payment", "phase": "end", "ts": 3255100, "status": 200}
{"id": "v000002139", "svc": "auth", "phase": "start", "ts": 3256000, "status": 200}
{"id": "v000002139", "svc": "auth", "phase": "end", "ts": 3256100, "status": 200}
{"id": "v000002140", "svc": "gateway", "phase": "start", "ts": 3257000, "status": 200}
{"id": "v000002140", "svc": "gateway", "phase": "end", "ts": 3257100, "status": 200}
{"id": "m", "svc": "gateway", "phase": "tick", "ts": 3258000, "status": 200}
{"id": "v000002141", "svc": "payment", "phase": "start", "ts": 3259000, "status": 200}
{"id": "v000002141", "svc": "payment", "phase": "end", "ts": 3259100, "status": 200}
{"id": "v000002142", "svc": "auth", "phase": "start", "ts": 3260000, "status": 200}
{"id": "v000002142", "svc": "auth", "phase": "end", "ts": 3260100, "status": 200}
{"id": "v000002143", "svc": "gateway", "phase": "start", "ts": 3261000, "status": 200}
{"id": "v000002143", "svc": "gateway", "phase": "end", "ts": 3261100, "status": 200}
{"id": "v000002144", "svc": "payment", "phase": "start", "ts": 3262000, "status": 200}
{"id": "v000002144", "svc": "payment", "phase": "end", "ts": 3262100, "status": 200}
{"id": "v000002145", "svc": "auth", "phase": "start", "ts": 3263000, "status": 200}
{"id": "v000002145", "svc": "auth", "phase": "end", "ts": 3263100, "status": 200}
{"id": "v000002146", "svc": "gateway", "phase": "start", "ts": 3264000, "status": 200}
{"id": "v000002146", "svc": "gateway", "phase": "end", "ts": 3264100, "status": 200}
{"id": "v000002147", "svc": "payment", "phase": "start", "ts": 3265000, "status": 200}
{"id": "v000002147", "svc": "payment", "phase": "end", "ts": 3265100, "status": 200}
{"id": "v000002148", "svc": "auth", "phase": "start", "ts": 3266000, "status": 200}
{"id": "v000002148", "svc": "auth", "phase": "end", "ts": 3266100, "status": 200}
   
{"id": "v000002149", "svc": "gateway", "phase": "start", "ts": 3267000, "status": 200}
{"id": "v000002149", "svc": "gateway", "phase": "end", "ts": 3267100, "status": 200}
{"id": "v000002150", "svc": "payment", "phase": "start", "ts": 3268000, "status": 200}
{"id": "v000002150", "svc": "payment", "phase": "end", "ts": 3268100, "status": 200}
{"id": "v000002151", "svc": "auth", "phase": "start", "ts": 3269000, "status": 200}
{"id": "v000002151", "svc": "auth", "phase": "end", "ts": 3269100, "status": 200}
{"id": "v000002152", "svc": "gateway", "phase": "start", "ts": 3270000, "status": 200}
{"id": "v000002152", "svc": "gateway", "phase": "end", "ts": 3270100, "status": 200}
{"id": "v000002153", "svc": "payment", "phase": "start", "ts": 3271000, "status": 200}
{"id": "v000002153", "svc": "payment", "phase": "end", "ts": 3271100, "status": 200}
{"id": "v000002154", "svc": "auth", "phase": "start", "ts": 3272000, "status": 200}
{"id": "v000002154", "svc": "auth", "phase": "end", "ts": 3272100, "status": 200}
{"id": "v000002155", "svc": "gateway", "phase": "start", "ts": 3273000, "status": 200}
{"id": "v000002155", "svc": "gateway", "phase": "end", "ts": 3273100, "status": 200}
{"id": "v000002156", "svc": "payment", "phase": "start", "ts": 3274000, "status": 200}
{"id": "v000002156", "svc": "payment", "phase": "end", "ts": 3274100, "status": 200}
{"id": "v000002157", "svc": "auth", "phase": "start", "ts": 3275000, "status": 200}
{"id": "v000002157", "svc": "auth", "phase": "end", "ts": 3275100, "status": 200}
{"id": "v000002158", "svc": "gateway", "phase": "start", "ts": 3276000, "status": 200}
{"id": "v000002158", "svc": "gateway", "phase": "end", "ts": 3276100, "status": 200}
{"id": "v000002159", "svc": "payment", "phase": "start", "ts": 3277000, "status": 200}
{"id": "v000002159", "svc": "payment", "phase": "end", "ts": 3277100, "status": 200}
{"id": "v000002160", "svc": "auth", "phase": "start", "ts": 3278000, "status": 200}
{"id": "v000002160", "svc": "auth", "phase": "end", "ts": 3278100, "status": 200}
   
this is not json at all }{
{"id": "v000002161", "svc": "gateway", "phase": "start", "ts": 3280000, "status": 200}
{"id": "v000002161", "svc": "gateway", "phase": "end", "ts": 3280100, "status": 200}
{"id": "v000002162", "svc": "payment", "phase": "start", "ts": 3281000, "status": 200}
{"id": "v000002162", "svc": "payment", "phase": "end", "ts": 3281100, "status": 200}
{"id": "v000002163", "svc": "auth", "phase": "start", "ts": 3282000, "status": 200}
{"id": "v000002163", "svc": "auth", "phase": "end", "ts": 3282100, "status": 200}
{"id": "v000002164", "svc": "gateway", "phase": "start", "ts": 3283000, "status": 200}
{"id": "v000002164", "svc": "gateway", "phase": "end", "ts": 3283100, "status": 200}
{"id": "v000002165", "svc": "payment", "phase": "start", "ts": 3284000, "status": 200}
{"id": "v000002165", "svc": "payment", "phase": "end", "ts": 3284100, "status": 200}
{"id": "v000002166", "svc": "auth", "phase": "start", "ts": 3285000, "status": 200}
{"id": "v000002166", "svc": "auth", "phase": "end", "ts": 3285100, "status": 200}
{"id": "v000002167", "svc": "gateway", "phase": "start", "ts": 3286000, "status": 200}
{"id": "v000002167", "svc": "gateway", "phase": "end", "ts": 3286100, "status": 200}
{"id": "v000002168", "svc": "payment", "phase": "start", "ts": 3287000, "status": 200}
{"id": "v000002168", "svc": "payment", "phase": "end", "ts": 3287100, "status": 200}
{"id": "v000002169", "svc": "auth", "phase": "start", "ts": 3288000, "status": 200}
{"id": "v000002169", "svc": "auth", "phase": "end", "ts": 3288100, "status": 200}
{"id": "v000002170", "svc": "gateway", "phase": "start", "ts": 3289000, "status": 200}
{"id": "v000002170", "svc": "gateway", "phase": "end", "ts": 3289100, "status": 200}
{"id": "v000002171", "svc": "payment", "phase": "start", "ts": 3290000, "status": 200}
{"id": "v000002171", "svc": "payment", "phase": "end", "ts": 3290100, "status": 200}
{"id": "v000002172", "svc": "auth", "phase": "start", "ts": 3291000, "status": 200}
{"id": "v000002172", "svc": "auth", "phase": "end", "ts": 3291100, "status": 200}
   
{"id": "v000002173", "svc": "gateway", "phase": "start", "ts": 3292000, "status": 200}
{"id": "v000002173", "svc": "gateway", "phase": "end", "ts": 3292100, "status": 200}
{"id": "v000002174", "svc": "payment", "phase": "start", "ts": 3293000, "status": 200}
{"id": "v000002174", "svc": "payment", "phase": "end", "ts": 3293100, "status": 200}
{"id": "v000002175", "svc": "auth", "phase": "start", "ts": 3294000, "status": 200}
{"id": "v000002175", "svc": "auth", "phase": "end", "ts": 3294100, "status": 200}
{"id": "v000002176", "svc": "gateway", "phase": "start", "ts": 3295000, "status": 200}
{"id": "v000002176", "svc": "gateway", "phase": "end", "ts": 3295100, "status": 200}
{"id": "v000002177", "svc": "payment", "phase": "start", "ts": 3296000, "status": 200}
{"id": "v000002177", "svc": "payment", "phase": "end", "ts": 3296100, "status": 200}
{"id": "v000002178", "svc": "auth", "phase": "start", "ts": 3297000, "status": 200}
{"id": "v000002178", "svc": "auth", "phase": "end", "ts": 3297100, "status": 200}
{"id": "v000002179", "svc": "gateway", "phase": "start", "ts": 3298000, "status": 200}
{"id": "v000002179", "svc": "gateway", "phase": "end", "ts": 3298100, "status": 200}
{"id": "v000002180", "svc": "payment", "phase": "start", "ts": 3299000, "status": 200}
{"id": "v000002180", "svc": "payment", "phase": "end", "ts": 3299100, "status": 200}
{"id": "m", "svc": "auth", "phase": "start", "ts": 3300000, "status": 200, "trace": "x"}
{"id": "v000002181", "svc": "auth", "phase": "start", "ts": 3301000, "status": 200}
{"id": "v000002181", "svc": "auth", "phase": "end", "ts": 3301100, "status": 200}
{"id": "v000002182", "svc": "gateway", "phase": "start", "ts": 3302000, "status": 200}
{"id": "v000002182", "svc": "gateway", "phase": "end", "ts": 3302100, "status": 200}
{"id": "v000002183", "svc": "payment", "phase": "start", "ts": 3303000, "status": 200}
{"id": "v000002183", "svc": "payment", "phase": "end", "ts": 3303100, "status": 200}
{"id": "v000002184", "svc": "auth", "phase": "start", "ts": 3304000, "status": 200}
{"id": "v000002184", "svc": "auth", "phase": "end", "ts": 3304100, "status": 200}
   
{"id": "v000002185", "svc": "gateway", "phase": "start", "ts": 3305000, "status": 200}
{"id": "v000002185", "svc": "gateway", "phase": "end", "ts": 3305100, "status": 200}
{"id": "v000002186", "svc": "payment", "phase": "start", "ts": 3306000, "status": 200}
{"id": "v000002186", "svc": "payment", "phase": "end", "ts": 3306100, "status": 200}
{"id": "v000002187", "svc": "auth", "phase": "start", "ts": 3307000, "status": 200}
{"id": "v000002187", "svc": "auth", "phase": "end", "ts": 3307100, "status": 200}
{"id": "v000002188", "svc": "gateway", "phase": "start", "ts": 3308000, "status": 200}
{"id": "v000002188", "svc": "gateway", "phase": "end", "ts": 3308100, "status": 200}
{"id": "v000002189", "svc": "payment", "phase": "start", "ts": 3309000, "status": 200}
{"id": "v000002189", "svc": "payment", "phase": "end", "ts": 3309100, "status": 200}
{"id": "v000002190", "svc": "auth", "phase": "start", "ts": 3310000, "status": 200}
{"id": "v000002190", "svc": "auth", "phase": "end", "ts": 3310100, "status": 200}
{"id": "v000002191", "svc": "gateway", "phase": "start", "ts": 3311000, "status": 200}
{"id": "v000002191", "svc": "gateway", "phase": "end", "ts": 3311100, "status": 200}
{"id": "v000002192", "svc": "payment", "phase": "start", "ts": 3312000, "status": 200}
{"id": "v000002192", "svc": "payment", "phase": "end", "ts": 3312100, "status": 200}
{"id": "v000002193", "svc": "auth", "phase": "start", "ts": 3313000, "status": 200}
{"id": "v000002193", "svc": "auth", "phase": "end", "ts": 3313100, "status": 200}
{"id": "v000002194", "svc": "gateway", "phase": "start", "ts": 3314000, "status": 200}
{"id": "v000002194", "svc": "gateway", "phase": "end", "ts": 3314100, "status": 200}
{"id": "v000002195", "svc": "payment", "phase": "start", "ts": 3315000, "status": 200}
{"id": "v000002195", "svc": "payment", "phase": "end", "ts": 3315100, "status": 200}
{"id": "v000002196", "svc": "auth", "phase": "start", "ts": 3316000, "status": 200}
{"id": "v000002196", "svc": "auth", "phase": "end", "ts": 3316100, "status": 200}
   
{"id": "v000002197", "svc": "gateway", "phase": "start", "ts": 3317000, "status": 200}
{"id": "v000002197", "svc": "gateway", "phase": "end", "ts": 3317100, "status": 200}
{"id": "v000002198", "svc": "payment", "phase": "start", "ts": 3318000, "status": 200}
{"id": "v000002198", "svc": "payment", "phase": "end", "ts": 3318100, "status": 200}
{"id": "v000002199", "svc": "auth", "phase": "start", "ts": 3319000, "status": 200}
{"id": "v000002199", "svc": "auth", "phase": "end", "ts": 3319100, "status": 200}
{"id": "v000002200", "svc": "gateway", "phase": "start", "ts": 3320000, "status": 200}
{"id": "v000002200", "svc": "gateway", "phase": "end", "ts": 3320100, "status": 200}
{"id": "m", "svc": "payment", "phase": "start", "ts": true, "status": 200}
{"id": "v000002201", "svc": "payment", "phase": "start", "ts": 3322000, "status": 200}
{"id": "v000002201", "svc": "payment", "phase": "end", "ts": 3322100, "status": 200}
{"id": "v000002202", "svc": "auth", "phase": "start", "ts": 3323000, "status": 200}
{"id": "v000002202", "svc": "auth", "phase": "end", "ts": 3323100, "status": 200}
{"id": "v000002203", "svc": "gateway", "phase": "start", "ts": 3324000, "status": 200}
{"id": "v000002203", "svc": "gateway", "phase": "end", "ts": 3324100, "status": 200}
{"id": "v000002204", "svc": "payment", "phase": "start", "ts": 3325000, "status": 200}
{"id": "v000002204", "svc": "payment", "phase": "end", "ts": 3325100, "status": 200}
{"id": "v000002205", "svc": "auth", "phase": "start", "ts": 3326000, "status": 200}
{"id": "v000002205", "svc": "auth", "phase": "end", "ts": 3326100, "status": 200}
{"id": "v000002206", "svc": "gateway", "phase": "start", "ts": 3327000, "status": 200}
{"id": "v000002206", "svc": "gateway", "phase": "end", "ts": 3327100, "status": 200}
{"id": "v000002207", "svc": "payment", "phase": "start", "ts": 3328000, "status": 200}
{"id": "v000002207", "svc": "payment", "phase": "end", "ts": 3328100, "status": 200}
{"id": "v000002208", "svc": "auth", "phase": "start", "ts": 3329000, "status": 200}
{"id": "v000002208", "svc": "auth", "phase": "end", "ts": 3329100, "status": 200}
   
{"id": "v000002209", "svc": "gateway", "phase": "start", "ts": 3330000, "status": 200}
{"id": "v000002209", "svc": "gateway", "phase": "end", "ts": 3330100, "status": 200}
{"id": "v000002210", "svc": "payment", "phase": "start", "ts": 3331000, "status": 200}
{"id": "v000002210", "svc": "payment", "phase": "end", "ts": 3331100, "status": 200}
{"id": "v000002211", "svc": "auth", "phase": "start", "ts": 3332000, "status": 200}
{"id": "v000002211", "svc": "auth", "phase": "end", "ts": 3332100, "status": 200}
{"id": "v000002212", "svc": "gateway", "phase": "start", "ts": 3333000, "status": 200}
{"id": "v000002212", "svc": "gateway", "phase": "end", "ts": 3333100, "status": 200}
{"id": "v000002213", "svc": "payment", "phase": "start", "ts": 3334000, "status": 200}
{"id": "v000002213", "svc": "payment", "phase": "end", "ts": 3334100, "status": 200}
{"id": "v000002214", "svc": "auth", "phase": "start", "ts": 3335000, "status": 200}
{"id": "v000002214", "svc": "auth", "phase": "end", "ts": 3335100, "status": 200}
{"id": "v000002215", "svc": "gateway", "phase": "start", "ts": 3336000, "status": 200}
{"id": "v000002215", "svc": "gateway", "phase": "end", "ts": 3336100, "status": 200}
{"id": "v000002216", "svc": "payment", "phase": "start", "ts": 3337000, "status": 200}
{"id": "v000002216", "svc": "payment", "phase": "end", "ts": 3337100, "status": 200}
{"id": "v000002217", "svc": "auth", "phase": "start", "ts": 3338000, "status": 200}
{"id": "v000002217", "svc": "auth", "phase": "end", "ts": 3338100, "status": 200}
{"id": "v000002218", "svc": "gateway", "phase": "start", "ts": 3339000, "status": 200}
{"id": "v000002218", "svc": "gateway", "phase": "end", "ts": 3339100, "status": 200}
{"id": "v000002219", "svc": "payment", "phase": "start", "ts": 3340000, "status": 200}
{"id": "v000002219", "svc": "payment", "phase": "end", "ts": 3340100, "status": 200}
{"id": "v000002220", "svc": "auth", "phase": "start", "ts": 3341000, "status": 200}
{"id": "v000002220", "svc": "auth", "phase": "end", "ts": 3341100, "status": 200}
   
{"id": "m", "svc": "billing", "phase": "start", "ts": 3342000, "status": 200}
{"id": "v000002221", "svc": "gateway", "phase": "start", "ts": 3343000, "status": 200}
{"id": "v000002221", "svc": "gateway", "phase": "end", "ts": 3343100, "status": 200}
{"id": "v000002222", "svc": "payment", "phase": "start", "ts": 3344000, "status": 200}
{"id": "v000002222", "svc": "payment", "phase": "end", "ts": 3344100, "status": 200}
{"id": "v000002223", "svc": "auth", "phase": "start", "ts": 3345000, "status": 200}
{"id": "v000002223", "svc": "auth", "phase": "end", "ts": 3345100, "status": 200}
{"id": "v000002224", "svc": "gateway", "phase": "start", "ts": 3346000, "status": 200}
{"id": "v000002224", "svc": "gateway", "phase": "end", "ts": 3346100, "status": 200}
{"id": "v000002225", "svc": "payment", "phase": "start", "ts": 3347000, "status": 200}
{"id": "v000002225", "svc": "payment", "phase": "end", "ts": 3347100, "status": 200}
{"id": "v000002226", "svc": "auth", "phase": "start", "ts": 3348000, "status": 200}
{"id": "v000002226", "svc": "auth", "phase": "end", "ts": 3348100, "status": 200}
{"id": "v000002227", "svc": "gateway", "phase": "start", "ts": 3349000, "status": 200}
{"id": "v000002227", "svc": "gateway", "phase": "end", "ts": 3349100, "status": 200}
{"id": "v000002228", "svc": "payment", "phase": "start", "ts": 3350000, "status": 200}
{"id": "v000002228", "svc": "payment", "phase": "end", "ts": 3350100, "status": 200}
{"id": "v000002229", "svc": "auth", "phase": "start", "ts": 3351000, "status": 200}
{"id": "v000002229", "svc": "auth", "phase": "end", "ts": 3351100, "status": 200}
{"id": "v000002230", "svc": "gateway", "phase": "start", "ts": 3352000, "status": 200}
{"id": "v000002230", "svc": "gateway", "phase": "end", "ts": 3352100, "status": 200}
{"id": "v000002231", "svc": "payment", "phase": "start", "ts": 3353000, "status": 200}
{"id": "v000002231", "svc": "payment", "phase": "end", "ts": 3353100, "status": 200}
{"id": "v000002232", "svc": "auth", "phase": "start", "ts": 3354000, "status": 200}
{"id": "v000002232", "svc": "auth", "phase": "end", "ts": 3354100, "status": 200}
   
{"id": "v000002233", "svc": "gateway", "phase": "start", "ts": 3355000, "status": 200}
{"id": "v000002233", "svc": "gateway", "phase": "end", "ts": 3355100, "status": 200}
{"id": "v000002234", "svc": "payment", "phase": "start", "ts": 3356000, "status": 200}
{"id": "v000002234", "svc": "payment", "phase": "end", "ts": 3356100, "status": 200}
{"id": "v000002235", "svc": "auth", "phase": "start", "ts": 3357000, "status": 200}
{"id": "v000002235", "svc": "auth", "phase": "end", "ts": 3357100, "status": 200}
{"id": "v000002236", "svc": "gateway", "phase": "start", "ts": 3358000, "status": 200}
{"id": "v000002236", "svc": "gateway", "phase": "end", "ts": 3358100, "status": 200}
{"id": "v000002237", "svc": "payment", "phase": "start", "ts": 3359000, "status": 200}
{"id": "v000002237", "svc": "payment", "phase": "end", "ts": 3359100, "status": 200}
{"id": "v000002238", "svc": "auth", "phase": "start", "ts": 3360000, "status": 200}
{"id": "v000002238", "svc": "auth", "phase": "end", "ts": 3360100, "status": 200}
{"id": "v000002239", "svc": "gateway", "phase": "start", "ts": 3361000, "status": 200}
{"id": "v000002239", "svc": "gateway", "phase": "end", "ts": 3361100, "status": 200}
{"id": "v000002240", "svc": "payment", "phase": "start", "ts": 3362000, "status": 200}
{"id": "v000002240", "svc": "payment", "phase": "end", "ts": 3362100, "status": 200}
{"id": "m", "svc": "payment", "phase": "end", "ts": 3363000, "status": true}
{"id": "v000002241", "svc": "auth", "phase": "start", "ts": 3364000, "status": 200}
{"id": "v000002241", "svc": "auth", "phase": "end", "ts": 3364100, "status": 200}
{"id": "v000002242", "svc": "gateway", "phase": "start", "ts": 3365000, "status": 200}
{"id": "v000002242", "svc": "gateway", "phase": "end", "ts": 3365100, "status": 200}
{"id": "v000002243", "svc": "payment", "phase": "start", "ts": 3366000, "status": 200}
{"id": "v000002243", "svc": "payment", "phase": "end", "ts": 3366100, "status": 200}
{"id": "v000002244", "svc": "auth", "phase": "start", "ts": 3367000, "status": 200}
{"id": "v000002244", "svc": "auth", "phase": "end", "ts": 3367100, "status": 200}
   
{"id": "v000002245", "svc": "gateway", "phase": "start", "ts": 3368000, "status": 200}
{"id": "v000002245", "svc": "gateway", "phase": "end", "ts": 3368100, "status": 200}
{"id": "v000002246", "svc": "payment", "phase": "start", "ts": 3369000, "status": 200}
{"id": "v000002246", "svc": "payment", "phase": "end", "ts": 3369100, "status": 200}
{"id": "v000002247", "svc": "auth", "phase": "start", "ts": 3370000, "status": 200}
{"id": "v000002247", "svc": "auth", "phase": "end", "ts": 3370100, "status": 200}
{"id": "v000002248", "svc": "gateway", "phase": "start", "ts": 3371000, "status": 200}
{"id": "v000002248", "svc": "gateway", "phase": "end", "ts": 3371100, "status": 200}
{"id": "v000002249", "svc": "payment", "phase": "start", "ts": 3372000, "status": 200}
{"id": "v000002249", "svc": "payment", "phase": "end", "ts": 3372100, "status": 200}
{"id": "v000002250", "svc": "auth", "phase": "start", "ts": 3373000, "status": 200}
{"id": "v000002250", "svc": "auth", "phase": "end", "ts": 3373100, "status": 200}
{"id": "v000002251", "svc": "gateway", "phase": "start", "ts": 3374000, "status": 200}
{"id": "v000002251", "svc": "gateway", "phase": "end", "ts": 3374100, "status": 200}
{"id": "v000002252", "svc": "payment", "phase": "start", "ts": 3375000, "status": 200}
{"id": "v000002252", "svc": "payment", "phase": "end", "ts": 3375100, "status": 200}
{"id": "v000002253", "svc": "auth", "phase": "start", "ts": 3376000, "status": 200}
{"id": "v000002253", "svc": "auth", "phase": "end", "ts": 3376100, "status": 200}
{"id": "v000002254", "svc": "gateway", "phase": "start", "ts": 3377000, "status": 200}
{"id": "v000002254", "svc": "gateway", "phase": "end", "ts": 3377100, "status": 200}
{"id": "v000002255", "svc": "payment", "phase": "start", "ts": 3378000, "status": 200}
{"id": "v000002255", "svc": "payment", "phase": "end", "ts": 3378100, "status": 200}
{"id": "v000002256", "svc": "auth", "phase": "start", "ts": 3379000, "status": 200}
{"id": "v000002256", "svc": "auth", "phase": "end", "ts": 3379100, "status": 200}
   
{"id": "v000002257", "svc": "gateway", "phase": "start", "ts": 3380000, "status": 200}
{"id": "v000002257", "svc": "gateway", "phase": "end", "ts": 3380100, "status": 200}
{"id": "v000002258", "svc": "payment", "phase": "start", "ts": 3381000, "status": 200}
{"id": "v000002258", "svc": "payment", "phase": "end", "ts": 3381100, "status": 200}
{"id": "v000002259", "svc": "auth", "phase": "start", "ts": 3382000, "status": 200}
{"id": "v000002259", "svc": "auth", "phase": "end", "ts": 3382100, "status": 200}
{"id": "v000002260", "svc": "gateway", "phase": "start", "ts": 3383000, "status": 200}
{"id": "v000002260", "svc": "gateway", "phase": "end", "ts": 3383100, "status": 200}
{"id": "m", "svc": "auth", "phase": "start", "ts": 3384000}
{"id": "v000002261", "svc": "payment", "phase": "start", "ts": 3385000, "status": 200}
{"id": "v000002261", "svc": "payment", "phase": "end", "ts": 3385100, "status": 200}
{"id": "v000002262", "svc": "auth", "phase": "start", "ts": 3386000, "status": 200}
{"id": "v000002262", "svc": "auth", "phase": "end", "ts": 3386100, "status": 200}
{"id": "v000002263", "svc": "gateway", "phase": "start", "ts": 3387000, "status": 200}
{"id": "v000002263", "svc": "gateway", "phase": "end", "ts": 3387100, "status": 200}
{"id": "v000002264", "svc": "payment", "phase": "start", "ts": 3388000, "status": 200}
{"id": "v000002264", "svc": "payment", "phase": "end", "ts": 3388100, "status": 200}
{"id": "v000002265", "svc": "auth", "phase": "start", "ts": 3389000, "status": 200}
{"id": "v000002265", "svc": "auth", "phase": "end", "ts": 3389100, "status": 200}
{"id": "v000002266", "svc": "gateway", "phase": "start", "ts": 3390000, "status": 200}
{"id": "v000002266", "svc": "gateway", "phase": "end", "ts": 3390100, "status": 200}
{"id": "v000002267", "svc": "payment", "phase": "start", "ts": 3391000, "status": 200}
{"id": "v000002267", "svc": "payment", "phase": "end", "ts": 3391100, "status": 200}
{"id": "v000002268", "svc": "auth", "phase": "start", "ts": 3392000, "status": 200}
{"id": "v000002268", "svc": "auth", "phase": "end", "ts": 3392100, "status": 200}
   
{"id": "v000002269", "svc": "gateway", "phase": "start", "ts": 3393000, "status": 200}
{"id": "v000002269", "svc": "gateway", "phase": "end", "ts": 3393100, "status": 200}
{"id": "v000002270", "svc": "payment", "phase": "start", "ts": 3394000, "status": 200}
{"id": "v000002270", "svc": "payment", "phase": "end", "ts": 3394100, "status": 200}
{"id": "v000002271", "svc": "auth", "phase": "start", "ts": 3395000, "status": 200}
{"id": "v000002271", "svc": "auth", "phase": "end", "ts": 3395100, "status": 200}
{"id": "v000002272", "svc": "gateway", "phase": "start", "ts": 3396000, "status": 200}
{"id": "v000002272", "svc": "gateway", "phase": "end", "ts": 3396100, "status": 200}
{"id": "v000002273", "svc": "payment", "phase": "start", "ts": 3397000, "status": 200}
{"id": "v000002273", "svc": "payment", "phase": "end", "ts": 3397100, "status": 200}
{"id": "v000002274", "svc": "auth", "phase": "start", "ts": 3398000, "status": 200}
{"id": "v000002274", "svc": "auth", "phase": "end", "ts": 3398100, "status": 200}
{"id": "v000002275", "svc": "gateway", "phase": "start", "ts": 3399000, "status": 200}
{"id": "v000002275", "svc": "gateway", "phase": "end", "ts": 3399100, "status": 200}
{"id": "v000002276", "svc": "payment", "phase": "start", "ts": 3400000, "status": 200}
{"id": "v000002276", "svc": "payment", "phase": "end", "ts": 3400100, "status": 200}
{"id": "v000002277", "svc": "auth", "phase": "start", "ts": 3401000, "status": 200}
{"id": "v000002277", "svc": "auth", "phase": "end", "ts": 3401100, "status": 200}
{"id": "v000002278", "svc": "gateway", "phase": "start", "ts": 3402000, "status": 200}
{"id": "v000002278", "svc": "gateway", "phase": "end", "ts": 3402100, "status": 200}
{"id": "v000002279", "svc": "payment", "phase": "start", "ts": 3403000, "status": 200}
{"id": "v000002279", "svc": "payment", "phase": "end", "ts": 3403100, "status": 200}
{"id": "v000002280", "svc": "auth", "phase": "start", "ts": 3404000, "status": 200}
{"id": "v000002280", "svc": "auth", "phase": "end", "ts": 3404100, "status": 200}
   
{"id": "m", "svc": "gateway", "phase": "end", "ts": 3405000, "status": 200.0}
{"id": "v000002281", "svc": "gateway", "phase": "start", "ts": 3406000, "status": 200}
{"id": "v000002281", "svc": "gateway", "phase": "end", "ts": 3406100, "status": 200}
{"id": "v000002282", "svc": "payment", "phase": "start", "ts": 3407000, "status": 200}
{"id": "v000002282", "svc": "payment", "phase": "end", "ts": 3407100, "status": 200}
{"id": "v000002283", "svc": "auth", "phase": "start", "ts": 3408000, "status": 200}
{"id": "v000002283", "svc": "auth", "phase": "end", "ts": 3408100, "status": 200}
{"id": "v000002284", "svc": "gateway", "phase": "start", "ts": 3409000, "status": 200}
{"id": "v000002284", "svc": "gateway", "phase": "end", "ts": 3409100, "status": 200}
{"id": "v000002285", "svc": "payment", "phase": "start", "ts": 3410000, "status": 200}
{"id": "v000002285", "svc": "payment", "phase": "end", "ts": 3410100, "status": 200}
{"id": "v000002286", "svc": "auth", "phase": "start", "ts": 3411000, "status": 200}
{"id": "v000002286", "svc": "auth", "phase": "end", "ts": 3411100, "status": 200}
{"id": "v000002287", "svc": "gateway", "phase": "start", "ts": 3412000, "status": 200}
{"id": "v000002287", "svc": "gateway", "phase": "end", "ts": 3412100, "status": 200}
{"id": "v000002288", "svc": "payment", "phase": "start", "ts": 3413000, "status": 200}
{"id": "v000002288", "svc": "payment", "phase": "end", "ts": 3413100, "status": 200}
{"id": "v000002289", "svc": "auth", "phase": "start", "ts": 3414000, "status": 200}
{"id": "v000002289", "svc": "auth", "phase": "end", "ts": 3414100, "status": 200}
{"id": "v000002290", "svc": "gateway", "phase": "start", "ts": 3415000, "status": 200}
{"id": "v000002290", "svc": "gateway", "phase": "end", "ts": 3415100, "status": 200}
{"id": "v000002291", "svc": "payment", "phase": "start", "ts": 3416000, "status": 200}
{"id": "v000002291", "svc": "payment", "phase": "end", "ts": 3416100, "status": 200}
{"id": "v000002292", "svc": "auth", "phase": "start", "ts": 3417000, "status": 200}
{"id": "v000002292", "svc": "auth", "phase": "end", "ts": 3417100, "status": 200}
   
{"id": "v000002293", "svc": "gateway", "phase": "start", "ts": 3418000, "status": 200}
{"id": "v000002293", "svc": "gateway", "phase": "end", "ts": 3418100, "status": 200}
{"id": "v000002294", "svc": "payment", "phase": "start", "ts": 3419000, "status": 200}
{"id": "v000002294", "svc": "payment", "phase": "end", "ts": 3419100, "status": 200}
{"id": "v000002295", "svc": "auth", "phase": "start", "ts": 3420000, "status": 200}
{"id": "v000002295", "svc": "auth", "phase": "end", "ts": 3420100, "status": 200}
{"id": "v000002296", "svc": "gateway", "phase": "start", "ts": 3421000, "status": 200}
{"id": "v000002296", "svc": "gateway", "phase": "end", "ts": 3421100, "status": 200}
{"id": "v000002297", "svc": "payment", "phase": "start", "ts": 3422000, "status": 200}
{"id": "v000002297", "svc": "payment", "phase": "end", "ts": 3422100, "status": 200}
{"id": "v000002298", "svc": "auth", "phase": "start", "ts": 3423000, "status": 200}
{"id": "v000002298", "svc": "auth", "phase": "end", "ts": 3423100, "status": 200}
{"id": "v000002299", "svc": "gateway", "phase": "start", "ts": 3424000, "status": 200}
{"id": "v000002299", "svc": "gateway", "phase": "end", "ts": 3424100, "status": 200}
{"id": "v000002300", "svc": "payment", "phase": "start", "ts": 3425000, "status": 200}
{"id": "v000002300", "svc": "payment", "phase": "end", "ts": 3425100, "status": 200}
{"id": "m", "svc": "auth", "phase": "end", "ts": 3426000, "status": 99}
{"id": "v000002301", "svc": "auth", "phase": "start", "ts": 3427000, "status": 200}
{"id": "v000002301", "svc": "auth", "phase": "end", "ts": 3427100, "status": 200}
{"id": "v000002302", "svc": "gateway", "phase": "start", "ts": 3428000, "status": 200}
{"id": "v000002302", "svc": "gateway", "phase": "end", "ts": 3428100, "status": 200}
{"id": "v000002303", "svc": "payment", "phase": "start", "ts": 3429000, "status": 200}
{"id": "v000002303", "svc": "payment", "phase": "end", "ts": 3429100, "status": 200}
{"id": "v000002304", "svc": "auth", "phase": "start", "ts": 3430000, "status": 200}
{"id": "v000002304", "svc": "auth", "phase": "end", "ts": 3430100, "status": 200}
   
{"id": "v000002305", "svc": "gateway", "phase": "start", "ts": 3431000, "status": 200}
{"id": "v000002305", "svc": "gateway", "phase": "end", "ts": 3431100, "status": 200}
{"id": "v000002306", "svc": "payment", "phase": "start", "ts": 3432000, "status": 200}
{"id": "v000002306", "svc": "payment", "phase": "end", "ts": 3432100, "status": 200}
{"id": "v000002307", "svc": "auth", "phase": "start", "ts": 3433000, "status": 200}
{"id": "v000002307", "svc": "auth", "phase": "end", "ts": 3433100, "status": 200}
{"id": "v000002308", "svc": "gateway", "phase": "start", "ts": 3434000, "status": 200}
{"id": "v000002308", "svc": "gateway", "phase": "end", "ts": 3434100, "status": 200}
{"id": "v000002309", "svc": "payment", "phase": "start", "ts": 3435000, "status": 200}
{"id": "v000002309", "svc": "payment", "phase": "end", "ts": 3435100, "status": 200}
{"id": "v000002310", "svc": "auth", "phase": "start", "ts": 3436000, "status": 200}
{"id": "v000002310", "svc": "auth", "phase": "end", "ts": 3436100, "status": 200}
{"id": "v000002311", "svc": "gateway", "phase": "start", "ts": 3437000, "status": 200}
{"id": "v000002311", "svc": "gateway", "phase": "end", "ts": 3437100, "status": 200}
{"id": "v000002312", "svc": "payment", "phase": "start", "ts": 3438000, "status": 200}
{"id": "v000002312", "svc": "payment", "phase": "end", "ts": 3438100, "status": 200}
{"id": "v000002313", "svc": "auth", "phase": "start", "ts": 3439000, "status": 200}
{"id": "v000002313", "svc": "auth", "phase": "end", "ts": 3439100, "status": 200}
{"id": "v000002314", "svc": "gateway", "phase": "start", "ts": 3440000, "status": 200}
{"id": "v000002314", "svc": "gateway", "phase": "end", "ts": 3440100, "status": 200}
{"id": "v000002315", "svc": "payment", "phase": "start", "ts": 3441000, "status": 200}
{"id": "v000002315", "svc": "payment", "phase": "end", "ts": 3441100, "status": 200}
{"id": "v000002316", "svc": "auth", "phase": "start", "ts": 3442000, "status": 200}
{"id": "v000002316", "svc": "auth", "phase": "end", "ts": 3442100, "status": 200}
   
{"id": "v000002317", "svc": "gateway", "phase": "start", "ts": 3443000, "status": 200}
{"id": "v000002317", "svc": "gateway", "phase": "end", "ts": 3443100, "status": 200}
{"id": "v000002318", "svc": "payment", "phase": "start", "ts": 3444000, "status": 200}
{"id": "v000002318", "svc": "payment", "phase": "end", "ts": 3444100, "status": 200}
{"id": "v000002319", "svc": "auth", "phase": "start", "ts": 3445000, "status": 200}
{"id": "v000002319", "svc": "auth", "phase": "end", "ts": 3445100, "status": 200}
{"id": "v000002320", "svc": "gateway", "phase": "start", "ts": 3446000, "status": 200}
{"id": "v000002320", "svc": "gateway", "phase": "end", "ts": 3446100, "status": 200}
{"id": "m", "svc": "gateway", "phase": "tick", "ts": 3447000, "status": 200}
{"id": "v000002321", "svc": "payment", "phase": "start", "ts": 3448000, "status": 200}
{"id": "v000002321", "svc": "payment", "phase": "end", "ts": 3448100, "status": 200}
{"id": "v000002322", "svc": "auth", "phase": "start", "ts": 3449000, "status": 200}
{"id": "v000002322", "svc": "auth", "phase": "end", "ts": 3449100, "status": 200}
{"id": "v000002323", "svc": "gateway", "phase": "start", "ts": 3450000, "status": 200}
{"id": "v000002323", "svc": "gateway", "phase": "end", "ts": 3450100, "status": 200}
{"id": "v000002324", "svc": "payment", "phase": "start", "ts": 3451000, "status": 200}
{"id": "v000002324", "svc": "payment", "phase": "end", "ts": 3451100, "status": 200}
{"id": "v000002325", "svc": "auth", "phase": "start", "ts": 3452000, "status": 200}
{"id": "v000002325", "svc": "auth", "phase": "end", "ts": 3452100, "status": 200}
{"id": "v000002326", "svc": "gateway", "phase": "start", "ts": 3453000, "status": 200}
{"id": "v000002326", "svc": "gateway", "phase": "end", "ts": 3453100, "status": 200}
{"id": "v000002327", "svc": "payment", "phase": "start", "ts": 3454000, "status": 200}
{"id": "v000002327", "svc": "payment", "phase": "end", "ts": 3454100, "status": 200}
{"id": "v000002328", "svc": "auth", "phase": "start", "ts": 3455000, "status": 200}
{"id": "v000002328", "svc": "auth", "phase": "end", "ts": 3455100, "status": 200}
   
{"id": "v000002329", "svc": "gateway", "phase": "start", "ts": 3456000, "status": 200}
{"id": "v000002329", "svc": "gateway", "phase": "end", "ts": 3456100, "status": 200}
{"id": "v000002330", "svc": "payment", "phase": "start", "ts": 3457000, "status": 200}
{"id": "v000002330", "svc": "payment", "phase": "end", "ts": 3457100, "status": 200}
{"id": "v000002331", "svc": "auth", "phase": "start", "ts": 3458000, "status": 200}
{"id": "v000002331", "svc": "auth", "phase": "end", "ts": 3458100, "status": 200}
{"id": "v000002332", "svc": "gateway", "phase": "start", "ts": 3459000, "status": 200}
{"id": "v000002332", "svc": "gateway", "phase": "end", "ts": 3459100, "status": 200}
{"id": "v000002333", "svc": "payment", "phase": "start", "ts": 3460000, "status": 200}
{"id": "v000002333", "svc": "payment", "phase": "end", "ts": 3460100, "status": 200}
{"id": "v000002334", "svc": "auth", "phase": "start", "ts": 3461000, "status": 200}
{"id": "v000002334", "svc": "auth", "phase": "end", "ts": 3461100, "status": 200}
{"id": "v000002335", "svc": "gateway", "phase": "start", "ts": 3462000, "status": 200}
{"id": "v000002335", "svc": "gateway", "phase": "end", "ts": 3462100, "status": 200}
{"id": "v000002336", "svc": "payment", "phase": "start", "ts": 3463000, "status": 200}
{"id": "v000002336", "svc": "payment", "phase": "end", "ts": 3463100, "status": 200}
{"id": "v000002337", "svc": "auth", "phase": "start", "ts": 3464000, "status": 200}
{"id": "v000002337", "svc": "auth", "phase": "end", "ts": 3464100, "status": 200}
{"id": "v000002338", "svc": "gateway", "phase": "start", "ts": 3465000, "status": 200}
{"id": "v000002338", "svc": "gateway", "phase": "end", "ts": 3465100, "status": 200}
{"id": "v000002339", "svc": "payment", "phase": "start", "ts": 3466000, "status": 200}
{"id": "v000002339", "svc": "payment", "phase": "end", "ts": 3466100, "status": 200}
{"id": "v000002340", "svc": "auth", "phase": "start", "ts": 3467000, "status": 200}
{"id": "v000002340", "svc": "auth", "phase": "end", "ts": 3467100, "status": 200}
   
this is not json at all }{
{"id": "v000002341", "svc": "gateway", "phase": "start", "ts": 3469000, "status": 200}
{"id": "v000002341", "svc": "gateway", "phase": "end", "ts": 3469100, "status": 200}
{"id": "v000002342", "svc": "payment", "phase": "start", "ts": 3470000, "status": 200}
{"id": "v000002342", "svc": "payment", "phase": "end", "ts": 3470100, "status": 200}
{"id": "v000002343", "svc": "auth", "phase": "start", "ts": 3471000, "status": 200}
{"id": "v000002343", "svc": "auth", "phase": "end", "ts": 3471100, "status": 200}
{"id": "v000002344", "svc": "gateway", "phase": "start", "ts": 3472000, "status": 200}
{"id": "v000002344", "svc": "gateway", "phase": "end", "ts": 3472100, "status": 200}
{"id": "v000002345", "svc": "payment", "phase": "start", "ts": 3473000, "status": 200}
{"id": "v000002345", "svc": "payment", "phase": "end", "ts": 3473100, "status": 200}
{"id": "v000002346", "svc": "auth", "phase": "start", "ts": 3474000, "status": 200}
{"id": "v000002346", "svc": "auth", "phase": "end", "ts": 3474100, "status": 200}
{"id": "v000002347", "svc": "gateway", "phase": "start", "ts": 3475000, "status": 200}
{"id": "v000002347", "svc": "gateway", "phase": "end", "ts": 3475100, "status": 200}
{"id": "v000002348", "svc": "payment", "phase": "start", "ts": 3476000, "status": 200}
{"id": "v000002348", "svc": "payment", "phase": "end", "ts": 3476100, "status": 200}
{"id": "v000002349", "svc": "auth", "phase": "start", "ts": 3477000, "status": 200}
{"id": "v000002349", "svc": "auth", "phase": "end", "ts": 3477100, "status": 200}
{"id": "v000002350", "svc": "gateway", "phase": "start", "ts": 3478000, "status": 200}
{"id": "v000002350", "svc": "gateway", "phase": "end", "ts": 3478100, "status": 200}
{"id": "v000002351", "svc": "payment", "phase": "start", "ts": 3479000, "status": 200}
{"id": "v000002351", "svc": "payment", "phase": "end", "ts": 3479100, "status": 200}
{"id": "v000002352", "svc": "auth", "phase": "start", "ts": 3480000, "status": 200}
{"id": "v000002352", "svc": "auth", "phase": "end", "ts": 3480100, "status": 200}
   
{"id": "v000002353", "svc": "gateway", "phase": "start", "ts": 3481000, "status": 200}
{"id": "v000002353", "svc": "gateway", "phase": "end", "ts": 3481100, "status": 200}
{"id": "v000002354", "svc": "payment", "phase": "start", "ts": 3482000, "status": 200}
{"id": "v000002354", "svc": "payment", "phase": "end", "ts": 3482100, "status": 200}
{"id": "v000002355", "svc": "auth", "phase": "start", "ts": 3483000, "status": 200}
{"id": "v000002355", "svc": "auth", "phase": "end", "ts": 3483100, "status": 200}
{"id": "v000002356", "svc": "gateway", "phase": "start", "ts": 3484000, "status": 200}
{"id": "v000002356", "svc": "gateway", "phase": "end", "ts": 3484100, "status": 200}
{"id": "v000002357", "svc": "payment", "phase": "start", "ts": 3485000, "status": 200}
{"id": "v000002357", "svc": "payment", "phase": "end", "ts": 3485100, "status": 200}
{"id": "v000002358", "svc": "auth", "phase": "start", "ts": 3486000, "status": 200}
{"id": "v000002358", "svc": "auth", "phase": "end", "ts": 3486100, "status": 200}
{"id": "v000002359", "svc": "gateway", "phase": "start", "ts": 3487000, "status": 200}
{"id": "v000002359", "svc": "gateway", "phase": "end", "ts": 3487100, "status": 200}
{"id": "v000002360", "svc": "payment", "phase": "start", "ts": 3488000, "status": 200}
{"id": "v000002360", "svc": "payment", "phase": "end", "ts": 3488100, "status": 200}
{"id": "m", "svc": "auth", "phase": "start", "ts": 3489000, "status": 200, "trace": "x"}
{"id": "v000002361", "svc": "auth", "phase": "start", "ts": 3490000, "status": 200}
{"id": "v000002361", "svc": "auth", "phase": "end", "ts": 3490100, "status": 200}
{"id": "v000002362", "svc": "gateway", "phase": "start", "ts": 3491000, "status": 200}
{"id": "v000002362", "svc": "gateway", "phase": "end", "ts": 3491100, "status": 200}
{"id": "v000002363", "svc": "payment", "phase": "start", "ts": 3492000, "status": 200}
{"id": "v000002363", "svc": "payment", "phase": "end", "ts": 3492100, "status": 200}
{"id": "v000002364", "svc": "auth", "phase": "start", "ts": 3493000, "status": 200}
{"id": "v000002364", "svc": "auth", "phase": "end", "ts": 3493100, "status": 200}
   
{"id": "v000002365", "svc": "gateway", "phase": "start", "ts": 3494000, "status": 200}
{"id": "v000002365", "svc": "gateway", "phase": "end", "ts": 3494100, "status": 200}
{"id": "v000002366", "svc": "payment", "phase": "start", "ts": 3495000, "status": 200}
{"id": "v000002366", "svc": "payment", "phase": "end", "ts": 3495100, "status": 200}
{"id": "v000002367", "svc": "auth", "phase": "start", "ts": 3496000, "status": 200}
{"id": "v000002367", "svc": "auth", "phase": "end", "ts": 3496100, "status": 200}
{"id": "v000002368", "svc": "gateway", "phase": "start", "ts": 3497000, "status": 200}
{"id": "v000002368", "svc": "gateway", "phase": "end", "ts": 3497100, "status": 200}
{"id": "v000002369", "svc": "payment", "phase": "start", "ts": 3498000, "status": 200}
{"id": "v000002369", "svc": "payment", "phase": "end", "ts": 3498100, "status": 200}
{"id": "v000002370", "svc": "auth", "phase": "start", "ts": 3499000, "status": 200}
{"id": "v000002370", "svc": "auth", "phase": "end", "ts": 3499100, "status": 200}
{"id": "v000002371", "svc": "gateway", "phase": "start", "ts": 3500000, "status": 200}
{"id": "v000002371", "svc": "gateway", "phase": "end", "ts": 3500100, "status": 200}
{"id": "v000002372", "svc": "payment", "phase": "start", "ts": 3501000, "status": 200}
{"id": "v000002372", "svc": "payment", "phase": "end", "ts": 3501100, "status": 200}
{"id": "v000002373", "svc": "auth", "phase": "start", "ts": 3502000, "status": 200}
{"id": "v000002373", "svc": "auth", "phase": "end", "ts": 3502100, "status": 200}
{"id": "v000002374", "svc": "gateway", "phase": "start", "ts": 3503000, "status": 200}
{"id": "v000002374", "svc": "gateway", "phase": "end", "ts": 3503100, "status": 200}
{"id": "v000002375", "svc": "payment", "phase": "start", "ts": 3504000, "status": 200}
{"id": "v000002375", "svc": "payment", "phase": "end", "ts": 3504100, "status": 200}
{"id": "v000002376", "svc": "auth", "phase": "start", "ts": 3505000, "status": 200}
{"id": "v000002376", "svc": "auth", "phase": "end", "ts": 3505100, "status": 200}
   
{"id": "v000002377", "svc": "gateway", "phase": "start", "ts": 3506000, "status": 200}
{"id": "v000002377", "svc": "gateway", "phase": "end", "ts": 3506100, "status": 200}
{"id": "v000002378", "svc": "payment", "phase": "start", "ts": 3507000, "status": 200}
{"id": "v000002378", "svc": "payment", "phase": "end", "ts": 3507100, "status": 200}
{"id": "v000002379", "svc": "auth", "phase": "start", "ts": 3508000, "status": 200}
{"id": "v000002379", "svc": "auth", "phase": "end", "ts": 3508100, "status": 200}
{"id": "v000002380", "svc": "gateway", "phase": "start", "ts": 3509000, "status": 200}
{"id": "v000002380", "svc": "gateway", "phase": "end", "ts": 3509100, "status": 200}
{"id": "m", "svc": "payment", "phase": "start", "ts": true, "status": 200}
{"id": "v000002381", "svc": "payment", "phase": "start", "ts": 3511000, "status": 200}
{"id": "v000002381", "svc": "payment", "phase": "end", "ts": 3511100, "status": 200}
{"id": "v000002382", "svc": "auth", "phase": "start", "ts": 3512000, "status": 200}
{"id": "v000002382", "svc": "auth", "phase": "end", "ts": 3512100, "status": 200}
{"id": "v000002383", "svc": "gateway", "phase": "start", "ts": 3513000, "status": 200}
{"id": "v000002383", "svc": "gateway", "phase": "end", "ts": 3513100, "status": 200}
{"id": "v000002384", "svc": "payment", "phase": "start", "ts": 3514000, "status": 200}
{"id": "v000002384", "svc": "payment", "phase": "end", "ts": 3514100, "status": 200}
{"id": "v000002385", "svc": "auth", "phase": "start", "ts": 3515000, "status": 200}
{"id": "v000002385", "svc": "auth", "phase": "end", "ts": 3515100, "status": 200}
{"id": "v000002386", "svc": "gateway", "phase": "start", "ts": 3516000, "status": 200}
{"id": "v000002386", "svc": "gateway", "phase": "end", "ts": 3516100, "status": 200}
{"id": "v000002387", "svc": "payment", "phase": "start", "ts": 3517000, "status": 200}
{"id": "v000002387", "svc": "payment", "phase": "end", "ts": 3517100, "status": 200}
{"id": "v000002388", "svc": "auth", "phase": "start", "ts": 3518000, "status": 200}
{"id": "v000002388", "svc": "auth", "phase": "end", "ts": 3518100, "status": 200}
   
{"id": "v000002389", "svc": "gateway", "phase": "start", "ts": 3519000, "status": 200}
{"id": "v000002389", "svc": "gateway", "phase": "end", "ts": 3519100, "status": 200}
{"id": "v000002390", "svc": "payment", "phase": "start", "ts": 3520000, "status": 200}
{"id": "v000002390", "svc": "payment", "phase": "end", "ts": 3520100, "status": 200}
{"id": "v000002391", "svc": "auth", "phase": "start", "ts": 3521000, "status": 200}
{"id": "v000002391", "svc": "auth", "phase": "end", "ts": 3521100, "status": 200}
{"id": "v000002392", "svc": "gateway", "phase": "start", "ts": 3522000, "status": 200}
{"id": "v000002392", "svc": "gateway", "phase": "end", "ts": 3522100, "status": 200}
{"id": "v000002393", "svc": "payment", "phase": "start", "ts": 3523000, "status": 200}
{"id": "v000002393", "svc": "payment", "phase": "end", "ts": 3523100, "status": 200}
{"id": "v000002394", "svc": "auth", "phase": "start", "ts": 3524000, "status": 200}
{"id": "v000002394", "svc": "auth", "phase": "end", "ts": 3524100, "status": 200}
{"id": "v000002395", "svc": "gateway", "phase": "start", "ts": 3525000, "status": 200}
{"id": "v000002395", "svc": "gateway", "phase": "end", "ts": 3525100, "status": 200}
{"id": "v000002396", "svc": "payment", "phase": "start", "ts": 3526000, "status": 200}
{"id": "v000002396", "svc": "payment", "phase": "end", "ts": 3526100, "status": 200}
{"id": "v000002397", "svc": "auth", "phase": "start", "ts": 3527000, "status": 200}
{"id": "v000002397", "svc": "auth", "phase": "end", "ts": 3527100, "status": 200}
{"id": "v000002398", "svc": "gateway", "phase": "start", "ts": 3528000, "status": 200}
{"id": "v000002398", "svc": "gateway", "phase": "end", "ts": 3528100, "status": 200}
{"id": "v000002399", "svc": "payment", "phase": "start", "ts": 3529000, "status": 200}
{"id": "v000002399", "svc": "payment", "phase": "end", "ts": 3529100, "status": 200}
{"id": "v000002400", "svc": "auth", "phase": "start", "ts": 3530000, "status": 200}
{"id": "v000002400", "svc": "auth", "phase": "end", "ts": 3530100, "status": 200}
   
{"id": "m", "svc": "billing", "phase": "start", "ts": 3531000, "status": 200}
{"id": "v000002401", "svc": "gateway", "phase": "start", "ts": 3532000, "status": 200}
{"id": "v000002401", "svc": "gateway", "phase": "end", "ts": 3532100, "status": 200}
{"id": "v000002402", "svc": "payment", "phase": "start", "ts": 3533000, "status": 200}
{"id": "v000002402", "svc": "payment", "phase": "end", "ts": 3533100, "status": 200}
{"id": "v000002403", "svc": "auth", "phase": "start", "ts": 3534000, "status": 200}
{"id": "v000002403", "svc": "auth", "phase": "end", "ts": 3534100, "status": 200}
{"id": "v000002404", "svc": "gateway", "phase": "start", "ts": 3535000, "status": 200}
{"id": "v000002404", "svc": "gateway", "phase": "end", "ts": 3535100, "status": 200}
{"id": "v000002405", "svc": "payment", "phase": "start", "ts": 3536000, "status": 200}
{"id": "v000002405", "svc": "payment", "phase": "end", "ts": 3536100, "status": 200}
{"id": "v000002406", "svc": "auth", "phase": "start", "ts": 3537000, "status": 200}
{"id": "v000002406", "svc": "auth", "phase": "end", "ts": 3537100, "status": 200}
{"id": "v000002407", "svc": "gateway", "phase": "start", "ts": 3538000, "status": 200}
{"id": "v000002407", "svc": "gateway", "phase": "end", "ts": 3538100, "status": 200}
{"id": "v000002408", "svc": "payment", "phase": "start", "ts": 3539000, "status": 200}
{"id": "v000002408", "svc": "payment", "phase": "end", "ts": 3539100, "status": 200}
{"id": "v000002409", "svc": "auth", "phase": "start", "ts": 3540000, "status": 200}
{"id": "v000002409", "svc": "auth", "phase": "end", "ts": 3540100, "status": 200}
{"id": "v000002410", "svc": "gateway", "phase": "start", "ts": 3541000, "status": 200}
{"id": "v000002410", "svc": "gateway", "phase": "end", "ts": 3541100, "status": 200}
{"id": "v000002411", "svc": "payment", "phase": "start", "ts": 3542000, "status": 200}
{"id": "v000002411", "svc": "payment", "phase": "end", "ts": 3542100, "status": 200}
{"id": "v000002412", "svc": "auth", "phase": "start", "ts": 3543000, "status": 200}
{"id": "v000002412", "svc": "auth", "phase": "end", "ts": 3543100, "status": 200}
   
{"id": "v000002413", "svc": "gateway", "phase": "start", "ts": 3544000, "status": 200}
{"id": "v000002413", "svc": "gateway", "phase": "end", "ts": 3544100, "status": 200}
{"id": "v000002414", "svc": "payment", "phase": "start", "ts": 3545000, "status": 200}
{"id": "v000002414", "svc": "payment", "phase": "end", "ts": 3545100, "status": 200}
{"id": "v000002415", "svc": "auth", "phase": "start", "ts": 3546000, "status": 200}
{"id": "v000002415", "svc": "auth", "phase": "end", "ts": 3546100, "status": 200}
{"id": "v000002416", "svc": "gateway", "phase": "start", "ts": 3547000, "status": 200}
{"id": "v000002416", "svc": "gateway", "phase": "end", "ts": 3547100, "status": 200}
{"id": "v000002417", "svc": "payment", "phase": "start", "ts": 3548000, "status": 200}
{"id": "v000002417", "svc": "payment", "phase": "end", "ts": 3548100, "status": 200}
{"id": "v000002418", "svc": "auth", "phase": "start", "ts": 3549000, "status": 200}
{"id": "v000002418", "svc": "auth", "phase": "end", "ts": 3549100, "status": 200}
{"id": "v000002419", "svc": "gateway", "phase": "start", "ts": 3550000, "status": 200}
{"id": "v000002419", "svc": "gateway", "phase": "end", "ts": 3550100, "status": 200}
{"id": "v000002420", "svc": "payment", "phase": "start", "ts": 3551000, "status": 200}
{"id": "v000002420", "svc": "payment", "phase": "end", "ts": 3551100, "status": 200}
{"id": "m", "svc": "payment", "phase": "end", "ts": 3552000, "status": true}
{"id": "v000002421", "svc": "auth", "phase": "start", "ts": 3553000, "status": 200}
{"id": "v000002421", "svc": "auth", "phase": "end", "ts": 3553100, "status": 200}
{"id": "v000002422", "svc": "gateway", "phase": "start", "ts": 3554000, "status": 200}
{"id": "v000002422", "svc": "gateway", "phase": "end", "ts": 3554100, "status": 200}
{"id": "v000002423", "svc": "payment", "phase": "start", "ts": 3555000, "status": 200}
{"id": "v000002423", "svc": "payment", "phase": "end", "ts": 3555100, "status": 200}
{"id": "v000002424", "svc": "auth", "phase": "start", "ts": 3556000, "status": 200}
{"id": "v000002424", "svc": "auth", "phase": "end", "ts": 3556100, "status": 200}
   
{"id": "v000002425", "svc": "gateway", "phase": "start", "ts": 3557000, "status": 200}
{"id": "v000002425", "svc": "gateway", "phase": "end", "ts": 3557100, "status": 200}
{"id": "v000002426", "svc": "payment", "phase": "start", "ts": 3558000, "status": 200}
{"id": "v000002426", "svc": "payment", "phase": "end", "ts": 3558100, "status": 200}
{"id": "v000002427", "svc": "auth", "phase": "start", "ts": 3559000, "status": 200}
{"id": "v000002427", "svc": "auth", "phase": "end", "ts": 3559100, "status": 200}
{"id": "v000002428", "svc": "gateway", "phase": "start", "ts": 3560000, "status": 200}
{"id": "v000002428", "svc": "gateway", "phase": "end", "ts": 3560100, "status": 200}
{"id": "v000002429", "svc": "payment", "phase": "start", "ts": 3561000, "status": 200}
{"id": "v000002429", "svc": "payment", "phase": "end", "ts": 3561100, "status": 200}
{"id": "v000002430", "svc": "auth", "phase": "start", "ts": 3562000, "status": 200}
{"id": "v000002430", "svc": "auth", "phase": "end", "ts": 3562100, "status": 200}
{"id": "v000002431", "svc": "gateway", "phase": "start", "ts": 3563000, "status": 200}
{"id": "v000002431", "svc": "gateway", "phase": "end", "ts": 3563100, "status": 200}
{"id": "v000002432", "svc": "payment", "phase": "start", "ts": 3564000, "status": 200}
{"id": "v000002432", "svc": "payment", "phase": "end", "ts": 3564100, "status": 200}
{"id": "v000002433", "svc": "auth", "phase": "start", "ts": 3565000, "status": 200}
{"id": "v000002433", "svc": "auth", "phase": "end", "ts": 3565100, "status": 200}
{"id": "v000002434", "svc": "gateway", "phase": "start", "ts": 3566000, "status": 200}
{"id": "v000002434", "svc": "gateway", "phase": "end", "ts": 3566100, "status": 200}
{"id": "v000002435", "svc": "payment", "phase": "start", "ts": 3567000, "status": 200}
{"id": "v000002435", "svc": "payment", "phase": "end", "ts": 3567100, "status": 200}
{"id": "v000002436", "svc": "auth", "phase": "start", "ts": 3568000, "status": 200}
{"id": "v000002436", "svc": "auth", "phase": "end", "ts": 3568100, "status": 200}
   
{"id": "v000002437", "svc": "gateway", "phase": "start", "ts": 3569000, "status": 200}
{"id": "v000002437", "svc": "gateway", "phase": "end", "ts": 3569100, "status": 200}
{"id": "v000002438", "svc": "payment", "phase": "start", "ts": 3570000, "status": 200}
{"id": "v000002438", "svc": "payment", "phase": "end", "ts": 3570100, "status": 200}
{"id": "v000002439", "svc": "auth", "phase": "start", "ts": 3571000, "status": 200}
{"id": "v000002439", "svc": "auth", "phase": "end", "ts": 3571100, "status": 200}
{"id": "v000002440", "svc": "gateway", "phase": "start", "ts": 3572000, "status": 200}
{"id": "v000002440", "svc": "gateway", "phase": "end", "ts": 3572100, "status": 200}
{"id": "m", "svc": "auth", "phase": "start", "ts": 3573000}
{"id": "v000002441", "svc": "payment", "phase": "start", "ts": 3574000, "status": 200}
{"id": "v000002441", "svc": "payment", "phase": "end", "ts": 3574100, "status": 200}
{"id": "v000002442", "svc": "auth", "phase": "start", "ts": 3575000, "status": 200}
{"id": "v000002442", "svc": "auth", "phase": "end", "ts": 3575100, "status": 200}
{"id": "v000002443", "svc": "gateway", "phase": "start", "ts": 3576000, "status": 200}
{"id": "v000002443", "svc": "gateway", "phase": "end", "ts": 3576100, "status": 200}
{"id": "v000002444", "svc": "payment", "phase": "start", "ts": 3577000, "status": 200}
{"id": "v000002444", "svc": "payment", "phase": "end", "ts": 3577100, "status": 200}
{"id": "v000002445", "svc": "auth", "phase": "start", "ts": 3578000, "status": 200}
{"id": "v000002445", "svc": "auth", "phase": "end", "ts": 3578100, "status": 200}
{"id": "v000002446", "svc": "gateway", "phase": "start", "ts": 3579000, "status": 200}
{"id": "v000002446", "svc": "gateway", "phase": "end", "ts": 3579100, "status": 200}
{"id": "v000002447", "svc": "payment", "phase": "start", "ts": 3580000, "status": 200}
{"id": "v000002447", "svc": "payment", "phase": "end", "ts": 3580100, "status": 200}
{"id": "v000002448", "svc": "auth", "phase": "start", "ts": 3581000, "status": 200}
{"id": "v000002448", "svc": "auth", "phase": "end", "ts": 3581100, "status": 200}
   
{"id": "v000002449", "svc": "gateway", "phase": "start", "ts": 3582000, "status": 200}
{"id": "v000002449", "svc": "gateway", "phase": "end", "ts": 3582100, "status": 200}
{"id": "v000002450", "svc": "payment", "phase": "start", "ts": 3583000, "status": 200}
{"id": "v000002450", "svc": "payment", "phase": "end", "ts": 3583100, "status": 200}
{"id": "v000002451", "svc": "auth", "phase": "start", "ts": 3584000, "status": 200}
{"id": "v000002451", "svc": "auth", "phase": "end", "ts": 3584100, "status": 200}
{"id": "v000002452", "svc": "gateway", "phase": "start", "ts": 3585000, "status": 200}
{"id": "v000002452", "svc": "gateway", "phase": "end", "ts": 3585100, "status": 200}
{"id": "v000002453", "svc": "payment", "phase": "start", "ts": 3586000, "status": 200}
{"id": "v000002453", "svc": "payment", "phase": "end", "ts": 3586100, "status": 200}
{"id": "v000002454", "svc": "auth", "phase": "start", "ts": 3587000, "status": 200}
{"id": "v000002454", "svc": "auth", "phase": "end", "ts": 3587100, "status": 200}
{"id": "v000002455", "svc": "gateway", "phase": "start", "ts": 3588000, "status": 200}
{"id": "v000002455", "svc": "gateway", "phase": "end", "ts": 3588100, "status": 200}
{"id": "v000002456", "svc": "payment", "phase": "start", "ts": 3589000, "status": 200}
{"id": "v000002456", "svc": "payment", "phase": "end", "ts": 3589100, "status": 200}
{"id": "v000002457", "svc": "auth", "phase": "start", "ts": 3590000, "status": 200}
{"id": "v000002457", "svc": "auth", "phase": "end", "ts": 3590100, "status": 200}
{"id": "v000002458", "svc": "gateway", "phase": "start", "ts": 3591000, "status": 200}
{"id": "v000002458", "svc": "gateway", "phase": "end", "ts": 3591100, "status": 200}
{"id": "v000002459", "svc": "payment", "phase": "start", "ts": 3592000, "status": 200}
{"id": "v000002459", "svc": "payment", "phase": "end", "ts": 3592100, "status": 200}
{"id": "v000002460", "svc": "auth", "phase": "start", "ts": 3593000, "status": 200}
{"id": "v000002460", "svc": "auth", "phase": "end", "ts": 3593100, "status": 200}
   
{"id": "m", "svc": "gateway", "phase": "end", "ts": 3594000, "status": 200.0}
{"id": "v000002461", "svc": "gateway", "phase": "start", "ts": 3595000, "status": 200}
{"id": "v000002461", "svc": "gateway", "phase": "end", "ts": 3595100, "status": 200}
{"id": "v000002462", "svc": "payment", "phase": "start", "ts": 3596000, "status": 200}
{"id": "v000002462", "svc": "payment", "phase": "end", "ts": 3596100, "status": 200}
{"id": "v000002463", "svc": "auth", "phase": "start", "ts": 3597000, "status": 200}
{"id": "v000002463", "svc": "auth", "phase": "end", "ts": 3597100, "status": 200}
{"id": "v000002464", "svc": "gateway", "phase": "start", "ts": 3598000, "status": 200}
{"id": "v000002464", "svc": "gateway", "phase": "end", "ts": 3598100, "status": 200}
{"id": "v000002465", "svc": "payment", "phase": "start", "ts": 3599000, "status": 200}
{"id": "v000002465", "svc": "payment", "phase": "end", "ts": 3599100, "status": 200}
{"id": "v000002466", "svc": "auth", "phase": "start", "ts": 3600000, "status": 200}
{"id": "v000002466", "svc": "auth", "phase": "end", "ts": 3600100, "status": 200}
{"id": "v000002467", "svc": "gateway", "phase": "start", "ts": 3601000, "status": 200}
{"id": "v000002467", "svc": "gateway", "phase": "end", "ts": 3601100, "status": 200}
{"id": "v000002468", "svc": "payment", "phase": "start", "ts": 3602000, "status": 200}
{"id": "v000002468", "svc": "payment", "phase": "end", "ts": 3602100, "status": 200}
{"id": "v000002469", "svc": "auth", "phase": "start", "ts": 3603000, "status": 200}
{"id": "v000002469", "svc": "auth", "phase": "end", "ts": 3603100, "status": 200}
{"id": "v000002470", "svc": "gateway", "phase": "start", "ts": 3604000, "status": 200}
{"id": "v000002470", "svc": "gateway", "phase": "end", "ts": 3604100, "status": 200}
{"id": "v000002471", "svc": "payment", "phase": "start", "ts": 3605000, "status": 200}
{"id": "v000002471", "svc": "payment", "phase": "end", "ts": 3605100, "status": 200}
{"id": "v000002472", "svc": "auth", "phase": "start", "ts": 3606000, "status": 200}
{"id": "v000002472", "svc": "auth", "phase": "end", "ts": 3606100, "status": 200}
   
{"id": "v000002473", "svc": "gateway", "phase": "start", "ts": 3607000, "status": 200}
{"id": "v000002473", "svc": "gateway", "phase": "end", "ts": 3607100, "status": 200}
{"id": "v000002474", "svc": "payment", "phase": "start", "ts": 3608000, "status": 200}
{"id": "v000002474", "svc": "payment", "phase": "end", "ts": 3608100, "status": 200}
{"id": "v000002475", "svc": "auth", "phase": "start", "ts": 3609000, "status": 200}
{"id": "v000002475", "svc": "auth", "phase": "end", "ts": 3609100, "status": 200}
{"id": "v000002476", "svc": "gateway", "phase": "start", "ts": 3610000, "status": 200}
{"id": "v000002476", "svc": "gateway", "phase": "end", "ts": 3610100, "status": 200}
{"id": "v000002477", "svc": "payment", "phase": "start", "ts": 3611000, "status": 200}
{"id": "v000002477", "svc": "payment", "phase": "end", "ts": 3611100, "status": 200}
{"id": "v000002478", "svc": "auth", "phase": "start", "ts": 3612000, "status": 200}
{"id": "v000002478", "svc": "auth", "phase": "end", "ts": 3612100, "status": 200}
{"id": "v000002479", "svc": "gateway", "phase": "start", "ts": 3613000, "status": 200}
{"id": "v000002479", "svc": "gateway", "phase": "end", "ts": 3613100, "status": 200}
{"id": "v000002480", "svc": "payment", "phase": "start", "ts": 3614000, "status": 200}
{"id": "v000002480", "svc": "payment", "phase": "end", "ts": 3614100, "status": 200}
{"id": "m", "svc": "auth", "phase": "end", "ts": 3615000, "status": 99}
{"id": "v000002481", "svc": "auth", "phase": "start", "ts": 3616000, "status": 200}
{"id": "v000002481", "svc": "auth", "phase": "end", "ts": 3616100, "status": 200}
{"id": "v000002482", "svc": "gateway", "phase": "start", "ts": 3617000, "status": 200}
{"id": "v000002482", "svc": "gateway", "phase": "end", "ts": 3617100, "status": 200}
{"id": "v000002483", "svc": "payment", "phase": "start", "ts": 3618000, "status": 200}
{"id": "v000002483", "svc": "payment", "phase": "end", "ts": 3618100, "status": 200}
{"id": "v000002484", "svc": "auth", "phase": "start", "ts": 3619000, "status": 200}
{"id": "v000002484", "svc": "auth", "phase": "end", "ts": 3619100, "status": 200}
   
{"id": "v000002485", "svc": "gateway", "phase": "start", "ts": 3620000, "status": 200}
{"id": "v000002485", "svc": "gateway", "phase": "end", "ts": 3620100, "status": 200}
{"id": "v000002486", "svc": "payment", "phase": "start", "ts": 3621000, "status": 200}
{"id": "v000002486", "svc": "payment", "phase": "end", "ts": 3621100, "status": 200}
{"id": "v000002487", "svc": "auth", "phase": "start", "ts": 3622000, "status": 200}
{"id": "v000002487", "svc": "auth", "phase": "end", "ts": 3622100, "status": 200}
{"id": "v000002488", "svc": "gateway", "phase": "start", "ts": 3623000, "status": 200}
{"id": "v000002488", "svc": "gateway", "phase": "end", "ts": 3623100, "status": 200}
{"id": "v000002489", "svc": "payment", "phase": "start", "ts": 3624000, "status": 200}
{"id": "v000002489", "svc": "payment", "phase": "end", "ts": 3624100, "status": 200}
{"id": "v000002490", "svc": "auth", "phase": "start", "ts": 3625000, "status": 200}
{"id": "v000002490", "svc": "auth", "phase": "end", "ts": 3625100, "status": 200}
{"id": "v000002491", "svc": "gateway", "phase": "start", "ts": 3626000, "status": 200}
{"id": "v000002491", "svc": "gateway", "phase": "end", "ts": 3626100, "status": 200}
{"id": "v000002492", "svc": "payment", "phase": "start", "ts": 3627000, "status": 200}
{"id": "v000002492", "svc": "payment", "phase": "end", "ts": 3627100, "status": 200}
{"id": "v000002493", "svc": "auth", "phase": "start", "ts": 3628000, "status": 200}
{"id": "v000002493", "svc": "auth", "phase": "end", "ts": 3628100, "status": 200}
{"id": "v000002494", "svc": "gateway", "phase": "start", "ts": 3629000, "status": 200}
{"id": "v000002494", "svc": "gateway", "phase": "end", "ts": 3629100, "status": 200}
{"id": "v000002495", "svc": "payment", "phase": "start", "ts": 3630000, "status": 200}
{"id": "v000002495", "svc": "payment", "phase": "end", "ts": 3630100, "status": 200}
{"id": "v000002496", "svc": "auth", "phase": "start", "ts": 3631000, "status": 200}
{"id": "v000002496", "svc": "auth", "phase": "end", "ts": 3631100, "status": 200}
   
{"id": "v000002497", "svc": "gateway", "phase": "start", "ts": 3632000, "status": 200}
{"id": "v000002497", "svc": "gateway", "phase": "end", "ts": 3632100, "status": 200}
{"id": "v000002498", "svc": "payment", "phase": "start", "ts": 3633000, "status": 200}
{"id": "v000002498", "svc": "payment", "phase": "end", "ts": 3633100, "status": 200}
{"id": "v000002499", "svc": "auth", "phase": "start", "ts": 3634000, "status": 200}
{"id": "v000002499", "svc": "auth", "phase": "end", "ts": 3634100, "status": 200}
{"id": "v000002500", "svc": "gateway", "phase": "start", "ts": 3635000, "status": 200}
{"id": "v000002500", "svc": "gateway", "phase": "end", "ts": 3635100, "status": 200}
{"id": "m", "svc": "gateway", "phase": "tick", "ts": 3636000, "status": 200}
{"id": "os000002500", "svc": "payment", "phase": "start", "ts": 3637000, "status": 200}
{"id": "v000002501", "svc": "payment", "phase": "start", "ts": 3638000, "status": 200}
{"id": "v000002501", "svc": "payment", "phase": "end", "ts": 3638100, "status": 200}
{"id": "v000002502", "svc": "auth", "phase": "start", "ts": 3639000, "status": 200}
{"id": "v000002502", "svc": "auth", "phase": "end", "ts": 3639100, "status": 200}
{"id": "v000002503", "svc": "gateway", "phase": "start", "ts": 3640000, "status": 200}
{"id": "v000002503", "svc": "gateway", "phase": "end", "ts": 3640100, "status": 200}
{"id": "v000002504", "svc": "payment", "phase": "start", "ts": 3641000, "status": 200}
{"id": "v000002504", "svc": "payment", "phase": "end", "ts": 3641100, "status": 200}
{"id": "v000002505", "svc": "auth", "phase": "start", "ts": 3642000, "status": 200}
{"id": "v000002505", "svc": "auth", "phase": "end", "ts": 3642100, "status": 200}
{"id": "v000002506", "svc": "gateway", "phase": "start", "ts": 3643000, "status": 200}
{"id": "v000002506", "svc": "gateway", "phase": "end", "ts": 3643100, "status": 200}
{"id": "v000002507", "svc": "payment", "phase": "start", "ts": 3644000, "status": 200}
{"id": "v000002507", "svc": "payment", "phase": "end", "ts": 3644100, "status": 200}
{"id": "v000002508", "svc": "auth", "phase": "start", "ts": 3645000, "status": 200}
{"id": "v000002508", "svc": "auth", "phase": "end", "ts": 3645100, "status": 200}
   
{"id": "v000002509", "svc": "gateway", "phase": "start", "ts": 3646000, "status": 200}
{"id": "v000002509", "svc": "gateway", "phase": "end", "ts": 3646100, "status": 200}
{"id": "v000002510", "svc": "payment", "phase": "start", "ts": 3647000, "status": 200}
{"id": "v000002510", "svc": "payment", "phase": "end", "ts": 3647100, "status": 200}
{"id": "v000002511", "svc": "auth", "phase": "start", "ts": 3648000, "status": 200}
{"id": "v000002511", "svc": "auth", "phase": "end", "ts": 3648100, "status": 200}
{"id": "v000002512", "svc": "gateway", "phase": "start", "ts": 3649000, "status": 200}
{"id": "v000002512", "svc": "gateway", "phase": "end", "ts": 3649100, "status": 200}
{"id": "v000002513", "svc": "payment", "phase": "start", "ts": 3650000, "status": 200}
{"id": "v000002513", "svc": "payment", "phase": "end", "ts": 3650100, "status": 200}
{"id": "v000002514", "svc": "auth", "phase": "start", "ts": 3651000, "status": 200}
{"id": "v000002514", "svc": "auth", "phase": "end", "ts": 3651100, "status": 200}
{"id": "v000002515", "svc": "gateway", "phase": "start", "ts": 3652000, "status": 200}
{"id": "v000002515", "svc": "gateway", "phase": "end", "ts": 3652100, "status": 200}
{"id": "v000002516", "svc": "payment", "phase": "start", "ts": 3653000, "status": 200}
{"id": "v000002516", "svc": "payment", "phase": "end", "ts": 3653100, "status": 200}
{"id": "v000002517", "svc": "auth", "phase": "start", "ts": 3654000, "status": 200}
{"id": "v000002517", "svc": "auth", "phase": "end", "ts": 3654100, "status": 200}
{"id": "v000002518", "svc": "gateway", "phase": "start", "ts": 3655000, "status": 200}
{"id": "v000002518", "svc": "gateway", "phase": "end", "ts": 3655100, "status": 200}
{"id": "v000002519", "svc": "payment", "phase": "start", "ts": 3656000, "status": 200}
{"id": "v000002519", "svc": "payment", "phase": "end", "ts": 3656100, "status": 200}
{"id": "v000002520", "svc": "auth", "phase": "start", "ts": 3657000, "status": 200}
{"id": "v000002520", "svc": "auth", "phase": "end", "ts": 3657100, "status": 200}
   
this is not json at all }{
{"id": "v000002521", "svc": "gateway", "phase": "start", "ts": 3659000, "status": 200}
{"id": "v000002521", "svc": "gateway", "phase": "end", "ts": 3659100, "status": 200}
{"id": "v000002522", "svc": "payment", "phase": "start", "ts": 3660000, "status": 200}
{"id": "v000002522", "svc": "payment", "phase": "end", "ts": 3660100, "status": 200}
{"id": "v000002523", "svc": "auth", "phase": "start", "ts": 3661000, "status": 200}
{"id": "v000002523", "svc": "auth", "phase": "end", "ts": 3661100, "status": 200}
{"id": "v000002524", "svc": "gateway", "phase": "start", "ts": 3662000, "status": 200}
{"id": "v000002524", "svc": "gateway", "phase": "end", "ts": 3662100, "status": 200}
{"id": "v000002525", "svc": "payment", "phase": "start", "ts": 3663000, "status": 200}
{"id": "v000002525", "svc": "payment", "phase": "end", "ts": 3663100, "status": 200}
{"id": "v000002526", "svc": "auth", "phase": "start", "ts": 3664000, "status": 200}
{"id": "v000002526", "svc": "auth", "phase": "end", "ts": 3664100, "status": 200}
{"id": "v000002527", "svc": "gateway", "phase": "start", "ts": 3665000, "status": 200}
{"id": "v000002527", "svc": "gateway", "phase": "end", "ts": 3665100, "status": 200}
{"id": "v000002528", "svc": "payment", "phase": "start", "ts": 3666000, "status": 200}
{"id": "v000002528", "svc": "payment", "phase": "end", "ts": 3666100, "status": 200}
{"id": "v000002529", "svc": "auth", "phase": "start", "ts": 3667000, "status": 200}
{"id": "v000002529", "svc": "auth", "phase": "end", "ts": 3667100, "status": 200}
{"id": "v000002530", "svc": "gateway", "phase": "start", "ts": 3668000, "status": 200}
{"id": "v000002530", "svc": "gateway", "phase": "end", "ts": 3668100, "status": 200}
{"id": "v000002531", "svc": "payment", "phase": "start", "ts": 3669000, "status": 200}
{"id": "v000002531", "svc": "payment", "phase": "end", "ts": 3669100, "status": 200}
{"id": "v000002532", "svc": "auth", "phase": "start", "ts": 3670000, "status": 200}
{"id": "v000002532", "svc": "auth", "phase": "end", "ts": 3670100, "status": 200}
   
{"id": "v000002533", "svc": "gateway", "phase": "start", "ts": 3671000, "status": 200}
{"id": "v000002533", "svc": "gateway", "phase": "end", "ts": 3671100, "status": 200}
{"id": "v000002534", "svc": "payment", "phase": "start", "ts": 3672000, "status": 200}
{"id": "v000002534", "svc": "payment", "phase": "end", "ts": 3672100, "status": 200}
{"id": "v000002535", "svc": "auth", "phase": "start", "ts": 3673000, "status": 200}
{"id": "v000002535", "svc": "auth", "phase": "end", "ts": 3673100, "status": 200}
{"id": "v000002536", "svc": "gateway", "phase": "start", "ts": 3674000, "status": 200}
{"id": "v000002536", "svc": "gateway", "phase": "end", "ts": 3674100, "status": 200}
{"id": "v000002537", "svc": "payment", "phase": "start", "ts": 3675000, "status": 200}
{"id": "v000002537", "svc": "payment", "phase": "end", "ts": 3675100, "status": 200}
{"id": "v000002538", "svc": "auth", "phase": "start", "ts": 3676000, "status": 200}
{"id": "v000002538", "svc": "auth", "phase": "end", "ts": 3676100, "status": 200}
{"id": "v000002539", "svc": "gateway", "phase": "start", "ts": 3677000, "status": 200}
{"id": "v000002539", "svc": "gateway", "phase": "end", "ts": 3677100, "status": 200}
{"id": "v000002540", "svc": "payment", "phase": "start", "ts": 3678000, "status": 200}
{"id": "v000002540", "svc": "payment", "phase": "end", "ts": 3678100, "status": 200}
{"id": "m", "svc": "auth", "phase": "start", "ts": 3679000, "status": 200, "trace": "x"}
{"id": "v000002541", "svc": "auth", "phase": "start", "ts": 3680000, "status": 200}
{"id": "v000002541", "svc": "auth", "phase": "end", "ts": 3680100, "status": 200}
{"id": "v000002542", "svc": "gateway", "phase": "start", "ts": 3681000, "status": 200}
{"id": "v000002542", "svc": "gateway", "phase": "end", "ts": 3681100, "status": 200}
{"id": "v000002543", "svc": "payment", "phase": "start", "ts": 3682000, "status": 200}
{"id": "v000002543", "svc": "payment", "phase": "end", "ts": 3682100, "status": 200}
{"id": "v000002544", "svc": "auth", "phase": "start", "ts": 3683000, "status": 200}
{"id": "v000002544", "svc": "auth", "phase": "end", "ts": 3683100, "status": 200}
   
{"id": "v000002545", "svc": "gateway", "phase": "start", "ts": 3684000, "status": 200}
{"id": "v000002545", "svc": "gateway", "phase": "end", "ts": 3684100, "status": 200}
{"id": "v000002546", "svc": "payment", "phase": "start", "ts": 3685000, "status": 200}
{"id": "v000002546", "svc": "payment", "phase": "end", "ts": 3685100, "status": 200}
{"id": "v000002547", "svc": "auth", "phase": "start", "ts": 3686000, "status": 200}
{"id": "v000002547", "svc": "auth", "phase": "end", "ts": 3686100, "status": 200}
{"id": "v000002548", "svc": "gateway", "phase": "start", "ts": 3687000, "status": 200}
{"id": "v000002548", "svc": "gateway", "phase": "end", "ts": 3687100, "status": 200}
{"id": "v000002549", "svc": "payment", "phase": "start", "ts": 3688000, "status": 200}
{"id": "v000002549", "svc": "payment", "phase": "end", "ts": 3688100, "status": 200}
{"id": "v000002550", "svc": "auth", "phase": "start", "ts": 3689000, "status": 200}
{"id": "v000002550", "svc": "auth", "phase": "end", "ts": 3689100, "status": 200}
{"id": "v000002551", "svc": "gateway", "phase": "start", "ts": 3690000, "status": 200}
{"id": "v000002551", "svc": "gateway", "phase": "end", "ts": 3690100, "status": 200}
{"id": "v000002552", "svc": "payment", "phase": "start", "ts": 3691000, "status": 200}
{"id": "v000002552", "svc": "payment", "phase": "end", "ts": 3691100, "status": 200}
{"id": "v000002553", "svc": "auth", "phase": "start", "ts": 3692000, "status": 200}
{"id": "v000002553", "svc": "auth", "phase": "end", "ts": 3692100, "status": 200}
{"id": "v000002554", "svc": "gateway", "phase": "start", "ts": 3693000, "status": 200}
{"id": "v000002554", "svc": "gateway", "phase": "end", "ts": 3693100, "status": 200}
{"id": "v000002555", "svc": "payment", "phase": "start", "ts": 3694000, "status": 200}
{"id": "v000002555", "svc": "payment", "phase": "end", "ts": 3694100, "status": 200}
{"id": "v000002556", "svc": "auth", "phase": "start", "ts": 3695000, "status": 200}
{"id": "v000002556", "svc": "auth", "phase": "end", "ts": 3695100, "status": 200}
   
{"id": "v000002557", "svc": "gateway", "phase": "start", "ts": 3696000, "status": 200}
{"id": "v000002557", "svc": "gateway", "phase": "end", "ts": 3696100, "status": 200}
{"id": "v000002558", "svc": "payment", "phase": "start", "ts": 3697000, "status": 200}
{"id": "v000002558", "svc": "payment", "phase": "end", "ts": 3697100, "status": 200}
{"id": "v000002559", "svc": "auth", "phase": "start", "ts": 3698000, "status": 200}
{"id": "v000002559", "svc": "auth", "phase": "end", "ts": 3698100, "status": 200}
{"id": "v000002560", "svc": "gateway", "phase": "start", "ts": 3699000, "status": 200}
{"id": "v000002560", "svc": "gateway", "phase": "end", "ts": 3699100, "status": 200}
{"id": "m", "svc": "payment", "phase": "start", "ts": true, "status": 200}
{"id": "v000002561", "svc": "payment", "phase": "start", "ts": 3701000, "status": 200}
{"id": "v000002561", "svc": "payment", "phase": "end", "ts": 3701100, "status": 200}
{"id": "v000002562", "svc": "auth", "phase": "start", "ts": 3702000, "status": 200}
{"id": "v000002562", "svc": "auth", "phase": "end", "ts": 3702100, "status": 200}
{"id": "v000002563", "svc": "gateway", "phase": "start", "ts": 3703000, "status": 200}
{"id": "v000002563", "svc": "gateway", "phase": "end", "ts": 3703100, "status": 200}
{"id": "v000002564", "svc": "payment", "phase": "start", "ts": 3704000, "status": 200}
{"id": "v000002564", "svc": "payment", "phase": "end", "ts": 3704100, "status": 200}
{"id": "v000002565", "svc": "auth", "phase": "start", "ts": 3705000, "status": 200}
{"id": "v000002565", "svc": "auth", "phase": "end", "ts": 3705100, "status": 200}
{"id": "v000002566", "svc": "gateway", "phase": "start", "ts": 3706000, "status": 200}
{"id": "v000002566", "svc": "gateway", "phase": "end", "ts": 3706100, "status": 200}
{"id": "v000002567", "svc": "payment", "phase": "start", "ts": 3707000, "status": 200}
{"id": "v000002567", "svc": "payment", "phase": "end", "ts": 3707100, "status": 200}
{"id": "v000002568", "svc": "auth", "phase": "start", "ts": 3708000, "status": 200}
{"id": "v000002568", "svc": "auth", "phase": "end", "ts": 3708100, "status": 200}
   
{"id": "v000002569", "svc": "gateway", "phase": "start", "ts": 3709000, "status": 200}
{"id": "v000002569", "svc": "gateway", "phase": "end", "ts": 3709100, "status": 200}
{"id": "v000002570", "svc": "payment", "phase": "start", "ts": 3710000, "status": 200}
{"id": "v000002570", "svc": "payment", "phase": "end", "ts": 3710100, "status": 200}
{"id": "v000002571", "svc": "auth", "phase": "start", "ts": 3711000, "status": 200}
{"id": "v000002571", "svc": "auth", "phase": "end", "ts": 3711100, "status": 200}
{"id": "v000002572", "svc": "gateway", "phase": "start", "ts": 3712000, "status": 200}
{"id": "v000002572", "svc": "gateway", "phase": "end", "ts": 3712100, "status": 200}
{"id": "v000002573", "svc": "payment", "phase": "start", "ts": 3713000, "status": 200}
{"id": "v000002573", "svc": "payment", "phase": "end", "ts": 3713100, "status": 200}
{"id": "v000002574", "svc": "auth", "phase": "start", "ts": 3714000, "status": 200}
{"id": "v000002574", "svc": "auth", "phase": "end", "ts": 3714100, "status": 200}
{"id": "v000002575", "svc": "gateway", "phase": "start", "ts": 3715000, "status": 200}
{"id": "v000002575", "svc": "gateway", "phase": "end", "ts": 3715100, "status": 200}
{"id": "v000002576", "svc": "payment", "phase": "start", "ts": 3716000, "status": 200}
{"id": "v000002576", "svc": "payment", "phase": "end", "ts": 3716100, "status": 200}
{"id": "v000002577", "svc": "auth", "phase": "start", "ts": 3717000, "status": 200}
{"id": "v000002577", "svc": "auth", "phase": "end", "ts": 3717100, "status": 200}
{"id": "v000002578", "svc": "gateway", "phase": "start", "ts": 3718000, "status": 200}
{"id": "v000002578", "svc": "gateway", "phase": "end", "ts": 3718100, "status": 200}
{"id": "v000002579", "svc": "payment", "phase": "start", "ts": 3719000, "status": 200}
{"id": "v000002579", "svc": "payment", "phase": "end", "ts": 3719100, "status": 200}
{"id": "v000002580", "svc": "auth", "phase": "start", "ts": 3720000, "status": 200}
{"id": "v000002580", "svc": "auth", "phase": "end", "ts": 3720100, "status": 200}
   
{"id": "m", "svc": "billing", "phase": "start", "ts": 3721000, "status": 200}
{"id": "v000002581", "svc": "gateway", "phase": "start", "ts": 3722000, "status": 200}
{"id": "v000002581", "svc": "gateway", "phase": "end", "ts": 3722100, "status": 200}
{"id": "v000002582", "svc": "payment", "phase": "start", "ts": 3723000, "status": 200}
{"id": "v000002582", "svc": "payment", "phase": "end", "ts": 3723100, "status": 200}
{"id": "v000002583", "svc": "auth", "phase": "start", "ts": 3724000, "status": 200}
{"id": "v000002583", "svc": "auth", "phase": "end", "ts": 3724100, "status": 200}
{"id": "v000002584", "svc": "gateway", "phase": "start", "ts": 3725000, "status": 200}
{"id": "v000002584", "svc": "gateway", "phase": "end", "ts": 3725100, "status": 200}
{"id": "v000002585", "svc": "payment", "phase": "start", "ts": 3726000, "status": 200}
{"id": "v000002585", "svc": "payment", "phase": "end", "ts": 3726100, "status": 200}
{"id": "v000002586", "svc": "auth", "phase": "start", "ts": 3727000, "status": 200}
{"id": "v000002586", "svc": "auth", "phase": "end", "ts": 3727100, "status": 200}
{"id": "v000002587", "svc": "gateway", "phase": "start", "ts": 3728000, "status": 200}
{"id": "v000002587", "svc": "gateway", "phase": "end", "ts": 3728100, "status": 200}
{"id": "v000002588", "svc": "payment", "phase": "start", "ts": 3729000, "status": 200}
{"id": "v000002588", "svc": "payment", "phase": "end", "ts": 3729100, "status": 200}
{"id": "v000002589", "svc": "auth", "phase": "start", "ts": 3730000, "status": 200}
{"id": "v000002589", "svc": "auth", "phase": "end", "ts": 3730100, "status": 200}
{"id": "v000002590", "svc": "gateway", "phase": "start", "ts": 3731000, "status": 200}
{"id": "v000002590", "svc": "gateway", "phase": "end", "ts": 3731100, "status": 200}
{"id": "v000002591", "svc": "payment", "phase": "start", "ts": 3732000, "status": 200}
{"id": "v000002591", "svc": "payment", "phase": "end", "ts": 3732100, "status": 200}
{"id": "v000002592", "svc": "auth", "phase": "start", "ts": 3733000, "status": 200}
{"id": "v000002592", "svc": "auth", "phase": "end", "ts": 3733100, "status": 200}
   
{"id": "v000002593", "svc": "gateway", "phase": "start", "ts": 3734000, "status": 200}
{"id": "v000002593", "svc": "gateway", "phase": "end", "ts": 3734100, "status": 200}
{"id": "v000002594", "svc": "payment", "phase": "start", "ts": 3735000, "status": 200}
{"id": "v000002594", "svc": "payment", "phase": "end", "ts": 3735100, "status": 200}
{"id": "v000002595", "svc": "auth", "phase": "start", "ts": 3736000, "status": 200}
{"id": "v000002595", "svc": "auth", "phase": "end", "ts": 3736100, "status": 200}
{"id": "v000002596", "svc": "gateway", "phase": "start", "ts": 3737000, "status": 200}
{"id": "v000002596", "svc": "gateway", "phase": "end", "ts": 3737100, "status": 200}
{"id": "v000002597", "svc": "payment", "phase": "start", "ts": 3738000, "status": 200}
{"id": "v000002597", "svc": "payment", "phase": "end", "ts": 3738100, "status": 200}
{"id": "v000002598", "svc": "auth", "phase": "start", "ts": 3739000, "status": 200}
{"id": "v000002598", "svc": "auth", "phase": "end", "ts": 3739100, "status": 200}
{"id": "v000002599", "svc": "gateway", "phase": "start", "ts": 3740000, "status": 200}
{"id": "v000002599", "svc": "gateway", "phase": "end", "ts": 3740100, "status": 200}
{"id": "v000002600", "svc": "payment", "phase": "start", "ts": 3741000, "status": 200}
{"id": "v000002600", "svc": "payment", "phase": "end", "ts": 3741100, "status": 200}
{"id": "m", "svc": "payment", "phase": "end", "ts": 3742000, "status": true}
{"id": "v000002601", "svc": "auth", "phase": "start", "ts": 3743000, "status": 200}
{"id": "v000002601", "svc": "auth", "phase": "end", "ts": 3743100, "status": 200}
{"id": "v000002602", "svc": "gateway", "phase": "start", "ts": 3744000, "status": 200}
{"id": "v000002602", "svc": "gateway", "phase": "end", "ts": 3744100, "status": 200}
{"id": "v000002603", "svc": "payment", "phase": "start", "ts": 3745000, "status": 200}
{"id": "v000002603", "svc": "payment", "phase": "end", "ts": 3745100, "status": 200}
{"id": "v000002604", "svc": "auth", "phase": "start", "ts": 3746000, "status": 200}
{"id": "v000002604", "svc": "auth", "phase": "end", "ts": 3746100, "status": 200}
   
{"id": "v000002605", "svc": "gateway", "phase": "start", "ts": 3747000, "status": 200}
{"id": "v000002605", "svc": "gateway", "phase": "end", "ts": 3747100, "status": 200}
{"id": "v000002606", "svc": "payment", "phase": "start", "ts": 3748000, "status": 200}
{"id": "v000002606", "svc": "payment", "phase": "end", "ts": 3748100, "status": 200}
{"id": "v000002607", "svc": "auth", "phase": "start", "ts": 3749000, "status": 200}
{"id": "v000002607", "svc": "auth", "phase": "end", "ts": 3749100, "status": 200}
{"id": "v000002608", "svc": "gateway", "phase": "start", "ts": 3750000, "status": 200}
{"id": "v000002608", "svc": "gateway", "phase": "end", "ts": 3750100, "status": 200}
{"id": "v000002609", "svc": "payment", "phase": "start", "ts": 3751000, "status": 200}
{"id": "v000002609", "svc": "payment", "phase": "end", "ts": 3751100, "status": 200}
{"id": "v000002610", "svc": "auth", "phase": "start", "ts": 3752000, "status": 200}
{"id": "v000002610", "svc": "auth", "phase": "end", "ts": 3752100, "status": 200}
{"id": "v000002611", "svc": "gateway", "phase": "start", "ts": 3753000, "status": 200}
{"id": "v000002611", "svc": "gateway", "phase": "end", "ts": 3753100, "status": 200}
{"id": "v000002612", "svc": "payment", "phase": "start", "ts": 3754000, "status": 200}
{"id": "v000002612", "svc": "payment", "phase": "end", "ts": 3754100, "status": 200}
{"id": "v000002613", "svc": "auth", "phase": "start", "ts": 3755000, "status": 200}
{"id": "v000002613", "svc": "auth", "phase": "end", "ts": 3755100, "status": 200}
{"id": "v000002614", "svc": "gateway", "phase": "start", "ts": 3756000, "status": 200}
{"id": "v000002614", "svc": "gateway", "phase": "end", "ts": 3756100, "status": 200}
{"id": "v000002615", "svc": "payment", "phase": "start", "ts": 3757000, "status": 200}
{"id": "v000002615", "svc": "payment", "phase": "end", "ts": 3757100, "status": 200}
{"id": "v000002616", "svc": "auth", "phase": "start", "ts": 3758000, "status": 200}
{"id": "v000002616", "svc": "auth", "phase": "end", "ts": 3758100, "status": 200}
   
{"id": "v000002617", "svc": "gateway", "phase": "start", "ts": 3759000, "status": 200}
{"id": "v000002617", "svc": "gateway", "phase": "end", "ts": 3759100, "status": 200}
{"id": "v000002618", "svc": "payment", "phase": "start", "ts": 3760000, "status": 200}
{"id": "v000002618", "svc": "payment", "phase": "end", "ts": 3760100, "status": 200}
{"id": "v000002619", "svc": "auth", "phase": "start", "ts": 3761000, "status": 200}
{"id": "v000002619", "svc": "auth", "phase": "end", "ts": 3761100, "status": 200}
{"id": "v000002620", "svc": "gateway", "phase": "start", "ts": 3762000, "status": 200}
{"id": "v000002620", "svc": "gateway", "phase": "end", "ts": 3762100, "status": 200}
{"id": "m", "svc": "auth", "phase": "start", "ts": 3763000}
{"id": "v000002621", "svc": "payment", "phase": "start", "ts": 3764000, "status": 200}
{"id": "v000002621", "svc": "payment", "phase": "end", "ts": 3764100, "status": 200}
{"id": "v000002622", "svc": "auth", "phase": "start", "ts": 3765000, "status": 200}
{"id": "v000002622", "svc": "auth", "phase": "end", "ts": 3765100, "status": 200}
{"id": "v000002623", "svc": "gateway", "phase": "start", "ts": 3766000, "status": 200}
{"id": "v000002623", "svc": "gateway", "phase": "end", "ts": 3766100, "status": 200}
{"id": "v000002624", "svc": "payment", "phase": "start", "ts": 3767000, "status": 200}
{"id": "v000002624", "svc": "payment", "phase": "end", "ts": 3767100, "status": 200}
{"id": "v000002625", "svc": "auth", "phase": "start", "ts": 3768000, "status": 200}
{"id": "v000002625", "svc": "auth", "phase": "end", "ts": 3768100, "status": 200}
{"id": "v000002626", "svc": "gateway", "phase": "start", "ts": 3769000, "status": 200}
{"id": "v000002626", "svc": "gateway", "phase": "end", "ts": 3769100, "status": 200}
{"id": "v000002627", "svc": "payment", "phase": "start", "ts": 3770000, "status": 200}
{"id": "v000002627", "svc": "payment", "phase": "end", "ts": 3770100, "status": 200}
{"id": "v000002628", "svc": "auth", "phase": "start", "ts": 3771000, "status": 200}
{"id": "v000002628", "svc": "auth", "phase": "end", "ts": 3771100, "status": 200}
   
{"id": "v000002629", "svc": "gateway", "phase": "start", "ts": 3772000, "status": 200}
{"id": "v000002629", "svc": "gateway", "phase": "end", "ts": 3772100, "status": 200}
{"id": "v000002630", "svc": "payment", "phase": "start", "ts": 3773000, "status": 200}
{"id": "v000002630", "svc": "payment", "phase": "end", "ts": 3773100, "status": 200}
{"id": "v000002631", "svc": "auth", "phase": "start", "ts": 3774000, "status": 200}
{"id": "v000002631", "svc": "auth", "phase": "end", "ts": 3774100, "status": 200}
{"id": "v000002632", "svc": "gateway", "phase": "start", "ts": 3775000, "status": 200}
{"id": "v000002632", "svc": "gateway", "phase": "end", "ts": 3775100, "status": 200}
{"id": "v000002633", "svc": "payment", "phase": "start", "ts": 3776000, "status": 200}
{"id": "v000002633", "svc": "payment", "phase": "end", "ts": 3776100, "status": 200}
{"id": "v000002634", "svc": "auth", "phase": "start", "ts": 3777000, "status": 200}
{"id": "v000002634", "svc": "auth", "phase": "end", "ts": 3777100, "status": 200}
{"id": "v000002635", "svc": "gateway", "phase": "start", "ts": 3778000, "status": 200}
{"id": "v000002635", "svc": "gateway", "phase": "end", "ts": 3778100, "status": 200}
{"id": "v000002636", "svc": "payment", "phase": "start", "ts": 3779000, "status": 200}
{"id": "v000002636", "svc": "payment", "phase": "end", "ts": 3779100, "status": 200}
{"id": "v000002637", "svc": "auth", "phase": "start", "ts": 3780000, "status": 200}
{"id": "v000002637", "svc": "auth", "phase": "end", "ts": 3780100, "status": 200}
{"id": "v000002638", "svc": "gateway", "phase": "start", "ts": 3781000, "status": 200}
{"id": "v000002638", "svc": "gateway", "phase": "end", "ts": 3781100, "status": 200}
{"id": "v000002639", "svc": "payment", "phase": "start", "ts": 3782000, "status": 200}
{"id": "v000002639", "svc": "payment", "phase": "end", "ts": 3782100, "status": 200}
{"id": "v000002640", "svc": "auth", "phase": "start", "ts": 3783000, "status": 200}
{"id": "v000002640", "svc": "auth", "phase": "end", "ts": 3783100, "status": 200}
   
{"id": "m", "svc": "gateway", "phase": "end", "ts": 3784000, "status": 200.0}
{"id": "v000002641", "svc": "gateway", "phase": "start", "ts": 3785000, "status": 200}
{"id": "v000002641", "svc": "gateway", "phase": "end", "ts": 3785100, "status": 200}
{"id": "v000002642", "svc": "payment", "phase": "start", "ts": 3786000, "status": 200}
{"id": "v000002642", "svc": "payment", "phase": "end", "ts": 3786100, "status": 200}
{"id": "v000002643", "svc": "auth", "phase": "start", "ts": 3787000, "status": 200}
{"id": "v000002643", "svc": "auth", "phase": "end", "ts": 3787100, "status": 200}
{"id": "v000002644", "svc": "gateway", "phase": "start", "ts": 3788000, "status": 200}
{"id": "v000002644", "svc": "gateway", "phase": "end", "ts": 3788100, "status": 200}
{"id": "v000002645", "svc": "payment", "phase": "start", "ts": 3789000, "status": 200}
{"id": "v000002645", "svc": "payment", "phase": "end", "ts": 3789100, "status": 200}
{"id": "v000002646", "svc": "auth", "phase": "start", "ts": 3790000, "status": 200}
{"id": "v000002646", "svc": "auth", "phase": "end", "ts": 3790100, "status": 200}
{"id": "v000002647", "svc": "gateway", "phase": "start", "ts": 3791000, "status": 200}
{"id": "v000002647", "svc": "gateway", "phase": "end", "ts": 3791100, "status": 200}
{"id": "v000002648", "svc": "payment", "phase": "start", "ts": 3792000, "status": 200}
{"id": "v000002648", "svc": "payment", "phase": "end", "ts": 3792100, "status": 200}
{"id": "v000002649", "svc": "auth", "phase": "start", "ts": 3793000, "status": 200}
{"id": "v000002649", "svc": "auth", "phase": "end", "ts": 3793100, "status": 200}
{"id": "v000002650", "svc": "gateway", "phase": "start", "ts": 3794000, "status": 200}
{"id": "v000002650", "svc": "gateway", "phase": "end", "ts": 3794100, "status": 200}
{"id": "v000002651", "svc": "payment", "phase": "start", "ts": 3795000, "status": 200}
{"id": "v000002651", "svc": "payment", "phase": "end", "ts": 3795100, "status": 200}
{"id": "v000002652", "svc": "auth", "phase": "start", "ts": 3796000, "status": 200}
{"id": "v000002652", "svc": "auth", "phase": "end", "ts": 3796100, "status": 200}
   
{"id": "v000002653", "svc": "gateway", "phase": "start", "ts": 3797000, "status": 200}
{"id": "v000002653", "svc": "gateway", "phase": "end", "ts": 3797100, "status": 200}
{"id": "v000002654", "svc": "payment", "phase": "start", "ts": 3798000, "status": 200}
{"id": "v000002654", "svc": "payment", "phase": "end", "ts": 3798100, "status": 200}
{"id": "v000002655", "svc": "auth", "phase": "start", "ts": 3799000, "status": 200}
{"id": "v000002655", "svc": "auth", "phase": "end", "ts": 3799100, "status": 200}
{"id": "v000002656", "svc": "gateway", "phase": "start", "ts": 3800000, "status": 200}
{"id": "v000002656", "svc": "gateway", "phase": "end", "ts": 3800100, "status": 200}
{"id": "v000002657", "svc": "payment", "phase": "start", "ts": 3801000, "status": 200}
{"id": "v000002657", "svc": "payment", "phase": "end", "ts": 3801100, "status": 200}
{"id": "v000002658", "svc": "auth", "phase": "start", "ts": 3802000, "status": 200}
{"id": "v000002658", "svc": "auth", "phase": "end", "ts": 3802100, "status": 200}
{"id": "v000002659", "svc": "gateway", "phase": "start", "ts": 3803000, "status": 200}
{"id": "v000002659", "svc": "gateway", "phase": "end", "ts": 3803100, "status": 200}
{"id": "v000002660", "svc": "payment", "phase": "start", "ts": 3804000, "status": 200}
{"id": "v000002660", "svc": "payment", "phase": "end", "ts": 3804100, "status": 200}
{"id": "m", "svc": "auth", "phase": "end", "ts": 3805000, "status": 99}
{"id": "v000002661", "svc": "auth", "phase": "start", "ts": 3806000, "status": 200}
{"id": "v000002661", "svc": "auth", "phase": "end", "ts": 3806100, "status": 200}
{"id": "v000002662", "svc": "gateway", "phase": "start", "ts": 3807000, "status": 200}
{"id": "v000002662", "svc": "gateway", "phase": "end", "ts": 3807100, "status": 200}
{"id": "v000002663", "svc": "payment", "phase": "start", "ts": 3808000, "status": 200}
{"id": "v000002663", "svc": "payment", "phase": "end", "ts": 3808100, "status": 200}
{"id": "v000002664", "svc": "auth", "phase": "start", "ts": 3809000, "status": 200}
{"id": "v000002664", "svc": "auth", "phase": "end", "ts": 3809100, "status": 200}
   
{"id": "v000002665", "svc": "gateway", "phase": "start", "ts": 3810000, "status": 200}
{"id": "v000002665", "svc": "gateway", "phase": "end", "ts": 3810100, "status": 200}
{"id": "v000002666", "svc": "payment", "phase": "start", "ts": 3811000, "status": 200}
{"id": "v000002666", "svc": "payment", "phase": "end", "ts": 3811100, "status": 200}
{"id": "v000002667", "svc": "auth", "phase": "start", "ts": 3812000, "status": 200}
{"id": "v000002667", "svc": "auth", "phase": "end", "ts": 3812100, "status": 200}
{"id": "v000002668", "svc": "gateway", "phase": "start", "ts": 3813000, "status": 200}
{"id": "v000002668", "svc": "gateway", "phase": "end", "ts": 3813100, "status": 200}
{"id": "v000002669", "svc": "payment", "phase": "start", "ts": 3814000, "status": 200}
{"id": "v000002669", "svc": "payment", "phase": "end", "ts": 3814100, "status": 200}
{"id": "v000002670", "svc": "auth", "phase": "start", "ts": 3815000, "status": 200}
{"id": "v000002670", "svc": "auth", "phase": "end", "ts": 3815100, "status": 200}
{"id": "v000002671", "svc": "gateway", "phase": "start", "ts": 3816000, "status": 200}
{"id": "v000002671", "svc": "gateway", "phase": "end", "ts": 3816100, "status": 200}
{"id": "v000002672", "svc": "payment", "phase": "start", "ts": 3817000, "status": 200}
{"id": "v000002672", "svc": "payment", "phase": "end", "ts": 3817100, "status": 200}
{"id": "v000002673", "svc": "auth", "phase": "start", "ts": 3818000, "status": 200}
{"id": "v000002673", "svc": "auth", "phase": "end", "ts": 3818100, "status": 200}
{"id": "v000002674", "svc": "gateway", "phase": "start", "ts": 3819000, "status": 200}
{"id": "v000002674", "svc": "gateway", "phase": "end", "ts": 3819100, "status": 200}
{"id": "v000002675", "svc": "payment", "phase": "start", "ts": 3820000, "status": 200}
{"id": "v000002675", "svc": "payment", "phase": "end", "ts": 3820100, "status": 200}
{"id": "v000002676", "svc": "auth", "phase": "start", "ts": 3821000, "status": 200}
{"id": "v000002676", "svc": "auth", "phase": "end", "ts": 3821100, "status": 200}
   
{"id": "v000002677", "svc": "gateway", "phase": "start", "ts": 3822000, "status": 200}
{"id": "v000002677", "svc": "gateway", "phase": "end", "ts": 3822100, "status": 200}
{"id": "v000002678", "svc": "payment", "phase": "start", "ts": 3823000, "status": 200}
{"id": "v000002678", "svc": "payment", "phase": "end", "ts": 3823100, "status": 200}
{"id": "v000002679", "svc": "auth", "phase": "start", "ts": 3824000, "status": 200}
{"id": "v000002679", "svc": "auth", "phase": "end", "ts": 3824100, "status": 200}
{"id": "v000002680", "svc": "gateway", "phase": "start", "ts": 3825000, "status": 200}
{"id": "v000002680", "svc": "gateway", "phase": "end", "ts": 3825100, "status": 200}
{"id": "m", "svc": "gateway", "phase": "tick", "ts": 3826000, "status": 200}
{"id": "v000002681", "svc": "payment", "phase": "start", "ts": 3827000, "status": 200}
{"id": "v000002681", "svc": "payment", "phase": "end", "ts": 3827100, "status": 200}
{"id": "v000002682", "svc": "auth", "phase": "start", "ts": 3828000, "status": 200}
{"id": "v000002682", "svc": "auth", "phase": "end", "ts": 3828100, "status": 200}
{"id": "v000002683", "svc": "gateway", "phase": "start", "ts": 3829000, "status": 200}
{"id": "v000002683", "svc": "gateway", "phase": "end", "ts": 3829100, "status": 200}
{"id": "v000002684", "svc": "payment", "phase": "start", "ts": 3830000, "status": 200}
{"id": "v000002684", "svc": "payment", "phase": "end", "ts": 3830100, "status": 200}
{"id": "v000002685", "svc": "auth", "phase": "start", "ts": 3831000, "status": 200}
{"id": "v000002685", "svc": "auth", "phase": "end", "ts": 3831100, "status": 200}
{"id": "v000002686", "svc": "gateway", "phase": "start", "ts": 3832000, "status": 200}
{"id": "v000002686", "svc": "gateway", "phase": "end", "ts": 3832100, "status": 200}
{"id": "v000002687", "svc": "payment", "phase": "start", "ts": 3833000, "status": 200}
{"id": "v000002687", "svc": "payment", "phase": "end", "ts": 3833100, "status": 200}
{"id": "v000002688", "svc": "auth", "phase": "start", "ts": 3834000, "status": 200}
{"id": "v000002688", "svc": "auth", "phase": "end", "ts": 3834100, "status": 200}
   
{"id": "v000002689", "svc": "gateway", "phase": "start", "ts": 3835000, "status": 200}
{"id": "v000002689", "svc": "gateway", "phase": "end", "ts": 3835100, "status": 200}
{"id": "v000002690", "svc": "payment", "phase": "start", "ts": 3836000, "status": 200}
{"id": "v000002690", "svc": "payment", "phase": "end", "ts": 3836100, "status": 200}
{"id": "v000002691", "svc": "auth", "phase": "start", "ts": 3837000, "status": 200}
{"id": "v000002691", "svc": "auth", "phase": "end", "ts": 3837100, "status": 200}
{"id": "v000002692", "svc": "gateway", "phase": "start", "ts": 3838000, "status": 200}
{"id": "v000002692", "svc": "gateway", "phase": "end", "ts": 3838100, "status": 200}
{"id": "v000002693", "svc": "payment", "phase": "start", "ts": 3839000, "status": 200}
{"id": "v000002693", "svc": "payment", "phase": "end", "ts": 3839100, "status": 200}
{"id": "v000002694", "svc": "auth", "phase": "start", "ts": 3840000, "status": 200}
{"id": "v000002694", "svc": "auth", "phase": "end", "ts": 3840100, "status": 200}
{"id": "v000002695", "svc": "gateway", "phase": "start", "ts": 3841000, "status": 200}
{"id": "v000002695", "svc": "gateway", "phase": "end", "ts": 3841100, "status": 200}
{"id": "v000002696", "svc": "payment", "phase": "start", "ts": 3842000, "status": 200}
{"id": "v000002696", "svc": "payment", "phase": "end", "ts": 3842100, "status": 200}
{"id": "v000002697", "svc": "auth", "phase": "start", "ts": 3843000, "status": 200}
{"id": "v000002697", "svc": "auth", "phase": "end", "ts": 3843100, "status": 200}
{"id": "v000002698", "svc": "gateway", "phase": "start", "ts": 3844000, "status": 200}
{"id": "v000002698", "svc": "gateway", "phase": "end", "ts": 3844100, "status": 200}
{"id": "v000002699", "svc": "payment", "phase": "start", "ts": 3845000, "status": 200}
{"id": "v000002699", "svc": "payment", "phase": "end", "ts": 3845100, "status": 200}
{"id": "v000002700", "svc": "auth", "phase": "start", "ts": 3846000, "status": 200}
{"id": "v000002700", "svc": "auth", "phase": "end", "ts": 3846100, "status": 200}
   
this is not json at all }{
{"id": "v000002701", "svc": "gateway", "phase": "start", "ts": 3848000, "status": 200}
{"id": "v000002701", "svc": "gateway", "phase": "end", "ts": 3848100, "status": 200}
{"id": "v000002702", "svc": "payment", "phase": "start", "ts": 3849000, "status": 200}
{"id": "v000002702", "svc": "payment", "phase": "end", "ts": 3849100, "status": 200}
{"id": "v000002703", "svc": "auth", "phase": "start", "ts": 3850000, "status": 200}
{"id": "v000002703", "svc": "auth", "phase": "end", "ts": 3850100, "status": 200}
{"id": "v000002704", "svc": "gateway", "phase": "start", "ts": 3851000, "status": 200}
{"id": "v000002704", "svc": "gateway", "phase": "end", "ts": 3851100, "status": 200}
{"id": "v000002705", "svc": "payment", "phase": "start", "ts": 3852000, "status": 200}
{"id": "v000002705", "svc": "payment", "phase": "end", "ts": 3852100, "status": 200}
{"id": "v000002706", "svc": "auth", "phase": "start", "ts": 3853000, "status": 200}
{"id": "v000002706", "svc": "auth", "phase": "end", "ts": 3853100, "status": 200}
{"id": "v000002707", "svc": "gateway", "phase": "start", "ts": 3854000, "status": 200}
{"id": "v000002707", "svc": "gateway", "phase": "end", "ts": 3854100, "status": 200}
{"id": "v000002708", "svc": "payment", "phase": "start", "ts": 3855000, "status": 200}
{"id": "v000002708", "svc": "payment", "phase": "end", "ts": 3855100, "status": 200}
{"id": "v000002709", "svc": "auth", "phase": "start", "ts": 3856000, "status": 200}
{"id": "v000002709", "svc": "auth", "phase": "end", "ts": 3856100, "status": 200}
{"id": "v000002710", "svc": "gateway", "phase": "start", "ts": 3857000, "status": 200}
{"id": "v000002710", "svc": "gateway", "phase": "end", "ts": 3857100, "status": 200}
{"id": "v000002711", "svc": "payment", "phase": "start", "ts": 3858000, "status": 200}
{"id": "v000002711", "svc": "payment", "phase": "end", "ts": 3858100, "status": 200}
{"id": "v000002712", "svc": "auth", "phase": "start", "ts": 3859000, "status": 200}
{"id": "v000002712", "svc": "auth", "phase": "end", "ts": 3859100, "status": 200}
   
{"id": "v000002713", "svc": "gateway", "phase": "start", "ts": 3860000, "status": 200}
{"id": "v000002713", "svc": "gateway", "phase": "end", "ts": 3860100, "status": 200}
{"id": "v000002714", "svc": "payment", "phase": "start", "ts": 3861000, "status": 200}
{"id": "v000002714", "svc": "payment", "phase": "end", "ts": 3861100, "status": 200}
{"id": "v000002715", "svc": "auth", "phase": "start", "ts": 3862000, "status": 200}
{"id": "v000002715", "svc": "auth", "phase": "end", "ts": 3862100, "status": 200}
{"id": "v000002716", "svc": "gateway", "phase": "start", "ts": 3863000, "status": 200}
{"id": "v000002716", "svc": "gateway", "phase": "end", "ts": 3863100, "status": 200}
{"id": "v000002717", "svc": "payment", "phase": "start", "ts": 3864000, "status": 200}
{"id": "v000002717", "svc": "payment", "phase": "end", "ts": 3864100, "status": 200}
{"id": "v000002718", "svc": "auth", "phase": "start", "ts": 3865000, "status": 200}
{"id": "v000002718", "svc": "auth", "phase": "end", "ts": 3865100, "status": 200}
{"id": "v000002719", "svc": "gateway", "phase": "start", "ts": 3866000, "status": 200}
{"id": "v000002719", "svc": "gateway", "phase": "end", "ts": 3866100, "status": 200}
{"id": "v000002720", "svc": "payment", "phase": "start", "ts": 3867000, "status": 200}
{"id": "v000002720", "svc": "payment", "phase": "end", "ts": 3867100, "status": 200}
{"id": "m", "svc": "auth", "phase": "start", "ts": 3868000, "status": 200, "trace": "x"}
{"id": "v000002721", "svc": "auth", "phase": "start", "ts": 3869000, "status": 200}
{"id": "v000002721", "svc": "auth", "phase": "end", "ts": 3869100, "status": 200}
{"id": "v000002722", "svc": "gateway", "phase": "start", "ts": 3870000, "status": 200}
{"id": "v000002722", "svc": "gateway", "phase": "end", "ts": 3870100, "status": 200}
{"id": "v000002723", "svc": "payment", "phase": "start", "ts": 3871000, "status": 200}
{"id": "v000002723", "svc": "payment", "phase": "end", "ts": 3871100, "status": 200}
{"id": "v000002724", "svc": "auth", "phase": "start", "ts": 3872000, "status": 200}
{"id": "v000002724", "svc": "auth", "phase": "end", "ts": 3872100, "status": 200}
   
{"id": "v000002725", "svc": "gateway", "phase": "start", "ts": 3873000, "status": 200}
{"id": "v000002725", "svc": "gateway", "phase": "end", "ts": 3873100, "status": 200}
{"id": "v000002726", "svc": "payment", "phase": "start", "ts": 3874000, "status": 200}
{"id": "v000002726", "svc": "payment", "phase": "end", "ts": 3874100, "status": 200}
{"id": "v000002727", "svc": "auth", "phase": "start", "ts": 3875000, "status": 200}
{"id": "v000002727", "svc": "auth", "phase": "end", "ts": 3875100, "status": 200}
{"id": "v000002728", "svc": "gateway", "phase": "start", "ts": 3876000, "status": 200}
{"id": "v000002728", "svc": "gateway", "phase": "end", "ts": 3876100, "status": 200}
{"id": "v000002729", "svc": "payment", "phase": "start", "ts": 3877000, "status": 200}
{"id": "v000002729", "svc": "payment", "phase": "end", "ts": 3877100, "status": 200}
{"id": "v000002730", "svc": "auth", "phase": "start", "ts": 3878000, "status": 200}
{"id": "v000002730", "svc": "auth", "phase": "end", "ts": 3878100, "status": 200}
{"id": "v000002731", "svc": "gateway", "phase": "start", "ts": 3879000, "status": 200}
{"id": "v000002731", "svc": "gateway", "phase": "end", "ts": 3879100, "status": 200}
{"id": "v000002732", "svc": "payment", "phase": "start", "ts": 3880000, "status": 200}
{"id": "v000002732", "svc": "payment", "phase": "end", "ts": 3880100, "status": 200}
{"id": "v000002733", "svc": "auth", "phase": "start", "ts": 3881000, "status": 200}
{"id": "v000002733", "svc": "auth", "phase": "end", "ts": 3881100, "status": 200}
{"id": "v000002734", "svc": "gateway", "phase": "start", "ts": 3882000, "status": 200}
{"id": "v000002734", "svc": "gateway", "phase": "end", "ts": 3882100, "status": 200}
{"id": "v000002735", "svc": "payment", "phase": "start", "ts": 3883000, "status": 200}
{"id": "v000002735", "svc": "payment", "phase": "end", "ts": 3883100, "status": 200}
{"id": "v000002736", "svc": "auth", "phase": "start", "ts": 3884000, "status": 200}
{"id": "v000002736", "svc": "auth", "phase": "end", "ts": 3884100, "status": 200}
   
{"id": "v000002737", "svc": "gateway", "phase": "start", "ts": 3885000, "status": 200}
{"id": "v000002737", "svc": "gateway", "phase": "end", "ts": 3885100, "status": 200}
{"id": "v000002738", "svc": "payment", "phase": "start", "ts": 3886000, "status": 200}
{"id": "v000002738", "svc": "payment", "phase": "end", "ts": 3886100, "status": 200}
{"id": "v000002739", "svc": "auth", "phase": "start", "ts": 3887000, "status": 200}
{"id": "v000002739", "svc": "auth", "phase": "end", "ts": 3887100, "status": 200}
{"id": "v000002740", "svc": "gateway", "phase": "start", "ts": 3888000, "status": 200}
{"id": "v000002740", "svc": "gateway", "phase": "end", "ts": 3888100, "status": 200}
{"id": "m", "svc": "payment", "phase": "start", "ts": true, "status": 200}
{"id": "v000002741", "svc": "payment", "phase": "start", "ts": 3890000, "status": 200}
{"id": "v000002741", "svc": "payment", "phase": "end", "ts": 3890100, "status": 200}
{"id": "v000002742", "svc": "auth", "phase": "start", "ts": 3891000, "status": 200}
{"id": "v000002742", "svc": "auth", "phase": "end", "ts": 3891100, "status": 200}
{"id": "v000002743", "svc": "gateway", "phase": "start", "ts": 3892000, "status": 200}
{"id": "v000002743", "svc": "gateway", "phase": "end", "ts": 3892100, "status": 200}
{"id": "v000002744", "svc": "payment", "phase": "start", "ts": 3893000, "status": 200}
{"id": "v000002744", "svc": "payment", "phase": "end", "ts": 3893100, "status": 200}
{"id": "v000002745", "svc": "auth", "phase": "start", "ts": 3894000, "status": 200}
{"id": "v000002745", "svc": "auth", "phase": "end", "ts": 3894100, "status": 200}
{"id": "v000002746", "svc": "gateway", "phase": "start", "ts": 3895000, "status": 200}
{"id": "v000002746", "svc": "gateway", "phase": "end", "ts": 3895100, "status": 200}
{"id": "v000002747", "svc": "payment", "phase": "start", "ts": 3896000, "status": 200}
{"id": "v000002747", "svc": "payment", "phase": "end", "ts": 3896100, "status": 200}
{"id": "v000002748", "svc": "auth", "phase": "start", "ts": 3897000, "status": 200}
{"id": "v000002748", "svc": "auth", "phase": "end", "ts": 3897100, "status": 200}
   
{"id": "v000002749", "svc": "gateway", "phase": "start", "ts": 3898000, "status": 200}
{"id": "v000002749", "svc": "gateway", "phase": "end", "ts": 3898100, "status": 200}
{"id": "v000002750", "svc": "payment", "phase": "start", "ts": 3899000, "status": 200}
{"id": "v000002750", "svc": "payment", "phase": "end", "ts": 3899100, "status": 200}
{"id": "v000002751", "svc": "auth", "phase": "start", "ts": 3900000, "status": 200}
{"id": "v000002751", "svc": "auth", "phase": "end", "ts": 3900100, "status": 200}
{"id": "v000002752", "svc": "gateway", "phase": "start", "ts": 3901000, "status": 200}
{"id": "v000002752", "svc": "gateway", "phase": "end", "ts": 3901100, "status": 200}
{"id": "v000002753", "svc": "payment", "phase": "start", "ts": 3902000, "status": 200}
{"id": "v000002753", "svc": "payment", "phase": "end", "ts": 3902100, "status": 200}
{"id": "v000002754", "svc": "auth", "phase": "start", "ts": 3903000, "status": 200}
{"id": "v000002754", "svc": "auth", "phase": "end", "ts": 3903100, "status": 200}
{"id": "v000002755", "svc": "gateway", "phase": "start", "ts": 3904000, "status": 200}
{"id": "v000002755", "svc": "gateway", "phase": "end", "ts": 3904100, "status": 200}
{"id": "v000002756", "svc": "payment", "phase": "start", "ts": 3905000, "status": 200}
{"id": "v000002756", "svc": "payment", "phase": "end", "ts": 3905100, "status": 200}
{"id": "v000002757", "svc": "auth", "phase": "start", "ts": 3906000, "status": 200}
{"id": "v000002757", "svc": "auth", "phase": "end", "ts": 3906100, "status": 200}
{"id": "v000002758", "svc": "gateway", "phase": "start", "ts": 3907000, "status": 200}
{"id": "v000002758", "svc": "gateway", "phase": "end", "ts": 3907100, "status": 200}
{"id": "v000002759", "svc": "payment", "phase": "start", "ts": 3908000, "status": 200}
{"id": "v000002759", "svc": "payment", "phase": "end", "ts": 3908100, "status": 200}
{"id": "v000002760", "svc": "auth", "phase": "start", "ts": 3909000, "status": 200}
{"id": "v000002760", "svc": "auth", "phase": "end", "ts": 3909100, "status": 200}
   
{"id": "m", "svc": "billing", "phase": "start", "ts": 3910000, "status": 200}
{"id": "v000002761", "svc": "gateway", "phase": "start", "ts": 3911000, "status": 200}
{"id": "v000002761", "svc": "gateway", "phase": "end", "ts": 3911100, "status": 200}
{"id": "v000002762", "svc": "payment", "phase": "start", "ts": 3912000, "status": 200}
{"id": "v000002762", "svc": "payment", "phase": "end", "ts": 3912100, "status": 200}
{"id": "v000002763", "svc": "auth", "phase": "start", "ts": 3913000, "status": 200}
{"id": "v000002763", "svc": "auth", "phase": "end", "ts": 3913100, "status": 200}
{"id": "v000002764", "svc": "gateway", "phase": "start", "ts": 3914000, "status": 200}
{"id": "v000002764", "svc": "gateway", "phase": "end", "ts": 3914100, "status": 200}
{"id": "v000002765", "svc": "payment", "phase": "start", "ts": 3915000, "status": 200}
{"id": "v000002765", "svc": "payment", "phase": "end", "ts": 3915100, "status": 200}
{"id": "v000002766", "svc": "auth", "phase": "start", "ts": 3916000, "status": 200}
{"id": "v000002766", "svc": "auth", "phase": "end", "ts": 3916100, "status": 200}
{"id": "v000002767", "svc": "gateway", "phase": "start", "ts": 3917000, "status": 200}
{"id": "v000002767", "svc": "gateway", "phase": "end", "ts": 3917100, "status": 200}
{"id": "v000002768", "svc": "payment", "phase": "start", "ts": 3918000, "status": 200}
{"id": "v000002768", "svc": "payment", "phase": "end", "ts": 3918100, "status": 200}
{"id": "v000002769", "svc": "auth", "phase": "start", "ts": 3919000, "status": 200}
{"id": "v000002769", "svc": "auth", "phase": "end", "ts": 3919100, "status": 200}
{"id": "v000002770", "svc": "gateway", "phase": "start", "ts": 3920000, "status": 200}
{"id": "v000002770", "svc": "gateway", "phase": "end", "ts": 3920100, "status": 200}
{"id": "v000002771", "svc": "payment", "phase": "start", "ts": 3921000, "status": 200}
{"id": "v000002771", "svc": "payment", "phase": "end", "ts": 3921100, "status": 200}
{"id": "v000002772", "svc": "auth", "phase": "start", "ts": 3922000, "status": 200}
{"id": "v000002772", "svc": "auth", "phase": "end", "ts": 3922100, "status": 200}
   
{"id": "v000002773", "svc": "gateway", "phase": "start", "ts": 3923000, "status": 200}
{"id": "v000002773", "svc": "gateway", "phase": "end", "ts": 3923100, "status": 200}
{"id": "v000002774", "svc": "payment", "phase": "start", "ts": 3924000, "status": 200}
{"id": "v000002774", "svc": "payment", "phase": "end", "ts": 3924100, "status": 200}
{"id": "v000002775", "svc": "auth", "phase": "start", "ts": 3925000, "status": 200}
{"id": "v000002775", "svc": "auth", "phase": "end", "ts": 3925100, "status": 200}
{"id": "v000002776", "svc": "gateway", "phase": "start", "ts": 3926000, "status": 200}
{"id": "v000002776", "svc": "gateway", "phase": "end", "ts": 3926100, "status": 200}
{"id": "v000002777", "svc": "payment", "phase": "start", "ts": 3927000, "status": 200}
{"id": "v000002777", "svc": "payment", "phase": "end", "ts": 3927100, "status": 200}
{"id": "v000002778", "svc": "auth", "phase": "start", "ts": 3928000, "status": 200}
{"id": "v000002778", "svc": "auth", "phase": "end", "ts": 3928100, "status": 200}
{"id": "v000002779", "svc": "gateway", "phase": "start", "ts": 3929000, "status": 200}
{"id": "v000002779", "svc": "gateway", "phase": "end", "ts": 3929100, "status": 200}
{"id": "v000002780", "svc": "payment", "phase": "start", "ts": 3930000, "status": 200}
{"id": "v000002780", "svc": "payment", "phase": "end", "ts": 3930100, "status": 200}
{"id": "m", "svc": "payment", "phase": "end", "ts": 3931000, "status": true}
{"id": "v000002781", "svc": "auth", "phase": "start", "ts": 3932000, "status": 200}
{"id": "v000002781", "svc": "auth", "phase": "end", "ts": 3932100, "status": 200}
{"id": "v000002782", "svc": "gateway", "phase": "start", "ts": 3933000, "status": 200}
{"id": "v000002782", "svc": "gateway", "phase": "end", "ts": 3933100, "status": 200}
{"id": "v000002783", "svc": "payment", "phase": "start", "ts": 3934000, "status": 200}
{"id": "v000002783", "svc": "payment", "phase": "end", "ts": 3934100, "status": 200}
{"id": "v000002784", "svc": "auth", "phase": "start", "ts": 3935000, "status": 200}
{"id": "v000002784", "svc": "auth", "phase": "end", "ts": 3935100, "status": 200}
   
{"id": "v000002785", "svc": "gateway", "phase": "start", "ts": 3936000, "status": 200}
{"id": "v000002785", "svc": "gateway", "phase": "end", "ts": 3936100, "status": 200}
{"id": "v000002786", "svc": "payment", "phase": "start", "ts": 3937000, "status": 200}
{"id": "v000002786", "svc": "payment", "phase": "end", "ts": 3937100, "status": 200}
{"id": "v000002787", "svc": "auth", "phase": "start", "ts": 3938000, "status": 200}
{"id": "v000002787", "svc": "auth", "phase": "end", "ts": 3938100, "status": 200}
{"id": "v000002788", "svc": "gateway", "phase": "start", "ts": 3939000, "status": 200}
{"id": "v000002788", "svc": "gateway", "phase": "end", "ts": 3939100, "status": 200}
{"id": "v000002789", "svc": "payment", "phase": "start", "ts": 3940000, "status": 200}
{"id": "v000002789", "svc": "payment", "phase": "end", "ts": 3940100, "status": 200}
{"id": "v000002790", "svc": "auth", "phase": "start", "ts": 3941000, "status": 200}
{"id": "v000002790", "svc": "auth", "phase": "end", "ts": 3941100, "status": 200}
{"id": "v000002791", "svc": "gateway", "phase": "start", "ts": 3942000, "status": 200}
{"id": "v000002791", "svc": "gateway", "phase": "end", "ts": 3942100, "status": 200}
{"id": "v000002792", "svc": "payment", "phase": "start", "ts": 3943000, "status": 200}
{"id": "v000002792", "svc": "payment", "phase": "end", "ts": 3943100, "status": 200}
{"id": "v000002793", "svc": "auth", "phase": "start", "ts": 3944000, "status": 200}
{"id": "v000002793", "svc": "auth", "phase": "end", "ts": 3944100, "status": 200}
{"id": "v000002794", "svc": "gateway", "phase": "start", "ts": 3945000, "status": 200}
{"id": "v000002794", "svc": "gateway", "phase": "end", "ts": 3945100, "status": 200}
{"id": "v000002795", "svc": "payment", "phase": "start", "ts": 3946000, "status": 200}
{"id": "v000002795", "svc": "payment", "phase": "end", "ts": 3946100, "status": 200}
{"id": "v000002796", "svc": "auth", "phase": "start", "ts": 3947000, "status": 200}
{"id": "v000002796", "svc": "auth", "phase": "end", "ts": 3947100, "status": 200}
   
{"id": "v000002797", "svc": "gateway", "phase": "start", "ts": 3948000, "status": 200}
{"id": "v000002797", "svc": "gateway", "phase": "end", "ts": 3948100, "status": 200}
{"id": "v000002798", "svc": "payment", "phase": "start", "ts": 3949000, "status": 200}
{"id": "v000002798", "svc": "payment", "phase": "end", "ts": 3949100, "status": 200}
{"id": "v000002799", "svc": "auth", "phase": "start", "ts": 3950000, "status": 200}
{"id": "v000002799", "svc": "auth", "phase": "end", "ts": 3950100, "status": 200}
{"id": "v000002800", "svc": "gateway", "phase": "start", "ts": 3951000, "status": 200}
{"id": "v000002800", "svc": "gateway", "phase": "end", "ts": 3951100, "status": 200}
{"id": "m", "svc": "auth", "phase": "start", "ts": 3952000}
{"id": "oe000002800", "svc": "gateway", "phase": "end", "ts": 3953000, "status": 503}
{"id": "v000002801", "svc": "payment", "phase": "start", "ts": 3954000, "status": 200}
{"id": "v000002801", "svc": "payment", "phase": "end", "ts": 3954100, "status": 200}
{"id": "v000002802", "svc": "auth", "phase": "start", "ts": 3955000, "status": 200}
{"id": "v000002802", "svc": "auth", "phase": "end", "ts": 3955100, "status": 200}
{"id": "v000002803", "svc": "gateway", "phase": "start", "ts": 3956000, "status": 200}
{"id": "v000002803", "svc": "gateway", "phase": "end", "ts": 3956100, "status": 200}
{"id": "v000002804", "svc": "payment", "phase": "start", "ts": 3957000, "status": 200}
{"id": "v000002804", "svc": "payment", "phase": "end", "ts": 3957100, "status": 200}
{"id": "v000002805", "svc": "auth", "phase": "start", "ts": 3958000, "status": 200}
{"id": "v000002805", "svc": "auth", "phase": "end", "ts": 3958100, "status": 200}
{"id": "v000002806", "svc": "gateway", "phase": "start", "ts": 3959000, "status": 200}
{"id": "v000002806", "svc": "gateway", "phase": "end", "ts": 3959100, "status": 200}
{"id": "v000002807", "svc": "payment", "phase": "start", "ts": 3960000, "status": 200}
{"id": "v000002807", "svc": "payment", "phase": "end", "ts": 3960100, "status": 200}
{"id": "v000002808", "svc": "auth", "phase": "start", "ts": 3961000, "status": 200}
{"id": "v000002808", "svc": "auth", "phase": "end", "ts": 3961100, "status": 200}
   
{"id": "v000002809", "svc": "gateway", "phase": "start", "ts": 3962000, "status": 200}
{"id": "v000002809", "svc": "gateway", "phase": "end", "ts": 3962100, "status": 200}
{"id": "v000002810", "svc": "payment", "phase": "start", "ts": 3963000, "status": 200}
{"id": "v000002810", "svc": "payment", "phase": "end", "ts": 3963100, "status": 200}
{"id": "v000002811", "svc": "auth", "phase": "start", "ts": 3964000, "status": 200}
{"id": "v000002811", "svc": "auth", "phase": "end", "ts": 3964100, "status": 200}
{"id": "v000002812", "svc": "gateway", "phase": "start", "ts": 3965000, "status": 200}
{"id": "v000002812", "svc": "gateway", "phase": "end", "ts": 3965100, "status": 200}
{"id": "v000002813", "svc": "payment", "phase": "start", "ts": 3966000, "status": 200}
{"id": "v000002813", "svc": "payment", "phase": "end", "ts": 3966100, "status": 200}
{"id": "v000002814", "svc": "auth", "phase": "start", "ts": 3967000, "status": 200}
{"id": "v000002814", "svc": "auth", "phase": "end", "ts": 3967100, "status": 200}
{"id": "v000002815", "svc": "gateway", "phase": "start", "ts": 3968000, "status": 200}
{"id": "v000002815", "svc": "gateway", "phase": "end", "ts": 3968100, "status": 200}
{"id": "v000002816", "svc": "payment", "phase": "start", "ts": 3969000, "status": 200}
{"id": "v000002816", "svc": "payment", "phase": "end", "ts": 3969100, "status": 200}
{"id": "v000002817", "svc": "auth", "phase": "start", "ts": 3970000, "status": 200}
{"id": "v000002817", "svc": "auth", "phase": "end", "ts": 3970100, "status": 200}
{"id": "v000002818", "svc": "gateway", "phase": "start", "ts": 3971000, "status": 200}
{"id": "v000002818", "svc": "gateway", "phase": "end", "ts": 3971100, "status": 200}
{"id": "v000002819", "svc": "payment", "phase": "start", "ts": 3972000, "status": 200}
{"id": "v000002819", "svc": "payment", "phase": "end", "ts": 3972100, "status": 200}
{"id": "v000002820", "svc": "auth", "phase": "start", "ts": 3973000, "status": 200}
{"id": "v000002820", "svc": "auth", "phase": "end", "ts": 3973100, "status": 200}
   
{"id": "m", "svc": "gateway", "phase": "end", "ts": 3974000, "status": 200.0}
{"id": "v000002821", "svc": "gateway", "phase": "start", "ts": 3975000, "status": 200}
{"id": "v000002821", "svc": "gateway", "phase": "end", "ts": 3975100, "status": 200}
{"id": "v000002822", "svc": "payment", "phase": "start", "ts": 3976000, "status": 200}
{"id": "v000002822", "svc": "payment", "phase": "end", "ts": 3976100, "status": 200}
{"id": "v000002823", "svc": "auth", "phase": "start", "ts": 3977000, "status": 200}
{"id": "v000002823", "svc": "auth", "phase": "end", "ts": 3977100, "status": 200}
{"id": "v000002824", "svc": "gateway", "phase": "start", "ts": 3978000, "status": 200}
{"id": "v000002824", "svc": "gateway", "phase": "end", "ts": 3978100, "status": 200}
{"id": "v000002825", "svc": "payment", "phase": "start", "ts": 3979000, "status": 200}
{"id": "v000002825", "svc": "payment", "phase": "end", "ts": 3979100, "status": 200}
{"id": "v000002826", "svc": "auth", "phase": "start", "ts": 3980000, "status": 200}
{"id": "v000002826", "svc": "auth", "phase": "end", "ts": 3980100, "status": 200}
{"id": "v000002827", "svc": "gateway", "phase": "start", "ts": 3981000, "status": 200}
{"id": "v000002827", "svc": "gateway", "phase": "end", "ts": 3981100, "status": 200}
{"id": "v000002828", "svc": "payment", "phase": "start", "ts": 3982000, "status": 200}
{"id": "v000002828", "svc": "payment", "phase": "end", "ts": 3982100, "status": 200}
{"id": "v000002829", "svc": "auth", "phase": "start", "ts": 3983000, "status": 200}
{"id": "v000002829", "svc": "auth", "phase": "end", "ts": 3983100, "status": 200}
{"id": "v000002830", "svc": "gateway", "phase": "start", "ts": 3984000, "status": 200}
{"id": "v000002830", "svc": "gateway", "phase": "end", "ts": 3984100, "status": 200}
{"id": "v000002831", "svc": "payment", "phase": "start", "ts": 3985000, "status": 200}
{"id": "v000002831", "svc": "payment", "phase": "end", "ts": 3985100, "status": 200}
{"id": "v000002832", "svc": "auth", "phase": "start", "ts": 3986000, "status": 200}
{"id": "v000002832", "svc": "auth", "phase": "end", "ts": 3986100, "status": 200}
   
{"id": "v000002833", "svc": "gateway", "phase": "start", "ts": 3987000, "status": 200}
{"id": "v000002833", "svc": "gateway", "phase": "end", "ts": 3987100, "status": 200}
{"id": "v000002834", "svc": "payment", "phase": "start", "ts": 3988000, "status": 200}
{"id": "v000002834", "svc": "payment", "phase": "end", "ts": 3988100, "status": 200}
{"id": "v000002835", "svc": "auth", "phase": "start", "ts": 3989000, "status": 200}
{"id": "v000002835", "svc": "auth", "phase": "end", "ts": 3989100, "status": 200}
{"id": "v000002836", "svc": "gateway", "phase": "start", "ts": 3990000, "status": 200}
{"id": "v000002836", "svc": "gateway", "phase": "end", "ts": 3990100, "status": 200}
{"id": "v000002837", "svc": "payment", "phase": "start", "ts": 3991000, "status": 200}
{"id": "v000002837", "svc": "payment", "phase": "end", "ts": 3991100, "status": 200}
{"id": "v000002838", "svc": "auth", "phase": "start", "ts": 3992000, "status": 200}
{"id": "v000002838", "svc": "auth", "phase": "end", "ts": 3992100, "status": 200}
{"id": "v000002839", "svc": "gateway", "phase": "start", "ts": 3993000, "status": 200}
{"id": "v000002839", "svc": "gateway", "phase": "end", "ts": 3993100, "status": 200}
{"id": "v000002840", "svc": "payment", "phase": "start", "ts": 3994000, "status": 200}
{"id": "v000002840", "svc": "payment", "phase": "end", "ts": 3994100, "status": 200}
{"id": "m", "svc": "auth", "phase": "end", "ts": 3995000, "status": 99}
{"id": "v000002841", "svc": "auth", "phase": "start", "ts": 3996000, "status": 200}
{"id": "v000002841", "svc": "auth", "phase": "end", "ts": 3996100, "status": 200}
{"id": "v000002842", "svc": "gateway", "phase": "start", "ts": 3997000, "status": 200}
{"id": "v000002842", "svc": "gateway", "phase": "end", "ts": 3997100, "status": 200}
{"id": "v000002843", "svc": "payment", "phase": "start", "ts": 3998000, "status": 200}
{"id": "v000002843", "svc": "payment", "phase": "end", "ts": 3998100, "status": 200}
{"id": "v000002844", "svc": "auth", "phase": "start", "ts": 3999000, "status": 200}
{"id": "v000002844", "svc": "auth", "phase": "end", "ts": 3999100, "status": 200}
   
{"id": "v000002845", "svc": "gateway", "phase": "start", "ts": 4000000, "status": 200}
{"id": "v000002845", "svc": "gateway", "phase": "end", "ts": 4000100, "status": 200}
{"id": "v000002846", "svc": "payment", "phase": "start", "ts": 4001000, "status": 200}
{"id": "v000002846", "svc": "payment", "phase": "end", "ts": 4001100, "status": 200}
{"id": "v000002847", "svc": "auth", "phase": "start", "ts": 4002000, "status": 200}
{"id": "v000002847", "svc": "auth", "phase": "end", "ts": 4002100, "status": 200}
{"id": "v000002848", "svc": "gateway", "phase": "start", "ts": 4003000, "status": 200}
{"id": "v000002848", "svc": "gateway", "phase": "end", "ts": 4003100, "status": 200}
{"id": "v000002849", "svc": "payment", "phase": "start", "ts": 4004000, "status": 200}
{"id": "v000002849", "svc": "payment", "phase": "end", "ts": 4004100, "status": 200}
{"id": "v000002850", "svc": "auth", "phase": "start", "ts": 4005000, "status": 200}
{"id": "v000002850", "svc": "auth", "phase": "end", "ts": 4005100, "status": 200}
{"id": "v000002851", "svc": "gateway", "phase": "start", "ts": 4006000, "status": 200}
{"id": "v000002851", "svc": "gateway", "phase": "end", "ts": 4006100, "status": 200}
{"id": "v000002852", "svc": "payment", "phase": "start", "ts": 4007000, "status": 200}
{"id": "v000002852", "svc": "payment", "phase": "end", "ts": 4007100, "status": 200}
{"id": "v000002853", "svc": "auth", "phase": "start", "ts": 4008000, "status": 200}
{"id": "v000002853", "svc": "auth", "phase": "end", "ts": 4008100, "status": 200}
{"id": "v000002854", "svc": "gateway", "phase": "start", "ts": 4009000, "status": 200}
