{"id": "v000002854", "svc": "gateway", "phase": "end", "ts": 4009100, "status": 200}
{"id": "v000002855", "svc": "payment", "phase": "start", "ts": 4010000, "status": 200}
{"id": "v000002855", "svc": "payment", "phase": "end", "ts": 4010100, "status": 200}
{"id": "v000002856", "svc": "auth", "phase": "start", "ts": 4011000, "status": 200}
{"id": "v000002856", "svc": "auth", "phase": "end", "ts": 4011100, "status": 200}
   
{"id": "v000002857", "svc": "gateway", "phase": "start", "ts": 4012000, "status": 200}
{"id": "v000002857", "svc": "gateway", "phase": "end", "ts": 4012100, "status": 200}
{"id": "v000002858", "svc": "payment", "phase": "start", "ts": 4013000, "status": 200}
{"id": "v000002858", "svc": "payment", "phase": "end", "ts": 4013100, "status": 200}
{"id": "v000002859", "svc": "auth", "phase": "start", "ts": 4014000, "status": 200}
{"id": "v000002859", "svc": "auth", "phase": "end", "ts": 4014100, "status": 200}
{"id": "v000002860", "svc": "gateway", "phase": "start", "ts": 4015000, "status": 200}
{"id": "v000002860", "svc": "gateway", "phase": "end", "ts": 4015100, "status": 200}
{"id": "m", "svc": "gateway", "phase": "tick", "ts": 4016000, "status": 200}
{"id": "v000002861", "svc": "payment", "phase": "start", "ts": 4017000, "status": 200}
{"id": "v000002861", "svc": "payment", "phase": "end", "ts": 4017100, "status": 200}
{"id": "v000002862", "svc": "auth", "phase": "start", "ts": 4018000, "status": 200}
{"id": "v000002862", "svc": "auth", "phase": "end", "ts": 4018100, "status": 200}
{"id": "v000002863", "svc": "gateway", "phase": "start", "ts": 4019000, "status": 200}
{"id": "v000002863", "svc": "gateway", "phase": "end", "ts": 4019100, "status": 200}
{"id": "v000002864", "svc": "payment", "phase": "start", "ts": 4020000, "status": 200}
{"id": "v000002864", "svc": "payment", "phase": "end", "ts": 4020100, "status": 200}
{"id": "v000002865", "svc": "auth", "phase": "start", "ts": 4021000, "status": 200}
{"id": "v000002865", "svc": "auth", "phase": "end", "ts": 4021100, "status": 200}
{"id": "v000002866", "svc": "gateway", "phase": "start", "ts": 4022000, "status": 200}
{"id": "v000002866", "svc": "gateway", "phase": "end", "ts": 4022100, "status": 200}
{"id": "v000002867", "svc": "payment", "phase": "start", "ts": 4023000, "status": 200}
{"id": "v000002867", "svc": "payment", "phase": "end", "ts": 4023100, "status": 200}
{"id": "v000002868", "svc": "auth", "phase": "start", "ts": 4024000, "status": 200}
{"id": "v000002868", "svc": "auth", "phase": "end", "ts": 4024100, "status": 200}
   
{"id": "v000002869", "svc": "gateway", "phase": "start", "ts": 4025000, "status": 200}
{"id": "v000002869", "svc": "gateway", "phase": "end", "ts": 4025100, "status": 200}
{"id": "v000002870", "svc": "payment", "phase": "start", "ts": 4026000, "status": 200}
{"id": "v000002870", "svc": "payment", "phase": "end", "ts": 4026100, "status": 200}
{"id": "v000002871", "svc": "auth", "phase": "start", "ts": 4027000, "status": 200}
{"id": "v000002871", "svc": "auth", "phase": "end", "ts": 4027100, "status": 200}
{"id": "v000002872", "svc": "gateway", "phase": "start", "ts": 4028000, "status": 200}
{"id": "v000002872", "svc": "gateway", "phase": "end", "ts": 4028100, "status": 200}
{"id": "v000002873", "svc": "payment", "phase": "start", "ts": 4029000, "status": 200}
{"id": "v000002873", "svc": "payment", "phase": "end", "ts": 4029100, "status": 200}
{"id": "v000002874", "svc": "auth", "phase": "start", "ts": 4030000, "status": 200}
{"id": "v000002874", "svc": "auth", "phase": "end", "ts": 4030100, "status": 200}
{"id": "v000002875", "svc": "gateway", "phase": "start", "ts": 4031000, "status": 200}
{"id": "v000002875", "svc": "gateway", "phase": "end", "ts": 4031100, "status": 200}
{"id": "v000002876", "svc": "payment", "phase": "start", "ts": 4032000, "status": 200}
{"id": "v000002876", "svc": "payment", "phase": "end", "ts": 4032100, "status": 200}
{"id": "v000002877", "svc": "auth", "phase": "start", "ts": 4033000, "status": 200}
{"id": "v000002877", "svc": "auth", "phase": "end", "ts": 4033100, "status": 200}
{"id": "v000002878", "svc": "gateway", "phase": "start", "ts": 4034000, "status": 200}
{"id": "v000002878", "svc": "gateway", "phase": "end", "ts": 4034100, "status": 200}
{"id": "v000002879", "svc": "payment", "phase": "start", "ts": 4035000, "status": 200}
{"id": "v000002879", "svc": "payment", "phase": "end", "ts": 4035100, "status": 200}
{"id": "v000002880", "svc": "auth", "phase": "start", "ts": 4036000, "status": 200}
{"id": "v000002880", "svc": "auth", "phase": "end", "ts": 4036100, "status": 200}
   
this is not json at all }{
{"id": "v000002881", "svc": "gateway", "phase": "start", "ts": 4038000, "status": 200}
{"id": "v000002881", "svc": "gateway", "phase": "end", "ts": 4038100, "status": 200}
{"id": "v000002882", "svc": "payment", "phase": "start", "ts": 4039000, "status": 200}
{"id": "v000002882", "svc": "payment", "phase": "end", "ts": 4039100, "status": 200}
{"id": "v000002883", "svc": "auth", "phase": "start", "ts": 4040000, "status": 200}
{"id": "v000002883", "svc": "auth", "phase": "end", "ts": 4040100, "status": 200}
{"id": "v000002884", "svc": "gateway", "phase": "start", "ts": 4041000, "status": 200}
{"id": "v000002884", "svc": "gateway", "phase": "end", "ts": 4041100, "status": 200}
{"id": "v000002885", "svc": "payment", "phase": "start", "ts": 4042000, "status": 200}
{"id": "v000002885", "svc": "payment", "phase": "end", "ts": 4042100, "status": 200}
{"id": "v000002886", "svc": "auth", "phase": "start", "ts": 4043000, "status": 200}
{"id": "v000002886", "svc": "auth", "phase": "end", "ts": 4043100, "status": 200}
{"id": "v000002887", "svc": "gateway", "phase": "start", "ts": 4044000, "status": 200}
{"id": "v000002887", "svc": "gateway", "phase": "end", "ts": 4044100, "status": 200}
{"id": "v000002888", "svc": "payment", "phase": "start", "ts": 4045000, "status": 200}
{"id": "v000002888", "svc": "payment", "phase": "end", "ts": 4045100, "status": 200}
{"id": "v000002889", "svc": "auth", "phase": "start", "ts": 4046000, "status": 200}
{"id": "v000002889", "svc": "auth", "phase": "end", "ts": 4046100, "status": 200}
{"id": "v000002890", "svc": "gateway", "phase": "start", "ts": 4047000, "status": 200}
{"id": "v000002890", "svc": "gateway", "phase": "end", "ts": 4047100, "status": 200}
{"id": "v000002891", "svc": "payment", "phase": "start", "ts": 4048000, "status": 200}
{"id": "v000002891", "svc": "payment", "phase": "end", "ts": 4048100, "status": 200}
{"id": "v000002892", "svc": "auth", "phase": "start", "ts": 4049000, "status": 200}
{"id": "v000002892", "svc": "auth", "phase": "end", "ts": 4049100, "status": 200}
   
{"id": "v000002893", "svc": "gateway", "phase": "start", "ts": 4050000, "status": 200}
{"id": "v000002893", "svc": "gateway", "phase": "end", "ts": 4050100, "status": 200}
{"id": "v000002894", "svc": "payment", "phase": "start", "ts": 4051000, "status": 200}
{"id": "v000002894", "svc": "payment", "phase": "end", "ts": 4051100, "status": 200}
{"id": "v000002895", "svc": "auth", "phase": "start", "ts": 4052000, "status": 200}
{"id": "v000002895", "svc": "auth", "phase": "end", "ts": 4052100, "status": 200}
{"id": "v000002896", "svc": "gateway", "phase": "start", "ts": 4053000, "status": 200}
{"id": "v000002896", "svc": "gateway", "phase": "end", "ts": 4053100, "status": 200}
{"id": "v000002897", "svc": "payment", "phase": "start", "ts": 4054000, "status": 200}
{"id": "v000002897", "svc": "payment", "phase": "end", "ts": 4054100, "status": 200}
{"id": "v000002898", "svc": "auth", "phase": "start", "ts": 4055000, "status": 200}
{"id": "v000002898", "svc": "auth", "phase": "end", "ts": 4055100, "status": 200}
{"id": "v000002899", "svc": "gateway", "phase": "start", "ts": 4056000, "status": 200}
{"id": "v000002899", "svc": "gateway", "phase": "end", "ts": 4056100, "status": 200}
{"id": "v000002900", "svc": "payment", "phase": "start", "ts": 4057000, "status": 200}
{"id": "v000002900", "svc": "payment", "phase": "end", "ts": 4057100, "status": 200}
{"id": "m", "svc": "auth", "phase": "start", "ts": 4058000, "status": 200, "trace": "x"}
{"id": "v000002901", "svc": "auth", "phase": "start", "ts": 4059000, "status": 200}
{"id": "v000002901", "svc": "auth", "phase": "end", "ts": 4059100, "status": 200}
{"id": "v000002902", "svc": "gateway", "phase": "start", "ts": 4060000, "status": 200}
{"id": "v000002902", "svc": "gateway", "phase": "end", "ts": 4060100, "status": 200}
{"id": "v000002903", "svc": "payment", "phase": "start", "ts": 4061000, "status": 200}
{"id": "v000002903", "svc": "payment", "phase": "end", "ts": 4061100, "status": 200}
{"id": "v000002904", "svc": "auth", "phase": "start", "ts": 4062000, "status": 200}
{"id": "v000002904", "svc": "auth", "phase": "end", "ts": 4062100, "status": 200}
   
{"id": "v000002905", "svc": "gateway", "phase": "start", "ts": 4063000, "status": 200}
{"id": "v000002905", "svc": "gateway", "phase": "end", "ts": 4063100, "status": 200}
{"id": "v000002906", "svc": "payment", "phase": "start", "ts": 4064000, "status": 200}
{"id": "v000002906", "svc": "payment", "phase": "end", "ts": 4064100, "status": 200}
{"id": "v000002907", "svc": "auth", "phase": "start", "ts": 4065000, "status": 200}
{"id": "v000002907", "svc": "auth", "phase": "end", "ts": 4065100, "status": 200}
{"id": "v000002908", "svc": "gateway", "phase": "start", "ts": 4066000, "status": 200}
{"id": "v000002908", "svc": "gateway", "phase": "end", "ts": 4066100, "status": 200}
{"id": "v000002909", "svc": "payment", "phase": "start", "ts": 4067000, "status": 200}
{"id": "v000002909", "svc": "payment", "phase": "end", "ts": 4067100, "status": 200}
{"id": "v000002910", "svc": "auth", "phase": "start", "ts": 4068000, "status": 200}
{"id": "v000002910", "svc": "auth", "phase": "end", "ts": 4068100, "status": 200}
{"id": "v000002911", "svc": "gateway", "phase": "start", "ts": 4069000, "status": 200}
{"id": "v000002911", "svc": "gateway", "phase": "end", "ts": 4069100, "status": 200}
{"id": "v000002912", "svc": "payment", "phase": "start", "ts": 4070000, "status": 200}
{"id": "v000002912", "svc": "payment", "phase": "end", "ts": 4070100, "status": 200}
{"id": "v000002913", "svc": "auth", "phase": "start", "ts": 4071000, "status": 200}
{"id": "v000002913", "svc": "auth", "phase": "end", "ts": 4071100, "status": 200}
{"id": "v000002914", "svc": "gateway", "phase": "start", "ts": 4072000, "status": 200}
{"id": "v000002914", "svc": "gateway", "phase": "end", "ts": 4072100, "status": 200}
{"id": "v000002915", "svc": "payment", "phase": "start", "ts": 4073000, "status": 200}
{"id": "v000002915", "svc": "payment", "phase": "end", "ts": 4073100, "status": 200}
{"id": "v000002916", "svc": "auth", "phase": "start", "ts": 4074000, "status": 200}
{"id": "v000002916", "svc": "auth", "phase": "end", "ts": 4074100, "status": 200}
   
{"id": "v000002917", "svc": "gateway", "phase": "start", "ts": 4075000, "status": 200}
{"id": "v000002917", "svc": "gateway", "phase": "end", "ts": 4075100, "status": 200}
{"id": "v000002918", "svc": "payment", "phase": "start", "ts": 4076000, "status": 200}
{"id": "v000002918", "svc": "payment", "phase": "end", "ts": 4076100, "status": 200}
{"id": "v000002919", "svc": "auth", "phase": "start", "ts": 4077000, "status": 200}
{"id": "v000002919", "svc": "auth", "phase": "end", "ts": 4077100, "status": 200}
{"id": "v000002920", "svc": "gateway", "phase": "start", "ts": 4078000, "status": 200}
{"id": "v000002920", "svc": "gateway", "phase": "end", "ts": 4078100, "status": 200}
{"id": "m", "svc": "payment", "phase": "start", "ts": true, "status": 200}
{"id": "v000002921", "svc": "payment", "phase": "start", "ts": 4080000, "status": 200}
{"id": "v000002921", "svc": "payment", "phase": "end", "ts": 4080100, "status": 200}
{"id": "v000002922", "svc": "auth", "phase": "start", "ts": 4081000, "status": 200}
{"id": "v000002922", "svc": "auth", "phase": "end", "ts": 4081100, "status": 200}
{"id": "v000002923", "svc": "gateway", "phase": "start", "ts": 4082000, "status": 200}
{"id": "v000002923", "svc": "gateway", "phase": "end", "ts": 4082100, "status": 200}
{"id": "v000002924", "svc": "payment", "phase": "start", "ts": 4083000, "status": 200}
{"id": "v000002924", "svc": "payment", "phase": "end", "ts": 4083100, "status": 200}
{"id": "v000002925", "svc": "auth", "phase": "start", "ts": 4084000, "status": 200}
{"id": "v000002925", "svc": "auth", "phase": "end", "ts": 4084100, "status": 200}
{"id": "v000002926", "svc": "gateway", "phase": "start", "ts": 4085000, "status": 200}
{"id": "v000002926", "svc": "gateway", "phase": "end", "ts": 4085100, "status": 200}
{"id": "v000002927", "svc": "payment", "phase": "start", "ts": 4086000, "status": 200}
{"id": "v000002927", "svc": "payment", "phase": "end", "ts": 4086100, "status": 200}
{"id": "v000002928", "svc": "auth", "phase": "start", "ts": 4087000, "status": 200}
{"id": "v000002928", "svc": "auth", "phase": "end", "ts": 4087100, "status": 200}
   
{"id": "v000002929", "svc": "gateway", "phase": "start", "ts": 4088000, "status": 200}
{"id": "v000002929", "svc": "gateway", "phase": "end", "ts": 4088100, "status": 200}
{"id": "v000002930", "svc": "payment", "phase": "start", "ts": 4089000, "status": 200}
{"id": "v000002930", "svc": "payment", "phase": "end", "ts": 4089100, "status": 200}
{"id": "v000002931", "svc": "auth", "phase": "start", "ts": 4090000, "status": 200}
{"id": "v000002931", "svc": "auth", "phase": "end", "ts": 4090100, "status": 200}
{"id": "v000002932", "svc": "gateway", "phase": "start", "ts": 4091000, "status": 200}
{"id": "v000002932", "svc": "gateway", "phase": "end", "ts": 4091100, "status": 200}
{"id": "v000002933", "svc": "payment", "phase": "start", "ts": 4092000, "status": 200}
{"id": "v000002933", "svc": "payment", "phase": "end", "ts": 4092100, "status": 200}
{"id": "v000002934", "svc": "auth", "phase": "start", "ts": 4093000, "status": 200}
{"id": "v000002934", "svc": "auth", "phase": "end", "ts": 4093100, "status": 200}
{"id": "v000002935", "svc": "gateway", "phase": "start", "ts": 4094000, "status": 200}
{"id": "v000002935", "svc": "gateway", "phase": "end", "ts": 4094100, "status": 200}
{"id": "v000002936", "svc": "payment", "phase": "start", "ts": 4095000, "status": 200}
{"id": "v000002936", "svc": "payment", "phase": "end", "ts": 4095100, "status": 200}
{"id": "v000002937", "svc": "auth", "phase": "start", "ts": 4096000, "status": 200}
{"id": "v000002937", "svc": "auth", "phase": "end", "ts": 4096100, "status": 200}
{"id": "v000002938", "svc": "gateway", "phase": "start", "ts": 4097000, "status": 200}
{"id": "v000002938", "svc": "gateway", "phase": "end", "ts": 4097100, "status": 200}
{"id": "v000002939", "svc": "payment", "phase": "start", "ts": 4098000, "status": 200}
{"id": "v000002939", "svc": "payment", "phase": "end", "ts": 4098100, "status": 200}
{"id": "v000002940", "svc": "auth", "phase": "start", "ts": 4099000, "status": 200}
{"id": "v000002940", "svc": "auth", "phase": "end", "ts": 4099100, "status": 200}
   
{"id": "m", "svc": "billing", "phase": "start", "ts": 4100000, "status": 200}
{"id": "v000002941", "svc": "gateway", "phase": "start", "ts": 4101000, "status": 200}
{"id": "v000002941", "svc": "gateway", "phase": "end", "ts": 4101100, "status": 200}
{"id": "v000002942", "svc": "payment", "phase": "start", "ts": 4102000, "status": 200}
{"id": "v000002942", "svc": "payment", "phase": "end", "ts": 4102100, "status": 200}
{"id": "v000002943", "svc": "auth", "phase": "start", "ts": 4103000, "status": 200}
{"id": "v000002943", "svc": "auth", "phase": "end", "ts": 4103100, "status": 200}
{"id": "v000002944", "svc": "gateway", "phase": "start", "ts": 4104000, "status": 200}
{"id": "v000002944", "svc": "gateway", "phase": "end", "ts": 4104100, "status": 200}
{"id": "v000002945", "svc": "payment", "phase": "start", "ts": 4105000, "status": 200}
{"id": "v000002945", "svc": "payment", "phase": "end", "ts": 4105100, "status": 200}
{"id": "v000002946", "svc": "auth", "phase": "start", "ts": 4106000, "status": 200}
{"id": "v000002946", "svc": "auth", "phase": "end", "ts": 4106100, "status": 200}
{"id": "v000002947", "svc": "gateway", "phase": "start", "ts": 4107000, "status": 200}
{"id": "v000002947", "svc": "gateway", "phase": "end", "ts": 4107100, "status": 200}
{"id": "v000002948", "svc": "payment", "phase": "start", "ts": 4108000, "status": 200}
{"id": "v000002948", "svc": "payment", "phase": "end", "ts": 4108100, "status": 200}
{"id": "v000002949", "svc": "auth", "phase": "start", "ts": 4109000, "status": 200}
{"id": "v000002949", "svc": "auth", "phase": "end", "ts": 4109100, "status": 200}
{"id": "v000002950", "svc": "gateway", "phase": "start", "ts": 4110000, "status": 200}
{"id": "v000002950", "svc": "gateway", "phase": "end", "ts": 4110100, "status": 200}
{"id": "v000002951", "svc": "payment", "phase": "start", "ts": 4111000, "status": 200}
{"id": "v000002951", "svc": "payment", "phase": "end", "ts": 4111100, "status": 200}
{"id": "v000002952", "svc": "auth", "phase": "start", "ts": 4112000, "status": 200}
{"id": "v000002952", "svc": "auth", "phase": "end", "ts": 4112100, "status": 200}
   
{"id": "v000002953", "svc": "gateway", "phase": "start", "ts": 4113000, "status": 200}
{"id": "v000002953", "svc": "gateway", "phase": "end", "ts": 4113100, "status": 200}
{"id": "v000002954", "svc": "payment", "phase": "start", "ts": 4114000, "status": 200}
{"id": "v000002954", "svc": "payment", "phase": "end", "ts": 4114100, "status": 200}
{"id": "v000002955", "svc": "auth", "phase": "start", "ts": 4115000, "status": 200}
{"id": "v000002955", "svc": "auth", "phase": "end", "ts": 4115100, "status": 200}
{"id": "v000002956", "svc": "gateway", "phase": "start", "ts": 4116000, "status": 200}
{"id": "v000002956", "svc": "gateway", "phase": "end", "ts": 4116100, "status": 200}
{"id": "v000002957", "svc": "payment", "phase": "start", "ts": 4117000, "status": 200}
{"id": "v000002957", "svc": "payment", "phase": "end", "ts": 4117100, "status": 200}
{"id": "v000002958", "svc": "auth", "phase": "start", "ts": 4118000, "status": 200}
{"id": "v000002958", "svc": "auth", "phase": "end", "ts": 4118100, "status": 200}
{"id": "v000002959", "svc": "gateway", "phase": "start", "ts": 4119000, "status": 200}
{"id": "v000002959", "svc": "gateway", "phase": "end", "ts": 4119100, "status": 200}
{"id": "v000002960", "svc": "payment", "phase": "start", "ts": 4120000, "status": 200}
{"id": "v000002960", "svc": "payment", "phase": "end", "ts": 4120100, "status": 200}
{"id": "m", "svc": "payment", "phase": "end", "ts": 4121000, "status": true}
{"id": "v000002961", "svc": "auth", "phase": "start", "ts": 4122000, "status": 200}
{"id": "v000002961", "svc": "auth", "phase": "end", "ts": 4122100, "status": 200}
{"id": "v000002962", "svc": "gateway", "phase": "start", "ts": 4123000, "status": 200}
{"id": "v000002962", "svc": "gateway", "phase": "end", "ts": 4123100, "status": 200}
{"id": "v000002963", "svc": "payment", "phase": "start", "ts": 4124000, "status": 200}
{"id": "v000002963", "svc": "payment", "phase": "end", "ts": 4124100, "status": 200}
{"id": "v000002964", "svc": "auth", "phase": "start", "ts": 4125000, "status": 200}
{"id": "v000002964", "svc": "auth", "phase": "end", "ts": 4125100, "status": 200}
   
{"id": "v000002965", "svc": "gateway", "phase": "start", "ts": 4126000, "status": 200}
{"id": "v000002965", "svc": "gateway", "phase": "end", "ts": 4126100, "status": 200}
{"id": "v000002966", "svc": "payment", "phase": "start", "ts": 4127000, "status": 200}
{"id": "v000002966", "svc": "payment", "phase": "end", "ts": 4127100, "status": 200}
{"id": "v000002967", "svc": "auth", "phase": "start", "ts": 4128000, "status": 200}
{"id": "v000002967", "svc": "auth", "phase": "end", "ts": 4128100, "status": 200}
{"id": "v000002968", "svc": "gateway", "phase": "start", "ts": 4129000, "status": 200}
{"id": "v000002968", "svc": "gateway", "phase": "end", "ts": 4129100, "status": 200}
{"id": "v000002969", "svc": "payment", "phase": "start", "ts": 4130000, "status": 200}
{"id": "v000002969", "svc": "payment", "phase": "end", "ts": 4130100, "status": 200}
{"id": "v000002970", "svc": "auth", "phase": "start", "ts": 4131000, "status": 200}
{"id": "v000002970", "svc": "auth", "phase": "end", "ts": 4131100, "status": 200}
{"id": "v000002971", "svc": "gateway", "phase": "start", "ts": 4132000, "status": 200}
{"id": "v000002971", "svc": "gateway", "phase": "end", "ts": 4132100, "status": 200}
{"id": "v000002972", "svc": "payment", "phase": "start", "ts": 4133000, "status": 200}
{"id": "v000002972", "svc": "payment", "phase": "end", "ts": 4133100, "status": 200}
{"id": "v000002973", "svc": "auth", "phase": "start", "ts": 4134000, "status": 200}
{"id": "v000002973", "svc": "auth", "phase": "end", "ts": 4134100, "status": 200}
{"id": "v000002974", "svc": "gateway", "phase": "start", "ts": 4135000, "status": 200}
{"id": "v000002974", "svc": "gateway", "phase": "end", "ts": 4135100, "status": 200}
{"id": "v000002975", "svc": "payment", "phase": "start", "ts": 4136000, "status": 200}
{"id": "v000002975", "svc": "payment", "phase": "end", "ts": 4136100, "status": 200}
{"id": "v000002976", "svc": "auth", "phase": "start", "ts": 4137000, "status": 200}
{"id": "v000002976", "svc": "auth", "phase": "end", "ts": 4137100, "status": 200}
   
{"id": "v000002977", "svc": "gateway", "phase": "start", "ts": 4138000, "status": 200}
{"id": "v000002977", "svc": "gateway", "phase": "end", "ts": 4138100, "status": 200}
{"id": "v000002978", "svc": "payment", "phase": "start", "ts": 4139000, "status": 200}
{"id": "v000002978", "svc": "payment", "phase": "end", "ts": 4139100, "status": 200}
{"id": "v000002979", "svc": "auth", "phase": "start", "ts": 4140000, "status": 200}
{"id": "v000002979", "svc": "auth", "phase": "end", "ts": 4140100, "status": 200}
{"id": "v000002980", "svc": "gateway", "phase": "start", "ts": 4141000, "status": 200}
{"id": "v000002980", "svc": "gateway", "phase": "end", "ts": 4141100, "status": 200}
{"id": "m", "svc": "auth", "phase": "start", "ts": 4142000}
{"id": "v000002981", "svc": "payment", "phase": "start", "ts": 4143000, "status": 200}
{"id": "v000002981", "svc": "payment", "phase": "end", "ts": 4143100, "status": 200}
{"id": "v000002982", "svc": "auth", "phase": "start", "ts": 4144000, "status": 200}
{"id": "v000002982", "svc": "auth", "phase": "end", "ts": 4144100, "status": 200}
{"id": "v000002983", "svc": "gateway", "phase": "start", "ts": 4145000, "status": 200}
{"id": "v000002983", "svc": "gateway", "phase": "end", "ts": 4145100, "status": 200}
{"id": "v000002984", "svc": "payment", "phase": "start", "ts": 4146000, "status": 200}
{"id": "v000002984", "svc": "payment", "phase": "end", "ts": 4146100, "status": 200}
{"id": "v000002985", "svc": "auth", "phase": "start", "ts": 4147000, "status": 200}
{"id": "v000002985", "svc": "auth", "phase": "end", "ts": 4147100, "status": 200}
{"id": "v000002986", "svc": "gateway", "phase": "start", "ts": 4148000, "status": 200}
{"id": "v000002986", "svc": "gateway", "phase": "end", "ts": 4148100, "status": 200}
{"id": "v000002987", "svc": "payment", "phase": "start", "ts": 4149000, "status": 200}
{"id": "v000002987", "svc": "payment", "phase": "end", "ts": 4149100, "status": 200}
{"id": "v000002988", "svc": "auth", "phase": "start", "ts": 4150000, "status": 200}
{"id": "v000002988", "svc": "auth", "phase": "end", "ts": 4150100, "status": 200}
   
{"id": "v000002989", "svc": "gateway", "phase": "start", "ts": 4151000, "status": 200}
{"id": "v000002989", "svc": "gateway", "phase": "end", "ts": 4151100, "status": 200}
{"id": "v000002990", "svc": "payment", "phase": "start", "ts": 4152000, "status": 200}
{"id": "v000002990", "svc": "payment", "phase": "end", "ts": 4152100, "status": 200}
{"id": "v000002991", "svc": "auth", "phase": "start", "ts": 4153000, "status": 200}
{"id": "v000002991", "svc": "auth", "phase": "end", "ts": 4153100, "status": 200}
{"id": "v000002992", "svc": "gateway", "phase": "start", "ts": 4154000, "status": 200}
{"id": "v000002992", "svc": "gateway", "phase": "end", "ts": 4154100, "status": 200}
{"id": "v000002993", "svc": "payment", "phase": "start", "ts": 4155000, "status": 200}
{"id": "v000002993", "svc": "payment", "phase": "end", "ts": 4155100, "status": 200}
{"id": "v000002994", "svc": "auth", "phase": "start", "ts": 4156000, "status": 200}
{"id": "v000002994", "svc": "auth", "phase": "end", "ts": 4156100, "status": 200}
{"id": "v000002995", "svc": "gateway", "phase": "start", "ts": 4157000, "status": 200}
{"id": "v000002995", "svc": "gateway", "phase": "end", "ts": 4157100, "status": 200}
{"id": "v000002996", "svc": "payment", "phase": "start", "ts": 4158000, "status": 200}
{"id": "v000002996", "svc": "payment", "phase": "end", "ts": 4158100, "status": 200}
{"id": "v000002997", "svc": "auth", "phase": "start", "ts": 4159000, "status": 200}
{"id": "v000002997", "svc": "auth", "phase": "end", "ts": 4159100, "status": 200}
{"id": "v000002998", "svc": "gateway", "phase": "start", "ts": 4160000, "status": 200}
{"id": "v000002998", "svc": "gateway", "phase": "end", "ts": 4160100, "status": 200}
{"id": "v000002999", "svc": "payment", "phase": "start", "ts": 4161000, "status": 200}
{"id": "v000002999", "svc": "payment", "phase": "end", "ts": 4161100, "status": 200}
{"id": "t000000000", "svc": "auth", "phase": "start", "ts": 4162000, "status": 200}
{"id": "t000000000", "svc": "auth", "phase": "end", "ts": 4162100, "status": 500}
{"id": "t000000001", "svc": "gateway", "phase": "start", "ts": 4163000, "status": 200}
{"id": "t000000001", "svc": "gateway", "phase": "end", "ts": 4163100, "status": 200}
{"id": "t000000002", "svc": "payment", "phase": "start", "ts": 4164000, "status": 200}
{"id": "t000000002", "svc": "payment", "phase": "end", "ts": 4164100, "status": 200}
{"id": "t000000003", "svc": "auth", "phase": "start", "ts": 4165000, "status": 200}
{"id": "t000000003", "svc": "auth", "phase": "end", "ts": 4165100, "status": 200}
{"id": "t000000004", "svc": "gateway", "phase": "start", "ts": 4166000, "status": 200}
{"id": "t000000004", "svc": "gateway", "phase": "end", "ts": 4166100, "status": 200}
{"id": "t000000005", "svc": "payment", "phase": "start", "ts": 4167000, "status": 200}
{"id": "t000000005", "svc": "payment", "phase": "end", "ts": 4167100, "status": 200}
{"id": "t000000006", "svc": "auth", "phase": "start", "ts": 4168000, "status": 200}
{"id": "t000000006", "svc": "auth", "phase": "end", "ts": 4168100, "status": 200}
{"id": "t000000007", "svc": "gateway", "phase": "start", "ts": 4169000, "status": 200}
{"id": "t000000007", "svc": "gateway", "phase": "end", "ts": 4169100, "status": 200}
{"id": "t000000008", "svc": "payment", "phase": "start", "ts": 4170000, "status": 200}
{"id": "t000000008", "svc": "payment", "phase": "end", "ts": 4170100, "status": 500}
{"id": "t000000009", "svc": "auth", "phase": "start", "ts": 4171000, "status": 200}
{"id": "t000000009", "svc": "auth", "phase": "end", "ts": 4171100, "status": 200}
{"id": "t000000010", "svc": "gateway", "phase": "start", "ts": 4172000, "status": 200}
{"id": "t000000010", "svc": "gateway", "phase": "end", "ts": 4172100, "status": 200}
{"id": "t000000011", "svc": "payment", "phase": "start", "ts": 4173000, "status": 200}
{"id": "t000000011", "svc": "payment", "phase": "end", "ts": 4173100, "status": 200}
{"id": "t000000012", "svc": "auth", "phase": "start", "ts": 4174000, "status": 200}
{"id": "t000000012", "svc": "auth", "phase": "end", "ts": 4174100, "status": 200}
{"id": "t000000013", "svc": "gateway", "phase": "start", "ts": 4175000, "status": 200}
{"id": "t000000013", "svc": "gateway", "phase": "end", "ts": 4175100, "status": 200}
{"id": "t000000014", "svc": "payment", "phase": "start", "ts": 4176000, "status": 200}
{"id": "t000000014", "svc": "payment", "phase": "end", "ts": 4176100, "status": 200}
{"id": "t000000015", "svc": "auth", "phase": "start", "ts": 4177000, "status": 200}
{"id": "t000000015", "svc": "auth", "phase": "end", "ts": 4177100, "status": 200}
{"id": "t000000016", "svc": "gateway", "phase": "start", "ts": 4178000, "status": 200}
{"id": "t000000016", "svc": "gateway", "phase": "end", "ts": 4178100, "status": 500}
{"id": "t000000017", "svc": "payment", "phase": "start", "ts": 4179000, "status": 200}
{"id": "t000000017", "svc": "payment", "phase": "end", "ts": 4179100, "status": 200}
{"id": "t000000018", "svc": "auth", "phase": "start", "ts": 4180000, "status": 200}
{"id": "t000000018", "svc": "auth", "phase": "end", "ts": 4180100, "status": 200}
{"id": "t000000019", "svc": "gateway", "phase": "start", "ts": 4181000, "status": 200}
{"id": "t000000019", "svc": "gateway", "phase": "end", "ts": 4181100, "status": 200}
{"id": "t000000020", "svc": "payment", "phase": "start", "ts": 4182000, "status": 200}
{"id": "t000000020", "svc": "payment", "phase": "end", "ts": 4182100, "status": 200}
{"id": "t000000021", "svc": "auth", "phase": "start", "ts": 4183000, "status": 200}
{"id": "t000000021", "svc": "auth", "phase": "end", "ts": 4183100, "status": 200}
{"id": "t000000022", "svc": "gateway", "phase": "start", "ts": 4184000, "status": 200}
{"id": "t000000022", "svc": "gateway", "phase": "end", "ts": 4184100, "status": 200}
{"id": "t000000023", "svc": "payment", "phase": "start", "ts": 4185000, "status": 200}
{"id": "t000000023", "svc": "payment", "phase": "end", "ts": 4185100, "status": 200}
{"id": "t000000024", "svc": "auth", "phase": "start", "ts": 4186000, "status": 200}
{"id": "t000000024", "svc": "auth", "phase": "end", "ts": 4186100, "status": 500}
{"id": "t000000025", "svc": "gateway", "phase": "start", "ts": 4187000, "status": 200}
{"id": "t000000025", "svc": "gateway", "phase": "end", "ts": 4187100, "status": 200}
{"id": "t000000026", "svc": "payment", "phase": "start", "ts": 4188000, "status": 200}
{"id": "t000000026", "svc": "payment", "phase": "end", "ts": 4188100, "status": 200}
{"id": "t000000027", "svc": "auth", "phase": "start", "ts": 4189000, "status": 200}
{"id": "t000000027", "svc": "auth", "phase": "end", "ts": 4189100, "status": 200}
{"id": "t000000028", "svc": "gateway", "phase": "start", "ts": 4190000, "status": 200}
{"id": "t000000028", "svc": "gateway", "phase": "end", "ts": 4190100, "status": 200}
{"id": "t000000029", "svc": "payment", "phase": "start", "ts": 4191000, "status": 200}
{"id": "t000000029", "svc": "payment", "phase": "end", "ts": 4191100, "status": 200}
{"id": "t000000030", "svc": "auth", "phase": "start", "ts": 4192000, "status": 200}
{"id": "t000000030", "svc": "auth", "phase": "end", "ts": 4192100, "status": 200}
{"id": "t000000031", "svc": "gateway", "phase": "start", "ts": 4193000, "status": 200}
{"id": "t000000031", "svc": "gateway", "phase": "end", "ts": 4193100, "status": 200}
{"id": "t000000032", "svc": "payment", "phase": "start", "ts": 4194000, "status": 200}
{"id": "t000000032", "svc": "payment", "phase": "end", "ts": 4194100, "status": 500}
{"id": "t000000033", "svc": "auth", "phase": "start", "ts": 4195000, "status": 200}
{"id": "t000000033", "svc": "auth", "phase": "end", "ts": 4195100, "status": 200}
{"id": "t000000034", "svc": "gateway", "phase": "start", "ts": 4196000, "status": 200}
{"id": "t000000034", "svc": "gateway", "phase": "end", "ts": 4196100, "status": 200}
{"id": "t000000035", "svc": "payment", "phase": "start", "ts": 4197000, "status": 200}
{"id": "t000000035", "svc": "payment", "phase": "end", "ts": 4197100, "status": 200}
{"id": "t000000036", "svc": "auth", "phase": "start", "ts": 4198000, "status": 200}
{"id": "t000000036", "svc": "auth", "phase": "end", "ts": 4198100, "status": 200}
{"id": "t000000037", "svc": "gateway", "phase": "start", "ts": 4199000, "status": 200}
{"id": "t000000037", "svc": "gateway", "phase": "end", "ts": 4199100, "status": 200}
{"id": "t000000038", "svc": "payment", "phase": "start", "ts": 4200000, "status": 200}
{"id": "t000000038", "svc": "payment", "phase": "end", "ts": 4200100, "status": 200}
{"id": "t000000039", "svc": "auth", "phase": "start", "ts": 4201000, "status": 200}
{"id": "t000000039", "svc": "auth", "phase": "end", "ts": 4201100, "status": 200}
{"id": "t000000040", "svc": "gateway", "phase": "start", "ts": 4202000, "status": 200}
{"id": "t000000040", "svc": "gateway", "phase": "end", "ts": 4202100, "status": 500}
{"id": "t000000041", "svc": "payment", "phase": "start", "ts": 4203000, "status": 200}
{"id": "t000000041", "svc": "payment", "phase": "end", "ts": 4203100, "status": 200}
{"id": "t000000042", "svc": "auth", "phase": "start", "ts": 4204000, "status": 200}
{"id": "t000000042", "svc": "auth", "phase": "end", "ts": 4204100, "status": 200}
{"id": "t000000043", "svc": "gateway", "phase": "start", "ts": 4205000, "status": 200}
{"id": "t000000043", "svc": "gateway", "phase": "end", "ts": 4205100, "status": 200}
{"id": "t000000044", "svc": "payment", "phase": "start", "ts": 4206000, "status": 200}
{"id": "t000000044", "svc": "payment", "phase": "end", "ts": 4206100, "status": 200}
{"id": "t000000045", "svc": "auth", "phase": "start", "ts": 4207000, "status": 200}
{"id": "t000000045", "svc": "auth", "phase": "end", "ts": 4207100, "status": 200}
{"id": "t000000046", "svc": "gateway", "phase": "start", "ts": 4208000, "status": 200}
{"id": "t000000046", "svc": "gateway", "phase": "end", "ts": 4208100, "status": 200}
{"id": "t000000047", "svc": "payment", "phase": "start", "ts": 4209000, "status": 200}
{"id": "t000000047", "svc": "payment", "phase": "end", "ts": 4209100, "status": 200}
{"id": "t000000048", "svc": "auth", "phase": "start", "ts": 4210000, "status": 200}
{"id": "t000000048", "svc": "auth", "phase": "end", "ts": 4210100, "status": 500}
{"id": "t000000049", "svc": "gateway", "phase": "start", "ts": 4211000, "status": 200}
{"id": "t000000049", "svc": "gateway", "phase": "end", "ts": 4211100, "status": 200}
{"id": "t000000050", "svc": "payment", "phase": "start", "ts": 4212000, "status": 200}
{"id": "t000000050", "svc": "payment", "phase": "end", "ts": 4212100, "status": 200}
{"id": "t000000051", "svc": "auth", "phase": "start", "ts": 4213000, "status": 200}
{"id": "t000000051", "svc": "auth", "phase": "end", "ts": 4213100, "status": 200}
{"id": "t000000052", "svc": "gateway", "phase": "start", "ts": 4214000, "status": 200}
{"id": "t000000052", "svc": "gateway", "phase": "end", "ts": 4214100, "status": 200}
{"id": "t000000053", "svc": "payment", "phase": "start", "ts": 4215000, "status": 200}
{"id": "t000000053", "svc": "payment", "phase": "end", "ts": 4215100, "status": 200}
{"id": "t000000054", "svc": "auth", "phase": "start", "ts": 4216000, "status": 200}
{"id": "t000000054", "svc": "auth", "phase": "end", "ts": 4216100, "status": 200}
{"id": "t000000055", "svc": "gateway", "phase": "start", "ts": 4217000, "status": 200}
{"id": "t000000055", "svc": "gateway", "phase": "end", "ts": 4217100, "status": 200}
{"id": "t000000056", "svc": "payment", "phase": "start", "ts": 4218000, "status": 200}
{"id": "t000000056", "svc": "payment", "phase": "end", "ts": 4218100, "status": 500}
{"id": "t000000057", "svc": "auth", "phase": "start", "ts": 4219000, "status": 200}
{"id": "t000000057", "svc": "auth", "phase": "end", "ts": 4219100, "status": 200}
{"id": "t000000058", "svc": "gateway", "phase": "start", "ts": 4220000, "status": 200}
{"id": "t000000058", "svc": "gateway", "phase": "end", "ts": 4220100, "status": 200}
{"id": "t000000059", "svc": "payment", "phase": "start", "ts": 4221000, "status": 200}
{"id": "t000000059", "svc": "payment", "phase": "end", "ts": 4221100, "status": 200}
{"id": "t000000060", "svc": "auth", "phase": "start", "ts": 4222000, "status": 200}
{"id": "t000000060", "svc": "auth", "phase": "end", "ts": 4222100, "status": 200}
{"id": "t000000061", "svc": "gateway", "phase": "start", "ts": 4223000, "status": 200}
{"id": "t000000061", "svc": "gateway", "phase": "end", "ts": 4223100, "status": 200}
{"id": "t000000062", "svc": "payment", "phase": "start", "ts": 4224000, "status": 200}
{"id": "t000000062", "svc": "payment", "phase": "end", "ts": 4224100, "status": 200}
{"id": "t000000063", "svc": "auth", "phase": "start", "ts": 4225000, "status": 200}
{"id": "t000000063", "svc": "auth", "phase": "end", "ts": 4225100, "status": 200}
{"id": "t000000064", "svc": "gateway", "phase": "start", "ts": 4226000, "status": 200}
{"id": "t000000064", "svc": "gateway", "phase": "end", "ts": 4226100, "status": 500}
{"id": "t000000065", "svc": "payment", "phase": "start", "ts": 4227000, "status": 200}
{"id": "t000000065", "svc": "payment", "phase": "end", "ts": 4227100, "status": 200}
{"id": "t000000066", "svc": "auth", "phase": "start", "ts": 4228000, "status": 200}
{"id": "t000000066", "svc": "auth", "phase": "end", "ts": 4228100, "status": 200}
{"id": "t000000067", "svc": "gateway", "phase": "start", "ts": 4229000, "status": 200}
{"id": "t000000067", "svc": "gateway", "phase": "end", "ts": 4229100, "status": 200}
{"id": "t000000068", "svc": "payment", "phase": "start", "ts": 4230000, "status": 200}
{"id": "t000000068", "svc": "payment", "phase": "end", "ts": 4230100, "status": 200}
{"id": "t000000069", "svc": "auth", "phase": "start", "ts": 4231000, "status": 200}
{"id": "t000000069", "svc": "auth", "phase": "end", "ts": 4231100, "status": 200}
{"id": "t000000070", "svc": "gateway", "phase": "start", "ts": 4232000, "status": 200}
{"id": "t000000070", "svc": "gateway", "phase": "end", "ts": 4232100, "status": 200}
{"id": "t000000071", "svc": "payment", "phase": "start", "ts": 4233000, "status": 200}
{"id": "t000000071", "svc": "payment", "phase": "end", "ts": 4233100, "status": 200}
{"id": "t000000072", "svc": "auth", "phase": "start", "ts": 4234000, "status": 200}
{"id": "t000000072", "svc": "auth", "phase": "end", "ts": 4234100, "status": 500}
{"id": "t000000073", "svc": "gateway", "phase": "start", "ts": 4235000, "status": 200}
{"id": "t000000073", "svc": "gateway", "phase": "end", "ts": 4235100, "status": 200}
{"id": "t000000074", "svc": "payment", "phase": "start", "ts": 4236000, "status": 200}
{"id": "t000000074", "svc": "payment", "phase": "end", "ts": 4236100, "status": 200}
{"id": "t000000075", "svc": "auth", "phase": "start", "ts": 4237000, "status": 200}
{"id": "t000000075", "svc": "auth", "phase": "end", "ts": 4237100, "status": 200}
{"id": "t000000076", "svc": "gateway", "phase": "start", "ts": 4238000, "status": 200}
{"id": "t000000076", "svc": "gateway", "phase": "end", "ts": 4238100, "status": 200}
{"id": "t000000077", "svc": "payment", "phase": "start", "ts": 4239000, "status": 200}
{"id": "t000000077", "svc": "payment", "phase": "end", "ts": 4239100, "status": 200}
{"id": "t000000078", "svc": "auth", "phase": "start", "ts": 4240000, "status": 200}
{"id": "t000000078", "svc": "auth", "phase": "end", "ts": 4240100, "status": 200}
{"id": "t000000079", "svc": "gateway", "phase": "start", "ts": 4241000, "status": 200}
{"id": "t000000079", "svc": "gateway", "phase": "end", "ts": 4241100, "status": 200}
{"id": "t000000080", "svc": "payment", "phase": "start", "ts": 4242000, "status": 200}
{"id": "t000000080", "svc": "payment", "phase": "end", "ts": 4242100, "status": 500}
{"id": "t000000081", "svc": "auth", "phase": "start", "ts": 4243000, "status": 200}
{"id": "t000000081", "svc": "auth", "phase": "end", "ts": 4243100, "status": 200}
{"id": "t000000082", "svc": "gateway", "phase": "start", "ts": 4244000, "status": 200}
{"id": "t000000082", "svc": "gateway", "phase": "end", "ts": 4244100, "status": 200}
{"id": "t000000083", "svc": "payment", "phase": "start", "ts": 4245000, "status": 200}
{"id": "t000000083", "svc": "payment", "phase": "end", "ts": 4245100, "status": 200}
{"id": "t000000084", "svc": "auth", "phase": "start", "ts": 4246000, "status": 200}
{"id": "t000000084", "svc": "auth", "phase": "end", "ts": 4246100, "status": 200}
{"id": "t000000085", "svc": "gateway", "phase": "start", "ts": 4247000, "status": 200}
{"id": "t000000085", "svc": "gateway", "phase": "end", "ts": 4247100, "status": 200}
{"id": "t000000086", "svc": "payment", "phase": "start", "ts": 4248000, "status": 200}
{"id": "t000000086", "svc": "payment", "phase": "end", "ts": 4248100, "status": 200}
{"id": "t000000087", "svc": "auth", "phase": "start", "ts": 4249000, "status": 200}
{"id": "t000000087", "svc": "auth", "phase": "end", "ts": 4249100, "status": 200}
{"id": "t000000088", "svc": "gateway", "phase": "start", "ts": 4250000, "status": 200}
{"id": "t000000088", "svc": "gateway", "phase": "end", "ts": 4250100, "status": 500}
{"id": "t000000089", "svc": "payment", "phase": "start", "ts": 4251000, "status": 200}
{"id": "t000000089", "svc": "payment", "phase": "end", "ts": 4251100, "status": 200}
{"id": "t000000090", "svc": "auth", "phase": "start", "ts": 4252000, "status": 200}
{"id": "t000000090", "svc": "auth", "phase": "end", "ts": 4252100, "status": 200}
{"id": "t000000091", "svc": "gateway", "phase": "start", "ts": 4253000, "status": 200}
{"id": "t000000091", "svc": "gateway", "phase": "end", "ts": 4253100, "status": 200}
{"id": "t000000092", "svc": "payment", "phase": "start", "ts": 4254000, "status": 200}
{"id": "t000000092", "svc": "payment", "phase": "end", "ts": 4254100, "status": 200}
{"id": "t000000093", "svc": "auth", "phase": "start", "ts": 4255000, "status": 200}
{"id": "t000000093", "svc": "auth", "phase": "end", "ts": 4255100, "status": 200}
{"id": "t000000094", "svc": "gateway", "phase": "start", "ts": 4256000, "status": 200}
{"id": "t000000094", "svc": "gateway", "phase": "end", "ts": 4256100, "status": 200}
{"id": "t000000095", "svc": "payment", "phase": "start", "ts": 4257000, "status": 200}
{"id": "t000000095", "svc": "payment", "phase": "end", "ts": 4257100, "status": 200}
{"id": "t000000096", "svc": "auth", "phase": "start", "ts": 4258000, "status": 200}
{"id": "t000000096", "svc": "auth", "phase": "end", "ts": 4258100, "status": 500}
{"id": "t000000097", "svc": "gateway", "phase": "start", "ts": 4259000, "status": 200}
{"id": "t000000097", "svc": "gateway", "phase": "end", "ts": 4259100, "status": 200}
{"id": "t000000098", "svc": "payment", "phase": "start", "ts": 4260000, "status": 200}
{"id": "t000000098", "svc": "payment", "phase": "end", "ts": 4260100, "status": 200}
{"id": "t000000099", "svc": "auth", "phase": "start", "ts": 4261000, "status": 200}
{"id": "t000000099", "svc": "auth", "phase": "end", "ts": 4261100, "status": 200}
{"id": "t000000100", "svc": "gateway", "phase": "start", "ts": 4262000, "status": 200}
{"id": "t000000100", "svc": "gateway", "phase": "end", "ts": 4262100, "status": 200}
{"id": "t000000101", "svc": "payment", "phase": "start", "ts": 4263000, "status": 200}
{"id": "t000000101", "svc": "payment", "phase": "end", "ts": 4263100, "status": 200}
{"id": "t000000102", "svc": "auth", "phase": "start", "ts": 4264000, "status": 200}
{"id": "t000000102", "svc": "auth", "phase": "end", "ts": 4264100, "status": 200}
{"id": "t000000103", "svc": "gateway", "phase": "start", "ts": 4265000, "status": 200}
{"id": "t000000103", "svc": "gateway", "phase": "end", "ts": 4265100, "status": 200}
{"id": "t000000104", "svc": "payment", "phase": "start", "ts": 4266000, "status": 200}
{"id": "t000000104", "svc": "payment", "phase": "end", "ts": 4266100, "status": 500}
{"id": "t000000105", "svc": "auth", "phase": "start", "ts": 4267000, "status": 200}
{"id": "t000000105", "svc": "auth", "phase": "end", "ts": 4267100, "status": 200}
{"id": "t000000106", "svc": "gateway", "phase": "start", "ts": 4268000, "status": 200}
{"id": "t000000106", "svc": "gateway", "phase": "end", "ts": 4268100, "status": 200}
{"id": "t000000107", "svc": "payment", "phase": "start", "ts": 4269000, "status": 200}
{"id": "t000000107", "svc": "payment", "phase": "end", "ts": 4269100, "status": 200}
{"id": "t000000108", "svc": "auth", "phase": "start", "ts": 4270000, "status": 200}
{"id": "t000000108", "svc": "auth", "phase": "end", "ts": 4270100, "status": 200}
{"id": "t000000109", "svc": "gateway", "phase": "start", "ts": 4271000, "status": 200}
{"id": "t000000109", "svc": "gateway", "phase": "end", "ts": 4271100, "status": 200}
{"id": "t000000110", "svc": "payment", "phase": "start", "ts": 4272000, "status": 200}
{"id": "t000000110", "svc": "payment", "phase": "end", "ts": 4272100, "status": 200}
{"id": "t000000111", "svc": "auth", "phase": "start", "ts": 4273000, "status": 200}
{"id": "t000000111", "svc": "auth", "phase": "end", "ts": 4273100, "status": 200}
{"id": "t000000112", "svc": "gateway", "phase": "start", "ts": 4274000, "status": 200}
{"id": "t000000112", "svc": "gateway", "phase": "end", "ts": 4274100, "status": 500}
{"id": "t000000113", "svc": "payment", "phase": "start", "ts": 4275000, "status": 200}
{"id": "t000000113", "svc": "payment", "phase": "end", "ts": 4275100, "status": 200}
{"id": "t000000114", "svc": "auth", "phase": "start", "ts": 4276000, "status": 200}
{"id": "t000000114", "svc": "auth", "phase": "end", "ts": 4276100, "status": 200}
{"id": "t000000115", "svc": "gateway", "phase": "start", "ts": 4277000, "status": 200}
{"id": "t000000115", "svc": "gateway", "phase": "end", "ts": 4277100, "status": 200}
{"id": "t000000116", "svc": "payment", "phase": "start", "ts": 4278000, "status": 200}
{"id": "t000000116", "svc": "payment", "phase": "end", "ts": 4278100, "status": 200}
{"id": "t000000117", "svc": "auth", "phase": "start", "ts": 4279000, "status": 200}
{"id": "t000000117", "svc": "auth", "phase": "end", "ts": 4279100, "status": 200}
{"id": "t000000118", "svc": "gateway", "phase": "start", "ts": 4280000, "status": 200}
{"id": "t000000118", "svc": "gateway", "phase": "end", "ts": 4280100, "status": 200}
{"id": "t000000119", "svc": "payment", "phase": "start", "ts": 4281000, "status": 200}
{"id": "t000000119", "svc": "payment", "phase": "end", "ts": 4281100, "status": 200}
{"id": "t000000120", "svc": "auth", "phase": "start", "ts": 4282000, "status": 200}
{"id": "t000000120", "svc": "auth", "phase": "end", "ts": 4282100, "status": 500}
{"id": "t000000121", "svc": "gateway", "phase": "start", "ts": 4283000, "status": 200}
{"id": "t000000121", "svc": "gateway", "phase": "end", "ts": 4283100, "status": 200}
{"id": "t000000122", "svc": "payment", "phase": "start", "ts": 4284000, "status": 200}
{"id": "t000000122", "svc": "payment", "phase": "end", "ts": 4284100, "status": 200}
{"id": "t000000123", "svc": "auth", "phase": "start", "ts": 4285000, "status": 200}
{"id": "t000000123", "svc": "auth", "phase": "end", "ts": 4285100, "status": 200}
{"id": "t000000124", "svc": "gateway", "phase": "start", "ts": 4286000, "status": 200}
{"id": "t000000124", "svc": "gateway", "phase": "end", "ts": 4286100, "status": 200}
{"id": "t000000125", "svc": "payment", "phase": "start", "ts": 4287000, "status": 200}
{"id": "t000000125", "svc": "payment", "phase": "end", "ts": 4287100, "status": 200}
{"id": "t000000126", "svc": "auth", "phase": "start", "ts": 4288000, "status": 200}
{"id": "t000000126", "svc": "auth", "phase": "end", "ts": 4288100, "status": 200}
{"id": "t000000127", "svc": "gateway", "phase": "start", "ts": 4289000, "status": 200}
{"id": "t000000127", "svc": "gateway", "phase": "end", "ts": 4289100, "status": 200}
{"id": "t000000128", "svc": "payment", "phase": "start", "ts": 4290000, "status": 200}
{"id": "t000000128", "svc": "payment", "phase": "end", "ts": 4290100, "status": 500}
{"id": "t000000129", "svc": "auth", "phase": "start", "ts": 4291000, "status": 200}
{"id": "t000000129", "svc": "auth", "phase": "end", "ts": 4291100, "status": 200}
{"id": "t000000130", "svc": "gateway", "phase": "start", "ts": 4292000, "status": 200}
{"id": "t000000130", "svc": "gateway", "phase": "end", "ts": 4292100, "status": 200}
{"id": "t000000131", "svc": "payment", "phase": "start", "ts": 4293000, "status": 200}
{"id": "t000000131", "svc": "payment", "phase": "end", "ts": 4293100, "status": 200}
{"id": "t000000132", "svc": "auth", "phase": "start", "ts": 4294000, "status": 200}
{"id": "t000000132", "svc": "auth", "phase": "end", "ts": 4294100, "status": 200}
{"id": "t000000133", "svc": "gateway", "phase": "start", "ts": 4295000, "status": 200}
{"id": "t000000133", "svc": "gateway", "phase": "end", "ts": 4295100, "status": 200}
{"id": "t000000134", "svc": "payment", "phase": "start", "ts": 4296000, "status": 200}
{"id": "t000000134", "svc": "payment", "phase": "end", "ts": 4296100, "status": 200}
{"id": "t000000135", "svc": "auth", "phase": "start", "ts": 4297000, "status": 200}
{"id": "t000000135", "svc": "auth", "phase": "end", "ts": 4297100, "status": 200}
{"id": "t000000136", "svc": "gateway", "phase": "start", "ts": 4298000, "status": 200}
{"id": "t000000136", "svc": "gateway", "phase": "end", "ts": 4298100, "status": 500}
{"id": "t000000137", "svc": "payment", "phase": "start", "ts": 4299000, "status": 200}
{"id": "t000000137", "svc": "payment", "phase": "end", "ts": 4299100, "status": 200}
{"id": "t000000138", "svc": "auth", "phase": "start", "ts": 4300000, "status": 200}
{"id": "t000000138", "svc": "auth", "phase": "end", "ts": 4300100, "status": 200}
{"id": "t000000139", "svc": "gateway", "phase": "start", "ts": 4301000, "status": 200}
{"id": "t000000139", "svc": "gateway", "phase": "end", "ts": 4301100, "status": 200}
{"id": "t000000140", "svc": "payment", "phase": "start", "ts": 4302000, "status": 200}
{"id": "t000000140", "svc": "payment", "phase": "end", "ts": 4302100, "status": 200}
{"id": "t000000141", "svc": "auth", "phase": "start", "ts": 4303000, "status": 200}
{"id": "t000000141", "svc": "auth", "phase": "end", "ts": 4303100, "status": 200}
{"id": "t000000142", "svc": "gateway", "phase": "start", "ts": 4304000, "status": 200}
{"id": "t000000142", "svc": "gateway", "phase": "end", "ts": 4304100, "status": 200}
{"id": "t000000143", "svc": "payment", "phase": "start", "ts": 4305000, "status": 200}
{"id": "t000000143", "svc": "payment", "phase": "end", "ts": 4305100, "status": 200}
{"id": "t000000144", "svc": "auth", "phase": "start", "ts": 4306000, "status": 200}
{"id": "t000000144", "svc": "auth", "phase": "end", "ts": 4306100, "status": 500}
{"id": "t000000145", "svc": "gateway", "phase": "start", "ts": 4307000, "status": 200}
{"id": "t000000145", "svc": "gateway", "phase": "end", "ts": 4307100, "status": 200}
{"id": "t000000146", "svc": "payment", "phase": "start", "ts": 4308000, "status": 200}
{"id": "t000000146", "svc": "payment", "phase": "end", "ts": 4308100, "status": 200}
{"id": "t000000147", "svc": "auth", "phase": "start", "ts": 4309000, "status": 200}
{"id": "t000000147", "svc": "auth", "phase": "end", "ts": 4309100, "status": 200}
{"id": "t000000148", "svc": "gateway", "phase": "start", "ts": 4310000, "status": 200}
{"id": "t000000148", "svc": "gateway", "phase": "end", "ts": 4310100, "status": 200}
{"id": "t000000149", "svc": "payment", "phase": "start", "ts": 4311000, "status": 200}
{"id": "t000000149", "svc": "payment", "phase": "end", "ts": 4311100, "status": 200}
{"id": "t000000150", "svc": "auth", "phase": "start", "ts": 4312000, "status": 200}
{"id": "t000000150", "svc": "auth", "phase": "end", "ts": 4312100, "status": 200}
{"id": "t000000151", "svc": "gateway", "phase": "start", "ts": 4313000, "status": 200}
{"id": "t000000151", "svc": "gateway", "phase": "end", "ts": 4313100, "status": 200}
{"id": "t000000152", "svc": "payment", "phase": "start", "ts": 4314000, "status": 200}
{"id": "t000000152", "svc": "payment", "phase": "end", "ts": 4314100, "status": 500}
{"id": "t000000153", "svc": "auth", "phase": "start", "ts": 4315000, "status": 200}
{"id": "t000000153", "svc": "auth", "phase": "end", "ts": 4315100, "status": 200}
{"id": "t000000154", "svc": "gateway", "phase": "start", "ts": 4316000, "status": 200}
{"id": "t000000154", "svc": "gateway", "phase": "end", "ts": 4316100, "status": 200}
{"id": "t000000155", "svc": "payment", "phase": "start", "ts": 4317000, "status": 200}
{"id": "t000000155", "svc": "payment", "phase": "end", "ts": 4317100, "status": 200}
{"id": "t000000156", "svc": "auth", "phase": "start", "ts": 4318000, "status": 200}
{"id": "t000000156", "svc": "auth", "phase": "end", "ts": 4318100, "status": 200}
{"id": "t000000157", "svc": "gateway", "phase": "start", "ts": 4319000, "status": 200}
{"id": "t000000157", "svc": "gateway", "phase": "end", "ts": 4319100, "status": 200}
{"id": "t000000158", "svc": "payment", "phase": "start", "ts": 4320000, "status": 200}
{"id": "t000000158", "svc": "payment", "phase": "end", "ts": 4320100, "status": 200}
{"id": "t000000159", "svc": "auth", "phase": "start", "ts": 4321000, "status": 200}
{"id": "t000000159", "svc": "auth", "phase": "end", "ts": 4321100, "status": 200}
{"id": "t000000160", "svc": "gateway", "phase": "start", "ts": 4322000, "status": 200}
{"id": "t000000160", "svc": "gateway", "phase": "end", "ts": 4322100, "status": 500}
{"id": "t000000161", "svc": "payment", "phase": "start", "ts": 4323000, "status": 200}
{"id": "t000000161", "svc": "payment", "phase": "end", "ts": 4323100, "status": 200}
{"id": "t000000162", "svc": "auth", "phase": "start", "ts": 4324000, "status": 200}
{"id": "t000000162", "svc": "auth", "phase": "end", "ts": 4324100, "status": 200}
{"id": "t000000163", "svc": "gateway", "phase": "start", "ts": 4325000, "status": 200}
{"id": "t000000163", "svc": "gateway", "phase": "end", "ts": 4325100, "status": 200}
{"id": "t000000164", "svc": "payment", "phase": "start", "ts": 4326000, "status": 200}
{"id": "t000000164", "svc": "payment", "phase": "end", "ts": 4326100, "status": 200}
{"id": "t000000165", "svc": "auth", "phase": "start", "ts": 4327000, "status": 200}
{"id": "t000000165", "svc": "auth", "phase": "end", "ts": 4327100, "status": 200}
{"id": "t000000166", "svc": "gateway", "phase": "start", "ts": 4328000, "status": 200}
{"id": "t000000166", "svc": "gateway", "phase": "end", "ts": 4328100, "status": 200}
{"id": "t000000167", "svc": "payment", "phase": "start", "ts": 4329000, "status": 200}
{"id": "t000000167", "svc": "payment", "phase": "end", "ts": 4329100, "status": 200}
{"id": "t000000168", "svc": "auth", "phase": "start", "ts": 4330000, "status": 200}
{"id": "t000000168", "svc": "auth", "phase": "end", "ts": 4330100, "status": 500}
{"id": "t000000169", "svc": "gateway", "phase": "start", "ts": 4331000, "status": 200}
{"id": "t000000169", "svc": "gateway", "phase": "end", "ts": 4331100, "status": 200}
{"id": "t000000170", "svc": "payment", "phase": "start", "ts": 4332000, "status": 200}
{"id": "t000000170", "svc": "payment", "phase": "end", "ts": 4332100, "status": 200}
{"id": "t000000171", "svc": "auth", "phase": "start", "ts": 4333000, "status": 200}
{"id": "t000000171", "svc": "auth", "phase": "end", "ts": 4333100, "status": 200}
{"id": "t000000172", "svc": "gateway", "phase": "start", "ts": 4334000, "status": 200}
{"id": "t000000172", "svc": "gateway", "phase": "end", "ts": 4334100, "status": 200}
{"id": "t000000173", "svc": "payment", "phase": "start", "ts": 4335000, "status": 200}
{"id": "t000000173", "svc": "payment", "phase": "end", "ts": 4335100, "status": 200}
{"id": "t000000174", "svc": "auth", "phase": "start", "ts": 4336000, "status": 200}
{"id": "t000000174", "svc": "auth", "phase": "end", "ts": 4336100, "status": 200}
{"id": "t000000175", "svc": "gateway", "phase": "start", "ts": 4337000, "status": 200}
{"id": "t000000175", "svc": "gateway", "phase": "end", "ts": 4337100, "status": 200}
{"id": "t000000176", "svc": "payment", "phase": "start", "ts": 4338000, "status": 200}
{"id": "t000000176", "svc": "payment", "phase": "end", "ts": 4338100, "status": 500}
{"id": "t000000177", "svc": "auth", "phase": "start", "ts": 4339000, "status": 200}
{"id": "t000000177", "svc": "auth", "phase": "end", "ts": 4339100, "status": 200}
{"id": "t000000178", "svc": "gateway", "phase": "start", "ts": 4340000, "status": 200}
{"id": "t000000178", "svc": "gateway", "phase": "end", "ts": 4340100, "status": 200}
{"id": "t000000179", "svc": "payment", "phase": "start", "ts": 4341000, "status": 200}
{"id": "t000000179", "svc": "payment", "phase": "end", "ts": 4341100, "status": 200}
{"id": "t000000180", "svc": "auth", "phase": "start", "ts": 4342000, "status": 200}
{"id": "t000000180", "svc": "auth", "phase": "end", "ts": 4342100, "status": 200}
{"id": "t000000181", "svc": "gateway", "phase": "start", "ts": 4343000, "status": 200}
{"id": "t000000181", "svc": "gateway", "phase": "end", "ts": 4343100, "status": 200}
{"id": "t000000182", "svc": "payment", "phase": "start", "ts": 4344000, "status": 200}
{"id": "t000000182", "svc": "payment", "phase": "end", "ts": 4344100, "status": 200}
{"id": "t000000183", "svc": "auth", "phase": "start", "ts": 4345000, "status": 200}
{"id": "t000000183", "svc": "auth", "phase": "end", "ts": 4345100, "status": 200}
{"id": "t000000184", "svc": "gateway", "phase": "start", "ts": 4346000, "status": 200}
{"id": "t000000184", "svc": "gateway", "phase": "end", "ts": 4346100, "status": 500}
{"id": "t000000185", "svc": "payment", "phase": "start", "ts": 4347000, "status": 200}
{"id": "t000000185", "svc": "payment", "phase": "end", "ts": 4347100, "status": 200}
{"id": "t000000186", "svc": "auth", "phase": "start", "ts": 4348000, "status": 200}
{"id": "t000000186", "svc": "auth", "phase": "end", "ts": 4348100, "status": 200}
{"id": "t000000187", "svc": "gateway", "phase": "start", "ts": 4349000, "status": 200}
{"id": "t000000187", "svc": "gateway", "phase": "end", "ts": 4349100, "status": 200}
{"id": "t000000188", "svc": "payment", "phase": "start", "ts": 4350000, "status": 200}
{"id": "t000000188", "svc": "payment", "phase": "end", "ts": 4350100, "status": 200}
{"id": "t000000189", "svc": "auth", "phase": "start", "ts": 4351000, "status": 200}
{"id": "t000000189", "svc": "auth", "phase": "end", "ts": 4351100, "status": 200}
{"id": "t000000190", "svc": "gateway", "phase": "start", "ts": 4352000, "status": 200}
{"id": "t000000190", "svc": "gateway", "phase": "end", "ts": 4352100, "status": 200}
{"id": "t000000191", "svc": "payment", "phase": "start", "ts": 4353000, "status": 200}
{"id": "t000000191", "svc": "payment", "phase": "end", "ts": 4353100, "status": 200}
{"id": "t000000192", "svc": "auth", "phase": "start", "ts": 4354000, "status": 200}
{"id": "t000000192", "svc": "auth", "phase": "end", "ts": 4354100, "status": 500}
{"id": "t000000193", "svc": "gateway", "phase": "start", "ts": 4355000, "status": 200}
{"id": "t000000193", "svc": "gateway", "phase": "end", "ts": 4355100, "status": 200}
{"id": "t000000194", "svc": "payment", "phase": "start", "ts": 4356000, "status": 200}
{"id": "t000000194", "svc": "payment", "phase": "end", "ts": 4356100, "status": 200}
{"id": "t000000195", "svc": "auth", "phase": "start", "ts": 4357000, "status": 200}
{"id": "t000000195", "svc": "auth", "phase": "end", "ts": 4357100, "status": 200}
{"id": "t000000196", "svc": "gateway", "phase": "start", "ts": 4358000, "status": 200}
{"id": "t000000196", "svc": "gateway", "phase": "end", "ts": 4358100, "status": 200}
{"id": "t000000197", "svc": "payment", "phase": "start", "ts": 4359000, "status": 200}
{"id": "t000000197", "svc": "payment", "phase": "end", "ts": 4359100, "status": 200}
{"id": "t000000198", "svc": "auth", "phase": "start", "ts": 4360000, "status": 200}
{"id": "t000000198", "svc": "auth", "phase": "end", "ts": 4360100, "status": 200}
{"id": "t000000199", "svc": "gateway", "phase": "start", "ts": 4361000, "status": 200}
{"id": "t000000199", "svc": "gateway", "phase": "end", "ts": 4361100, "status": 200}
{"id": "t000000200", "svc": "payment", "phase": "start", "ts": 4362000, "status": 200}
{"id": "t000000200", "svc": "payment", "phase": "end", "ts": 4362100, "status": 500}
{"id": "t000000201", "svc": "auth", "phase": "start", "ts": 4363000, "status": 200}
{"id": "t000000201", "svc": "auth", "phase": "end", "ts": 4363100, "status": 200}
{"id": "t000000202", "svc": "gateway", "phase": "start", "ts": 4364000, "status": 200}
{"id": "t000000202", "svc": "gateway", "phase": "end", "ts": 4364100, "status": 200}
{"id": "t000000203", "svc": "payment", "phase": "start", "ts": 4365000, "status": 200}
{"id": "t000000203", "svc": "payment", "phase": "end", "ts": 4365100, "status": 200}
{"id": "t000000204", "svc": "auth", "phase": "start", "ts": 4366000, "status": 200}
{"id": "t000000204", "svc": "auth", "phase": "end", "ts": 4366100, "status": 200}
{"id": "t000000205", "svc": "gateway", "phase": "start", "ts": 4367000, "status": 200}
{"id": "t000000205", "svc": "gateway", "phase": "end", "ts": 4367100, "status": 200}
{"id": "t000000206", "svc": "payment", "phase": "start", "ts": 4368000, "status": 200}
{"id": "t000000206", "svc": "payment", "phase": "end", "ts": 4368100, "status": 200}
{"id": "t000000207", "svc": "auth", "phase": "start", "ts": 4369000, "status": 200}
{"id": "t000000207", "svc": "auth", "phase": "end", "ts": 4369100, "status": 200}
{"id": "t000000208", "svc": "gateway", "phase": "start", "ts": 4370000, "status": 200}
{"id": "t000000208", "svc": "gateway", "phase": "end", "ts": 4370100, "status": 500}
{"id": "t000000209", "svc": "payment", "phase": "start", "ts": 4371000, "status": 200}
{"id": "t000000209", "svc": "payment", "phase": "end", "ts": 4371100, "status": 200}
{"id": "t000000210", "svc": "auth", "phase": "start", "ts": 4372000, "status": 200}
{"id": "t000000210", "svc": "auth", "phase": "end", "ts": 4372100, "status": 200}
{"id": "t000000211", "svc": "gateway", "phase": "start", "ts": 4373000, "status": 200}
{"id": "t000000211", "svc": "gateway", "phase": "end", "ts": 4373100, "status": 200}
{"id": "t000000212", "svc": "payment", "phase": "start", "ts": 4374000, "status": 200}
{"id": "t000000212", "svc": "payment", "phase": "end", "ts": 4374100, "status": 200}
{"id": "t000000213", "svc": "auth", "phase": "start", "ts": 4375000, "status": 200}
{"id": "t000000213", "svc": "auth", "phase": "end", "ts": 4375100, "status": 200}
{"id": "t000000214", "svc": "gateway", "phase": "start", "ts": 4376000, "status": 200}
{"id": "t000000214", "svc": "gateway", "phase": "end", "ts": 4376100, "status": 200}
{"id": "t000000215", "svc": "payment", "phase": "start", "ts": 4377000, "status": 200}
{"id": "t000000215", "svc": "payment", "phase": "end", "ts": 4377100, "status": 200}
{"id": "t000000216", "svc": "auth", "phase": "start", "ts": 4378000, "status": 200}
{"id": "t000000216", "svc": "auth", "phase": "end", "ts": 4378100, "status": 500}
{"id": "t000000217", "svc": "gateway", "phase": "start", "ts": 4379000, "status": 200}
{"id": "t000000217", "svc": "gateway", "phase": "end", "ts": 4379100, "status": 200}
{"id": "t000000218", "svc": "payment", "phase": "start", "ts": 4380000, "status": 200}
{"id": "t000000218", "svc": "payment", "phase": "end", "ts": 4380100, "status": 200}
{"id": "t000000219", "svc": "auth", "phase": "start", "ts": 4381000, "status": 200}
{"id": "t000000219", "svc": "auth", "phase": "end", "ts": 4381100, "status": 200}
{"id": "t000000220", "svc": "gateway", "phase": "start", "ts": 4382000, "status": 200}
{"id": "t000000220", "svc": "gateway", "phase": "end", "ts": 4382100, "status": 200}
{"id": "t000000221", "svc": "payment", "phase": "start", "ts": 4383000, "status": 200}
{"id": "t000000221", "svc": "payment", "phase": "end", "ts": 4383100, "status": 200}
{"id": "t000000222", "svc": "auth", "phase": "start", "ts": 4384000, "status": 200}
{"id": "t000000222", "svc": "auth", "phase": "end", "ts": 4384100, "status": 200}
{"id": "t000000223", "svc": "gateway", "phase": "start", "ts": 4385000, "status": 200}
{"id": "t000000223", "svc": "gateway", "phase": "end", "ts": 4385100, "status": 200}
{"id": "t000000224", "svc": "payment", "phase": "start", "ts": 4386000, "status": 200}
{"id": "t000000224", "svc": "payment", "phase": "end", "ts": 4386100, "status": 500}
{"id": "t000000225", "svc": "auth", "phase": "start", "ts": 4387000, "status": 200}
{"id": "t000000225", "svc": "auth", "phase": "end", "ts": 4387100, "status": 200}
{"id": "t000000226", "svc": "gateway", "phase": "start", "ts": 4388000, "status": 200}
{"id": "t000000226", "svc": "gateway", "phase": "end", "ts": 4388100, "status": 200}
{"id": "t000000227", "svc": "payment", "phase": "start", "ts": 4389000, "status": 200}
{"id": "t000000227", "svc": "payment", "phase": "end", "ts": 4389100, "status": 200}
{"id": "t000000228", "svc": "auth", "phase": "start", "ts": 4390000, "status": 200}
{"id": "t000000228", "svc": "auth", "phase": "end", "ts": 4390100, "status": 200}
{"id": "t000000229", "svc": "gateway", "phase": "start", "ts": 4391000, "status": 200}
{"id": "t000000229", "svc": "gateway", "phase": "end", "ts": 4391100, "status": 200}
{"id": "t000000230", "svc": "payment", "phase": "start", "ts": 4392000, "status": 200}
{"id": "t000000230", "svc": "payment", "phase": "end", "ts": 4392100, "status": 200}
{"id": "t000000231", "svc": "auth", "phase": "start", "ts": 4393000, "status": 200}
{"id": "t000000231", "svc": "auth", "phase": "end", "ts": 4393100, "status": 200}
{"id": "t000000232", "svc": "gateway", "phase": "start", "ts": 4394000, "status": 200}
{"id": "t000000232", "svc": "gateway", "phase": "end", "ts": 4394100, "status": 500}
{"id": "t000000233", "svc": "payment", "phase": "start", "ts": 4395000, "status": 200}
{"id": "t000000233", "svc": "payment", "phase": "end", "ts": 4395100, "status": 200}
{"id": "t000000234", "svc": "auth", "phase": "start", "ts": 4396000, "status": 200}
{"id": "t000000234", "svc": "auth", "phase": "end", "ts": 4396100, "status": 200}
{"id": "t000000235", "svc": "gateway", "phase": "start", "ts": 4397000, "status": 200}
{"id": "t000000235", "svc": "gateway", "phase": "end", "ts": 4397100, "status": 200}
{"id": "t000000236", "svc": "payment", "phase": "start", "ts": 4398000, "status": 200}
{"id": "t000000236", "svc": "payment", "phase": "end", "ts": 4398100, "status": 200}
{"id": "t000000237", "svc": "auth", "phase": "start", "ts": 4399000, "status": 200}
{"id": "t000000237", "svc": "auth", "phase": "end", "ts": 4399100, "status": 200}
{"id": "t000000238", "svc": "gateway", "phase": "start", "ts": 4400000, "status": 200}
{"id": "t000000238", "svc": "gateway", "phase": "end", "ts": 4400100, "status": 200}
{"id": "t000000239", "svc": "payment", "phase": "start", "ts": 4401000, "status": 200}
{"id": "t000000239", "svc": "payment", "phase": "end", "ts": 4401100, "status": 200}
{"id": "t000000240", "svc": "auth", "phase": "start", "ts": 4402000, "status": 200}
{"id": "t000000240", "svc": "auth", "phase": "end", "ts": 4402100, "status": 500}
{"id": "t000000241", "svc": "gateway", "phase": "start", "ts": 4403000, "status": 200}
{"id": "t000000241", "svc": "gateway", "phase": "end", "ts": 4403100, "status": 200}
{"id": "t000000242", "svc": "payment", "phase": "start", "ts": 4404000, "status": 200}
{"id": "t000000242", "svc": "payment", "phase": "end", "ts": 4404100, "status": 200}
{"id": "t000000243", "svc": "auth", "phase": "start", "ts": 4405000, "status": 200}
{"id": "t000000243", "svc": "auth", "phase": "end", "ts": 4405100, "status": 200}
{"id": "t000000244", "svc": "gateway", "phase": "start", "ts": 4406000, "status": 200}
{"id": "t000000244", "svc": "gateway", "phase": "end", "ts": 4406100, "status": 200}
{"id": "t000000245", "svc": "payment", "phase": "start", "ts": 4407000, "status": 200}
{"id": "t000000245", "svc": "payment", "phase": "end", "ts": 4407100, "status": 200}
{"id": "t000000246", "svc": "auth", "phase": "start", "ts": 4408000, "status": 200}
{"id": "t000000246", "svc": "auth", "phase": "end", "ts": 4408100, "status": 200}
{"id": "t000000247", "svc": "gateway", "phase": "start", "ts": 4409000, "status": 200}
{"id": "t000000247", "svc": "gateway", "phase": "end", "ts": 4409100, "status": 200}
{"id": "t000000248", "svc": "payment", "phase": "start", "ts": 4410000, "status": 200}
{"id": "t000000248", "svc": "payment", "phase": "end", "ts": 4410100, "status": 500}
{"id": "t000000249", "svc": "auth", "phase": "start", "ts": 4411000, "status": 200}
{"id": "t000000249", "svc": "auth", "phase": "end", "ts": 4411100, "status": 200}
{"id": "t000000250", "svc": "gateway", "phase": "start", "ts": 4412000, "status": 200}
{"id": "t000000250", "svc": "gateway", "phase": "end", "ts": 4412100, "status": 200}
{"id": "t000000251", "svc": "payment", "phase": "start", "ts": 4413000, "status": 200}
{"id": "t000000251", "svc": "payment", "phase": "end", "ts": 4413100, "status": 200}
{"id": "t000000252", "svc": "auth", "phase": "start", "ts": 4414000, "status": 200}
{"id": "t000000252", "svc": "auth", "phase": "end", "ts": 4414100, "status": 200}
{"id": "t000000253", "svc": "gateway", "phase": "start", "ts": 4415000, "status": 200}
{"id": "t000000253", "svc": "gateway", "phase": "end", "ts": 4415100, "status": 200}
{"id": "t000000254", "svc": "payment", "phase": "start", "ts": 4416000, "status": 200}
{"id": "t000000254", "svc": "payment", "phase": "end", "ts": 4416100, "status": 200}
{"id": "t000000255", "svc": "auth", "phase": "start", "ts": 4417000, "status": 200}
{"id": "t000000255", "svc": "auth", "phase": "end", "ts": 4417100, "status": 200}
{"id": "t000000256", "svc": "gateway", "phase": "start", "ts": 4418000, "status": 200}
{"id": "t000000256", "svc": "gateway", "phase": "end", "ts": 4418100, "status": 500}
{"id": "t000000257", "svc": "payment", "phase": "start", "ts": 4419000, "status": 200}
{"id": "t000000257", "svc": "payment", "phase": "end", "ts": 4419100, "status": 200}
{"id": "t000000258", "svc": "auth", "phase": "start", "ts": 4420000, "status": 200}
{"id": "t000000258", "svc": "auth", "phase": "end", "ts": 4420100, "status": 200}
{"id": "t000000259", "svc": "gateway", "phase": "start", "ts": 4421000, "status": 200}
{"id": "t000000259", "svc": "gateway", "phase": "end", "ts": 4421100, "status": 200}
{"id": "t000000260", "svc": "payment", "phase": "start", "ts": 4422000, "status": 200}
{"id": "t000000260", "svc": "payment", "phase": "end", "ts": 4422100, "status": 200}
{"id": "t000000261", "svc": "auth", "phase": "start", "ts": 4423000, "status": 200}
{"id": "t000000261", "svc": "auth", "phase": "end", "ts": 4423100, "status": 200}
{"id": "t000000262", "svc": "gateway", "phase": "start", "ts": 4424000, "status": 200}
{"id": "t000000262", "svc": "gateway", "phase": "end", "ts": 4424100, "status": 200}
{"id": "t000000263", "svc": "payment", "phase": "start", "ts": 4425000, "status": 200}
{"id": "t000000263", "svc": "payment", "phase": "end", "ts": 4425100, "status": 200}
{"id": "t000000264", "svc": "auth", "phase": "start", "ts": 4426000, "status": 200}
{"id": "t000000264", "svc": "auth", "phase": "end", "ts": 4426100, "status": 500}
{"id": "t000000265", "svc": "gateway", "phase": "start", "ts": 4427000, "status": 200}
{"id": "t000000265", "svc": "gateway", "phase": "end", "ts": 4427100, "status": 200}
{"id": "t000000266", "svc": "payment", "phase": "start", "ts": 4428000, "status": 200}
{"id": "t000000266", "svc": "payment", "phase": "end", "ts": 4428100, "status": 200}
{"id": "t000000267", "svc": "auth", "phase": "start", "ts": 4429000, "status": 200}
{"id": "t000000267", "svc": "auth", "phase": "end", "ts": 4429100, "status": 200}
{"id": "t000000268", "svc": "gateway", "phase": "start", "ts": 4430000, "status": 200}
{"id": "t000000268", "svc": "gateway", "phase": "end", "ts": 4430100, "status": 200}
{"id": "t000000269", "svc": "payment", "phase": "start", "ts": 4431000, "status": 200}
{"id": "t000000269", "svc": "payment", "phase": "end", "ts": 4431100, "status": 200}
{"id": "t000000270", "svc": "auth", "phase": "start", "ts": 4432000, "status": 200}
{"id": "t000000270", "svc": "auth", "phase": "end", "ts": 4432100, "status": 200}
{"id": "t000000271", "svc": "gateway", "phase": "start", "ts": 4433000, "status": 200}
{"id": "t000000271", "svc": "gateway", "phase": "end", "ts": 4433100, "status": 200}
{"id": "t000000272", "svc": "payment", "phase": "start", "ts": 4434000, "status": 200}
{"id": "t000000272", "svc": "payment", "phase": "end", "ts": 4434100, "status": 500}
{"id": "t000000273", "svc": "auth", "phase": "start", "ts": 4435000, "status": 200}
{"id": "t000000273", "svc": "auth", "phase": "end", "ts": 4435100, "status": 200}
{"id": "t000000274", "svc": "gateway", "phase": "start", "ts": 4436000, "status": 200}
{"id": "t000000274", "svc": "gateway", "phase": "end", "ts": 4436100, "status": 200}
{"id": "t000000275", "svc": "payment", "phase": "start", "ts": 4437000, "status": 200}
{"id": "t000000275", "svc": "payment", "phase": "end", "ts": 4437100, "status": 200}
{"id": "t000000276", "svc": "auth", "phase": "start", "ts": 4438000, "status": 200}
{"id": "t000000276", "svc": "auth", "phase": "end", "ts": 4438100, "status": 200}
{"id": "t000000277", "svc": "gateway", "phase": "start", "ts": 4439000, "status": 200}
{"id": "t000000277", "svc": "gateway", "phase": "end", "ts": 4439100, "status": 200}
{"id": "t000000278", "svc": "payment", "phase": "start", "ts": 4440000, "status": 200}
{"id": "t000000278", "svc": "payment", "phase": "end", "ts": 4440100, "status": 200}
{"id": "t000000279", "svc": "auth", "phase": "start", "ts": 4441000, "status": 200}
{"id": "t000000279", "svc": "auth", "phase": "end", "ts": 4441100, "status": 200}
{"id": "t000000280", "svc": "gateway", "phase": "start", "ts": 4442000, "status": 200}
{"id": "t000000280", "svc": "gateway", "phase": "end", "ts": 4442100, "status": 500}
{"id": "t000000281", "svc": "payment", "phase": "start", "ts": 4443000, "status": 200}
{"id": "t000000281", "svc": "payment", "phase": "end", "ts": 4443100, "status": 200}
{"id": "t000000282", "svc": "auth", "phase": "start", "ts": 4444000, "status": 200}
{"id": "t000000282", "svc": "auth", "phase": "end", "ts": 4444100, "status": 200}
{"id": "t000000283", "svc": "gateway", "phase": "start", "ts": 4445000, "status": 200}
{"id": "t000000283", "svc": "gateway", "phase": "end", "ts": 4445100, "status": 200}
{"id": "t000000284", "svc": "payment", "phase": "start", "ts": 4446000, "status": 200}
{"id": "t000000284", "svc": "payment", "phase": "end", "ts": 4446100, "status": 200}
{"id": "t000000285", "svc": "auth", "phase": "start", "ts": 4447000, "status": 200}
{"id": "t000000285", "svc": "auth", "phase": "end", "ts": 4447100, "status": 200}
{"id": "t000000286", "svc": "gateway", "phase": "start", "ts": 4448000, "status": 200}
{"id": "t000000286", "svc": "gateway", "phase": "end", "ts": 4448100, "status": 200}
{"id": "t000000287", "svc": "payment", "phase": "start", "ts": 4449000, "status": 200}
{"id": "t000000287", "svc": "payment", "phase": "end", "ts": 4449100, "status": 200}
{"id": "t000000288", "svc": "auth", "phase": "start", "ts": 4450000, "status": 200}
{"id": "t000000288", "svc": "auth", "phase": "end", "ts": 4450100, "status": 500}
{"id": "t000000289", "svc": "gateway", "phase": "start", "ts": 4451000, "status": 200}
{"id": "t000000289", "svc": "gateway", "phase": "end", "ts": 4451100, "status": 200}
{"id": "t000000290", "svc": "payment", "phase": "start", "ts": 4452000, "status": 200}
{"id": "t000000290", "svc": "payment", "phase": "end", "ts": 4452100, "status": 200}
{"id": "t000000291", "svc": "auth", "phase": "start", "ts": 4453000, "status": 200}
{"id": "t000000291", "svc": "auth", "phase": "end", "ts": 4453100, "status": 200}
{"id": "t000000292", "svc": "gateway", "phase": "start", "ts": 4454000, "status": 200}
{"id": "t000000292", "svc": "gateway", "phase": "end", "ts": 4454100, "status": 200}
{"id": "t000000293", "svc": "payment", "phase": "start", "ts": 4455000, "status": 200}
{"id": "t000000293", "svc": "payment", "phase": "end", "ts": 4455100, "status": 200}
{"id": "t000000294", "svc": "auth", "phase": "start", "ts": 4456000, "status": 200}
{"id": "t000000294", "svc": "auth", "phase": "end", "ts": 4456100, "status": 200}
{"id": "t000000295", "svc": "gateway", "phase": "start", "ts": 4457000, "status": 200}
{"id": "t000000295", "svc": "gateway", "phase": "end", "ts": 4457100, "status": 200}
{"id": "t000000296", "svc": "payment", "phase": "start", "ts": 4458000, "status": 200}
{"id": "t000000296", "svc": "payment", "phase": "end", "ts": 4458100, "status": 500}
{"id": "t000000297", "svc": "auth", "phase": "start", "ts": 4459000, "status": 200}
{"id": "t000000297", "svc": "auth", "phase": "end", "ts": 4459100, "status": 200}
{"id": "t000000298", "svc": "gateway", "phase": "start", "ts": 4460000, "status": 200}
{"id": "t000000298", "svc": "gateway", "phase": "end", "ts": 4460100, "status": 200}
{"id": "t000000299", "svc": "payment", "phase": "start", "ts": 4461000, "status": 200}
{"id": "t000000299", "svc": "payment", "phase": "end", "ts": 4461100, "status": 200}
{"id": "t000000300", "svc": "auth", "phase": "start", "ts": 4462000, "status": 200}
{"id": "t000000300", "svc": "auth", "phase": "end", "ts": 4462100, "status": 200}
{"id": "t000000301", "svc": "gateway", "phase": "start", "ts": 4463000, "status": 200}
{"id": "t000000301", "svc": "gateway", "phase": "end", "ts": 4463100, "status": 200}
{"id": "t000000302", "svc": "payment", "phase": "start", "ts": 4464000, "status": 200}
{"id": "t000000302", "svc": "payment", "phase": "end", "ts": 4464100, "status": 200}
{"id": "t000000303", "svc": "auth", "phase": "start", "ts": 4465000, "status": 200}
{"id": "t000000303", "svc": "auth", "phase": "end", "ts": 4465100, "status": 200}
{"id": "t000000304", "svc": "gateway", "phase": "start", "ts": 4466000, "status": 200}
{"id": "t000000304", "svc": "gateway", "phase": "end", "ts": 4466100, "status": 500}
{"id": "t000000305", "svc": "payment", "phase": "start", "ts": 4467000, "status": 200}
{"id": "t000000305", "svc": "payment", "phase": "end", "ts": 4467100, "status": 200}
{"id": "t000000306", "svc": "auth", "phase": "start", "ts": 4468000, "status": 200}
{"id": "t000000306", "svc": "auth", "phase": "end", "ts": 4468100, "status": 200}
{"id": "t000000307", "svc": "gateway", "phase": "start", "ts": 4469000, "status": 200}
{"id": "t000000307", "svc": "gateway", "phase": "end", "ts": 4469100, "status": 200}
{"id": "t000000308", "svc": "payment", "phase": "start", "ts": 4470000, "status": 200}
{"id": "t000000308", "svc": "payment", "phase": "end", "ts": 4470100, "status": 200}
{"id": "t000000309", "svc": "auth", "phase": "start", "ts": 4471000, "status": 200}
{"id": "t000000309", "svc": "auth", "phase": "end", "ts": 4471100, "status": 200}
{"id": "t000000310", "svc": "gateway", "phase": "start", "ts": 4472000, "status": 200}
{"id": "t000000310", "svc": "gateway", "phase": "end", "ts": 4472100, "status": 200}
{"id": "t000000311", "svc": "payment", "phase": "start", "ts": 4473000, "status": 200}
{"id": "t000000311", "svc": "payment", "phase": "end", "ts": 4473100, "status": 200}
{"id": "t000000312", "svc": "auth", "phase": "start", "ts": 4474000, "status": 200}
{"id": "t000000312", "svc": "auth", "phase": "end", "ts": 4474100, "status": 500}
{"id": "t000000313", "svc": "gateway", "phase": "start", "ts": 4475000, "status": 200}
{"id": "t000000313", "svc": "gateway", "phase": "end", "ts": 4475100, "status": 200}
{"id": "t000000314", "svc": "payment", "phase": "start", "ts": 4476000, "status": 200}
{"id": "t000000314", "svc": "payment", "phase": "end", "ts": 4476100, "status": 200}
{"id": "t000000315", "svc": "auth", "phase": "start", "ts": 4477000, "status": 200}
{"id": "t000000315", "svc": "auth", "phase": "end", "ts": 4477100, "status": 200}
{"id": "t000000316", "svc": "gateway", "phase": "start", "ts": 4478000, "status": 200}
{"id": "t000000316", "svc": "gateway", "phase": "end", "ts": 4478100, "status": 200}
{"id": "t000000317", "svc": "payment", "phase": "start", "ts": 4479000, "status": 200}
{"id": "t000000317", "svc": "payment", "phase": "end", "ts": 4479100, "status": 200}
{"id": "t000000318", "svc": "auth", "phase": "start", "ts": 4480000, "status": 200}
{"id": "t000000318", "svc": "auth", "phase": "end", "ts": 4480100, "status": 200}
{"id": "t000000319", "svc": "gateway", "phase": "start", "ts": 4481000, "status": 200}
{"id": "t000000319", "svc": "gateway", "phase": "end", "ts": 4481100, "status": 200}
{"id": "t000000320", "svc": "payment", "phase": "start", "ts": 4482000, "status": 200}
{"id": "t000000320", "svc": "payment", "phase": "end", "ts": 4482100, "status": 500}
{"id": "t000000321", "svc": "auth", "phase": "start", "ts": 4483000, "status": 200}
{"id": "t000000321", "svc": "auth", "phase": "end", "ts": 4483100, "status": 200}
{"id": "t000000322", "svc": "gateway", "phase": "start", "ts": 4484000, "status": 200}
{"id": "t000000322", "svc": "gateway", "phase": "end", "ts": 4484100, "status": 200}
{"id": "t000000323", "svc": "payment", "phase": "start", "ts": 4485000, "status": 200}
{"id": "t000000323", "svc": "payment", "phase": "end", "ts": 4485100, "status": 200}
{"id": "t000000324", "svc": "auth", "phase": "start", "ts": 4486000, "status": 200}
{"id": "t000000324", "svc": "auth", "phase": "end", "ts": 4486100, "status": 200}
{"id": "t000000325", "svc": "gateway", "phase": "start", "ts": 4487000, "status": 200}
{"id": "t000000325", "svc": "gateway", "phase": "end", "ts": 4487100, "status": 200}
{"id": "t000000326", "svc": "payment", "phase": "start", "ts": 4488000, "status": 200}
{"id": "t000000326", "svc": "payment", "phase": "end", "ts": 4488100, "status": 200}
{"id": "t000000327", "svc": "auth", "phase": "start", "ts": 4489000, "status": 200}
{"id": "t000000327", "svc": "auth", "phase": "end", "ts": 4489100, "status": 200}
{"id": "t000000328", "svc": "gateway", "phase": "start", "ts": 4490000, "status": 200}
{"id": "t000000328", "svc": "gateway", "phase": "end", "ts": 4490100, "status": 500}
{"id": "t000000329", "svc": "payment", "phase": "start", "ts": 4491000, "status": 200}
{"id": "t000000329", "svc": "payment", "phase": "end", "ts": 4491100, "status": 200}
{"id": "t000000330", "svc": "auth", "phase": "start", "ts": 4492000, "status": 200}
{"id": "t000000330", "svc": "auth", "phase": "end", "ts": 4492100, "status": 200}
{"id": "t000000331", "svc": "gateway", "phase": "start", "ts": 4493000, "status": 200}
{"id": "t000000331", "svc": "gateway", "phase": "end", "ts": 4493100, "status": 200}
{"id": "t000000332", "svc": "payment", "phase": "start", "ts": 4494000, "status": 200}
{"id": "t000000332", "svc": "payment", "phase": "end", "ts": 4494100, "status": 200}
{"id": "t000000333", "svc": "auth", "phase": "start", "ts": 4495000, "status": 200}
{"id": "t000000333", "svc": "auth", "phase": "end", "ts": 4495100, "status": 200}
{"id": "t000000334", "svc": "gateway", "phase": "start", "ts": 4496000, "status": 200}
{"id": "t000000334", "svc": "gateway", "phase": "end", "ts": 4496100, "status": 200}
{"id": "t000000335", "svc": "payment", "phase": "start", "ts": 4497000, "status": 200}
{"id": "t000000335", "svc": "payment", "phase": "end", "ts": 4497100, "status": 200}
{"id": "t000000336", "svc": "auth", "phase": "start", "ts": 4498000, "status": 200}
{"id": "t000000336", "svc": "auth", "phase": "end", "ts": 4498100, "status": 500}
{"id": "t000000337", "svc": "gateway", "phase": "start", "ts": 4499000, "status": 200}
{"id": "t000000337", "svc": "gateway", "phase": "end", "ts": 4499100, "status": 200}
{"id": "t000000338", "svc": "payment", "phase": "start", "ts": 4500000, "status": 200}
{"id": "t000000338", "svc": "payment", "phase": "end", "ts": 4500100, "status": 200}
{"id": "t000000339", "svc": "auth", "phase": "start", "ts": 4501000, "status": 200}
{"id": "t000000339", "svc": "auth", "phase": "end", "ts": 4501100, "status": 200}
{"id": "t000000340", "svc": "gateway", "phase": "start", "ts": 4502000, "status": 200}
{"id": "t000000340", "svc": "gateway", "phase": "end", "ts": 4502100, "status": 200}
{"id": "t000000341", "svc": "payment", "phase": "start", "ts": 4503000, "status": 200}
{"id": "t000000341", "svc": "payment", "phase": "end", "ts": 4503100, "status": 200}
{"id": "t000000342", "svc": "auth", "phase": "start", "ts": 4504000, "status": 200}
{"id": "t000000342", "svc": "auth", "phase": "end", "ts": 4504100, "status": 200}
{"id": "t000000343", "svc": "gateway", "phase": "start", "ts": 4505000, "status": 200}
{"id": "t000000343", "svc": "gateway", "phase": "end", "ts": 4505100, "status": 200}
{"id": "t000000344", "svc": "payment", "phase": "start", "ts": 4506000, "status": 200}
{"id": "t000000344", "svc": "payment", "phase": "end", "ts": 4506100, "status": 500}
{"id": "t000000345", "svc": "auth", "phase": "start", "ts": 4507000, "status": 200}
{"id": "t000000345", "svc": "auth", "phase": "end", "ts": 4507100, "status": 200}
{"id": "t000000346", "svc": "gateway", "phase": "start", "ts": 4508000, "status": 200}
{"id": "t000000346", "svc": "gateway", "phase": "end", "ts": 4508100, "status": 200}
{"id": "t000000347", "svc": "payment", "phase": "start", "ts": 4509000, "status": 200}
{"id": "t000000347", "svc": "payment", "phase": "end", "ts": 4509100, "status": 200}
{"id": "t000000348", "svc": "auth", "phase": "start", "ts": 4510000, "status": 200}
{"id": "t000000348", "svc": "auth", "phase": "end", "ts": 4510100, "status": 200}
{"id": "t000000349", "svc": "gateway", "phase": "start", "ts": 4511000, "status": 200}
{"id": "t000000349", "svc": "gateway", "phase": "end", "ts": 4511100, "status": 200}
{"id": "t000000350", "svc": "payment", "phase": "start", "ts": 4512000, "status": 200}
{"id": "t000000350", "svc": "payment", "phase": "end", "ts": 4512100, "status": 200}
{"id": "t000000351", "svc": "auth", "phase": "start", "ts": 4513000, "status": 200}
{"id": "t000000351", "svc": "auth", "phase": "end", "ts": 4513100, "status": 200}
{"id": "t000000352", "svc": "gateway", "phase": "start", "ts": 4514000, "status": 200}
{"id": "t000000352", "svc": "gateway", "phase": "end", "ts": 4514100, "status": 500}
{"id": "t000000353", "svc": "payment", "phase": "start", "ts": 4515000, "status": 200}
{"id": "t000000353", "svc": "payment", "phase": "end", "ts": 4515100, "status": 200}
{"id": "t000000354", "svc": "auth", "phase": "start", "ts": 4516000, "status": 200}
{"id": "t000000354", "svc": "auth", "phase": "end", "ts": 4516100, "status": 200}
{"id": "t000000355", "svc": "gateway", "phase": "start", "ts": 4517000, "status": 200}
{"id": "t000000355", "svc": "gateway", "phase": "end", "ts": 4517100, "status": 200}
{"id": "t000000356", "svc": "payment", "phase": "start", "ts": 4518000, "status": 200}
{"id": "t000000356", "svc": "payment", "phase": "end", "ts": 4518100, "status": 200}
{"id": "t000000357", "svc": "auth", "phase": "start", "ts": 4519000, "status": 200}
{"id": "t000000357", "svc": "auth", "phase": "end", "ts": 4519100, "status": 200}
{"id": "t000000358", "svc": "gateway", "phase": "start", "ts": 4520000, "status": 200}
{"id": "t000000358", "svc": "gateway", "phase": "end", "ts": 4520100, "status": 200}
{"id": "t000000359", "svc": "payment", "phase": "start", "ts": 4521000, "status": 200}
{"id": "t000000359", "svc": "payment", "phase": "end", "ts": 4521100, "status": 200}
{"id": "t000000360", "svc": "auth", "phase": "start", "ts": 4522000, "status": 200}
{"id": "t000000360", "svc": "auth", "phase": "end", "ts": 4522100, "status": 500}
{"id": "t000000361", "svc": "gateway", "phase": "start", "ts": 4523000, "status": 200}
{"id": "t000000361", "svc": "gateway", "phase": "end", "ts": 4523100, "status": 200}
{"id": "t000000362", "svc": "payment", "phase": "start", "ts": 4524000, "status": 200}
{"id": "t000000362", "svc": "payment", "phase": "end", "ts": 4524100, "status": 200}
{"id": "t000000363", "svc": "auth", "phase": "start", "ts": 4525000, "status": 200}
{"id": "t000000363", "svc": "auth", "phase": "end", "ts": 4525100, "status": 200}
{"id": "t000000364", "svc": "gateway", "phase": "start", "ts": 4526000, "status": 200}
{"id": "t000000364", "svc": "gateway", "phase": "end", "ts": 4526100, "status": 200}
{"id": "t000000365", "svc": "payment", "phase": "start", "ts": 4527000, "status": 200}
{"id": "t000000365", "svc": "payment", "phase": "end", "ts": 4527100, "status": 200}
{"id": "t000000366", "svc": "auth", "phase": "start", "ts": 4528000, "status": 200}
{"id": "t000000366", "svc": "auth", "phase": "end", "ts": 4528100, "status": 200}
{"id": "t000000367", "svc": "gateway", "phase": "start", "ts": 4529000, "status": 200}
{"id": "t000000367", "svc": "gateway", "phase": "end", "ts": 4529100, "status": 200}
{"id": "t000000368", "svc": "payment", "phase": "start", "ts": 4530000, "status": 200}
{"id": "t000000368", "svc": "payment", "phase": "end", "ts": 4530100, "status": 500}
{"id": "t000000369", "svc": "auth", "phase": "start", "ts": 4531000, "status": 200}
{"id": "t000000369", "svc": "auth", "phase": "end", "ts": 4531100, "status": 200}
{"id": "t000000370", "svc": "gateway", "phase": "start", "ts": 4532000, "status": 200}
{"id": "t000000370", "svc": "gateway", "phase": "end", "ts": 4532100, "status": 200}
{"id": "t000000371", "svc": "payment", "phase": "start", "ts": 4533000, "status": 200}
{"id": "t000000371", "svc": "payment", "phase": "end", "ts": 4533100, "status": 200}
{"id": "t000000372", "svc": "auth", "phase": "start", "ts": 4534000, "status": 200}
{"id": "t000000372", "svc": "auth", "phase": "end", "ts": 4534100, "status": 200}
{"id": "t000000373", "svc": "gateway", "phase": "start", "ts": 4535000, "status": 200}
{"id": "t000000373", "svc": "gateway", "phase": "end", "ts": 4535100, "status": 200}
{"id": "t000000374", "svc": "payment", "phase": "start", "ts": 4536000, "status": 200}
{"id": "t000000374", "svc": "payment", "phase": "end", "ts": 4536100, "status": 200}
{"id": "t000000375", "svc": "auth", "phase": "start", "ts": 4537000, "status": 200}
{"id": "t000000375", "svc": "auth", "phase": "end", "ts": 4537100, "status": 200}
{"id": "t000000376", "svc": "gateway", "phase": "start", "ts": 4538000, "status": 200}
{"id": "t000000376", "svc": "gateway", "phase": "end", "ts": 4538100, "status": 500}
{"id": "t000000377", "svc": "payment", "phase": "start", "ts": 4539000, "status": 200}
{"id": "t000000377", "svc": "payment", "phase": "end", "ts": 4539100, "status": 200}
{"id": "t000000378", "svc": "auth", "phase": "start", "ts": 4540000, "status": 200}
{"id": "t000000378", "svc": "auth", "phase": "end", "ts": 4540100, "status": 200}
{"id": "t000000379", "svc": "gateway", "phase": "start", "ts": 4541000, "status": 200}
{"id": "t000000379", "svc": "gateway", "phase": "end", "ts": 4541100, "status": 200}
{"id": "t000000380", "svc": "payment", "phase": "start", "ts": 4542000, "status": 200}
{"id": "t000000380", "svc": "payment", "phase": "end", "ts": 4542100, "status": 200}
{"id": "t000000381", "svc": "auth", "phase": "start", "ts": 4543000, "status": 200}
{"id": "t000000381", "svc": "auth", "phase": "end", "ts": 4543100, "status": 200}
{"id": "t000000382", "svc": "gateway", "phase": "start", "ts": 4544000, "status": 200}
{"id": "t000000382", "svc": "gateway", "phase": "end", "ts": 4544100, "status": 200}
{"id": "t000000383", "svc": "payment", "phase": "start", "ts": 4545000, "status": 200}
{"id": "t000000383", "svc": "payment", "phase": "end", "ts": 4545100, "status": 200}
{"id": "t000000384", "svc": "auth", "phase": "start", "ts": 4546000, "status": 200}
{"id": "t000000384", "svc": "auth", "phase": "end", "ts": 4546100, "status": 500}
{"id": "t000000385", "svc": "gateway", "phase": "start", "ts": 4547000, "status": 200}
{"id": "t000000385", "svc": "gateway", "phase": "end", "ts": 4547100, "status": 200}
{"id": "t000000386", "svc": "payment", "phase": "start", "ts": 4548000, "status": 200}
{"id": "t000000386", "svc": "payment", "phase": "end", "ts": 4548100, "status": 200}
{"id": "t000000387", "svc": "auth", "phase": "start", "ts": 4549000, "status": 200}
{"id": "t000000387", "svc": "auth", "phase": "end", "ts": 4549100, "status": 200}
{"id": "t000000388", "svc": "gateway", "phase": "start", "ts": 4550000, "status": 200}
{"id": "t000000388", "svc": "gateway", "phase": "end", "ts": 4550100, "status": 200}
{"id": "t000000389", "svc": "payment", "phase": "start", "ts": 4551000, "status": 200}
{"id": "t000000389", "svc": "payment", "phase": "end", "ts": 4551100, "status": 200}
{"id": "t000000390", "svc": "auth", "phase": "start", "ts": 4552000, "status": 200}
{"id": "t000000390", "svc": "auth", "phase": "end", "ts": 4552100, "status": 200}
{"id": "t000000391", "svc": "gateway", "phase": "start", "ts": 4553000, "status": 200}
{"id": "t000000391", "svc": "gateway", "phase": "end", "ts": 4553100, "status": 200}
{"id": "t000000392", "svc": "payment", "phase": "start", "ts": 4554000, "status": 200}
{"id": "t000000392", "svc": "payment", "phase": "end", "ts": 4554100, "status": 500}
{"id": "t000000393", "svc": "auth", "phase": "start", "ts": 4555000, "status": 200}
{"id": "t000000393", "svc": "auth", "phase": "end", "ts": 4555100, "status": 200}
{"id": "t000000394", "svc": "gateway", "phase": "start", "ts": 4556000, "status": 200}
{"id": "t000000394", "svc": "gateway", "phase": "end", "ts": 4556100, "status": 200}
{"id": "t000000395", "svc": "payment", "phase": "start", "ts": 4557000, "status": 200}
{"id": "t000000395", "svc": "payment", "phase": "end", "ts": 4557100, "status": 200}
{"id": "t000000396", "svc": "auth", "phase": "start", "ts": 4558000, "status": 200}
{"id": "t000000396", "svc": "auth", "phase": "end", "ts": 4558100, "status": 200}
{"id": "t000000397", "svc": "gateway", "phase": "start", "ts": 4559000, "status": 200}
{"id": "t000000397", "svc": "gateway", "phase": "end", "ts": 4559100, "status": 200}
{"id": "t000000398", "svc": "payment", "phase": "start", "ts": 4560000, "status": 200}
{"id": "t000000398", "svc": "payment", "phase": "end", "ts": 4560100, "status": 200}
{"id": "t000000399", "svc": "auth", "phase": "start", "ts": 4561000, "status": 200}
{"id": "t000000399", "svc": "auth", "phase": "end", "ts": 4561100, "status": 200}
{"id": "t000000400", "svc": "gateway", "phase": "start", "ts": 4562000, "status": 200}
{"id": "t000000400", "svc": "gateway", "phase": "end", "ts": 4562100, "status": 500}
{"id": "t000000401", "svc": "payment", "phase": "start", "ts": 4563000, "status": 200}
{"id": "t000000401", "svc": "payment", "phase": "end", "ts": 4563100, "status": 200}
{"id": "t000000402", "svc": "auth", "phase": "start", "ts": 4564000, "status": 200}
{"id": "t000000402", "svc": "auth", "phase": "end", "ts": 4564100, "status": 200}
{"id": "t000000403", "svc": "gateway", "phase": "start", "ts": 4565000, "status": 200}
{"id": "t000000403", "svc": "gateway", "phase": "end", "ts": 4565100, "status": 200}
{"id": "t000000404", "svc": "payment", "phase": "start", "ts": 4566000, "status": 200}
{"id": "t000000404", "svc": "payment", "phase": "end", "ts": 4566100, "status": 200}
{"id": "t000000405", "svc": "auth", "phase": "start", "ts": 4567000, "status": 200}
{"id": "t000000405", "svc": "auth", "phase": "end", "ts": 4567100, "status": 200}
{"id": "t000000406", "svc": "gateway", "phase": "start", "ts": 4568000, "status": 200}
{"id": "t000000406", "svc": "gateway", "phase": "end", "ts": 4568100, "status": 200}
{"id": "t000000407", "svc": "payment", "phase": "start", "ts": 4569000, "status": 200}
{"id": "t000000407", "svc": "payment", "phase": "end", "ts": 4569100, "status": 200}
{"id": "t000000408", "svc": "auth", "phase": "start", "ts": 4570000, "status": 200}
{"id": "t000000408", "svc": "auth", "phase": "end", "ts": 4570100, "status": 500}
{"id": "t000000409", "svc": "gateway", "phase": "start", "ts": 4571000, "status": 200}
{"id": "t000000409", "svc": "gateway", "phase": "end", "ts": 4571100, "status": 200}
{"id": "t000000410", "svc": "payment", "phase": "start", "ts": 4572000, "status": 200}
{"id": "t000000410", "svc": "payment", "phase": "end", "ts": 4572100, "status": 200}
{"id": "t000000411", "svc": "auth", "phase": "start", "ts": 4573000, "status": 200}
{"id": "t000000411", "svc": "auth", "phase": "end", "ts": 4573100, "status": 200}
{"id": "t000000412", "svc": "gateway", "phase": "start", "ts": 4574000, "status": 200}
{"id": "t000000412", "svc": "gateway", "phase": "end", "ts": 4574100, "status": 200}
{"id": "t000000413", "svc": "payment", "phase": "start", "ts": 4575000, "status": 200}
{"id": "t000000413", "svc": "payment", "phase": "end", "ts": 4575100, "status": 200}
{"id": "t000000414", "svc": "auth", "phase": "start", "ts": 4576000, "status": 200}
{"id": "t000000414", "svc": "auth", "phase": "end", "ts": 4576100, "status": 200}
{"id": "t000000415", "svc": "gateway", "phase": "start", "ts": 4577000, "status": 200}
{"id": "t000000415", "svc": "gateway", "phase": "end", "ts": 4577100, "status": 200}
{"id": "t000000416", "svc": "payment", "phase": "start", "ts": 4578000, "status": 200}
{"id": "t000000416", "svc": "payment", "phase": "end", "ts": 4578100, "status": 500}
{"id": "t000000417", "svc": "auth", "phase": "start", "ts": 4579000, "status": 200}
{"id": "t000000417", "svc": "auth", "phase": "end", "ts": 4579100, "status": 200}
{"id": "t000000418", "svc": "gateway", "phase": "start", "ts": 4580000, "status": 200}
{"id": "t000000418", "svc": "gateway", "phase": "end", "ts": 4580100, "status": 200}
{"id": "t000000419", "svc": "payment", "phase": "start", "ts": 4581000, "status": 200}
{"id": "t000000419", "svc": "payment", "phase": "end", "ts": 4581100, "status": 200}
{"id": "t000000420", "svc": "auth", "phase": "start", "ts": 4582000, "status": 200}
{"id": "t000000420", "svc": "auth", "phase": "end", "ts": 4582100, "status": 200}
{"id": "t000000421", "svc": "gateway", "phase": "start", "ts": 4583000, "status": 200}
{"id": "t000000421", "svc": "gateway", "phase": "end", "ts": 4583100, "status": 200}
{"id": "t000000422", "svc": "payment", "phase": "start", "ts": 4584000, "status": 200}
{"id": "t000000422", "svc": "payment", "phase": "end", "ts": 4584100, "status": 200}
{"id": "t000000423", "svc": "auth", "phase": "start", "ts": 4585000, "status": 200}
{"id": "t000000423", "svc": "auth", "phase": "end", "ts": 4585100, "status": 200}
{"id": "t000000424", "svc": "gateway", "phase": "start", "ts": 4586000, "status": 200}
{"id": "t000000424", "svc": "gateway", "phase": "end", "ts": 4586100, "status": 500}
{"id": "t000000425", "svc": "payment", "phase": "start", "ts": 4587000, "status": 200}
{"id": "t000000425", "svc": "payment", "phase": "end", "ts": 4587100, "status": 200}
{"id": "t000000426", "svc": "auth", "phase": "start", "ts": 4588000, "status": 200}
{"id": "t000000426", "svc": "auth", "phase": "end", "ts": 4588100, "status": 200}
{"id": "t000000427", "svc": "gateway", "phase": "start", "ts": 4589000, "status": 200}
{"id": "t000000427", "svc": "gateway", "phase": "end", "ts": 4589100, "status": 200}
{"id": "t000000428", "svc": "payment", "phase": "start", "ts": 4590000, "status": 200}
{"id": "t000000428", "svc": "payment", "phase": "end", "ts": 4590100, "status": 200}
{"id": "t000000429", "svc": "auth", "phase": "start", "ts": 4591000, "status": 200}
{"id": "t000000429", "svc": "auth", "phase": "end", "ts": 4591100, "status": 200}
{"id": "t000000430", "svc": "gateway", "phase": "start", "ts": 4592000, "status": 200}
{"id": "t000000430", "svc": "gateway", "phase": "end", "ts": 4592100, "status": 200}
{"id": "t000000431", "svc": "payment", "phase": "start", "ts": 4593000, "status": 200}
{"id": "t000000431", "svc": "payment", "phase": "end", "ts": 4593100, "status": 200}
{"id": "t000000432", "svc": "auth", "phase": "start", "ts": 4594000, "status": 200}
{"id": "t000000432", "svc": "auth", "phase": "end", "ts": 4594100, "status": 500}
{"id": "t000000433", "svc": "gateway", "phase": "start", "ts": 4595000, "status": 200}
{"id": "t000000433", "svc": "gateway", "phase": "end", "ts": 4595100, "status": 200}
{"id": "t000000434", "svc": "payment", "phase": "start", "ts": 4596000, "status": 200}
{"id": "t000000434", "svc": "payment", "phase": "end", "ts": 4596100, "status": 200}
{"id": "t000000435", "svc": "auth", "phase": "start", "ts": 4597000, "status": 200}
{"id": "t000000435", "svc": "auth", "phase": "end", "ts": 4597100, "status": 200}
{"id": "t000000436", "svc": "gateway", "phase": "start", "ts": 4598000, "status": 200}
{"id": "t000000436", "svc": "gateway", "phase": "end", "ts": 4598100, "status": 200}
{"id": "t000000437", "svc": "payment", "phase": "start", "ts": 4599000, "status": 200}
{"id": "t000000437", "svc": "payment", "phase": "end", "ts": 4599100, "status": 200}
{"id": "t000000438", "svc": "auth", "phase": "start", "ts": 4600000, "status": 200}
{"id": "t000000438", "svc": "auth", "phase": "end", "ts": 4600100, "status": 200}
{"id": "t000000439", "svc": "gateway", "phase": "start", "ts": 4601000, "status": 200}
{"id": "t000000439", "svc": "gateway", "phase": "end", "ts": 4601100, "status": 200}
{"id": "t000000440", "svc": "payment", "phase": "start", "ts": 4602000, "status": 200}
{"id": "t000000440", "svc": "payment", "phase": "end", "ts": 4602100, "status": 500}
{"id": "t000000441", "svc": "auth", "phase": "start", "ts": 4603000, "status": 200}
{"id": "t000000441", "svc": "auth", "phase": "end", "ts": 4603100, "status": 200}
{"id": "t000000442", "svc": "gateway", "phase": "start", "ts": 4604000, "status": 200}
{"id": "t000000442", "svc": "gateway", "phase": "end", "ts": 4604100, "status": 200}
{"id": "t000000443", "svc": "payment", "phase": "start", "ts": 4605000, "status": 200}
{"id": "t000000443", "svc": "payment", "phase": "end", "ts": 4605100, "status": 200}
{"id": "t000000444", "svc": "auth", "phase": "start", "ts": 4606000, "status": 200}
{"id": "t000000444", "svc": "auth", "phase": "end", "ts": 4606100, "status": 200}
{"id": "t000000445", "svc": "gateway", "phase": "start", "ts": 4607000, "status": 200}
{"id": "t000000445", "svc": "gateway", "phase": "end", "ts": 4607100, "status": 200}
{"id": "t000000446", "svc": "payment", "phase": "start", "ts": 4608000, "status": 200}
{"id": "t000000446", "svc": "payment", "phase": "end", "ts": 4608100, "status": 200}
{"id": "t000000447", "svc": "auth", "phase": "start", "ts": 4609000, "status": 200}
{"id": "t000000447", "svc": "auth", "phase": "end", "ts": 4609100, "status": 200}
{"id": "t000000448", "svc": "gateway", "phase": "start", "ts": 4610000, "status": 200}
{"id": "t000000448", "svc": "gateway", "phase": "end", "ts": 4610100, "status": 500}
{"id": "t000000449", "svc": "payment", "phase": "start", "ts": 4611000, "status": 200}
{"id": "t000000449", "svc": "payment", "phase": "end", "ts": 4611100, "status": 200}
{"id": "t000000450", "svc": "auth", "phase": "start", "ts": 4612000, "status": 200}
{"id": "t000000450", "svc": "auth", "phase": "end", "ts": 4612100, "status": 200}
{"id": "t000000451", "svc": "gateway", "phase": "start", "ts": 4613000, "status": 200}
{"id": "t000000451", "svc": "gateway", "phase": "end", "ts": 4613100, "status": 200}
{"id": "t000000452", "svc": "payment", "phase": "start", "ts": 4614000, "status": 200}
{"id": "t000000452", "svc": "payment", "phase": "end", "ts": 4614100, "status": 200}
{"id": "t000000453", "svc": "auth", "phase": "start", "ts": 4615000, "status": 200}
{"id": "t000000453", "svc": "auth", "phase": "end", "ts": 4615100, "status": 200}
{"id": "t000000454", "svc": "gateway", "phase": "start", "ts": 4616000, "status": 200}
{"id": "t000000454", "svc": "gateway", "phase": "end", "ts": 4616100, "status": 200}
{"id": "t000000455", "svc": "payment", "phase": "start", "ts": 4617000, "status": 200}
{"id": "t000000455", "svc": "payment", "phase": "end", "ts": 4617100, "status": 200}
{"id": "t000000456", "svc": "auth", "phase": "start", "ts": 4618000, "status": 200}
{"id": "t000000456", "svc": "auth", "phase": "end", "ts": 4618100, "status": 500}
{"id": "t000000457", "svc": "gateway", "phase": "start", "ts": 4619000, "status": 200}
{"id": "t000000457", "svc": "gateway", "phase": "end", "ts": 4619100, "status": 200}
{"id": "t000000458", "svc": "payment", "phase": "start", "ts": 4620000, "status": 200}
{"id": "t000000458", "svc": "payment", "phase": "end", "ts": 4620100, "status": 200}
{"id": "t000000459", "svc": "auth", "phase": "start", "ts": 4621000, "status": 200}
{"id": "t000000459", "svc": "auth", "phase": "end", "ts": 4621100, "status": 200}
{"id": "t000000460", "svc": "gateway", "phase": "start", "ts": 4622000, "status": 200}
{"id": "t000000460", "svc": "gateway", "phase": "end", "ts": 4622100, "status": 200}
{"id": "t000000461", "svc": "payment", "phase": "start", "ts": 4623000, "status": 200}
{"id": "t000000461", "svc": "payment", "phase": "end", "ts": 4623100, "status": 200}
{"id": "t000000462", "svc": "auth", "phase": "start", "ts": 4624000, "status": 200}
{"id": "t000000462", "svc": "auth", "phase": "end", "ts": 4624100, "status": 200}
{"id": "t000000463", "svc": "gateway", "phase": "start", "ts": 4625000, "status": 200}
{"id": "t000000463", "svc": "gateway", "phase": "end", "ts": 4625100, "status": 200}
{"id": "t000000464", "svc": "payment", "phase": "start", "ts": 4626000, "status": 200}
{"id": "t000000464", "svc": "payment", "phase": "end", "ts": 4626100, "status": 500}
{"id": "t000000465", "svc": "auth", "phase": "start", "ts": 4627000, "status": 200}
{"id": "t000000465", "svc": "auth", "phase": "end", "ts": 4627100, "status": 200}
{"id": "t000000466", "svc": "gateway", "phase": "start", "ts": 4628000, "status": 200}
{"id": "t000000466", "svc": "gateway", "phase": "end", "ts": 4628100, "status": 200}
{"id": "t000000467", "svc": "payment", "phase": "start", "ts": 4629000, "status": 200}
{"id": "t000000467", "svc": "payment", "phase": "end", "ts": 4629100, "status": 200}
{"id": "t000000468", "svc": "auth", "phase": "start", "ts": 4630000, "status": 200}
{"id": "t000000468", "svc": "auth", "phase": "end", "ts": 4630100, "status": 200}
{"id": "t000000469", "svc": "gateway", "phase": "start", "ts": 4631000, "status": 200}
{"id": "t000000469", "svc": "gateway", "phase": "end", "ts": 4631100, "status": 200}
{"id": "t000000470", "svc": "payment", "phase": "start", "ts": 4632000, "status": 200}
{"id": "t000000470", "svc": "payment", "phase": "end", "ts": 4632100, "status": 200}
{"id": "t000000471", "svc": "auth", "phase": "start", "ts": 4633000, "status": 200}
{"id": "t000000471", "svc": "auth", "phase": "end", "ts": 4633100, "status": 200}
{"id": "t000000472", "svc": "gateway", "phase": "start", "ts": 4634000, "status": 200}
{"id": "t000000472", "svc": "gateway", "phase": "end", "ts": 4634100, "status": 500}
{"id": "t000000473", "svc": "payment", "phase": "start", "ts": 4635000, "status": 200}
{"id": "t000000473", "svc": "payment", "phase": "end", "ts": 4635100, "status": 200}
{"id": "t000000474", "svc": "auth", "phase": "start", "ts": 4636000, "status": 200}
{"id": "t000000474", "svc": "auth", "phase": "end", "ts": 4636100, "status": 200}
{"id": "t000000475", "svc": "gateway", "phase": "start", "ts": 4637000, "status": 200}
{"id": "t000000475", "svc": "gateway", "phase": "end", "ts": 4637100, "status": 200}
{"id": "t000000476", "svc": "payment", "phase": "start", "ts": 4638000, "status": 200}
{"id": "t000000476", "svc": "payment", "phase": "end", "ts": 4638100, "status": 200}
{"id": "t000000477", "svc": "auth", "phase": "start", "ts": 4639000, "status": 200}
{"id": "t000000477", "svc": "auth", "phase": "end", "ts": 4639100, "status": 200}
{"id": "t000000478", "svc": "gateway", "phase": "start", "ts": 4640000, "status": 200}
{"id": "t000000478", "svc": "gateway", "phase": "end", "ts": 4640100, "status": 200}
{"id": "t000000479", "svc": "payment", "phase": "start", "ts": 4641000, "status": 200}
{"id": "t000000479", "svc": "payment", "phase": "end", "ts": 4641100, "status": 200}
{"id": "t000000480", "svc": "auth", "phase": "start", "ts": 4642000, "status": 200}
{"id": "t000000480", "svc": "auth", "phase": "end", "ts": 4642100, "status": 500}
{"id": "t000000481", "svc": "gateway", "phase": "start", "ts": 4643000, "status": 200}
{"id": "t000000481", "svc": "gateway", "phase": "end", "ts": 4643100, "status": 200}
{"id": "t000000482", "svc": "payment", "phase": "start", "ts": 4644000, "status": 200}
{"id": "t000000482", "svc": "payment", "phase": "end", "ts": 4644100, "status": 200}
{"id": "t000000483", "svc": "auth", "phase": "start", "ts": 4645000, "status": 200}
{"id": "t000000483", "svc": "auth", "phase": "end", "ts": 4645100, "status": 200}
{"id": "t000000484", "svc": "gateway", "phase": "start", "ts": 4646000, "status": 200}
{"id": "t000000484", "svc": "gateway", "phase": "end", "ts": 4646100, "status": 200}
{"id": "t000000485", "svc": "payment", "phase": "start", "ts": 4647000, "status": 200}
{"id": "t000000485", "svc": "payment", "phase": "end", "ts": 4647100, "status": 200}
{"id": "t000000486", "svc": "auth", "phase": "start", "ts": 4648000, "status": 200}
{"id": "t000000486", "svc": "auth", "phase": "end", "ts": 4648100, "status": 200}
{"id": "t000000487", "svc": "gateway", "phase": "start", "ts": 4649000, "status": 200}
{"id": "t000000487", "svc": "gateway", "phase": "end", "ts": 4649100, "status": 200}
{"id": "t000000488", "svc": "payment", "phase": "start", "ts": 4650000, "status": 200}
{"id": "t000000488", "svc": "payment", "phase": "end", "ts": 4650100, "status": 500}
{"id": "t000000489", "svc": "auth", "phase": "start", "ts": 4651000, "status": 200}
{"id": "t000000489", "svc": "auth", "phase": "end", "ts": 4651100, "status": 200}
{"id": "t000000490", "svc": "gateway", "phase": "start", "ts": 4652000, "status": 200}
{"id": "t000000490", "svc": "gateway", "phase": "end", "ts": 4652100, "status": 200}
{"id": "t000000491", "svc": "payment", "phase": "start", "ts": 4653000, "status": 200}
{"id": "t000000491", "svc": "payment", "phase": "end", "ts": 4653100, "status": 200}
{"id": "t000000492", "svc": "auth", "phase": "start", "ts": 4654000, "status": 200}
{"id": "t000000492", "svc": "auth", "phase": "end", "ts": 4654100, "status": 200}
{"id": "t000000493", "svc": "gateway", "phase": "start", "ts": 4655000, "status": 200}
{"id": "t000000493", "svc": "gateway", "phase": "end", "ts": 4655100, "status": 200}
{"id": "t000000494", "svc": "payment", "phase": "start", "ts": 4656000, "status": 200}
{"id": "t000000494", "svc": "payment", "phase": "end", "ts": 4656100, "status": 200}
{"id": "t000000495", "svc": "auth", "phase": "start", "ts": 4657000, "status": 200}
{"id": "t000000495", "svc": "auth", "phase": "end", "ts": 4657100, "status": 200}
{"id": "t000000496", "svc": "gateway", "phase": "start", "ts": 4658000, "status": 200}
{"id": "t000000496", "svc": "gateway", "phase": "end", "ts": 4658100, "status": 500}
{"id": "t000000497", "svc": "payment", "phase": "start", "ts": 4659000, "status": 200}
{"id": "t000000497", "svc": "payment", "phase": "end", "ts": 4659100, "status": 200}
{"id": "t000000498", "svc": "auth", "phase": "start", "ts": 4660000, "status": 200}
{"id": "t000000498", "svc": "auth", "phase": "end", "ts": 4660100, "status": 200}
{"id": "t000000499", "svc": "gateway", "phase": "start", "ts": 4661000, "status": 200}
{"id": "t000000499", "svc": "gateway", "phase": "end", "ts": 4661100, "status": 200}
{"id": "t000000500", "svc": "payment", "phase": "start", "ts": 4662000, "status": 200}
{"id": "t000000500", "svc": "payment", "phase": "end", "ts": 4662100, "status": 200}
{"id": "t000000501", "svc": "auth", "phase": "start", "ts": 4663000, "status": 200}
{"id": "t000000501", "svc": "auth", "phase": "end", "ts": 4663100, "status": 200}
{"id": "t000000502", "svc": "gateway", "phase": "start", "ts": 4664000, "status": 200}
{"id": "t000000502", "svc": "gateway", "phase": "end", "ts": 4664100, "status": 200}
{"id": "t000000503", "svc": "payment", "phase": "start", "ts": 4665000, "status": 200}
{"id": "t000000503", "svc": "payment", "phase": "end", "ts": 4665100, "status": 200}
{"id": "t000000504", "svc": "auth", "phase": "start", "ts": 4666000, "status": 200}
{"id": "t000000504", "svc": "auth", "phase": "end", "ts": 4666100, "status": 500}
{"id": "t000000505", "svc": "gateway", "phase": "start", "ts": 4667000, "status": 200}
{"id": "t000000505", "svc": "gateway", "phase": "end", "ts": 4667100, "status": 200}
{"id": "t000000506", "svc": "payment", "phase": "start", "ts": 4668000, "status": 200}
{"id": "t000000506", "svc": "payment", "phase": "end", "ts": 4668100, "status": 200}
{"id": "t000000507", "svc": "auth", "phase": "start", "ts": 4669000, "status": 200}
{"id": "t000000507", "svc": "auth", "phase": "end", "ts": 4669100, "status": 200}
{"id": "t000000508", "svc": "gateway", "phase": "start", "ts": 4670000, "status": 200}
{"id": "t000000508", "svc": "gateway", "phase": "end", "ts": 4670100, "status": 200}
{"id": "t000000509", "svc": "payment", "phase": "start", "ts": 4671000, "status": 200}
{"id": "t000000509", "svc": "payment", "phase": "end", "ts": 4671100, "status": 200}
{"id": "t000000510", "svc": "auth", "phase": "start", "ts": 4672000, "status": 200}
{"id": "t000000510", "svc": "auth", "phase": "end", "ts": 4672100, "status": 200}
{"id": "t000000511", "svc": "gateway", "phase": "start", "ts": 4673000, "status": 200}
{"id": "t000000511", "svc": "gateway", "phase": "end", "ts": 4673100, "status": 200}
{"id": "t000000512", "svc": "payment", "phase": "start", "ts": 4674000, "status": 200}
{"id": "t000000512", "svc": "payment", "phase": "end", "ts": 4674100, "status": 500}
{"id": "t000000513", "svc": "auth", "phase": "start", "ts": 4675000, "status": 200}
{"id": "t000000513", "svc": "auth", "phase": "end", "ts": 4675100, "status": 200}
{"id": "t000000514", "svc": "gateway", "phase": "start", "ts": 4676000, "status": 200}
{"id": "t000000514", "svc": "gateway", "phase": "end", "ts": 4676100, "status": 200}
{"id": "t000000515", "svc": "payment", "phase": "start", "ts": 4677000, "status": 200}
{"id": "t000000515", "svc": "payment", "phase": "end", "ts": 4677100, "status": 200}
{"id": "t000000516", "svc": "auth", "phase": "start", "ts": 4678000, "status": 200}
{"id": "t000000516", "svc": "auth", "phase": "end", "ts": 4678100, "status": 200}
{"id": "t000000517", "svc": "gateway", "phase": "start", "ts": 4679000, "status": 200}
{"id": "t000000517", "svc": "gateway", "phase": "end", "ts": 4679100, "status": 200}
{"id": "t000000518", "svc": "payment", "phase": "start", "ts": 4680000, "status": 200}
{"id": "t000000518", "svc": "payment", "phase": "end", "ts": 4680100, "status": 200}
{"id": "t000000519", "svc": "auth", "phase": "start", "ts": 4681000, "status": 200}
{"id": "t000000519", "svc": "auth", "phase": "end", "ts": 4681100, "status": 200}
{"id": "t000000520", "svc": "gateway", "phase": "start", "ts": 4682000, "status": 200}
{"id": "t000000520", "svc": "gateway", "phase": "end", "ts": 4682100, "status": 500}
{"id": "t000000521", "svc": "payment", "phase": "start", "ts": 4683000, "status": 200}
{"id": "t000000521", "svc": "payment", "phase": "end", "ts": 4683100, "status": 200}
{"id": "t000000522", "svc": "auth", "phase": "start", "ts": 4684000, "status": 200}
{"id": "t000000522", "svc": "auth", "phase": "end", "ts": 4684100, "status": 200}
{"id": "t000000523", "svc": "gateway", "phase": "start", "ts": 4685000, "status": 200}
{"id": "t000000523", "svc": "gateway", "phase": "end", "ts": 4685100, "status": 200}
{"id": "t000000524", "svc": "payment", "phase": "start", "ts": 4686000, "status": 200}
{"id": "t000000524", "svc": "payment", "phase": "end", "ts": 4686100, "status": 200}
{"id": "t000000525", "svc": "auth", "phase": "start", "ts": 4687000, "status": 200}
{"id": "t000000525", "svc": "auth", "phase": "end", "ts": 4687100, "status": 200}
{"id": "t000000526", "svc": "gateway", "phase": "start", "ts": 4688000, "status": 200}
{"id": "t000000526", "svc": "gateway", "phase": "end", "ts": 4688100, "status": 200}
{"id": "t000000527", "svc": "payment", "phase": "start", "ts": 4689000, "status": 200}
{"id": "t000000527", "svc": "payment", "phase": "end", "ts": 4689100, "status": 200}
{"id": "t000000528", "svc": "auth", "phase": "start", "ts": 4690000, "status": 200}
{"id": "t000000528", "svc": "auth", "phase": "end", "ts": 4690100, "status": 500}
{"id": "t000000529", "svc": "gateway", "phase": "start", "ts": 4691000, "status": 200}
{"id": "t000000529", "svc": "gateway", "phase": "end", "ts": 4691100, "status": 200}
{"id": "t000000530", "svc": "payment", "phase": "start", "ts": 4692000, "status": 200}
{"id": "t000000530", "svc": "payment", "phase": "end", "ts": 4692100, "status": 200}
{"id": "t000000531", "svc": "auth", "phase": "start", "ts": 4693000, "status": 200}
{"id": "t000000531", "svc": "auth", "phase": "end", "ts": 4693100, "status": 200}
{"id": "t000000532", "svc": "gateway", "phase": "start", "ts": 4694000, "status": 200}
{"id": "t000000532", "svc": "gateway", "phase": "end", "ts": 4694100, "status": 200}
{"id": "t000000533", "svc": "payment", "phase": "start", "ts": 4695000, "status": 200}
{"id": "t000000533", "svc": "payment", "phase": "end", "ts": 4695100, "status": 200}
{"id": "t000000534", "svc": "auth", "phase": "start", "ts": 4696000, "status": 200}
{"id": "t000000534", "svc": "auth", "phase": "end", "ts": 4696100, "status": 200}
{"id": "t000000535", "svc": "gateway", "phase": "start", "ts": 4697000, "status": 200}
{"id": "t000000535", "svc": "gateway", "phase": "end", "ts": 4697100, "status": 200}
{"id": "t000000536", "svc": "payment", "phase": "start", "ts": 4698000, "status": 200}
{"id": "t000000536", "svc": "payment", "phase": "end", "ts": 4698100, "status": 500}
{"id": "t000000537", "svc": "auth", "phase": "start", "ts": 4699000, "status": 200}
{"id": "t000000537", "svc": "auth", "phase": "end", "ts": 4699100, "status": 200}
{"id": "t000000538", "svc": "gateway", "phase": "start", "ts": 4700000, "status": 200}
{"id": "t000000538", "svc": "gateway", "phase": "end", "ts": 4700100, "status": 200}
{"id": "t000000539", "svc": "payment", "phase": "start", "ts": 4701000, "status": 200}
{"id": "t000000539", "svc": "payment", "phase": "end", "ts": 4701100, "status": 200}
{"id": "t000000540", "svc": "auth", "phase": "start", "ts": 4702000, "status": 200}
{"id": "t000000540", "svc": "auth", "phase": "end", "ts": 4702100, "status": 200}
{"id": "t000000541", "svc": "gateway", "phase": "start", "ts": 4703000, "status": 200}
{"id": "t000000541", "svc": "gateway", "phase": "end", "ts": 4703100, "status": 200}
{"id": "t000000542", "svc": "payment", "phase": "start", "ts": 4704000, "status": 200}
{"id": "t000000542", "svc": "payment", "phase": "end", "ts": 4704100, "status": 200}
{"id": "t000000543", "svc": "auth", "phase": "start", "ts": 4705000, "status": 200}
{"id": "t000000543", "svc": "auth", "phase": "end", "ts": 4705100, "status": 200}
{"id": "t000000544", "svc": "gateway", "phase": "start", "ts": 4706000, "status": 200}
{"id": "t000000544", "svc": "gateway", "phase": "end", "ts": 4706100, "status": 500}
{"id": "t000000545", "svc": "payment", "phase": "start", "ts": 4707000, "status": 200}
{"id": "t000000545", "svc": "payment", "phase": "end", "ts": 4707100, "status": 200}
{"id": "t000000546", "svc": "auth", "phase": "start", "ts": 4708000, "status": 200}
{"id": "t000000546", "svc": "auth", "phase": "end", "ts": 4708100, "status": 200}
{"id": "t000000547", "svc": "gateway", "phase": "start", "ts": 4709000, "status": 200}
{"id": "t000000547", "svc": "gateway", "phase": "end", "ts": 4709100, "status": 200}
{"id": "t000000548", "svc": "payment", "phase": "start", "ts": 4710000, "status": 200}
{"id": "t000000548", "svc": "payment", "phase": "end", "ts": 4710100, "status": 200}
{"id": "t000000549", "svc": "auth", "phase": "start", "ts": 4711000, "status": 200}
{"id": "t000000549", "svc": "auth", "phase": "end", "ts": 4711100, "status": 200}
{"id": "t000000550", "svc": "gateway", "phase": "start", "ts": 4712000, "status": 200}
{"id": "t000000550", "svc": "gateway", "phase": "end", "ts": 4712100, "status": 200}
{"id": "t000000551", "svc": "payment", "phase": "start", "ts": 4713000, "status": 200}
{"id": "t000000551", "svc": "payment", "phase": "end", "ts": 4713100, "status": 200}
{"id": "t000000552", "svc": "auth", "phase": "start", "ts": 4714000, "status": 200}
{"id": "t000000552", "svc": "auth", "phase": "end", "ts": 4714100, "status": 500}
{"id": "t000000553", "svc": "gateway", "phase": "start", "ts": 4715000, "status": 200}
{"id": "t000000553", "svc": "gateway", "phase": "end", "ts": 4715100, "status": 200}
{"id": "t000000554", "svc": "payment", "phase": "start", "ts": 4716000, "status": 200}
{"id": "t000000554", "svc": "payment", "phase": "end", "ts": 4716100, "status": 200}
{"id": "t000000555", "svc": "auth", "phase": "start", "ts": 4717000, "status": 200}
{"id": "t000000555", "svc": "auth", "phase": "end", "ts": 4717100, "status": 200}
{"id": "t000000556", "svc": "gateway", "phase": "start", "ts": 4718000, "status": 200}
{"id": "t000000556", "svc": "gateway", "phase": "end", "ts": 4718100, "status": 200}
{"id": "t000000557", "svc": "payment", "phase": "start", "ts": 4719000, "status": 200}
{"id": "t000000557", "svc": "payment", "phase": "end", "ts": 4719100, "status": 200}
{"id": "t000000558", "svc": "auth", "phase": "start", "ts": 4720000, "status": 200}
{"id": "t000000558", "svc": "auth", "phase": "end", "ts": 4720100, "status": 200}
{"id": "t000000559", "svc": "gateway", "phase": "start", "ts": 4721000, "status": 200}
{"id": "t000000559", "svc": "gateway", "phase": "end", "ts": 4721100, "status": 200}
{"id": "t000000560", "svc": "payment", "phase": "start", "ts": 4722000, "status": 200}
{"id": "t000000560", "svc": "payment", "phase": "end", "ts": 4722100, "status": 500}
{"id": "t000000561", "svc": "auth", "phase": "start", "ts": 4723000, "status": 200}
{"id": "t000000561", "svc": "auth", "phase": "end", "ts": 4723100, "status": 200}
{"id": "t000000562", "svc": "gateway", "phase": "start", "ts": 4724000, "status": 200}
{"id": "t000000562", "svc": "gateway", "phase": "end", "ts": 4724100, "status": 200}
{"id": "t000000563", "svc": "payment", "phase": "start", "ts": 4725000, "status": 200}
{"id": "t000000563", "svc": "payment", "phase": "end", "ts": 4725100, "status": 200}
{"id": "t000000564", "svc": "auth", "phase": "start", "ts": 4726000, "status": 200}
{"id": "t000000564", "svc": "auth", "phase": "end", "ts": 4726100, "status": 200}
{"id": "t000000565", "svc": "gateway", "phase": "start", "ts": 4727000, "status": 200}
{"id": "t000000565", "svc": "gateway", "phase": "end", "ts": 4727100, "status": 200}
{"id": "t000000566", "svc": "payment", "phase": "start", "ts": 4728000, "status": 200}
{"id": "t000000566", "svc": "payment", "phase": "end", "ts": 4728100, "status": 200}
{"id": "t000000567", "svc": "auth", "phase": "start", "ts": 4729000, "status": 200}
{"id": "t000000567", "svc": "auth", "phase": "end", "ts": 4729100, "status": 200}
{"id": "t000000568", "svc": "gateway", "phase": "start", "ts": 4730000, "status": 200}
{"id": "t000000568", "svc": "gateway", "phase": "end", "ts": 4730100, "status": 500}
{"id": "t000000569", "svc": "payment", "phase": "start", "ts": 4731000, "status": 200}
{"id": "t000000569", "svc": "payment", "phase": "end", "ts": 4731100, "status": 200}
{"id": "t000000570", "svc": "auth", "phase": "start", "ts": 4732000, "status": 200}
{"id": "t000000570", "svc": "auth", "phase": "end", "ts": 4732100, "status": 200}
{"id": "t000000571", "svc": "gateway", "phase": "start", "ts": 4733000, "status": 200}
{"id": "t000000571", "svc": "gateway", "phase": "end", "ts": 4733100, "status": 200}
{"id": "t000000572", "svc": "payment", "phase": "start", "ts": 4734000, "status": 200}
{"id": "t000000572", "svc": "payment", "phase": "end", "ts": 4734100, "status": 200}
{"id": "t000000573", "svc": "auth", "phase": "start", "ts": 4735000, "status": 200}
{"id": "t000000573", "svc": "auth", "phase": "end", "ts": 4735100, "status": 200}
{"id": "t000000574", "svc": "gateway", "phase": "start", "ts": 4736000, "status": 200}
{"id": "t000000574", "svc": "gateway", "phase": "end", "ts": 4736100, "status": 200}
{"id": "t000000575", "svc": "payment", "phase": "start", "ts": 4737000, "status": 200}
{"id": "t000000575", "svc": "payment", "phase": "end", "ts": 4737100, "status": 200}
{"id": "t000000576", "svc": "auth", "phase": "start", "ts": 4738000, "status": 200}
{"id": "t000000576", "svc": "auth", "phase": "end", "ts": 4738100, "status": 500}
{"id": "t000000577", "svc": "gateway", "phase": "start", "ts": 4739000, "status": 200}
{"id": "t000000577", "svc": "gateway", "phase": "end", "ts": 4739100, "status": 200}
{"id": "t000000578", "svc": "payment", "phase": "start", "ts": 4740000, "status": 200}
{"id": "t000000578", "svc": "payment", "phase": "end", "ts": 4740100, "status": 200}
{"id": "t000000579", "svc": "auth", "phase": "start", "ts": 4741000, "status": 200}
{"id": "t000000579", "svc": "auth", "phase": "end", "ts": 4741100, "status": 200}
{"id": "t000000580", "svc": "gateway", "phase": "start", "ts": 4742000, "status": 200}
{"id": "t000000580", "svc": "gateway", "phase": "end", "ts": 4742100, "status": 200}
{"id": "t000000581", "svc": "payment", "phase": "start", "ts": 4743000, "status": 200}
{"id": "t000000581", "svc": "payment", "phase": "end", "ts": 4743100, "status": 200}
{"id": "t000000582", "svc": "auth", "phase": "start", "ts": 4744000, "status": 200}
{"id": "t000000582", "svc": "auth", "phase": "end", "ts": 4744100, "status": 200}
{"id": "t000000583", "svc": "gateway", "phase": "start", "ts": 4745000, "status": 200}
{"id": "t000000583", "svc": "gateway", "phase": "end", "ts": 4745100, "status": 200}
{"id": "t000000584", "svc": "payment", "phase": "start", "ts": 4746000, "status": 200}
{"id": "t000000584", "svc": "payment", "phase": "end", "ts": 4746100, "status": 500}
{"id": "t000000585", "svc": "auth", "phase": "start", "ts": 4747000, "status": 200}
{"id": "t000000585", "svc": "auth", "phase": "end", "ts": 4747100, "status": 200}
{"id": "t000000586", "svc": "gateway", "phase": "start", "ts": 4748000, "status": 200}
{"id": "t000000586", "svc": "gateway", "phase": "end", "ts": 4748100, "status": 200}
{"id": "t000000587", "svc": "payment", "phase": "start", "ts": 4749000, "status": 200}
{"id": "t000000587", "svc": "payment", "phase": "end", "ts": 4749100, "status": 200}
{"id": "t000000588", "svc": "auth", "phase": "start", "ts": 4750000, "status": 200}
{"id": "t000000588", "svc": "auth", "phase": "end", "ts": 4750100, "status": 200}
{"id": "t000000589", "svc": "gateway", "phase": "start", "ts": 4751000, "status": 200}
{"id": "t000000589", "svc": "gateway", "phase": "end", "ts": 4751100, "status": 200}
{"id": "t000000590", "svc": "payment", "phase": "start", "ts": 4752000, "status": 200}
{"id": "t000000590", "svc": "payment", "phase": "end", "ts": 4752100, "status": 200}
{"id": "t000000591", "svc": "auth", "phase": "start", "ts": 4753000, "status": 200}
{"id": "t000000591", "svc": "auth", "phase": "end", "ts": 4753100, "status": 200}
{"id": "t000000592", "svc": "gateway", "phase": "start", "ts": 4754000, "status": 200}
{"id": "t000000592", "svc": "gateway", "phase": "end", "ts": 4754100, "status": 500}
{"id": "t000000593", "svc": "payment", "phase": "start", "ts": 4755000, "status": 200}
{"id": "t000000593", "svc": "payment", "phase": "end", "ts": 4755100, "status": 200}
{"id": "t000000594", "svc": "auth", "phase": "start", "ts": 4756000, "status": 200}
{"id": "t000000594", "svc": "auth", "phase": "end", "ts": 4756100, "status": 200}
{"id": "t000000595", "svc": "gateway", "phase": "start", "ts": 4757000, "status": 200}
{"id": "t000000595", "svc": "gateway", "phase": "end", "ts": 4757100, "status": 200}
{"id": "t000000596", "svc": "payment", "phase": "start", "ts": 4758000, "status": 200}
{"id": "t000000596", "svc": "payment", "phase": "end", "ts": 4758100, "status": 200}
{"id": "t000000597", "svc": "auth", "phase": "start", "ts": 4759000, "status": 200}
{"id": "t000000597", "svc": "auth", "phase": "end", "ts": 4759100, "status": 200}
{"id": "t000000598", "svc": "gateway", "phase": "start", "ts": 4760000, "status": 200}
{"id": "t000000598", "svc": "gateway", "phase": "end", "ts": 4760100, "status": 200}
{"id": "t000000599", "svc": "payment", "phase": "start", "ts": 4761000, "status": 200}
{"id": "t000000599", "svc": "payment", "phase": "end", "ts": 4761100, "status": 200}
{"id": "t000000600", "svc": "auth", "phase": "start", "ts": 4762000, "status": 200}
{"id": "t000000600", "svc": "auth", "phase": "end", "ts": 4762100, "status": 500}
{"id": "t000000601", "svc": "gateway", "phase": "start", "ts": 4763000, "status": 200}
{"id": "t000000601", "svc": "gateway", "phase": "end", "ts": 4763100, "status": 200}
{"id": "t000000602", "svc": "payment", "phase": "start", "ts": 4764000, "status": 200}
{"id": "t000000602", "svc": "payment", "phase": "end", "ts": 4764100, "status": 200}
{"id": "t000000603", "svc": "auth", "phase": "start", "ts": 4765000, "status": 200}
{"id": "t000000603", "svc": "auth", "phase": "end", "ts": 4765100, "status": 200}
{"id": "t000000604", "svc": "gateway", "phase": "start", "ts": 4766000, "status": 200}
{"id": "t000000604", "svc": "gateway", "phase": "end", "ts": 4766100, "status": 200}
{"id": "t000000605", "svc": "payment", "phase": "start", "ts": 4767000, "status": 200}
{"id": "t000000605", "svc": "payment", "phase": "end", "ts": 4767100, "status": 200}
{"id": "t000000606", "svc": "auth", "phase": "start", "ts": 4768000, "status": 200}
{"id": "t000000606", "svc": "auth", "phase": "end", "ts": 4768100, "status": 200}
{"id": "t000000607", "svc": "gateway", "phase": "start", "ts": 4769000, "status": 200}
{"id": "t000000607", "svc": "gateway", "phase": "end", "ts": 4769100, "status": 200}
{"id": "t000000608", "svc": "payment", "phase": "start", "ts": 4770000, "status": 200}
{"id": "t000000608", "svc": "payment", "phase": "end", "ts": 4770100, "status": 500}
{"id": "t000000609", "svc": "auth", "phase": "start", "ts": 4771000, "status": 200}
{"id": "t000000609", "svc": "auth", "phase": "end", "ts": 4771100, "status": 200}
{"id": "t000000610", "svc": "gateway", "phase": "start", "ts": 4772000, "status": 200}
{"id": "t000000610", "svc": "gateway", "phase": "end", "ts": 4772100, "status": 200}
{"id": "t000000611", "svc": "payment", "phase": "start", "ts": 4773000, "status": 200}
{"id": "t000000611", "svc": "payment", "phase": "end", "ts": 4773100, "status": 200}
{"id": "t000000612", "svc": "auth", "phase": "start", "ts": 4774000, "status": 200}
{"id": "t000000612", "svc": "auth", "phase": "end", "ts": 4774100, "status": 200}
{"id": "t000000613", "svc": "gateway", "phase": "start", "ts": 4775000, "status": 200}
{"id": "t000000613", "svc": "gateway", "phase": "end", "ts": 4775100, "status": 200}
{"id": "t000000614", "svc": "payment", "phase": "start", "ts": 4776000, "status": 200}
{"id": "t000000614", "svc": "payment", "phase": "end", "ts": 4776100, "status": 200}
{"id": "t000000615", "svc": "auth", "phase": "start", "ts": 4777000, "status": 200}
{"id": "t000000615", "svc": "auth", "phase": "end", "ts": 4777100, "status": 200}
{"id": "t000000616", "svc": "gateway", "phase": "start", "ts": 4778000, "status": 200}
{"id": "t000000616", "svc": "gateway", "phase": "end", "ts": 4778100, "status": 500}
{"id": "t000000617", "svc": "payment", "phase": "start", "ts": 4779000, "status": 200}
{"id": "t000000617", "svc": "payment", "phase": "end", "ts": 4779100, "status": 200}
{"id": "t000000618", "svc": "auth", "phase": "start", "ts": 4780000, "status": 200}
{"id": "t000000618", "svc": "auth", "phase": "end", "ts": 4780100, "status": 200}
{"id": "t000000619", "svc": "gateway", "phase": "start", "ts": 4781000, "status": 200}
{"id": "t000000619", "svc": "gateway", "phase": "end", "ts": 4781100, "status": 200}
{"id": "t000000620", "svc": "payment", "phase": "start", "ts": 4782000, "status": 200}
{"id": "t000000620", "svc": "payment", "phase": "end", "ts": 4782100, "status": 200}
{"id": "t000000621", "svc": "auth", "phase": "start", "ts": 4783000, "status": 200}
{"id": "t000000621", "svc": "auth", "phase": "end", "ts": 4783100, "status": 200}
{"id": "t000000622", "svc": "gateway", "phase": "start", "ts": 4784000, "status": 200}
{"id": "t000000622", "svc": "gateway", "phase": "end", "ts": 4784100, "status": 200}
{"id": "t000000623", "svc": "payment", "phase": "start", "ts": 4785000, "status": 200}
{"id": "t000000623", "svc": "payment", "phase": "end", "ts": 4785100, "status": 200}
{"id": "t000000624", "svc": "auth", "phase": "start", "ts": 4786000, "status": 200}
{"id": "t000000624", "svc": "auth", "phase": "end", "ts": 4786100, "status": 500}
{"id": "t000000625", "svc": "gateway", "phase": "start", "ts": 4787000, "status": 200}
{"id": "t000000625", "svc": "gateway", "phase": "end", "ts": 4787100, "status": 200}
{"id": "t000000626", "svc": "payment", "phase": "start", "ts": 4788000, "status": 200}
{"id": "t000000626", "svc": "payment", "phase": "end", "ts": 4788100, "status": 200}
{"id": "t000000627", "svc": "auth", "phase": "start", "ts": 4789000, "status": 200}
{"id": "t000000627", "svc": "auth", "phase": "end", "ts": 4789100, "status": 200}
{"id": "t000000628", "svc": "gateway", "phase": "start", "ts": 4790000, "status": 200}
{"id": "t000000628", "svc": "gateway", "phase": "end", "ts": 4790100, "status": 200}
{"id": "t000000629", "svc": "payment", "phase": "start", "ts": 4791000, "status": 200}
{"id": "t000000629", "svc": "payment", "phase": "end", "ts": 4791100, "status": 200}
{"id": "t000000630", "svc": "auth", "phase": "start", "ts": 4792000, "status": 200}
{"id": "t000000630", "svc": "auth", "phase": "end", "ts": 4792100, "status": 200}
{"id": "t000000631", "svc": "gateway", "phase": "start", "ts": 4793000, "status": 200}
{"id": "t000000631", "svc": "gateway", "phase": "end", "ts": 4793100, "status": 200}
{"id": "t000000632", "svc": "payment", "phase": "start", "ts": 4794000, "status": 200}
{"id": "t000000632", "svc": "payment", "phase": "end", "ts": 4794100, "status": 500}
{"id": "t000000633", "svc": "auth", "phase": "start", "ts": 4795000, "status": 200}
{"id": "t000000633", "svc": "auth", "phase": "end", "ts": 4795100, "status": 200}
{"id": "t000000634", "svc": "gateway", "phase": "start", "ts": 4796000, "status": 200}
{"id": "t000000634", "svc": "gateway", "phase": "end", "ts": 4796100, "status": 200}
{"id": "t000000635", "svc": "payment", "phase": "start", "ts": 4797000, "status": 200}
{"id": "t000000635", "svc": "payment", "phase": "end", "ts": 4797100, "status": 200}
{"id": "t000000636", "svc": "auth", "phase": "start", "ts": 4798000, "status": 200}
{"id": "t000000636", "svc": "auth", "phase": "end", "ts": 4798100, "status": 200}
{"id": "t000000637", "svc": "gateway", "phase": "start", "ts": 4799000, "status": 200}
{"id": "t000000637", "svc": "gateway", "phase": "end", "ts": 4799100, "status": 200}
{"id": "t000000638", "svc": "payment", "phase": "start", "ts": 4800000, "status": 200}
{"id": "t000000638", "svc": "payment", "phase": "end", "ts": 4800100, "status": 200}
{"id": "t000000639", "svc": "auth", "phase": "start", "ts": 4801000, "status": 200}
{"id": "t000000639", "svc": "auth", "phase": "end", "ts": 4801100, "status": 200}
{"id": "t000000640", "svc": "gateway", "phase": "start", "ts": 4802000, "status": 200}
{"id": "t000000640", "svc": "gateway", "phase": "end", "ts": 4802100, "status": 500}
{"id": "t000000641", "svc": "payment", "phase": "start", "ts": 4803000, "status": 200}
{"id": "t000000641", "svc": "payment", "phase": "end", "ts": 4803100, "status": 200}
{"id": "t000000642", "svc": "auth", "phase": "start", "ts": 4804000, "status": 200}
{"id": "t000000642", "svc": "auth", "phase": "end", "ts": 4804100, "status": 200}
{"id": "t000000643", "svc": "gateway", "phase": "start", "ts": 4805000, "status": 200}
{"id": "t000000643", "svc": "gateway", "phase": "end", "ts": 4805100, "status": 200}
{"id": "t000000644", "svc": "payment", "phase": "start", "ts": 4806000, "status": 200}
{"id": "t000000644", "svc": "payment", "phase": "end", "ts": 4806100, "status": 200}
{"id": "t000000645", "svc": "auth", "phase": "start", "ts": 4807000, "status": 200}
{"id": "t000000645", "svc": "auth", "phase": "end", "ts": 4807100, "status": 200}
{"id": "t000000646", "svc": "gateway", "phase": "start", "ts": 4808000, "status": 200}
{"id": "t000000646", "svc": "gateway", "phase": "end", "ts": 4808100, "status": 200}
{"id": "t000000647", "svc": "payment", "phase": "start", "ts": 4809000, "status": 200}
{"id": "t000000647", "svc": "payment", "phase": "end", "ts": 4809100, "status": 200}
{"id": "t000000648", "svc": "auth", "phase": "start", "ts": 4810000, "status": 200}
{"id": "t000000648", "svc": "auth", "phase": "end", "ts": 4810100, "status": 500}
{"id": "t000000649", "svc": "gateway", "phase": "start", "ts": 4811000, "status": 200}
{"id": "t000000649", "svc": "gateway", "phase": "end", "ts": 4811100, "status": 200}
{"id": "t000000650", "svc": "payment", "phase": "start", "ts": 4812000, "status": 200}
{"id": "t000000650", "svc": "payment", "phase": "end", "ts": 4812100, "status": 200}
{"id": "t000000651", "svc": "auth", "phase": "start", "ts": 4813000, "status": 200}
{"id": "t000000651", "svc": "auth", "phase": "end", "ts": 4813100, "status": 200}
{"id": "t000000652", "svc": "gateway", "phase": "start", "ts": 4814000, "status": 200}
{"id": "t000000652", "svc": "gateway", "phase": "end", "ts": 4814100, "status": 200}
{"id": "t000000653", "svc": "payment", "phase": "start", "ts": 4815000, "status": 200}
{"id": "t000000653", "svc": "payment", "phase": "end", "ts": 4815100, "status": 200}
{"id": "t000000654", "svc": "auth", "phase": "start", "ts": 4816000, "status": 200}
{"id": "t000000654", "svc": "auth", "phase": "end", "ts": 4816100, "status": 200}
{"id": "t000000655", "svc": "gateway", "phase": "start", "ts": 4817000, "status": 200}
{"id": "t000000655", "svc": "gateway", "phase": "end", "ts": 4817100, "status": 200}
{"id": "t000000656", "svc": "payment", "phase": "start", "ts": 4818000, "status": 200}
{"id": "t000000656", "svc": "payment", "phase": "end", "ts": 4818100, "status": 500}
{"id": "t000000657", "svc": "auth", "phase": "start", "ts": 4819000, "status": 200}
{"id": "t000000657", "svc": "auth", "phase": "end", "ts": 4819100, "status": 200}
{"id": "t000000658", "svc": "gateway", "phase": "start", "ts": 4820000, "status": 200}
{"id": "t000000658", "svc": "gateway", "phase": "end", "ts": 4820100, "status": 200}
{"id": "t000000659", "svc": "payment", "phase": "start", "ts": 4821000, "status": 200}
{"id": "t000000659", "svc": "payment", "phase": "end", "ts": 4821100, "status": 200}
{"id": "t000000660", "svc": "auth", "phase": "start", "ts": 4822000, "status": 200}
{"id": "t000000660", "svc": "auth", "phase": "end", "ts": 4822100, "status": 200}
{"id": "t000000661", "svc": "gateway", "phase": "start", "ts": 4823000, "status": 200}
{"id": "t000000661", "svc": "gateway", "phase": "end", "ts": 4823100, "status": 200}
{"id": "t000000662", "svc": "payment", "phase": "start", "ts": 4824000, "status": 200}
{"id": "t000000662", "svc": "payment", "phase": "end", "ts": 4824100, "status": 200}
{"id": "t000000663", "svc": "auth", "phase": "start", "ts": 4825000, "status": 200}
{"id": "t000000663", "svc": "auth", "phase": "end", "ts": 4825100, "status": 200}
{"id": "t000000664", "svc": "gateway", "phase": "start", "ts": 4826000, "status": 200}
{"id": "t000000664", "svc": "gateway", "phase": "end", "ts": 4826100, "status": 500}
{"id": "t000000665", "svc": "payment", "phase": "start", "ts": 4827000, "status": 200}
{"id": "t000000665", "svc": "payment", "phase": "end", "ts": 4827100, "status": 200}
{"id": "t000000666", "svc": "auth", "phase": "start", "ts": 4828000, "status": 200}
{"id": "t000000666", "svc": "auth", "phase": "end", "ts": 4828100, "status": 200}
{"id": "t000000667", "svc": "gateway", "phase": "start", "ts": 4829000, "status": 200}
{"id": "t000000667", "svc": "gateway", "phase": "end", "ts": 4829100, "status": 200}
{"id": "t000000668", "svc": "payment", "phase": "start", "ts": 4830000, "status": 200}
{"id": "t000000668", "svc": "payment", "phase": "end", "ts": 4830100, "status": 200}
{"id": "t000000669", "svc": "auth", "phase": "start", "ts": 4831000, "status": 200}
{"id": "t000000669", "svc": "auth", "phase": "end", "ts": 4831100, "status": 200}
{"id": "t000000670", "svc": "gateway", "phase": "start", "ts": 4832000, "status": 200}
{"id": "t000000670", "svc": "gateway", "phase": "end", "ts": 4832100, "status": 200}
{"id": "t000000671", "svc": "payment", "phase": "start", "ts": 4833000, "status": 200}
{"id": "t000000671", "svc": "payment", "phase": "end", "ts": 4833100, "status": 200}
{"id": "t000000672", "svc": "auth", "phase": "start", "ts": 4834000, "status": 200}
{"id": "t000000672", "svc": "auth", "phase": "end", "ts": 4834100, "status": 500}
{"id": "t000000673", "svc": "gateway", "phase": "start", "ts": 4835000, "status": 200}
{"id": "t000000673", "svc": "gateway", "phase": "end", "ts": 4835100, "status": 200}
{"id": "t000000674", "svc": "payment", "phase": "start", "ts": 4836000, "status": 200}
{"id": "t000000674", "svc": "payment", "phase": "end", "ts": 4836100, "status": 200}
{"id": "t000000675", "svc": "auth", "phase": "start", "ts": 4837000, "status": 200}
{"id": "t000000675", "svc": "auth", "phase": "end", "ts": 4837100, "status": 200}
{"id": "t000000676", "svc": "gateway", "phase": "start", "ts": 4838000, "status": 200}
{"id": "t000000676", "svc": "gateway", "phase": "end", "ts": 4838100, "status": 200}
{"id": "t000000677", "svc": "payment", "phase": "start", "ts": 4839000, "status": 200}
{"id": "t000000677", "svc": "payment", "phase": "end", "ts": 4839100, "status": 200}
{"id": "t000000678", "svc": "auth", "phase": "start", "ts": 4840000, "status": 200}
{"id": "t000000678", "svc": "auth", "phase": "end", "ts": 4840100, "status": 200}
{"id": "t000000679", "svc": "gateway", "phase": "start", "ts": 4841000, "status": 200}
{"id": "t000000679", "svc": "gateway", "phase": "end", "ts": 4841100, "status": 200}
{"id": "t000000680", "svc": "payment", "phase": "start", "ts": 4842000, "status": 200}
{"id": "t000000680", "svc": "payment", "phase": "end", "ts": 4842100, "status": 500}
{"id": "t000000681", "svc": "auth", "phase": "start", "ts": 4843000, "status": 200}
{"id": "t000000681", "svc": "auth", "phase": "end", "ts": 4843100, "status": 200}
{"id": "t000000682", "svc": "gateway", "phase": "start", "ts": 4844000, "status": 200}
{"id": "t000000682", "svc": "gateway", "phase": "end", "ts": 4844100, "status": 200}
{"id": "t000000683", "svc": "payment", "phase": "start", "ts": 4845000, "status": 200}
{"id": "t000000683", "svc": "payment", "phase": "end", "ts": 4845100, "status": 200}
{"id": "t000000684", "svc": "auth", "phase": "start", "ts": 4846000, "status": 200}
{"id": "t000000684", "svc": "auth", "phase": "end", "ts": 4846100, "status": 200}
{"id": "t000000685", "svc": "gateway", "phase": "start", "ts": 4847000, "status": 200}
{"id": "t000000685", "svc": "gateway", "phase": "end", "ts": 4847100, "status": 200}
{"id": "t000000686", "svc": "payment", "phase": "start", "ts": 4848000, "status": 200}
{"id": "t000000686", "svc": "payment", "phase": "end", "ts": 4848100, "status": 200}
{"id": "t000000687", "svc": "auth", "phase": "start", "ts": 4849000, "status": 200}
{"id": "t000000687", "svc": "auth", "phase": "end", "ts": 4849100, "status": 200}
{"id": "t000000688", "svc": "gateway", "phase": "start", "ts": 4850000, "status": 200}
{"id": "t000000688", "svc": "gateway", "phase": "end", "ts": 4850100, "status": 500}
{"id": "t000000689", "svc": "payment", "phase": "start", "ts": 4851000, "status": 200}
{"id": "t000000689", "svc": "payment", "phase": "end", "ts": 4851100, "status": 200}
{"id": "t000000690", "svc": "auth", "phase": "start", "ts": 4852000, "status": 200}
{"id": "t000000690", "svc": "auth", "phase": "end", "ts": 4852100, "status": 200}
{"id": "t000000691", "svc": "gateway", "phase": "start", "ts": 4853000, "status": 200}
{"id": "t000000691", "svc": "gateway", "phase": "end", "ts": 4853100, "status": 200}
{"id": "t000000692", "svc": "payment", "phase": "start", "ts": 4854000, "status": 200}
{"id": "t000000692", "svc": "payment", "phase": "end", "ts": 4854100, "status": 200}
{"id": "t000000693", "svc": "auth", "phase": "start", "ts": 4855000, "status": 200}
{"id": "t000000693", "svc": "auth", "phase": "end", "ts": 4855100, "status": 200}
{"id": "t000000694", "svc": "gateway", "phase": "start", "ts": 4856000, "status": 200}
{"id": "t000000694", "svc": "gateway", "phase": "end", "ts": 4856100, "status": 200}
{"id": "t000000695", "svc": "payment", "phase": "start", "ts": 4857000, "status": 200}
{"id": "t000000695", "svc": "payment", "phase": "end", "ts": 4857100, "status": 200}
{"id": "t000000696", "svc": "auth", "phase": "start", "ts": 4858000, "status": 200}
{"id": "t000000696", "svc": "auth", "phase": "end", "ts": 4858100, "status": 500}
{"id": "t000000697", "svc": "gateway", "phase": "start", "ts": 4859000, "status": 200}
{"id": "t000000697", "svc": "gateway", "phase": "end", "ts": 4859100, "status": 200}
{"id": "t000000698", "svc": "payment", "phase": "start", "ts": 4860000, "status": 200}
{"id": "t000000698", "svc": "payment", "phase": "end", "ts": 4860100, "status": 200}
{"id": "t000000699", "svc": "auth", "phase": "start", "ts": 4861000, "status": 200}
{"id": "t000000699", "svc": "auth", "phase": "end", "ts": 4861100, "status": 200}
{"id": "t000000700", "svc": "gateway", "phase": "start", "ts": 4862000, "status": 200}
{"id": "t000000700", "svc": "gateway", "phase": "end", "ts": 4862100, "status": 200}
{"id": "t000000701", "svc": "payment", "phase": "start", "ts": 4863000, "status": 200}
{"id": "t000000701", "svc": "payment", "phase": "end", "ts": 4863100, "status": 200}
{"id": "t000000702", "svc": "auth", "phase": "start", "ts": 4864000, "status": 200}
{"id": "t000000702", "svc": "auth", "phase": "end", "ts": 4864100, "status": 200}
{"id": "t000000703", "svc": "gateway", "phase": "start", "ts": 4865000, "status": 200}
{"id": "t000000703", "svc": "gateway", "phase": "end", "ts": 4865100, "status": 200}
{"id": "t000000704", "svc": "payment", "phase": "start", "ts": 4866000, "status": 200}
{"id": "t000000704", "svc": "payment", "phase": "end", "ts": 4866100, "status": 500}
{"id": "t000000705", "svc": "auth", "phase": "start", "ts": 4867000, "status": 200}
{"id": "t000000705", "svc": "auth", "phase": "end", "ts": 4867100, "status": 200}
{"id": "t000000706", "svc": "gateway", "phase": "start", "ts": 4868000, "status": 200}
{"id": "t000000706", "svc": "gateway", "phase": "end", "ts": 4868100, "status": 200}
{"id": "t000000707", "svc": "payment", "phase": "start", "ts": 4869000, "status": 200}
{"id": "t000000707", "svc": "payment", "phase": "end", "ts": 4869100, "status": 200}
{"id": "t000000708", "svc": "auth", "phase": "start", "ts": 4870000, "status": 200}
{"id": "t000000708", "svc": "auth", "phase": "end", "ts": 4870100, "status": 200}
{"id": "t000000709", "svc": "gateway", "phase": "start", "ts": 4871000, "status": 200}
{"id": "t000000709", "svc": "gateway", "phase": "end", "ts": 4871100, "status": 200}
{"id": "t000000710", "svc": "payment", "phase": "start", "ts": 4872000, "status": 200}
{"id": "t000000710", "svc": "payment", "phase": "end", "ts": 4872100, "status": 200}
{"id": "t000000711", "svc": "auth", "phase": "start", "ts": 4873000, "status": 200}
{"id": "t000000711", "svc": "auth", "phase": "end", "ts": 4873100, "status": 200}
{"id": "t000000712", "svc": "gateway", "phase": "start", "ts": 4874000, "status": 200}
{"id": "t000000712", "svc": "gateway", "phase": "end", "ts": 4874100, "status": 500}
{"id": "t000000713", "svc": "payment", "phase": "start", "ts": 4875000, "status": 200}
{"id": "t000000713", "svc": "payment", "phase": "end", "ts": 4875100, "status": 200}
{"id": "t000000714", "svc": "auth", "phase": "start", "ts": 4876000, "status": 200}
{"id": "t000000714", "svc": "auth", "phase": "end", "ts": 4876100, "status": 200}
{"id": "t000000715", "svc": "gateway", "phase": "start", "ts": 4877000, "status": 200}
{"id": "t000000715", "svc": "gateway", "phase": "end", "ts": 4877100, "status": 200}
{"id": "t000000716", "svc": "payment", "phase": "start", "ts": 4878000, "status": 200}
{"id": "t000000716", "svc": "payment", "phase": "end", "ts": 4878100, "status": 200}
{"id": "t000000717", "svc": "auth", "phase": "start", "ts": 4879000, "status": 200}
{"id": "t000000717", "svc": "auth", "phase": "end", "ts": 4879100, "status": 200}
{"id": "t000000718", "svc": "gateway", "phase": "start", "ts": 4880000, "status": 200}
{"id": "t000000718", "svc": "gateway", "phase": "end", "ts": 4880100, "status": 200}
{"id": "t000000719", "svc": "payment", "phase": "start", "ts": 4881000, "status": 200}
{"id": "t000000719", "svc": "payment", "phase": "end", "ts": 4881100, "status": 200}
{"id": "t000000720", "svc": "auth", "phase": "start", "ts": 4882000, "status": 200}
{"id": "t000000720", "svc": "auth", "phase": "end", "ts": 4882100, "status": 500}
{"id": "t000000721", "svc": "gateway", "phase": "start", "ts": 4883000, "status": 200}
{"id": "t000000721", "svc": "gateway", "phase": "end", "ts": 4883100, "status": 200}
{"id": "t000000722", "svc": "payment", "phase": "start", "ts": 4884000, "status": 200}
{"id": "t000000722", "svc": "payment", "phase": "end", "ts": 4884100, "status": 200}
{"id": "t000000723", "svc": "auth", "phase": "start", "ts": 4885000, "status": 200}
{"id": "t000000723", "svc": "auth", "phase": "end", "ts": 4885100, "status": 200}
{"id": "t000000724", "svc": "gateway", "phase": "start", "ts": 4886000, "status": 200}
{"id": "t000000724", "svc": "gateway", "phase": "end", "ts": 4886100, "status": 200}
{"id": "t000000725", "svc": "payment", "phase": "start", "ts": 4887000, "status": 200}
{"id": "t000000725", "svc": "payment", "phase": "end", "ts": 4887100, "status": 200}
{"id": "t000000726", "svc": "auth", "phase": "start", "ts": 4888000, "status": 200}
{"id": "t000000726", "svc": "auth", "phase": "end", "ts": 4888100, "status": 200}
{"id": "t000000727", "svc": "gateway", "phase": "start", "ts": 4889000, "status": 200}
{"id": "t000000727", "svc": "gateway", "phase": "end", "ts": 4889100, "status": 200}
{"id": "t000000728", "svc": "payment", "phase": "start", "ts": 4890000, "status": 200}
{"id": "t000000728", "svc": "payment", "phase": "end", "ts": 4890100, "status": 500}
{"id": "t000000729", "svc": "auth", "phase": "start", "ts": 4891000, "status": 200}
{"id": "t000000729", "svc": "auth", "phase": "end", "ts": 4891100, "status": 200}
{"id": "t000000730", "svc": "gateway", "phase": "start", "ts": 4892000, "status": 200}
{"id": "t000000730", "svc": "gateway", "phase": "end", "ts": 4892100, "status": 200}
{"id": "t000000731", "svc": "payment", "phase": "start", "ts": 4893000, "status": 200}
{"id": "t000000731", "svc": "payment", "phase": "end", "ts": 4893100, "status": 200}
{"id": "t000000732", "svc": "auth", "phase": "start", "ts": 4894000, "status": 200}
{"id": "t000000732", "svc": "auth", "phase": "end", "ts": 4894100, "status": 200}
{"id": "t000000733", "svc": "gateway", "phase": "start", "ts": 4895000, "status": 200}
{"id": "t000000733", "svc": "gateway", "phase": "end", "ts": 4895100, "status": 200}
{"id": "t000000734", "svc": "payment", "phase": "start", "ts": 4896000, "status": 200}
{"id": "t000000734", "svc": "payment", "phase": "end", "ts": 4896100, "status": 200}
{"id": "t000000735", "svc": "auth", "phase": "start", "ts": 4897000, "status": 200}
{"id": "t000000735", "svc": "auth", "phase": "end", "ts": 4897100, "status": 200}
{"id": "t000000736", "svc": "gateway", "phase": "start", "ts": 4898000, "status": 200}
{"id": "t000000736", "svc": "gateway", "phase": "end", "ts": 4898100, "status": 500}
{"id": "t000000737", "svc": "payment", "phase": "start", "ts": 4899000, "status": 200}
{"id": "t000000737", "svc": "payment", "phase": "end", "ts": 4899100, "status": 200}
{"id": "t000000738", "svc": "auth", "phase": "start", "ts": 4900000, "status": 200}
{"id": "t000000738", "svc": "auth", "phase": "end", "ts": 4900100, "status": 200}
{"id": "t000000739", "svc": "gateway", "phase": "start", "ts": 4901000, "status": 200}
{"id": "t000000739", "svc": "gateway", "phase": "end", "ts": 4901100, "status": 200}
{"id": "t000000740", "svc": "payment", "phase": "start", "ts": 4902000, "status": 200}
{"id": "t000000740", "svc": "payment", "phase": "end", "ts": 4902100, "status": 200}
{"id": "t000000741", "svc": "auth", "phase": "start", "ts": 4903000, "status": 200}
{"id": "t000000741", "svc": "auth", "phase": "end", "ts": 4903100, "status": 200}
{"id": "t000000742", "svc": "gateway", "phase": "start", "ts": 4904000, "status": 200}
{"id": "t000000742", "svc": "gateway", "phase": "end", "ts": 4904100, "status": 200}
{"id": "t000000743", "svc": "payment", "phase": "start", "ts": 4905000, "status": 200}
{"id": "t000000743", "svc": "payment", "phase": "end", "ts": 4905100, "status": 200}
{"id": "t000000744", "svc": "auth", "phase": "start", "ts": 4906000, "status": 200}
{"id": "t000000744", "svc": "auth", "phase": "end", "ts": 4906100, "status": 500}
{"id": "t000000745", "svc": "gateway", "phase": "start", "ts": 4907000, "status": 200}
{"id": "t000000745", "svc": "gateway", "phase": "end", "ts": 4907100, "status": 200}
{"id": "t000000746", "svc": "payment", "phase": "start", "ts": 4908000, "status": 200}
{"id": "t000000746", "svc": "payment", "phase": "end", "ts": 4908100, "status": 200}
{"id": "t000000747", "svc": "auth", "phase": "start", "ts": 4909000, "status": 200}
{"id": "t000000747", "svc": "auth", "phase": "end", "ts": 4909100, "status": 200}
{"id": "t000000748", "svc": "gateway", "phase": "start", "ts": 4910000, "status": 200}
{"id": "t000000748", "svc": "gateway", "phase": "end", "ts": 4910100, "status": 200}
{"id": "t000000749", "svc": "payment", "phase": "start", "ts": 4911000, "status": 200}
{"id": "t000000749", "svc": "payment", "phase": "end", "ts": 4911100, "status": 200}
{"id": "t000000750", "svc": "auth", "phase": "start", "ts": 4912000, "status": 200}
{"id": "t000000750", "svc": "auth", "phase": "end", "ts": 4912100, "status": 200}
{"id": "t000000751", "svc": "gateway", "phase": "start", "ts": 4913000, "status": 200}
{"id": "t000000751", "svc": "gateway", "phase": "end", "ts": 4913100, "status": 200}
{"id": "t000000752", "svc": "payment", "phase": "start", "ts": 4914000, "status": 200}
{"id": "t000000752", "svc": "payment", "phase": "end", "ts": 4914100, "status": 500}
{"id": "t000000753", "svc": "auth", "phase": "start", "ts": 4915000, "status": 200}
{"id": "t000000753", "svc": "auth", "phase": "end", "ts": 4915100, "status": 200}
{"id": "t000000754", "svc": "gateway", "phase": "start", "ts": 4916000, "status": 200}
{"id": "t000000754", "svc": "gateway", "phase": "end", "ts": 4916100, "status": 200}
{"id": "t000000755", "svc": "payment", "phase": "start", "ts": 4917000, "status": 200}
{"id": "t000000755", "svc": "payment", "phase": "end", "ts": 4917100, "status": 200}
{"id": "t000000756", "svc": "auth", "phase": "start", "ts": 4918000, "status": 200}
{"id": "t000000756", "svc": "auth", "phase": "end", "ts": 4918100, "status": 200}
{"id": "t000000757", "svc": "gateway", "phase": "start", "ts": 4919000, "status": 200}
{"id": "t000000757", "svc": "gateway", "phase": "end", "ts": 4919100, "status": 200}
{"id": "t000000758", "svc": "payment", "phase": "start", "ts": 4920000, "status": 200}
{"id": "t000000758", "svc": "payment", "phase": "end", "ts": 4920100, "status": 200}
{"id": "t000000759", "svc": "auth", "phase": "start", "ts": 4921000, "status": 200}
{"id": "t000000759", "svc": "auth", "phase": "end", "ts": 4921100, "status": 200}
{"id": "t000000760", "svc": "gateway", "phase": "start", "ts": 4922000, "status": 200}
{"id": "t000000760", "svc": "gateway", "phase": "end", "ts": 4922100, "status": 500}
{"id": "t000000761", "svc": "payment", "phase": "start", "ts": 4923000, "status": 200}
{"id": "t000000761", "svc": "payment", "phase": "end", "ts": 4923100, "status": 200}
{"id": "t000000762", "svc": "auth", "phase": "start", "ts": 4924000, "status": 200}
{"id": "t000000762", "svc": "auth", "phase": "end", "ts": 4924100, "status": 200}
{"id": "t000000763", "svc": "gateway", "phase": "start", "ts": 4925000, "status": 200}
{"id": "t000000763", "svc": "gateway", "phase": "end", "ts": 4925100, "status": 200}
{"id": "t000000764", "svc": "payment", "phase": "start", "ts": 4926000, "status": 200}
{"id": "t000000764", "svc": "payment", "phase": "end", "ts": 4926100, "status": 200}
{"id": "t000000765", "svc": "auth", "phase": "start", "ts": 4927000, "status": 200}
{"id": "t000000765", "svc": "auth", "phase": "end", "ts": 4927100, "status": 200}
{"id": "t000000766", "svc": "gateway", "phase": "start", "ts": 4928000, "status": 200}
{"id": "t000000766", "svc": "gateway", "phase": "end", "ts": 4928100, "status": 200}
{"id": "t000000767", "svc": "payment", "phase": "start", "ts": 4929000, "status": 200}
{"id": "t000000767", "svc": "payment", "phase": "end", "ts": 4929100, "status": 200}
{"id": "t000000768", "svc": "auth", "phase": "start", "ts": 4930000, "status": 200}
{"id": "t000000768", "svc": "auth", "phase": "end", "ts": 4930100, "status": 500}
{"id": "t000000769", "svc": "gateway", "phase": "start", "ts": 4931000, "status": 200}
{"id": "t000000769", "svc": "gateway", "phase": "end", "ts": 4931100, "status": 200}
{"id": "t000000770", "svc": "payment", "phase": "start", "ts": 4932000, "status": 200}
{"id": "t000000770", "svc": "payment", "phase": "end", "ts": 4932100, "status": 200}
{"id": "t000000771", "svc": "auth", "phase": "start", "ts": 4933000, "status": 200}
{"id": "t000000771", "svc": "auth", "phase": "end", "ts": 4933100, "status": 200}
{"id": "t000000772", "svc": "gateway", "phase": "start", "ts": 4934000, "status": 200}
{"id": "t000000772", "svc": "gateway", "phase": "end", "ts": 4934100, "status": 200}
{"id": "t000000773", "svc": "payment", "phase": "start", "ts": 4935000, "status": 200}
{"id": "t000000773", "svc": "payment", "phase": "end", "ts": 4935100, "status": 200}
{"id": "t000000774", "svc": "auth", "phase": "start", "ts": 4936000, "status": 200}
{"id": "t000000774", "svc": "auth", "phase": "end", "ts": 4936100, "status": 200}
{"id": "t000000775", "svc": "gateway", "phase": "start", "ts": 4937000, "status": 200}
{"id": "t000000775", "svc": "gateway", "phase": "end", "ts": 4937100, "status": 200}
{"id": "t000000776", "svc": "payment", "phase": "start", "ts": 4938000, "status": 200}
{"id": "t000000776", "svc": "payment", "phase": "end", "ts": 4938100, "status": 500}
{"id": "t000000777", "svc": "auth", "phase": "start", "ts": 4939000, "status": 200}
{"id": "t000000777", "svc": "auth", "phase": "end", "ts": 4939100, "status": 200}
{"id": "t000000778", "svc": "gateway", "phase": "start", "ts": 4940000, "status": 200}
{"id": "t000000778", "svc": "gateway", "phase": "end", "ts": 4940100, "status": 200}
{"id": "t000000779", "svc": "payment", "phase": "start", "ts": 4941000, "status": 200}
{"id": "t000000779", "svc": "payment", "phase": "end", "ts": 4941100, "status": 200}
{"id": "t000000780", "svc": "auth", "phase": "start", "ts": 4942000, "status": 200}
{"id": "t000000780", "svc": "auth", "phase": "end", "ts": 4942100, "status": 200}
{"id": "t000000781", "svc": "gateway", "phase": "start", "ts": 4943000, "status": 200}
{"id": "t000000781", "svc": "gateway", "phase": "end", "ts": 4943100, "status": 200}
{"id": "t000000782", "svc": "payment", "phase": "start", "ts": 4944000, "status": 200}
{"id": "t000000782", "svc": "payment", "phase": "end", "ts": 4944100, "status": 200}
{"id": "t000000783", "svc": "auth", "phase": "start", "ts": 4945000, "status": 200}
{"id": "t000000783", "svc": "auth", "phase": "end", "ts": 4945100, "status": 200}
{"id": "t000000784", "svc": "gateway", "phase": "start", "ts": 4946000, "status": 200}
{"id": "t000000784", "svc": "gateway", "phase": "end", "ts": 4946100, "status": 500}
{"id": "t000000785", "svc": "payment", "phase": "start", "ts": 4947000, "status": 200}
{"id": "t000000785", "svc": "payment", "phase": "end", "ts": 4947100, "status": 200}
{"id": "t000000786", "svc": "auth", "phase": "start", "ts": 4948000, "status": 200}
{"id": "t000000786", "svc": "auth", "phase": "end", "ts": 4948100, "status": 200}
{"id": "t000000787", "svc": "gateway", "phase": "start", "ts": 4949000, "status": 200}
{"id": "t000000787", "svc": "gateway", "phase": "end", "ts": 4949100, "status": 200}
{"id": "t000000788", "svc": "payment", "phase": "start", "ts": 4950000, "status": 200}
{"id": "t000000788", "svc": "payment", "phase": "end", "ts": 4950100, "status": 200}
{"id": "t000000789", "svc": "auth", "phase": "start", "ts": 4951000, "status": 200}
{"id": "t000000789", "svc": "auth", "phase": "end", "ts": 4951100, "status": 200}
{"id": "t000000790", "svc": "gateway", "phase": "start", "ts": 4952000, "status": 200}
{"id": "t000000790", "svc": "gateway", "phase": "end", "ts": 4952100, "status": 200}
{"id": "t000000791", "svc": "payment", "phase": "start", "ts": 4953000, "status": 200}
{"id": "t000000791", "svc": "payment", "phase": "end", "ts": 4953100, "status": 200}
{"id": "t000000792", "svc": "auth", "phase": "start", "ts": 4954000, "status": 200}
{"id": "t000000792", "svc": "auth", "phase": "end", "ts": 4954100, "status": 500}
{"id": "t000000793", "svc": "gateway", "phase": "start", "ts": 4955000, "status": 200}
{"id": "t000000793", "svc": "gateway", "phase": "end", "ts": 4955100, "status": 200}
{"id": "t000000794", "svc": "payment", "phase": "start", "ts": 4956000, "status": 200}
{"id": "t000000794", "svc": "payment", "phase": "end", "ts": 4956100, "status": 200}
{"id": "t000000795", "svc": "auth", "phase": "start", "ts": 4957000, "status": 200}
{"id": "t000000795", "svc": "auth", "phase": "end", "ts": 4957100, "status": 200}
{"id": "t000000796", "svc": "gateway", "phase": "start", "ts": 4958000, "status": 200}
{"id": "t000000796", "svc": "gateway", "phase": "end", "ts": 4958100, "status": 200}
{"id": "t000000797", "svc": "payment", "phase": "start", "ts": 4959000, "status": 200}
{"id": "t000000797", "svc": "payment", "phase": "end", "ts": 4959100, "status": 200}
{"id": "t000000798", "svc": "auth", "phase": "start", "ts": 4960000, "status": 200}
{"id": "t000000798", "svc": "auth", "phase": "end", "ts": 4960100, "status": 200}
{"id": "t000000799", "svc": "gateway", "phase": "start", "ts": 4961000, "status": 200}
{"id": "t000000799", "svc": "gateway", "phase": "end", "ts": 4961100, "status": 200}
{"id": "t000000800", "svc": "payment", "phase": "start", "ts": 4962000, "status": 200}
{"id": "t000000800", "svc": "payment", "phase": "end", "ts": 4962100, "status": 500}
{"id": "t000000801", "svc": "auth", "phase": "start", "ts": 4963000, "status": 200}
{"id": "t000000801", "svc": "auth", "phase": "end", "ts": 4963100, "status": 200}
{"id": "t000000802", "svc": "gateway", "phase": "start", "ts": 4964000, "status": 200}
{"id": "t000000802", "svc": "gateway", "phase": "end", "ts": 4964100, "status": 200}
{"id": "t000000803", "svc": "payment", "phase": "start", "ts": 4965000, "status": 200}
{"id": "t000000803", "svc": "payment", "phase": "end", "ts": 4965100, "status": 200}
{"id": "t000000804", "svc": "auth", "phase": "start", "ts": 4966000, "status": 200}
{"id": "t000000804", "svc": "auth", "phase": "end", "ts": 4966100, "status": 200}
{"id": "t000000805", "svc": "gateway", "phase": "start", "ts": 4967000, "status": 200}
{"id": "t000000805", "svc": "gateway", "phase": "end", "ts": 4967100, "status": 200}
{"id": "t000000806", "svc": "payment", "phase": "start", "ts": 4968000, "status": 200}
{"id": "t000000806", "svc": "payment", "phase": "end", "ts": 4968100, "status": 200}
{"id": "t000000807", "svc": "auth", "phase": "start", "ts": 4969000, "status": 200}
{"id": "t000000807", "svc": "auth", "phase": "end", "ts": 4969100, "status": 200}
{"id": "t000000808", "svc": "gateway", "phase": "start", "ts": 4970000, "status": 200}
{"id": "t000000808", "svc": "gateway", "phase": "end", "ts": 4970100, "status": 500}
{"id": "t000000809", "svc": "payment", "phase": "start", "ts": 4971000, "status": 200}
{"id": "t000000809", "svc": "payment", "phase": "end", "ts": 4971100, "status": 200}
{"id": "t000000810", "svc": "auth", "phase": "start", "ts": 4972000, "status": 200}
{"id": "t000000810", "svc": "auth", "phase": "end", "ts": 4972100, "status": 200}
{"id": "t000000811", "svc": "gateway", "phase": "start", "ts": 4973000, "status": 200}
{"id": "t000000811", "svc": "gateway", "phase": "end", "ts": 4973100, "status": 200}
{"id": "t000000812", "svc": "payment", "phase": "start", "ts": 4974000, "status": 200}
{"id": "t000000812", "svc": "payment", "phase": "end", "ts": 4974100, "status": 200}
{"id": "t000000813", "svc": "auth", "phase": "start", "ts": 4975000, "status": 200}
{"id": "t000000813", "svc": "auth", "phase": "end", "ts": 4975100, "status": 200}
{"id": "t000000814", "svc": "gateway", "phase": "start", "ts": 4976000, "status": 200}
{"id": "t000000814", "svc": "gateway", "phase": "end", "ts": 4976100, "status": 200}
{"id": "t000000815", "svc": "payment", "phase": "start", "ts": 4977000, "status": 200}
{"id": "t000000815", "svc": "payment", "phase": "end", "ts": 4977100, "status": 200}
{"id": "t000000816", "svc": "auth", "phase": "start", "ts": 4978000, "status": 200}
{"id": "t000000816", "svc": "auth", "phase": "end", "ts": 4978100, "status": 500}
{"id": "t000000817", "svc": "gateway", "phase": "start", "ts": 4979000, "status": 200}
{"id": "t000000817", "svc": "gateway", "phase": "end", "ts": 4979100, "status": 200}
{"id": "t000000818", "svc": "payment", "phase": "start", "ts": 4980000, "status": 200}
{"id": "t000000818", "svc": "payment", "phase": "end", "ts": 4980100, "status": 200}
{"id": "t000000819", "svc": "auth", "phase": "start", "ts": 4981000, "status": 200}
{"id": "t000000819", "svc": "auth", "phase": "end", "ts": 4981100, "status": 200}
{"id": "t000000820", "svc": "gateway", "phase": "start", "ts": 4982000, "status": 200}
{"id": "t000000820", "svc": "gateway", "phase": "end", "ts": 4982100, "status": 200}
{"id": "t000000821", "svc": "payment", "phase": "start", "ts": 4983000, "status": 200}
{"id": "t000000821", "svc": "payment", "phase": "end", "ts": 4983100, "status": 200}
{"id": "t000000822", "svc": "auth", "phase": "start", "ts": 4984000, "status": 200}
{"id": "t000000822", "svc": "auth", "phase": "end", "ts": 4984100, "status": 200}
{"id": "t000000823", "svc": "gateway", "phase": "start", "ts": 4985000, "status": 200}
{"id": "t000000823", "svc": "gateway", "phase": "end", "ts": 4985100, "status": 200}
{"id": "t000000824", "svc": "payment", "phase": "start", "ts": 4986000, "status": 200}
{"id": "t000000824", "svc": "payment", "phase": "end", "ts": 4986100, "status": 500}
{"id": "t000000825", "svc": "auth", "phase": "start", "ts": 4987000, "status": 200}
{"id": "t000000825", "svc": "auth", "phase": "end", "ts": 4987100, "status": 200}
{"id": "t000000826", "svc": "gateway", "phase": "start", "ts": 4988000, "status": 200}
{"id": "t000000826", "svc": "gateway", "phase": "end", "ts": 4988100, "status": 200}
{"id": "t000000827", "svc": "payment", "phase": "start", "ts": 4989000, "status": 200}
{"id": "t000000827", "svc": "payment", "phase": "end", "ts": 4989100, "status": 200}
{"id": "t000000828", "svc": "auth", "phase": "start", "ts": 4990000, "status": 200}
{"id": "t000000828", "svc": "auth", "phase": "end", "ts": 4990100, "status": 200}
{"id": "t000000829", "svc": "gateway", "phase": "start", "ts": 4991000, "status": 200}
{"id": "t000000829", "svc": "gateway", "phase": "end", "ts": 4991100, "status": 200}
{"id": "t000000830", "svc": "payment", "phase": "start", "ts": 4992000, "status": 200}
{"id": "t000000830", "svc": "payment", "phase": "end", "ts": 4992100, "status": 200}
{"id": "t000000831", "svc": "auth", "phase": "start", "ts": 4993000, "status": 200}
{"id": "t000000831", "svc": "auth", "phase": "end", "ts": 4993100, "status": 200}
{"id": "t000000832", "svc": "gateway", "phase": "start", "ts": 4994000, "status": 200}
{"id": "t000000832", "svc": "gateway", "phase": "end", "ts": 4994100, "status": 500}
{"id": "t000000833", "svc": "payment", "phase": "start", "ts": 4995000, "status": 200}
{"id": "t000000833", "svc": "payment", "phase": "end", "ts": 4995100, "status": 200}
{"id": "t000000834", "svc": "auth", "phase": "start", "ts": 4996000, "status": 200}
{"id": "t000000834", "svc": "auth", "phase": "end", "ts": 4996100, "status": 200}
{"id": "t000000835", "svc": "gateway", "phase": "start", "ts": 4997000, "status": 200}
{"id": "t000000835", "svc": "gateway", "phase": "end", "ts": 4997100, "status": 200}
{"id": "t000000836", "svc": "payment", "phase": "start", "ts": 4998000, "status": 200}
{"id": "t000000836", "svc": "payment", "phase": "end", "ts": 4998100, "status": 200}
{"id": "t000000837", "svc": "auth", "phase": "start", "ts": 4999000, "status": 200}
{"id": "t000000837", "svc": "auth", "phase": "end", "ts": 4999100, "status": 200}
{"id": "t000000838", "svc": "gateway", "phase": "start", "ts": 5000000, "status": 200}
{"id": "t000000838", "svc": "gateway", "phase": "end", "ts": 5000100, "status": 200}
{"id": "t000000839", "svc": "payment", "phase": "start", "ts": 5001000, "status": 200}
{"id": "t000000839", "svc": "payment", "phase": "end", "ts": 5001100, "status": 200}
{"id": "t000000840", "svc": "auth", "phase": "start", "ts": 5002000, "status": 200}
{"id": "t000000840", "svc": "auth", "phase": "end", "ts": 5002100, "status": 500}
{"id": "t000000841", "svc": "gateway", "phase": "start", "ts": 5003000, "status": 200}
{"id": "t000000841", "svc": "gateway", "phase": "end", "ts": 5003100, "status": 200}
{"id": "t000000842", "svc": "payment", "phase": "start", "ts": 5004000, "status": 200}
{"id": "t000000842", "svc": "payment", "phase": "end", "ts": 5004100, "status": 200}
{"id": "t000000843", "svc": "auth", "phase": "start", "ts": 5005000, "status": 200}
{"id": "t000000843", "svc": "auth", "phase": "end", "ts": 5005100, "status": 200}
{"id": "t000000844", "svc": "gateway", "phase": "start", "ts": 5006000, "status": 200}
{"id": "t000000844", "svc": "gateway", "phase": "end", "ts": 5006100, "status": 200}
{"id": "t000000845", "svc": "payment", "phase": "start", "ts": 5007000, "status": 200}
{"id": "t000000845", "svc": "payment", "phase": "end", "ts": 5007100, "status": 200}
{"id": "t000000846", "svc": "auth", "phase": "start", "ts": 5008000, "status": 200}
{"id": "t000000846", "svc": "auth", "phase": "end", "ts": 5008100, "status": 200}
{"id": "t000000847", "svc": "gateway", "phase": "start", "ts": 5009000, "status": 200}
{"id": "t000000847", "svc": "gateway", "phase": "end", "ts": 5009100, "status": 200}
{"id": "t000000848", "svc": "payment", "phase": "start", "ts": 5010000, "status": 200}
{"id": "t000000848", "svc": "payment", "phase": "end", "ts": 5010100, "status": 500}
{"id": "t000000849", "svc": "auth", "phase": "start", "ts": 5011000, "status": 200}
{"id": "t000000849", "svc": "auth", "phase": "end", "ts": 5011100, "status": 200}
{"id": "t000000850", "svc": "gateway", "phase": "start", "ts": 5012000, "status": 200}
{"id": "t000000850", "svc": "gateway", "phase": "end", "ts": 5012100, "status": 200}
{"id": "t000000851", "svc": "payment", "phase": "start", "ts": 5013000, "status": 200}
{"id": "t000000851", "svc": "payment", "phase": "end", "ts": 5013100, "status": 200}
{"id": "t000000852", "svc": "auth", "phase": "start", "ts": 5014000, "status": 200}
{"id": "t000000852", "svc": "auth", "phase": "end", "ts": 5014100, "status": 200}
{"id": "t000000853", "svc": "gateway", "phase": "start", "ts": 5015000, "status": 200}
{"id": "t000000853", "svc": "gateway", "phase": "end", "ts": 5015100, "status": 200}
{"id": "t000000854", "svc": "payment", "phase": "start", "ts": 5016000, "status": 200}
{"id": "t000000854", "svc": "payment", "phase": "end", "ts": 5016100, "status": 200}
{"id": "t000000855", "svc": "auth", "phase": "start", "ts": 5017000, "status": 200}
{"id": "t000000855", "svc": "auth", "phase": "end", "ts": 5017100, "status": 200}
{"id": "t000000856", "svc": "gateway", "phase": "start", "ts": 5018000, "status": 200}
{"id": "t000000856", "svc": "gateway", "phase": "end", "ts": 5018100, "status": 500}
{"id": "t000000857", "svc": "payment", "phase": "start", "ts": 5019000, "status": 200}
{"id": "t000000857", "svc": "payment", "phase": "end", "ts": 5019100, "status": 200}
{"id": "t000000858", "svc": "auth", "phase": "start", "ts": 5020000, "status": 200}
{"id": "t000000858", "svc": "auth", "phase": "end", "ts": 5020100, "status": 200}
{"id": "t000000859", "svc": "gateway", "phase": "start", "ts": 5021000, "status": 200}
{"id": "t000000859", "svc": "gateway", "phase": "end", "ts": 5021100, "status": 200}
{"id": "t000000860", "svc": "payment", "phase": "start", "ts": 5022000, "status": 200}
{"id": "t000000860", "svc": "payment", "phase": "end", "ts": 5022100, "status": 200}
{"id": "t000000861", "svc": "auth", "phase": "start", "ts": 5023000, "status": 200}
{"id": "t000000861", "svc": "auth", "phase": "end", "ts": 5023100, "status": 200}
{"id": "t000000862", "svc": "gateway", "phase": "start", "ts": 5024000, "status": 200}
{"id": "t000000862", "svc": "gateway", "phase": "end", "ts": 5024100, "status": 200}
{"id": "t000000863", "svc": "payment", "phase": "start", "ts": 5025000, "status": 200}
{"id": "t000000863", "svc": "payment", "phase": "end", "ts": 5025100, "status": 200}
{"id": "t000000864", "svc": "auth", "phase": "start", "ts": 5026000, "status": 200}
{"id": "t000000864", "svc": "auth", "phase": "end", "ts": 5026100, "status": 500}
{"id": "t000000865", "svc": "gateway", "phase": "start", "ts": 5027000, "status": 200}
{"id": "t000000865", "svc": "gateway", "phase": "end", "ts": 5027100, "status": 200}
{"id": "t000000866", "svc": "payment", "phase": "start", "ts": 5028000, "status": 200}
{"id": "t000000866", "svc": "payment", "phase": "end", "ts": 5028100, "status": 200}
{"id": "t000000867", "svc": "auth", "phase": "start", "ts": 5029000, "status": 200}
{"id": "t000000867", "svc": "auth", "phase": "end", "ts": 5029100, "status": 200}
{"id": "t000000868", "svc": "gateway", "phase": "start", "ts": 5030000, "status": 200}
{"id": "t000000868", "svc": "gateway", "phase": "end", "ts": 5030100, "status": 200}
{"id": "t000000869", "svc": "payment", "phase": "start", "ts": 5031000, "status": 200}
{"id": "t000000869", "svc": "payment", "phase": "end", "ts": 5031100, "status": 200}
{"id": "t000000870", "svc": "auth", "phase": "start", "ts": 5032000, "status": 200}
{"id": "t000000870", "svc": "auth", "phase": "end", "ts": 5032100, "status": 200}
{"id": "t000000871", "svc": "gateway", "phase": "start", "ts": 5033000, "status": 200}
{"id": "t000000871", "svc": "gateway", "phase": "end", "ts": 5033100, "status": 200}
{"id": "t000000872", "svc": "payment", "phase": "start", "ts": 5034000, "status": 200}
{"id": "t000000872", "svc": "payment", "phase": "end", "ts": 5034100, "status": 500}
{"id": "t000000873", "svc": "auth", "phase": "start", "ts": 5035000, "status": 200}
{"id": "t000000873", "svc": "auth", "phase": "end", "ts": 5035100, "status": 200}
{"id": "t000000874", "svc": "gateway", "phase": "start", "ts": 5036000, "status": 200}
{"id": "t000000874", "svc": "gateway", "phase": "end", "ts": 5036100, "status": 200}
{"id": "t000000875", "svc": "payment", "phase": "start", "ts": 5037000, "status": 200}
{"id": "t000000875", "svc": "payment", "phase": "end", "ts": 5037100, "status": 200}
{"id": "t000000876", "svc": "auth", "phase": "start", "ts": 5038000, "status": 200}
{"id": "t000000876", "svc": "auth", "phase": "end", "ts": 5038100, "status": 200}
{"id": "t000000877", "svc": "gateway", "phase": "start", "ts": 5039000, "status": 200}
{"id": "t000000877", "svc": "gateway", "phase": "end", "ts": 5039100, "status": 200}
{"id": "t000000878", "svc": "payment", "phase": "start", "ts": 5040000, "status": 200}
{"id": "t000000878", "svc": "payment", "phase": "end", "ts": 5040100, "status": 200}
{"id": "t000000879", "svc": "auth", "phase": "start", "ts": 5041000, "status": 200}
{"id": "t000000879", "svc": "auth", "phase": "end", "ts": 5041100, "status": 200}
{"id": "t000000880", "svc": "gateway", "phase": "start", "ts": 5042000, "status": 200}
{"id": "t000000880", "svc": "gateway", "phase": "end", "ts": 5042100, "status": 500}
{"id": "t000000881", "svc": "payment", "phase": "start", "ts": 5043000, "status": 200}
{"id": "t000000881", "svc": "payment", "phase": "end", "ts": 5043100, "status": 200}
{"id": "t000000882", "svc": "auth", "phase": "start", "ts": 5044000, "status": 200}
{"id": "t000000882", "svc": "auth", "phase": "end", "ts": 5044100, "status": 200}
{"id": "t000000883", "svc": "gateway", "phase": "start", "ts": 5045000, "status": 200}
{"id": "t000000883", "svc": "gateway", "phase": "end", "ts": 5045100, "status": 200}
{"id": "t000000884", "svc": "payment", "phase": "start", "ts": 5046000, "status": 200}
{"id": "t000000884", "svc": "payment", "phase": "end", "ts": 5046100, "status": 200}
{"id": "t000000885", "svc": "auth", "phase": "start", "ts": 5047000, "status": 200}
{"id": "t000000885", "svc": "auth", "phase": "end", "ts": 5047100, "status": 200}
{"id": "t000000886", "svc": "gateway", "phase": "start", "ts": 5048000, "status": 200}
{"id": "t000000886", "svc": "gateway", "phase": "end", "ts": 5048100, "status": 200}
{"id": "t000000887", "svc": "payment", "phase": "start", "ts": 5049000, "status": 200}
{"id": "t000000887", "svc": "payment", "phase": "end", "ts": 5049100, "status": 200}
{"id": "t000000888", "svc": "auth", "phase": "start", "ts": 5050000, "status": 200}
{"id": "t000000888", "svc": "auth", "phase": "end", "ts": 5050100, "status": 500}
{"id": "t000000889", "svc": "gateway", "phase": "start", "ts": 5051000, "status": 200}
{"id": "t000000889", "svc": "gateway", "phase": "end", "ts": 5051100, "status": 200}
{"id": "t000000890", "svc": "payment", "phase": "start", "ts": 5052000, "status": 200}
{"id": "t000000890", "svc": "payment", "phase": "end", "ts": 5052100, "status": 200}
{"id": "t000000891", "svc": "auth", "phase": "start", "ts": 5053000, "status": 200}
{"id": "t000000891", "svc": "auth", "phase": "end", "ts": 5053100, "status": 200}
{"id": "t000000892", "svc": "gateway", "phase": "start", "ts": 5054000, "status": 200}
{"id": "t000000892", "svc": "gateway", "phase": "end", "ts": 5054100, "status": 200}
{"id": "t000000893", "svc": "payment", "phase": "start", "ts": 5055000, "status": 200}
{"id": "t000000893", "svc": "payment", "phase": "end", "ts": 5055100, "status": 200}
{"id": "t000000894", "svc": "auth", "phase": "start", "ts": 5056000, "status": 200}
{"id": "t000000894", "svc": "auth", "phase": "end", "ts": 5056100, "status": 200}
{"id": "t000000895", "svc": "gateway", "phase": "start", "ts": 5057000, "status": 200}
{"id": "t000000895", "svc": "gateway", "phase": "end", "ts": 5057100, "status": 200}
{"id": "t000000896", "svc": "payment", "phase": "start", "ts": 5058000, "status": 200}
{"id": "t000000896", "svc": "payment", "phase": "end", "ts": 5058100, "status": 500}
{"id": "t000000897", "svc": "auth", "phase": "start", "ts": 5059000, "status": 200}
{"id": "t000000897", "svc": "auth", "phase": "end", "ts": 5059100, "status": 200}
{"id": "t000000898", "svc": "gateway", "phase": "start", "ts": 5060000, "status": 200}
{"id": "t000000898", "svc": "gateway", "phase": "end", "ts": 5060100, "status": 200}
{"id": "t000000899", "svc": "payment", "phase": "start", "ts": 5061000, "status": 200}
{"id": "t000000899", "svc": "payment", "phase": "end", "ts": 5061100, "status": 200}
{"id": "t000000900", "svc": "auth", "phase": "start", "ts": 5062000, "status": 200}
{"id": "t000000900", "svc": "auth", "phase": "end", "ts": 5062100, "status": 200}
{"id": "t000000901", "svc": "gateway", "phase": "start", "ts": 5063000, "status": 200}
{"id": "t000000901", "svc": "gateway", "phase": "end", "ts": 5063100, "status": 200}
{"id": "t000000902", "svc": "payment", "phase": "start", "ts": 5064000, "status": 200}
{"id": "t000000902", "svc": "payment", "phase": "end", "ts": 5064100, "status": 200}
{"id": "t000000903", "svc": "auth", "phase": "start", "ts": 5065000, "status": 200}
{"id": "t000000903", "svc": "auth", "phase": "end", "ts": 5065100, "status": 200}
{"id": "t000000904", "svc": "gateway", "phase": "start", "ts": 5066000, "status": 200}
{"id": "t000000904", "svc": "gateway", "phase": "end", "ts": 5066100, "status": 500}
{"id": "t000000905", "svc": "payment", "phase": "start", "ts": 5067000, "status": 200}
{"id": "t000000905", "svc": "payment", "phase": "end", "ts": 5067100, "status": 200}
{"id": "t000000906", "svc": "auth", "phase": "start", "ts": 5068000, "status": 200}
{"id": "t000000906", "svc": "auth", "phase": "end", "ts": 5068100, "status": 200}
{"id": "t000000907", "svc": "gateway", "phase": "start", "ts": 5069000, "status": 200}
{"id": "t000000907", "svc": "gateway", "phase": "end", "ts": 5069100, "status": 200}
{"id": "t000000908", "svc": "payment", "phase": "start", "ts": 5070000, "status": 200}
{"id": "t000000908", "svc": "payment", "phase": "end", "ts": 5070100, "status": 200}
{"id": "t000000909", "svc": "auth", "phase": "start", "ts": 5071000, "status": 200}
{"id": "t000000909", "svc": "auth", "phase": "end", "ts": 5071100, "status": 200}
{"id": "t000000910", "svc": "gateway", "phase": "start", "ts": 5072000, "status": 200}
{"id": "t000000910", "svc": "gateway", "phase": "end", "ts": 5072100, "status": 200}
{"id": "t000000911", "svc": "payment", "phase": "start", "ts": 5073000, "status": 200}
{"id": "t000000911", "svc": "payment", "phase": "end", "ts": 5073100, "status": 200}
{"id": "t000000912", "svc": "auth", "phase": "start", "ts": 5074000, "status": 200}
{"id": "t000000912", "svc": "auth", "phase": "end", "ts": 5074100, "status": 500}
{"id": "t000000913", "svc": "gateway", "phase": "start", "ts": 5075000, "status": 200}
{"id": "t000000913", "svc": "gateway", "phase": "end", "ts": 5075100, "status": 200}
{"id": "t000000914", "svc": "payment", "phase": "start", "ts": 5076000, "status": 200}
{"id": "t000000914", "svc": "payment", "phase": "end", "ts": 5076100, "status": 200}
{"id": "t000000915", "svc": "auth", "phase": "start", "ts": 5077000, "status": 200}
{"id": "t000000915", "svc": "auth", "phase": "end", "ts": 5077100, "status": 200}
{"id": "t000000916", "svc": "gateway", "phase": "start", "ts": 5078000, "status": 200}
{"id": "t000000916", "svc": "gateway", "phase": "end", "ts": 5078100, "status": 200}
{"id": "t000000917", "svc": "payment", "phase": "start", "ts": 5079000, "status": 200}
{"id": "t000000917", "svc": "payment", "phase": "end", "ts": 5079100, "status": 200}
{"id": "t000000918", "svc": "auth", "phase": "start", "ts": 5080000, "status": 200}
{"id": "t000000918", "svc": "auth", "phase": "end", "ts": 5080100, "status": 200}
{"id": "t000000919", "svc": "gateway", "phase": "start", "ts": 5081000, "status": 200}
{"id": "t000000919", "svc": "gateway", "phase": "end", "ts": 5081100, "status": 200}
{"id": "t000000920", "svc": "payment", "phase": "start", "ts": 5082000, "status": 200}
{"id": "t000000920", "svc": "payment", "phase": "end", "ts": 5082100, "status": 500}
{"id": "t000000921", "svc": "auth", "phase": "start", "ts": 5083000, "status": 200}
{"id": "t000000921", "svc": "auth", "phase": "end", "ts": 5083100, "status": 200}
{"id": "t000000922", "svc": "gateway", "phase": "start", "ts": 5084000, "status": 200}
{"id": "t000000922", "svc": "gateway", "phase": "end", "ts": 5084100, "status": 200}
{"id": "t000000923", "svc": "payment", "phase": "start", "ts": 5085000, "status": 200}
{"id": "t000000923", "svc": "payment", "phase": "end", "ts": 5085100, "status": 200}
{"id": "t000000924", "svc": "auth", "phase": "start", "ts": 5086000, "status": 200}
{"id": "t000000924", "svc": "auth", "phase": "end", "ts": 5086100, "status": 200}
{"id": "t000000925", "svc": "gateway", "phase": "start", "ts": 5087000, "status": 200}
{"id": "t000000925", "svc": "gateway", "phase": "end", "ts": 5087100, "status": 200}
{"id": "t000000926", "svc": "payment", "phase": "start", "ts": 5088000, "status": 200}
{"id": "t000000926", "svc": "payment", "phase": "end", "ts": 5088100, "status": 200}
{"id": "t000000927", "svc": "auth", "phase": "start", "ts": 5089000, "status": 200}
{"id": "t000000927", "svc": "auth", "phase": "end", "ts": 5089100, "status": 200}
{"id": "t000000928", "svc": "gateway", "phase": "start", "ts": 5090000, "status": 200}
{"id": "t000000928", "svc": "gateway", "phase": "end", "ts": 5090100, "status": 500}
{"id": "t000000929", "svc": "payment", "phase": "start", "ts": 5091000, "status": 200}
{"id": "t000000929", "svc": "payment", "phase": "end", "ts": 5091100, "status": 200}
{"id": "t000000930", "svc": "auth", "phase": "start", "ts": 5092000, "status": 200}
{"id": "t000000930", "svc": "auth", "phase": "end", "ts": 5092100, "status": 200}
{"id": "t000000931", "svc": "gateway", "phase": "start", "ts": 5093000, "status": 200}
{"id": "t000000931", "svc": "gateway", "phase": "end", "ts": 5093100, "status": 200}
{"id": "t000000932", "svc": "payment", "phase": "start", "ts": 5094000, "status": 200}
{"id": "t000000932", "svc": "payment", "phase": "end", "ts": 5094100, "status": 200}
{"id": "t000000933", "svc": "auth", "phase": "start", "ts": 5095000, "status": 200}
{"id": "t000000933", "svc": "auth", "phase": "end", "ts": 5095100, "status": 200}
{"id": "t000000934", "svc": "gateway", "phase": "start", "ts": 5096000, "status": 200}
{"id": "t000000934", "svc": "gateway", "phase": "end", "ts": 5096100, "status": 200}
{"id": "t000000935", "svc": "payment", "phase": "start", "ts": 5097000, "status": 200}
{"id": "t000000935", "svc": "payment", "phase": "end", "ts": 5097100, "status": 200}
{"id": "t000000936", "svc": "auth", "phase": "start", "ts": 5098000, "status": 200}
{"id": "t000000936", "svc": "auth", "phase": "end", "ts": 5098100, "status": 500}
{"id": "t000000937", "svc": "gateway", "phase": "start", "ts": 5099000, "status": 200}
{"id": "t000000937", "svc": "gateway", "phase": "end", "ts": 5099100, "status": 200}
{"id": "t000000938", "svc": "payment", "phase": "start", "ts": 5100000, "status": 200}
{"id": "t000000938", "svc": "payment", "phase": "end", "ts": 5100100, "status": 200}
{"id": "t000000939", "svc": "auth", "phase": "start", "ts": 5101000, "status": 200}
{"id": "t000000939", "svc": "auth", "phase": "end", "ts": 5101100, "status": 200}
{"id": "t000000940", "svc": "gateway", "phase": "start", "ts": 5102000, "status": 200}
{"id": "t000000940", "svc": "gateway", "phase": "end", "ts": 5102100, "status": 200}
{"id": "t000000941", "svc": "payment", "phase": "start", "ts": 5103000, "status": 200}
{"id": "t000000941", "svc": "payment", "phase": "end", "ts": 5103100, "status": 200}
{"id": "t000000942", "svc": "auth", "phase": "start", "ts": 5104000, "status": 200}
{"id": "t000000942", "svc": "auth", "phase": "end", "ts": 5104100, "status": 200}
{"id": "t000000943", "svc": "gateway", "phase": "start", "ts": 5105000, "status": 200}
{"id": "t000000943", "svc": "gateway", "phase": "end", "ts": 5105100, "status": 200}
{"id": "t000000944", "svc": "payment", "phase": "start", "ts": 5106000, "status": 200}
{"id": "t000000944", "svc": "payment", "phase": "end", "ts": 5106100, "status": 500}
{"id": "t000000945", "svc": "auth", "phase": "start", "ts": 5107000, "status": 200}
{"id": "t000000945", "svc": "auth", "phase": "end", "ts": 5107100, "status": 200}
{"id": "t000000946", "svc": "gateway", "phase": "start", "ts": 5108000, "status": 200}
{"id": "t000000946", "svc": "gateway", "phase": "end", "ts": 5108100, "status": 200}
{"id": "t000000947", "svc": "payment", "phase": "start", "ts": 5109000, "status": 200}
{"id": "t000000947", "svc": "payment", "phase": "end", "ts": 5109100, "status": 200}
{"id": "t000000948", "svc": "auth", "phase": "start", "ts": 5110000, "status": 200}
{"id": "t000000948", "svc": "auth", "phase": "end", "ts": 5110100, "status": 200}
{"id": "t000000949", "svc": "gateway", "phase": "start", "ts": 5111000, "status": 200}
{"id": "t000000949", "svc": "gateway", "phase": "end", "ts": 5111100, "status": 200}
{"id": "t000000950", "svc": "payment", "phase": "start", "ts": 5112000, "status": 200}
{"id": "t000000950", "svc": "payment", "phase": "end", "ts": 5112100, "status": 200}
{"id": "t000000951", "svc": "auth", "phase": "start", "ts": 5113000, "status": 200}
{"id": "t000000951", "svc": "auth", "phase": "end", "ts": 5113100, "status": 200}
{"id": "t000000952", "svc": "gateway", "phase": "start", "ts": 5114000, "status": 200}
{"id": "t000000952", "svc": "gateway", "phase": "end", "ts": 5114100, "status": 500}
{"id": "t000000953", "svc": "payment", "phase": "start", "ts": 5115000, "status": 200}
{"id": "t000000953", "svc": "payment", "phase": "end", "ts": 5115100, "status": 200}
{"id": "t000000954", "svc": "auth", "phase": "start", "ts": 5116000, "status": 200}
{"id": "t000000954", "svc": "auth", "phase": "end", "ts": 5116100, "status": 200}
{"id": "t000000955", "svc": "gateway", "phase": "start", "ts": 5117000, "status": 200}
{"id": "t000000955", "svc": "gateway", "phase": "end", "ts": 5117100, "status": 200}
{"id": "t000000956", "svc": "payment", "phase": "start", "ts": 5118000, "status": 200}
{"id": "t000000956", "svc": "payment", "phase": "end", "ts": 5118100, "status": 200}
{"id": "t000000957", "svc": "auth", "phase": "start", "ts": 5119000, "status": 200}
{"id": "t000000957", "svc": "auth", "phase": "end", "ts": 5119100, "status": 200}
{"id": "t000000958", "svc": "gateway", "phase": "start", "ts": 5120000, "status": 200}
{"id": "t000000958", "svc": "gateway", "phase": "end", "ts": 5120100, "status": 200}
{"id": "t000000959", "svc": "payment", "phase": "start", "ts": 5121000, "status": 200}
{"id": "t000000959", "svc": "payment", "phase": "end", "ts": 5121100, "status": 200}
{"id": "t000000960", "svc": "auth", "phase": "start", "ts": 5122000, "status": 200}
{"id": "t000000960", "svc": "auth", "phase": "end", "ts": 5122100, "status": 500}
{"id": "t000000961", "svc": "gateway", "phase": "start", "ts": 5123000, "status": 200}
{"id": "t000000961", "svc": "gateway", "phase": "end", "ts": 5123100, "status": 200}
{"id": "t000000962", "svc": "payment", "phase": "start", "ts": 5124000, "status": 200}
{"id": "t000000962", "svc": "payment", "phase": "end", "ts": 5124100, "status": 200}
{"id": "t000000963", "svc": "auth", "phase": "start", "ts": 5125000, "status": 200}
{"id": "t000000963", "svc": "auth", "phase": "end", "ts": 5125100, "status": 200}
{"id": "t000000964", "svc": "gateway", "phase": "start", "ts": 5126000, "status": 200}
{"id": "t000000964", "svc": "gateway", "phase": "end", "ts": 5126100, "status": 200}
{"id": "t000000965", "svc": "payment", "phase": "start", "ts": 5127000, "status": 200}
{"id": "t000000965", "svc": "payment", "phase": "end", "ts": 5127100, "status": 200}
{"id": "t000000966", "svc": "auth", "phase": "start", "ts": 5128000, "status": 200}
{"id": "t000000966", "svc": "auth", "phase": "end", "ts": 5128100, "status": 200}
{"id": "t000000967", "svc": "gateway", "phase": "start", "ts": 5129000, "status": 200}
{"id": "t000000967", "svc": "gateway", "phase": "end", "ts": 5129100, "status": 200}
{"id": "t000000968", "svc": "payment", "phase": "start", "ts": 5130000, "status": 200}
{"id": "t000000968", "svc": "payment", "phase": "end", "ts": 5130100, "status": 500}
{"id": "t000000969", "svc": "auth", "phase": "start", "ts": 5131000, "status": 200}
{"id": "t000000969", "svc": "auth", "phase": "end", "ts": 5131100, "status": 200}
{"id": "t000000970", "svc": "gateway", "phase": "start", "ts": 5132000, "status": 200}
{"id": "t000000970", "svc": "gateway", "phase": "end", "ts": 5132100, "status": 200}
{"id": "t000000971", "svc": "payment", "phase": "start", "ts": 5133000, "status": 200}
{"id": "t000000971", "svc": "payment", "phase": "end", "ts": 5133100, "status": 200}
{"id": "t000000972", "svc": "auth", "phase": "start", "ts": 5134000, "status": 200}
{"id": "t000000972", "svc": "auth", "phase": "end", "ts": 5134100, "status": 200}
{"id": "t000000973", "svc": "gateway", "phase": "start", "ts": 5135000, "status": 200}
{"id": "t000000973", "svc": "gateway", "phase": "end", "ts": 5135100, "status": 200}
{"id": "t000000974", "svc": "payment", "phase": "start", "ts": 5136000, "status": 200}
{"id": "t000000974", "svc": "payment", "phase": "end", "ts": 5136100, "status": 200}
{"id": "t000000975", "svc": "auth", "phase": "start", "ts": 5137000, "status": 200}
{"id": "t000000975", "svc": "auth", "phase": "end", "ts": 5137100, "status": 200}
{"id": "t000000976", "svc": "gateway", "phase": "start", "ts": 5138000, "status": 200}
{"id": "t000000976", "svc": "gateway", "phase": "end", "ts": 5138100, "status": 500}
{"id": "t000000977", "svc": "payment", "phase": "start", "ts": 5139000, "status": 200}
{"id": "t000000977", "svc": "payment", "phase": "end", "ts": 5139100, "status": 200}
{"id": "t000000978", "svc": "auth", "phase": "start", "ts": 5140000, "status": 200}
{"id": "t000000978", "svc": "auth", "phase": "end", "ts": 5140100, "status": 200}
{"id": "t000000979", "svc": "gateway", "phase": "start", "ts": 5141000, "status": 200}
{"id": "t000000979", "svc": "gateway", "phase": "end", "ts": 5141100, "status": 200}
{"id": "t000000980", "svc": "payment", "phase": "start", "ts": 5142000, "status": 200}
{"id": "t000000980", "svc": "payment", "phase": "end", "ts": 5142100, "status": 200}
{"id": "t000000981", "svc": "auth", "phase": "start", "ts": 5143000, "status": 200}
{"id": "t000000981", "svc": "auth", "phase": "end", "ts": 5143100, "status": 200}
{"id": "t000000982", "svc": "gateway", "phase": "start", "ts": 5144000, "status": 200}
{"id": "t000000982", "svc": "gateway", "phase": "end", "ts": 5144100, "status": 200}
{"id": "t000000983", "svc": "payment", "phase": "start", "ts": 5145000, "status": 200}
{"id": "t000000983", "svc": "payment", "phase": "end", "ts": 5145100, "status": 200}
{"id": "t000000984", "svc": "auth", "phase": "start", "ts": 5146000, "status": 200}
{"id": "t000000984", "svc": "auth", "phase": "end", "ts": 5146100, "status": 500}
{"id": "t000000985", "svc": "gateway", "phase": "start", "ts": 5147000, "status": 200}
{"id": "t000000985", "svc": "gateway", "phase": "end", "ts": 5147100, "status": 200}
{"id": "t000000986", "svc": "payment", "phase": "start", "ts": 5148000, "status": 200}
{"id": "t000000986", "svc": "payment", "phase": "end", "ts": 5148100, "status": 200}
{"id": "t000000987", "svc": "auth", "phase": "start", "ts": 5149000, "status": 200}
{"id": "t000000987", "svc": "auth", "phase": "end", "ts": 5149100, "status": 200}
{"id": "t000000988", "svc": "gateway", "phase": "start", "ts": 5150000, "status": 200}
{"id": "t000000988", "svc": "gateway", "phase": "end", "ts": 5150100, "status": 200}
{"id": "t000000989", "svc": "payment", "phase": "start", "ts": 5151000, "status": 200}
{"id": "t000000989", "svc": "payment", "phase": "end", "ts": 5151100, "status": 200}
{"id": "t000000990", "svc": "auth", "phase": "start", "ts": 5152000, "status": 200}
{"id": "t000000990", "svc": "auth", "phase": "end", "ts": 5152100, "status": 200}
{"id": "t000000991", "svc": "gateway", "phase": "start", "ts": 5153000, "status": 200}
{"id": "t000000991", "svc": "gateway", "phase": "end", "ts": 5153100, "status": 200}
{"id": "t000000992", "svc": "payment", "phase": "start", "ts": 5154000, "status": 200}
{"id": "t000000992", "svc": "payment", "phase": "end", "ts": 5154100, "status": 500}
{"id": "t000000993", "svc": "auth", "phase": "start", "ts": 5155000, "status": 200}
{"id": "t000000993", "svc": "auth", "phase": "end", "ts": 5155100, "status": 200}
{"id": "t000000994", "svc": "gateway", "phase": "start", "ts": 5156000, "status": 200}
{"id": "t000000994", "svc": "gateway", "phase": "end", "ts": 5156100, "status": 200}
{"id": "t000000995", "svc": "payment", "phase": "start", "ts": 5157000, "status": 200}
{"id": "t000000995", "svc": "payment", "phase": "end", "ts": 5157100, "status": 200}
{"id": "t000000996", "svc": "auth", "phase": "start", "ts": 5158000, "status": 200}
{"id": "t000000996", "svc": "auth", "phase": "end", "ts": 5158100, "status": 200}
{"id": "t000000997", "svc": "gateway", "phase": "start", "ts": 5159000, "status": 200}
{"id": "t000000997", "svc": "gateway", "phase": "end", "ts": 5159100, "status": 200}
{"id": "t000000998", "svc": "payment", "phase": "start", "ts": 5160000, "status": 200}
{"id": "t000000998", "svc": "payment", "phase": "end", "ts": 5160100, "status": 200}
{"id": "t000000999", "svc": "auth", "phase": "start", "ts": 5161000, "status": 200}
{"id": "t000000999", "svc": "auth", "phase": "end", "ts": 5161100, "status": 200}
{"id": "t000001000", "svc": "gateway", "phase": "start", "ts": 5162000, "status": 200}
{"id": "t000001000", "svc": "gateway", "phase": "end", "ts": 5162100, "status": 500}
{"id": "t000001001", "svc": "payment", "phase": "start", "ts": 5163000, "status": 200}
{"id": "t000001001", "svc": "payment", "phase": "end", "ts": 5163100, "status": 200}
{"id": "t000001002", "svc": "auth", "phase": "start", "ts": 5164000, "status": 200}
{"id": "t000001002", "svc": "auth", "phase": "end", "ts": 5164100, "status": 200}
{"id": "t000001003", "svc": "gateway", "phase": "start", "ts": 5165000, "status": 200}
{"id": "t000001003", "svc": "gateway", "phase": "end", "ts": 5165100, "status": 200}
{"id": "t000001004", "svc": "payment", "phase": "start", "ts": 5166000, "status": 200}
{"id": "t000001004", "svc": "payment", "phase": "end", "ts": 5166100, "status": 200}
{"id": "t000001005", "svc": "auth", "phase": "start", "ts": 5167000, "status": 200}
{"id": "t000001005", "svc": "auth", "phase": "end", "ts": 5167100, "status": 200}
{"id": "t000001006", "svc": "gateway", "phase": "start", "ts": 5168000, "status": 200}
{"id": "t000001006", "svc": "gateway", "phase": "end", "ts": 5168100, "status": 200}
{"id": "t000001007", "svc": "payment", "phase": "start", "ts": 5169000, "status": 200}
{"id": "t000001007", "svc": "payment", "phase": "end", "ts": 5169100, "status": 200}
{"id": "t000001008", "svc": "auth", "phase": "start", "ts": 5170000, "status": 200}
{"id": "t000001008", "svc": "auth", "phase": "end", "ts": 5170100, "status": 500}
{"id": "t000001009", "svc": "gateway", "phase": "start", "ts": 5171000, "status": 200}
{"id": "t000001009", "svc": "gateway", "phase": "end", "ts": 5171100, "status": 200}
{"id": "t000001010", "svc": "payment", "phase": "start", "ts": 5172000, "status": 200}
{"id": "t000001010", "svc": "payment", "phase": "end", "ts": 5172100, "status": 200}
{"id": "t000001011", "svc": "auth", "phase": "start", "ts": 5173000, "status": 200}
{"id": "t000001011", "svc": "auth", "phase": "end", "ts": 5173100, "status": 200}
{"id": "t000001012", "svc": "gateway", "phase": "start", "ts": 5174000, "status": 200}
{"id": "t000001012", "svc": "gateway", "phase": "end", "ts": 5174100, "status": 200}
{"id": "t000001013", "svc": "payment", "phase": "start", "ts": 5175000, "status": 200}
{"id": "t000001013", "svc": "payment", "phase": "end", "ts": 5175100, "status": 200}
{"id": "t000001014", "svc": "auth", "phase": "start", "ts": 5176000, "status": 200}
{"id": "t000001014", "svc": "auth", "phase": "end", "ts": 5176100, "status": 200}
{"id": "t000001015", "svc": "gateway", "phase": "start", "ts": 5177000, "status": 200}
{"id": "t000001015", "svc": "gateway", "phase": "end", "ts": 5177100, "status": 200}
{"id": "t000001016", "svc": "payment", "phase": "start", "ts": 5178000, "status": 200}
{"id": "t000001016", "svc": "payment", "phase": "end", "ts": 5178100, "status": 500}
{"id": "t000001017", "svc": "auth", "phase": "start", "ts": 5179000, "status": 200}
{"id": "t000001017", "svc": "auth", "phase": "end", "ts": 5179100, "status": 200}
{"id": "t000001018", "svc": "gateway", "phase": "start", "ts": 5180000, "status": 200}
{"id": "t000001018", "svc": "gateway", "phase": "end", "ts": 5180100, "status": 200}
{"id": "t000001019", "svc": "payment", "phase": "start", "ts": 5181000, "status": 200}
{"id": "t000001019", "svc": "payment", "phase": "end", "ts": 5181100, "status": 200}
{"id": "t000001020", "svc": "auth", "phase": "start", "ts": 5182000, "status": 200}
{"id": "t000001020", "svc": "auth", "phase": "end", "ts": 5182100, "status": 200}
{"id": "t000001021", "svc": "gateway", "phase": "start", "ts": 5183000, "status": 200}
{"id": "t000001021", "svc": "gateway", "phase": "end", "ts": 5183100, "status": 200}
{"id": "t000001022", "svc": "payment", "phase": "start", "ts": 5184000, "status": 200}
{"id": "t000001022", "svc": "payment", "phase": "end", "ts": 5184100, "status": 200}
{"id": "t000001023", "svc": "auth", "phase": "start", "ts": 5185000, "status": 200}
{"id": "t000001023", "svc": "auth", "phase": "end", "ts": 5185100, "status": 200}
{"id": "t000001024", "svc": "gateway", "phase": "start", "ts": 5186000, "status": 200}
{"id": "t000001024", "svc": "gateway", "phase": "end", "ts": 5186100, "status": 500}
{"id": "t000001025", "svc": "payment", "phase": "start", "ts": 5187000, "status": 200}
{"id": "t000001025", "svc": "payment", "phase": "end", "ts": 5187100, "status": 200}
{"id": "t000001026", "svc": "auth", "phase": "start", "ts": 5188000, "status": 200}
{"id": "t000001026", "svc": "auth", "phase": "end", "ts": 5188100, "status": 200}
{"id": "t000001027", "svc": "gateway", "phase": "start", "ts": 5189000, "status": 200}
{"id": "t000001027", "svc": "gateway", "phase": "end", "ts": 5189100, "status": 200}
{"id": "t000001028", "svc": "payment", "phase": "start", "ts": 5190000, "status": 200}
{"id": "t000001028", "svc": "payment", "phase": "end", "ts": 5190100, "status": 200}
{"id": "t000001029", "svc": "auth", "phase": "start", "ts": 5191000, "status": 200}
{"id": "t000001029", "svc": "auth", "phase": "end", "ts": 5191100, "status": 200}
{"id": "t000001030", "svc": "gateway", "phase": "start", "ts": 5192000, "status": 200}
{"id": "t000001030", "svc": "gateway", "phase": "end", "ts": 5192100, "status": 200}
{"id": "t000001031", "svc": "payment", "phase": "start", "ts": 5193000, "status": 200}
{"id": "t000001031", "svc": "payment", "phase": "end", "ts": 5193100, "status": 200}
{"id": "t000001032", "svc": "auth", "phase": "start", "ts": 5194000, "status": 200}
{"id": "t000001032", "svc": "auth", "phase": "end", "ts": 5194100, "status": 500}
{"id": "t000001033", "svc": "gateway", "phase": "start", "ts": 5195000, "status": 200}
{"id": "t000001033", "svc": "gateway", "phase": "end", "ts": 5195100, "status": 200}
{"id": "t000001034", "svc": "payment", "phase": "start", "ts": 5196000, "status": 200}
{"id": "t000001034", "svc": "payment", "phase": "end", "ts": 5196100, "status": 200}
{"id": "t000001035", "svc": "auth", "phase": "start", "ts": 5197000, "status": 200}
{"id": "t000001035", "svc": "auth", "phase": "end", "ts": 5197100, "status": 200}
{"id": "t000001036", "svc": "gateway", "phase": "start", "ts": 5198000, "status": 200}
{"id": "t000001036", "svc": "gateway", "phase": "end", "ts": 5198100, "status": 200}
{"id": "t000001037", "svc": "payment", "phase": "start", "ts": 5199000, "status": 200}
{"id": "t000001037", "svc": "payment", "phase": "end", "ts": 5199100, "status": 200}
{"id": "t000001038", "svc": "auth", "phase": "start", "ts": 5200000, "status": 200}
{"id": "t000001038", "svc": "auth", "phase": "end", "ts": 5200100, "status": 200}
{"id": "t000001039", "svc": "gateway", "phase": "start", "ts": 5201000, "status": 200}
{"id": "t000001039", "svc": "gateway", "phase": "end", "ts": 5201100, "status": 200}
{"id": "t000001040", "svc": "payment", "phase": "start", "ts": 5202000, "status": 200}
{"id": "t000001040", "svc": "payment", "phase": "end", "ts": 5202100, "status": 500}
{"id": "t000001041", "svc": "auth", "phase": "start", "ts": 5203000, "status": 200}
{"id": "t000001041", "svc": "auth", "phase": "end", "ts": 5203100, "status": 200}
{"id": "t000001042", "svc": "gateway", "phase": "start", "ts": 5204000, "status": 200}
{"id": "t000001042", "svc": "gateway", "phase": "end", "ts": 5204100, "status": 200}
{"id": "t000001043", "svc": "payment", "phase": "start", "ts": 5205000, "status": 200}
{"id": "t000001043", "svc": "payment", "phase": "end", "ts": 5205100, "status": 200}
{"id": "t000001044", "svc": "auth", "phase": "start", "ts": 5206000, "status": 200}
{"id": "t000001044", "svc": "auth", "phase": "end", "ts": 5206100, "status": 200}
{"id": "t000001045", "svc": "gateway", "phase": "start", "ts": 5207000, "status": 200}
{"id": "t000001045", "svc": "gateway", "phase": "end", "ts": 5207100, "status": 200}
{"id": "t000001046", "svc": "payment", "phase": "start", "ts": 5208000, "status": 200}
{"id": "t000001046", "svc": "payment", "phase": "end", "ts": 5208100, "status": 200}
{"id": "t000001047", "svc": "auth", "phase": "start", "ts": 5209000, "status": 200}
{"id": "t000001047", "svc": "auth", "phase": "end", "ts": 5209100, "status": 200}
{"id": "t000001048", "svc": "gateway", "phase": "start", "ts": 5210000, "status": 200}
{"id": "t000001048", "svc": "gateway", "phase": "end", "ts": 5210100, "status": 500}
{"id": "t000001049", "svc": "payment", "phase": "start", "ts": 5211000, "status": 200}
{"id": "t000001049", "svc": "payment", "phase": "end", "ts": 5211100, "status": 200}
{"id": "t000001050", "svc": "auth", "phase": "start", "ts": 5212000, "status": 200}
{"id": "t000001050", "svc": "auth", "phase": "end", "ts": 5212100, "status": 200}
{"id": "t000001051", "svc": "gateway", "phase": "start", "ts": 5213000, "status": 200}
{"id": "t000001051", "svc": "gateway", "phase": "end", "ts": 5213100, "status": 200}
{"id": "t000001052", "svc": "payment", "phase": "start", "ts": 5214000, "status": 200}
{"id": "t000001052", "svc": "payment", "phase": "end", "ts": 5214100, "status": 200}
{"id": "t000001053", "svc": "auth", "phase": "start", "ts": 5215000, "status": 200}
{"id": "t000001053", "svc": "auth", "phase": "end", "ts": 5215100, "status": 200}
{"id": "t000001054", "svc": "gateway", "phase": "start", "ts": 5216000, "status": 200}
{"id": "t000001054", "svc": "gateway", "phase": "end", "ts": 5216100, "status": 200}
{"id": "t000001055", "svc": "payment", "phase": "start", "ts": 5217000, "status": 200}
{"id": "t000001055", "svc": "payment", "phase": "end", "ts": 5217100, "status": 200}
{"id": "t000001056", "svc": "auth", "phase": "start", "ts": 5218000, "status": 200}
{"id": "t000001056", "svc": "auth", "phase": "end", "ts": 5218100, "status": 500}
{"id": "t000001057", "svc": "gateway", "phase": "start", "ts": 5219000, "status": 200}
{"id": "t000001057", "svc": "gateway", "phase": "end", "ts": 5219100, "status": 200}
{"id": "t000001058", "svc": "payment", "phase": "start", "ts": 5220000, "status": 200}
{"id": "t000001058", "svc": "payment", "phase": "end", "ts": 5220100, "status": 200}
{"id": "t000001059", "svc": "auth", "phase": "start", "ts": 5221000, "status": 200}
{"id": "t000001059", "svc": "auth", "phase": "end", "ts": 5221100, "status": 200}
{"id": "t000001060", "svc": "gateway", "phase": "start", "ts": 5222000, "status": 200}
{"id": "t000001060", "svc": "gateway", "phase": "end", "ts": 5222100, "status": 200}
{"id": "t000001061", "svc": "payment", "phase": "start", "ts": 5223000, "status": 200}
{"id": "t000001061", "svc": "payment", "phase": "end", "ts": 5223100, "status": 200}
{"id": "t000001062", "svc": "auth", "phase": "start", "ts": 5224000, "status": 200}
{"id": "t000001062", "svc": "auth", "phase": "end", "ts": 5224100, "status": 200}
{"id": "t000001063", "svc": "gateway", "phase": "start", "ts": 5225000, "status": 200}
{"id": "t000001063", "svc": "gateway", "phase": "end", "ts": 5225100, "status": 200}
{"id": "t000001064", "svc": "payment", "phase": "start", "ts": 5226000, "status": 200}
{"id": "t000001064", "svc": "payment", "phase": "end", "ts": 5226100, "status": 500}
{"id": "t000001065", "svc": "auth", "phase": "start", "ts": 5227000, "status": 200}
{"id": "t000001065", "svc": "auth", "phase": "end", "ts": 5227100, "status": 200}
{"id": "t000001066", "svc": "gateway", "phase": "start", "ts": 5228000, "status": 200}
{"id": "t000001066", "svc": "gateway", "phase": "end", "ts": 5228100, "status": 200}
{"id": "t000001067", "svc": "payment", "phase": "start", "ts": 5229000, "status": 200}
{"id": "t000001067", "svc": "payment", "phase": "end", "ts": 5229100, "status": 200}
{"id": "t000001068", "svc": "auth", "phase": "start", "ts": 5230000, "status": 200}
{"id": "t000001068", "svc": "auth", "phase": "end", "ts": 5230100, "status": 200}
{"id": "t000001069", "svc": "gateway", "phase": "start", "ts": 5231000, "status": 200}
{"id": "t000001069", "svc": "gateway", "phase": "end", "ts": 5231100, "status": 200}
{"id": "t000001070", "svc": "payment", "phase": "start", "ts": 5232000, "status": 200}
{"id": "t000001070", "svc": "payment", "phase": "end", "ts": 5232100, "status": 200}
{"id": "t000001071", "svc": "auth", "phase": "start", "ts": 5233000, "status": 200}
{"id": "t000001071", "svc": "auth", "phase": "end", "ts": 5233100, "status": 200}
{"id": "t000001072", "svc": "gateway", "phase": "start", "ts": 5234000, "status": 200}
{"id": "t000001072", "svc": "gateway", "phase": "end", "ts": 5234100, "status": 500}
{"id": "t000001073", "svc": "payment", "phase": "start", "ts": 5235000, "status": 200}
{"id": "t000001073", "svc": "payment", "phase": "end", "ts": 5235100, "status": 200}
{"id": "t000001074", "svc": "auth", "phase": "start", "ts": 5236000, "status": 200}
{"id": "t000001074", "svc": "auth", "phase": "end", "ts": 5236100, "status": 200}
{"id": "t000001075", "svc": "gateway", "phase": "start", "ts": 5237000, "status": 200}
{"id": "t000001075", "svc": "gateway", "phase": "end", "ts": 5237100, "status": 200}
{"id": "t000001076", "svc": "payment", "phase": "start", "ts": 5238000, "status": 200}
{"id": "t000001076", "svc": "payment", "phase": "end", "ts": 5238100, "status": 200}
{"id": "t000001077", "svc": "auth", "phase": "start", "ts": 5239000, "status": 200}
{"id": "t000001077", "svc": "auth", "phase": "end", "ts": 5239100, "status": 200}
{"id": "t000001078", "svc": "gateway", "phase": "start", "ts": 5240000, "status": 200}
{"id": "t000001078", "svc": "gateway", "phase": "end", "ts": 5240100, "status": 200}
{"id": "t000001079", "svc": "payment", "phase": "start", "ts": 5241000, "status": 200}
{"id": "t000001079", "svc": "payment", "phase": "end", "ts": 5241100, "status": 200}
{"id": "t000001080", "svc": "auth", "phase": "start", "ts": 5242000, "status": 200}
{"id": "t000001080", "svc": "auth", "phase": "end", "ts": 5242100, "status": 500}
{"id": "t000001081", "svc": "gateway", "phase": "start", "ts": 5243000, "status": 200}
{"id": "t000001081", "svc": "gateway", "phase": "end", "ts": 5243100, "status": 200}
{"id": "t000001082", "svc": "payment", "phase": "start", "ts": 5244000, "status": 200}
{"id": "t000001082", "svc": "payment", "phase": "end", "ts": 5244100, "status": 200}
{"id": "t000001083", "svc": "auth", "phase": "start", "ts": 5245000, "status": 200}
{"id": "t000001083", "svc": "auth", "phase": "end", "ts": 5245100, "status": 200}
{"id": "t000001084", "svc": "gateway", "phase": "start", "ts": 5246000, "status": 200}
{"id": "t000001084", "svc": "gateway", "phase": "end", "ts": 5246100, "status": 200}
{"id": "t000001085", "svc": "payment", "phase": "start", "ts": 5247000, "status": 200}
{"id": "t000001085", "svc": "payment", "phase": "end", "ts": 5247100, "status": 200}
{"id": "t000001086", "svc": "auth", "phase": "start", "ts": 5248000, "status": 200}
{"id": "t000001086", "svc": "auth", "phase": "end", "ts": 5248100, "status": 200}
{"id": "t000001087", "svc": "gateway", "phase": "start", "ts": 5249000, "status": 200}
{"id": "t000001087", "svc": "gateway", "phase": "end", "ts": 5249100, "status": 200}
{"id": "t000001088", "svc": "payment", "phase": "start", "ts": 5250000, "status": 200}
{"id": "t000001088", "svc": "payment", "phase": "end", "ts": 5250100, "status": 500}
{"id": "t000001089", "svc": "auth", "phase": "start", "ts": 5251000, "status": 200}
{"id": "t000001089", "svc": "auth", "phase": "end", "ts": 5251100, "status": 200}
{"id": "t000001090", "svc": "gateway", "phase": "start", "ts": 5252000, "status": 200}
{"id": "t000001090", "svc": "gateway", "phase": "end", "ts": 5252100, "status": 200}
{"id": "t000001091", "svc": "payment", "phase": "start", "ts": 5253000, "status": 200}
{"id": "t000001091", "svc": "payment", "phase": "end", "ts": 5253100, "status": 200}
{"id": "t000001092", "svc": "auth", "phase": "start", "ts": 5254000, "status": 200}
{"id": "t000001092", "svc": "auth", "phase": "end", "ts": 5254100, "status": 200}
{"id": "t000001093", "svc": "gateway", "phase": "start", "ts": 5255000, "status": 200}
{"id": "t000001093", "svc": "gateway", "phase": "end", "ts": 5255100, "status": 200}
{"id": "t000001094", "svc": "payment", "phase": "start", "ts": 5256000, "status": 200}
{"id": "t000001094", "svc": "payment", "phase": "end", "ts": 5256100, "status": 200}
{"id": "t000001095", "svc": "auth", "phase": "start", "ts": 5257000, "status": 200}
{"id": "t000001095", "svc": "auth", "phase": "end", "ts": 5257100, "status": 200}
{"id": "t000001096", "svc": "gateway", "phase": "start", "ts": 5258000, "status": 200}
{"id": "t000001096", "svc": "gateway", "phase": "end", "ts": 5258100, "status": 500}
{"id": "t000001097", "svc": "payment", "phase": "start", "ts": 5259000, "status": 200}
{"id": "t000001097", "svc": "payment", "phase": "end", "ts": 5259100, "status": 200}
{"id": "t000001098", "svc": "auth", "phase": "start", "ts": 5260000, "status": 200}
{"id": "t000001098", "svc": "auth", "phase": "end", "ts": 5260100, "status": 200}
{"id": "t000001099", "svc": "gateway", "phase": "start", "ts": 5261000, "status": 200}
{"id": "t000001099", "svc": "gateway", "phase": "end", "ts": 5261100, "status": 200}
{"id": "t000001100", "svc": "payment", "phase": "start", "ts": 5262000, "status": 200}
{"id": "t000001100", "svc": "payment", "phase": "end", "ts": 5262100, "status": 200}
{"id": "t000001101", "svc": "auth", "phase": "start", "ts": 5263000, "status": 200}
{"id": "t000001101", "svc": "auth", "phase": "end", "ts": 5263100, "status": 200}
{"id": "t000001102", "svc": "gateway", "phase": "start", "ts": 5264000, "status": 200}
{"id": "t000001102", "svc": "gateway", "phase": "end", "ts": 5264100, "status": 200}
{"id": "t000001103", "svc": "payment", "phase": "start", "ts": 5265000, "status": 200}
{"id": "t000001103", "svc": "payment", "phase": "end", "ts": 5265100, "status": 200}
{"id": "t000001104", "svc": "auth", "phase": "start", "ts": 5266000, "status": 200}
{"id": "t000001104", "svc": "auth", "phase": "end", "ts": 5266100, "status": 500}
{"id": "t000001105", "svc": "gateway", "phase": "start", "ts": 5267000, "status": 200}
{"id": "t000001105", "svc": "gateway", "phase": "end", "ts": 5267100, "status": 200}
{"id": "t000001106", "svc": "payment", "phase": "start", "ts": 5268000, "status": 200}
{"id": "t000001106", "svc": "payment", "phase": "end", "ts": 5268100, "status": 200}
{"id": "t000001107", "svc": "auth", "phase": "start", "ts": 5269000, "status": 200}
{"id": "t000001107", "svc": "auth", "phase": "end", "ts": 5269100, "status": 200}
{"id": "t000001108", "svc": "gateway", "phase": "start", "ts": 5270000, "status": 200}
{"id": "t000001108", "svc": "gateway", "phase": "end", "ts": 5270100, "status": 200}
{"id": "t000001109", "svc": "payment", "phase": "start", "ts": 5271000, "status": 200}
{"id": "t000001109", "svc": "payment", "phase": "end", "ts": 5271100, "status": 200}
{"id": "t000001110", "svc": "auth", "phase": "start", "ts": 5272000, "status": 200}
{"id": "t000001110", "svc": "auth", "phase": "end", "ts": 5272100, "status": 200}
{"id": "t000001111", "svc": "gateway", "phase": "start", "ts": 5273000, "status": 200}
{"id": "t000001111", "svc": "gateway", "phase": "end", "ts": 5273100, "status": 200}
{"id": "t000001112", "svc": "payment", "phase": "start", "ts": 5274000, "status": 200}
{"id": "t000001112", "svc": "payment", "phase": "end", "ts": 5274100, "status": 500}
{"id": "t000001113", "svc": "auth", "phase": "start", "ts": 5275000, "status": 200}
{"id": "t000001113", "svc": "auth", "phase": "end", "ts": 5275100, "status": 200}
{"id": "t000001114", "svc": "gateway", "phase": "start", "ts": 5276000, "status": 200}
{"id": "t000001114", "svc": "gateway", "phase": "end", "ts": 5276100, "status": 200}
{"id": "t000001115", "svc": "payment", "phase": "start", "ts": 5277000, "status": 200}
{"id": "t000001115", "svc": "payment", "phase": "end", "ts": 5277100, "status": 200}
{"id": "t000001116", "svc": "auth", "phase": "start", "ts": 5278000, "status": 200}
{"id": "t000001116", "svc": "auth", "phase": "end", "ts": 5278100, "status": 200}
{"id": "t000001117", "svc": "gateway", "phase": "start", "ts": 5279000, "status": 200}
{"id": "t000001117", "svc": "gateway", "phase": "end", "ts": 5279100, "status": 200}
{"id": "t000001118", "svc": "payment", "phase": "start", "ts": 5280000, "status": 200}
{"id": "t000001118", "svc": "payment", "phase": "end", "ts": 5280100, "status": 200}
{"id": "t000001119", "svc": "auth", "phase": "start", "ts": 5281000, "status": 200}
{"id": "t000001119", "svc": "auth", "phase": "end", "ts": 5281100, "status": 200}
{"id": "t000001120", "svc": "gateway", "phase": "start", "ts": 5282000, "status": 200}
{"id": "t000001120", "svc": "gateway", "phase": "end", "ts": 5282100, "status": 500}
{"id": "t000001121", "svc": "payment", "phase": "start", "ts": 5283000, "status": 200}
{"id": "t000001121", "svc": "payment", "phase": "end", "ts": 5283100, "status": 200}
{"id": "t000001122", "svc": "auth", "phase": "start", "ts": 5284000, "status": 200}
{"id": "t000001122", "svc": "auth", "phase": "end", "ts": 5284100, "status": 200}
{"id": "t000001123", "svc": "gateway", "phase": "start", "ts": 5285000, "status": 200}
{"id": "t000001123", "svc": "gateway", "phase": "end", "ts": 5285100, "status": 200}
{"id": "t000001124", "svc": "payment", "phase": "start", "ts": 5286000, "status": 200}
{"id": "t000001124", "svc": "payment", "phase": "end", "ts": 5286100, "status": 200}
{"id": "t000001125", "svc": "auth", "phase": "start", "ts": 5287000, "status": 200}
{"id": "t000001125", "svc": "auth", "phase": "end", "ts": 5287100, "status": 200}
{"id": "t000001126", "svc": "gateway", "phase": "start", "ts": 5288000, "status": 200}
{"id": "t000001126", "svc": "gateway", "phase": "end", "ts": 5288100, "status": 200}
{"id": "t000001127", "svc": "payment", "phase": "start", "ts": 5289000, "status": 200}
{"id": "t000001127", "svc": "payment", "phase": "end", "ts": 5289100, "status": 200}
{"id": "t000001128", "svc": "auth", "phase": "start", "ts": 5290000, "status": 200}
{"id": "t000001128", "svc": "auth", "phase": "end", "ts": 5290100, "status": 500}
{"id": "t000001129", "svc": "gateway", "phase": "start", "ts": 5291000, "status": 200}
{"id": "t000001129", "svc": "gateway", "phase": "end", "ts": 5291100, "status": 200}
{"id": "t000001130", "svc": "payment", "phase": "start", "ts": 5292000, "status": 200}
{"id": "t000001130", "svc": "payment", "phase": "end", "ts": 5292100, "status": 200}
{"id": "t000001131", "svc": "auth", "phase": "start", "ts": 5293000, "status": 200}
{"id": "t000001131", "svc": "auth", "phase": "end", "ts": 5293100, "status": 200}
{"id": "t000001132", "svc": "gateway", "phase": "start", "ts": 5294000, "status": 200}
{"id": "t000001132", "svc": "gateway", "phase": "end", "ts": 5294100, "status": 200}
{"id": "t000001133", "svc": "payment", "phase": "start", "ts": 5295000, "status": 200}
{"id": "t000001133", "svc": "payment", "phase": "end", "ts": 5295100, "status": 200}
{"id": "t000001134", "svc": "auth", "phase": "start", "ts": 5296000, "status": 200}
{"id": "t000001134", "svc": "auth", "phase": "end", "ts": 5296100, "status": 200}
{"id": "t000001135", "svc": "gateway", "phase": "start", "ts": 5297000, "status": 200}
{"id": "t000001135", "svc": "gateway", "phase": "end", "ts": 5297100, "status": 200}
{"id": "t000001136", "svc": "payment", "phase": "start", "ts": 5298000, "status": 200}
{"id": "t000001136", "svc": "payment", "phase": "end", "ts": 5298100, "status": 500}
{"id": "t000001137", "svc": "auth", "phase": "start", "ts": 5299000, "status": 200}
{"id": "t000001137", "svc": "auth", "phase": "end", "ts": 5299100, "status": 200}
{"id": "t000001138", "svc": "gateway", "phase": "start", "ts": 5300000, "status": 200}
{"id": "t000001138", "svc": "gateway", "phase": "end", "ts": 5300100, "status": 200}
{"id": "t000001139", "svc": "payment", "phase": "start", "ts": 5301000, "status": 200}
{"id": "t000001139", "svc": "payment", "phase": "end", "ts": 5301100, "status": 200}
{"id": "t000001140", "svc": "auth", "phase": "start", "ts": 5302000, "status": 200}
{"id": "t000001140", "svc": "auth", "phase": "end", "ts": 5302100, "status": 200}
{"id": "t000001141", "svc": "gateway", "phase": "start", "ts": 5303000, "status": 200}
{"id": "t000001141", "svc": "gateway", "phase": "end", "ts": 5303100, "status": 200}
{"id": "t000001142", "svc": "payment", "phase": "start", "ts": 5304000, "status": 200}
{"id": "t000001142", "svc": "payment", "phase": "end", "ts": 5304100, "status": 200}
{"id": "t000001143", "svc": "auth", "phase": "start", "ts": 5305000, "status": 200}
{"id": "t000001143", "svc": "auth", "phase": "end", "ts": 5305100, "status": 200}
{"id": "t000001144", "svc": "gateway", "phase": "start", "ts": 5306000, "status": 200}
{"id": "t000001144", "svc": "gateway", "phase": "end", "ts": 5306100, "status": 500}
{"id": "t000001145", "svc": "payment", "phase": "start", "ts": 5307000, "status": 200}
{"id": "t000001145", "svc": "payment", "phase": "end", "ts": 5307100, "status": 200}
{"id": "t000001146", "svc": "auth", "phase": "start", "ts": 5308000, "status": 200}
{"id": "t000001146", "svc": "auth", "phase": "end", "ts": 5308100, "status": 200}
{"id": "t000001147", "svc": "gateway", "phase": "start", "ts": 5309000, "status": 200}
{"id": "t000001147", "svc": "gateway", "phase": "end", "ts": 5309100, "status": 200}
{"id": "t000001148", "svc": "payment", "phase": "start", "ts": 5310000, "status": 200}
{"id": "t000001148", "svc": "payment", "phase": "end", "ts": 5310100, "status": 200}
{"id": "t000001149", "svc": "auth", "phase": "start", "ts": 5311000, "status": 200}
{"id": "t000001149", "svc": "auth", "phase": "end", "ts": 5311100, "status": 200}
{"id": "t000001150", "svc": "gateway", "phase": "start", "ts": 5312000, "status": 200}
{"id": "t000001150", "svc": "gateway", "phase": "end", "ts": 5312100, "status": 200}
{"id": "t000001151", "svc": "payment", "phase": "start", "ts": 5313000, "status": 200}
{"id": "t000001151", "svc": "payment", "phase": "end", "ts": 5313100, "status": 200}
{"id": "t000001152", "svc": "auth", "phase": "start", "ts": 5314000, "status": 200}
{"id": "t000001152", "svc": "auth", "phase": "end", "ts": 5314100, "status": 500}
{"id": "t000001153", "svc": "gateway", "phase": "start", "ts": 5315000, "status": 200}
{"id": "t000001153", "svc": "gateway", "phase": "end", "ts": 5315100, "status": 200}
{"id": "t000001154", "svc": "payment", "phase": "start", "ts": 5316000, "status": 200}
{"id": "t000001154", "svc": "payment", "phase": "end", "ts": 5316100, "status": 200}
{"id": "t000001155", "svc": "auth", "phase": "start", "ts": 5317000, "status": 200}
{"id": "t000001155", "svc": "auth", "phase": "end", "ts": 5317100, "status": 200}
{"id": "t000001156", "svc": "gateway", "phase": "start", "ts": 5318000, "status": 200}
{"id": "t000001156", "svc": "gateway", "phase": "end", "ts": 5318100, "status": 200}
{"id": "t000001157", "svc": "payment", "phase": "start", "ts": 5319000, "status": 200}
{"id": "t000001157", "svc": "payment", "phase": "end", "ts": 5319100, "status": 200}
{"id": "t000001158", "svc": "auth", "phase": "start", "ts": 5320000, "status": 200}
{"id": "t000001158", "svc": "auth", "phase": "end", "ts": 5320100, "status": 200}
{"id": "t000001159", "svc": "gateway", "phase": "start", "ts": 5321000, "status": 200}
{"id": "t000001159", "svc": "gateway", "phase": "end", "ts": 5321100, "status": 200}
{"id": "t000001160", "svc": "payment", "phase": "start", "ts": 5322000, "status": 200}
{"id": "t000001160", "svc": "payment", "phase": "end", "ts": 5322100, "status": 500}
{"id": "t000001161", "svc": "auth", "phase": "start", "ts": 5323000, "status": 200}
{"id": "t000001161", "svc": "auth", "phase": "end", "ts": 5323100, "status": 200}
{"id": "t000001162", "svc": "gateway", "phase": "start", "ts": 5324000, "status": 200}
{"id": "t000001162", "svc": "gateway", "phase": "end", "ts": 5324100, "status": 200}
{"id": "t000001163", "svc": "payment", "phase": "start", "ts": 5325000, "status": 200}
{"id": "t000001163", "svc": "payment", "phase": "end", "ts": 5325100, "status": 200}
{"id": "t000001164", "svc": "auth", "phase": "start", "ts": 5326000, "status": 200}
{"id": "t000001164", "svc": "auth", "phase": "end", "ts": 5326100, "status": 200}
{"id": "t000001165", "svc": "gateway", "phase": "start", "ts": 5327000, "status": 200}
{"id": "t000001165", "svc": "gateway", "phase": "end", "ts": 5327100, "status": 200}
{"id": "t000001166", "svc": "payment", "phase": "start", "ts": 5328000, "status": 200}
{"id": "t000001166", "svc": "payment", "phase": "end", "ts": 5328100, "status": 200}
{"id": "t000001167", "svc": "auth", "phase": "start", "ts": 5329000, "status": 200}
{"id": "t000001167", "svc": "auth", "phase": "end", "ts": 5329100, "status": 200}
{"id": "t000001168", "svc": "gateway", "phase": "start", "ts": 5330000, "status": 200}
{"id": "t000001168", "svc": "gateway", "phase": "end", "ts": 5330100, "status": 500}
{"id": "t000001169", "svc": "payment", "phase": "start", "ts": 5331000, "status": 200}
{"id": "t000001169", "svc": "payment", "phase": "end", "ts": 5331100, "status": 200}
{"id": "t000001170", "svc": "auth", "phase": "start", "ts": 5332000, "status": 200}
{"id": "t000001170", "svc": "auth", "phase": "end", "ts": 5332100, "status": 200}
{"id": "t000001171", "svc": "gateway", "phase": "start", "ts": 5333000, "status": 200}
{"id": "t000001171", "svc": "gateway", "phase": "end", "ts": 5333100, "status": 200}
{"id": "t000001172", "svc": "payment", "phase": "start", "ts": 5334000, "status": 200}
{"id": "t000001172", "svc": "payment", "phase": "end", "ts": 5334100, "status": 200}
{"id": "t000001173", "svc": "auth", "phase": "start", "ts": 5335000, "status": 200}
{"id": "t000001173", "svc": "auth", "phase": "end", "ts": 5335100, "status": 200}
{"id": "t000001174", "svc": "gateway", "phase": "start", "ts": 5336000, "status": 200}
{"id": "t000001174", "svc": "gateway", "phase": "end", "ts": 5336100, "status": 200}
{"id": "t000001175", "svc": "payment", "phase": "start", "ts": 5337000, "status": 200}
{"id": "t000001175", "svc": "payment", "phase": "end", "ts": 5337100, "status": 200}
{"id": "t000001176", "svc": "auth", "phase": "start", "ts": 5338000, "status": 200}
{"id": "t000001176", "svc": "auth", "phase": "end", "ts": 5338100, "status": 500}
{"id": "t000001177", "svc": "gateway", "phase": "start", "ts": 5339000, "status": 200}
{"id": "t000001177", "svc": "gateway", "phase": "end", "ts": 5339100, "status": 200}
{"id": "t000001178", "svc": "payment", "phase": "start", "ts": 5340000, "status": 200}
{"id": "t000001178", "svc": "payment", "phase": "end", "ts": 5340100, "status": 200}
{"id": "t000001179", "svc": "auth", "phase": "start", "ts": 5341000, "status": 200}
{"id": "t000001179", "svc": "auth", "phase": "end", "ts": 5341100, "status": 200}
{"id": "t000001180", "svc": "gateway", "phase": "start", "ts": 5342000, "status": 200}
{"id": "t000001180", "svc": "gateway", "phase": "end", "ts": 5342100, "status": 200}
{"id": "t000001181", "svc": "payment", "phase": "start", "ts": 5343000, "status": 200}
{"id": "t000001181", "svc": "payment", "phase": "end", "ts": 5343100, "status": 200}
{"id": "t000001182", "svc": "auth", "phase": "start", "ts": 5344000, "status": 200}
{"id": "t000001182", "svc": "auth", "phase": "end", "ts": 5344100, "status": 200}
{"id": "t000001183", "svc": "gateway", "phase": "start", "ts": 5345000, "status": 200}
{"id": "t000001183", "svc": "gateway", "phase": "end", "ts": 5345100, "status": 200}
{"id": "t000001184", "svc": "payment", "phase": "start", "ts": 5346000, "status": 200}
{"id": "t000001184", "svc": "payment", "phase": "end", "ts": 5346100, "status": 500}
{"id": "t000001185", "svc": "auth", "phase": "start", "ts": 5347000, "status": 200}
{"id": "t000001185", "svc": "auth", "phase": "end", "ts": 5347100, "status": 200}
{"id": "t000001186", "svc": "gateway", "phase": "start", "ts": 5348000, "status": 200}
{"id": "t000001186", "svc": "gateway", "phase": "end", "ts": 5348100, "status": 200}
{"id": "t000001187", "svc": "payment", "phase": "start", "ts": 5349000, "status": 200}
{"id": "t000001187", "svc": "payment", "phase": "end", "ts": 5349100, "status": 200}
{"id": "t000001188", "svc": "auth", "phase": "start", "ts": 5350000, "status": 200}
{"id": "t000001188", "svc": "auth", "phase": "end", "ts": 5350100, "status": 200}
{"id": "t000001189", "svc": "gateway", "phase": "start", "ts": 5351000, "status": 200}
{"id": "t000001189", "svc": "gateway", "phase": "end", "ts": 5351100, "status": 200}
{"id": "t000001190", "svc": "payment", "phase": "start", "ts": 5352000, "status": 200}
{"id": "t000001190", "svc": "payment", "phase": "end", "ts": 5352100, "status": 200}
{"id": "t000001191", "svc": "auth", "phase": "start", "ts": 5353000, "status": 200}
{"id": "t000001191", "svc": "auth", "phase": "end", "ts": 5353100, "status": 200}
{"id": "t000001192", "svc": "gateway", "phase": "start", "ts": 5354000, "status": 200}
{"id": "t000001192", "svc": "gateway", "phase": "end", "ts": 5354100, "status": 500}
{"id": "t000001193", "svc": "payment", "phase": "start", "ts": 5355000, "status": 200}
{"id": "t000001193", "svc": "payment", "phase": "end", "ts": 5355100, "status": 200}
{"id": "t000001194", "svc": "auth", "phase": "start", "ts": 5356000, "status": 200}
{"id": "t000001194", "svc": "auth", "phase": "end", "ts": 5356100, "status": 200}
{"id": "t000001195", "svc": "gateway", "phase": "start", "ts": 5357000, "status": 200}
{"id": "t000001195", "svc": "gateway", "phase": "end", "ts": 5357100, "status": 200}
{"id": "t000001196", "svc": "payment", "phase": "start", "ts": 5358000, "status": 200}
{"id": "t000001196", "svc": "payment", "phase": "end", "ts": 5358100, "status": 200}
{"id": "t000001197", "svc": "auth", "phase": "start", "ts": 5359000, "status": 200}
{"id": "t000001197", "svc": "auth", "phase": "end", "ts": 5359100, "status": 200}
{"id": "t000001198", "svc": "gateway", "phase": "start", "ts": 5360000, "status": 200}
{"id": "t000001198", "svc": "gateway", "phase": "end", "ts": 5360100, "status": 200}
{"id": "t000001199", "svc": "payment", "phase": "start", "ts": 5361000, "status": 200}
{"id": "t000001199", "svc": "payment", "phase": "end", "ts": 5361100, "status": 200}
{"id": "t000001200", "svc": "auth", "phase": "start", "ts": 5362000, "status": 200}
{"id": "t000001200", "svc": "auth", "phase": "end", "ts": 5362100, "status": 500}
{"id": "t000001201", "svc": "gateway", "phase": "start", "ts": 5363000, "status": 200}
{"id": "t000001201", "svc": "gateway", "phase": "end", "ts": 5363100, "status": 200}
{"id": "t000001202", "svc": "payment", "phase": "start", "ts": 5364000, "status": 200}
{"id": "t000001202", "svc": "payment", "phase": "end", "ts": 5364100, "status": 200}
{"id": "t000001203", "svc": "auth", "phase": "start", "ts": 5365000, "status": 200}
{"id": "t000001203", "svc": "auth", "phase": "end", "ts": 5365100, "status": 200}
{"id": "t000001204", "svc": "gateway", "phase": "start", "ts": 5366000, "status": 200}
{"id": "t000001204", "svc": "gateway", "phase": "end", "ts": 5366100, "status": 200}
{"id": "t000001205", "svc": "payment", "phase": "start", "ts": 5367000, "status": 200}
{"id": "t000001205", "svc": "payment", "phase": "end", "ts": 5367100, "status": 200}
{"id": "t000001206", "svc": "auth", "phase": "start", "ts": 5368000, "status": 200}
{"id": "t000001206", "svc": "auth", "phase": "end", "ts": 5368100, "status": 200}
{"id": "t000001207", "svc": "gateway", "phase": "start", "ts": 5369000, "status": 200}
{"id": "t000001207", "svc": "gateway", "phase": "end", "ts": 5369100, "status": 200}
{"id": "t000001208", "svc": "payment", "phase": "start", "ts": 5370000, "status": 200}
{"id": "t000001208", "svc": "payment", "phase": "end", "ts": 5370100, "status": 500}
{"id": "t000001209", "svc": "auth", "phase": "start", "ts": 5371000, "status": 200}
{"id": "t000001209", "svc": "auth", "phase": "end", "ts": 5371100, "status": 200}
{"id": "t000001210", "svc": "gateway", "phase": "start", "ts": 5372000, "status": 200}
{"id": "t000001210", "svc": "gateway", "phase": "end", "ts": 5372100, "status": 200}
{"id": "t000001211", "svc": "payment", "phase": "start", "ts": 5373000, "status": 200}
{"id": "t000001211", "svc": "payment", "phase": "end", "ts": 5373100, "status": 200}
{"id": "t000001212", "svc": "auth", "phase": "start", "ts": 5374000, "status": 200}
{"id": "t000001212", "svc": "auth", "phase": "end", "ts": 5374100, "status": 200}
{"id": "t000001213", "svc": "gateway", "phase": "start", "ts": 5375000, "status": 200}
{"id": "t000001213", "svc": "gateway", "phase": "end", "ts": 5375100, "status": 200}
{"id": "t000001214", "svc": "payment", "phase": "start", "ts": 5376000, "status": 200}
{"id": "t000001214", "svc": "payment", "phase": "end", "ts": 5376100, "status": 200}
{"id": "t000001215", "svc": "auth", "phase": "start", "ts": 5377000, "status": 200}
{"id": "t000001215", "svc": "auth", "phase": "end", "ts": 5377100, "status": 200}
{"id": "t000001216", "svc": "gateway", "phase": "start", "ts": 5378000, "status": 200}
{"id": "t000001216", "svc": "gateway", "phase": "end", "ts": 5378100, "status": 500}
{"id": "t000001217", "svc": "payment", "phase": "start", "ts": 5379000, "status": 200}
{"id": "t000001217", "svc": "payment", "phase": "end", "ts": 5379100, "status": 200}
{"id": "t000001218", "svc": "auth", "phase": "start", "ts": 5380000, "status": 200}
{"id": "t000001218", "svc": "auth", "phase": "end", "ts": 5380100, "status": 200}
{"id": "t000001219", "svc": "gateway", "phase": "start", "ts": 5381000, "status": 200}
{"id": "t000001219", "svc": "gateway", "phase": "end", "ts": 5381100, "status": 200}
{"id": "t000001220", "svc": "payment", "phase": "start", "ts": 5382000, "status": 200}
{"id": "t000001220", "svc": "payment", "phase": "end", "ts": 5382100, "status": 200}
{"id": "t000001221", "svc": "auth", "phase": "start", "ts": 5383000, "status": 200}
{"id": "t000001221", "svc": "auth", "phase": "end", "ts": 5383100, "status": 200}
{"id": "t000001222", "svc": "gateway", "phase": "start", "ts": 5384000, "status": 200}
{"id": "t000001222", "svc": "gateway", "phase": "end", "ts": 5384100, "status": 200}
{"id": "t000001223", "svc": "payment", "phase": "start", "ts": 5385000, "status": 200}
{"id": "t000001223", "svc": "payment", "phase": "end", "ts": 5385100, "status": 200}
{"id": "t000001224", "svc": "auth", "phase": "start", "ts": 5386000, "status": 200}
{"id": "t000001224", "svc": "auth", "phase": "end", "ts": 5386100, "status": 500}
{"id": "t000001225", "svc": "gateway", "phase": "start", "ts": 5387000, "status": 200}
{"id": "t000001225", "svc": "gateway", "phase": "end", "ts": 5387100, "status": 200}
{"id": "t000001226", "svc": "payment", "phase": "start", "ts": 5388000, "status": 200}
{"id": "t000001226", "svc": "payment", "phase": "end", "ts": 5388100, "status": 200}
{"id": "t000001227", "svc": "auth", "phase": "start", "ts": 5389000, "status": 200}
{"id": "t000001227", "svc": "auth", "phase": "end", "ts": 5389100, "status": 200}
{"id": "t000001228", "svc": "gateway", "phase": "start", "ts": 5390000, "status": 200}
{"id": "t000001228", "svc": "gateway", "phase": "end", "ts": 5390100, "status": 200}
{"id": "t000001229", "svc": "payment", "phase": "start", "ts": 5391000, "status": 200}
{"id": "t000001229", "svc": "payment", "phase": "end", "ts": 5391100, "status": 200}
{"id": "t000001230", "svc": "auth", "phase": "start", "ts": 5392000, "status": 200}
{"id": "t000001230", "svc": "auth", "phase": "end", "ts": 5392100, "status": 200}
{"id": "t000001231", "svc": "gateway", "phase": "start", "ts": 5393000, "status": 200}
{"id": "t000001231", "svc": "gateway", "phase": "end", "ts": 5393100, "status": 200}
{"id": "t000001232", "svc": "payment", "phase": "start", "ts": 5394000, "status": 200}
{"id": "t000001232", "svc": "payment", "phase": "end", "ts": 5394100, "status": 500}
{"id": "t000001233", "svc": "auth", "phase": "start", "ts": 5395000, "status": 200}
{"id": "t000001233", "svc": "auth", "phase": "end", "ts": 5395100, "status": 200}
{"id": "t000001234", "svc": "gateway", "phase": "start", "ts": 5396000, "status": 200}
{"id": "t000001234", "svc": "gateway", "phase": "end", "ts": 5396100, "status": 200}
{"id": "t000001235", "svc": "payment", "phase": "start", "ts": 5397000, "status": 200}
{"id": "t000001235", "svc": "payment", "phase": "end", "ts": 5397100, "status": 200}
{"id": "t000001236", "svc": "auth", "phase": "start", "ts": 5398000, "status": 200}
{"id": "t000001236", "svc": "auth", "phase": "end", "ts": 5398100, "status": 200}
{"id": "t000001237", "svc": "gateway", "phase": "start", "ts": 5399000, "status": 200}
{"id": "t000001237", "svc": "gateway", "phase": "end", "ts": 5399100, "status": 200}
{"id": "t000001238", "svc": "payment", "phase": "start", "ts": 5400000, "status": 200}
{"id": "t000001238", "svc": "payment", "phase": "end", "ts": 5400100, "status": 200}
{"id": "t000001239", "svc": "auth", "phase": "start", "ts": 5401000, "status": 200}
{"id": "t000001239", "svc": "auth", "phase": "end", "ts": 5401100, "status": 200}
{"id": "t000001240", "svc": "gateway", "phase": "start", "ts": 5402000, "status": 200}
{"id": "t000001240", "svc": "gateway", "phase": "end", "ts": 5402100, "status": 500}
{"id": "t000001241", "svc": "payment", "phase": "start", "ts": 5403000, "status": 200}
{"id": "t000001241", "svc": "payment", "phase": "end", "ts": 5403100, "status": 200}
{"id": "t000001242", "svc": "auth", "phase": "start", "ts": 5404000, "status": 200}
{"id": "t000001242", "svc": "auth", "phase": "end", "ts": 5404100, "status": 200}
{"id": "t000001243", "svc": "gateway", "phase": "start", "ts": 5405000, "status": 200}
{"id": "t000001243", "svc": "gateway", "phase": "end", "ts": 5405100, "status": 200}
{"id": "t000001244", "svc": "payment", "phase": "start", "ts": 5406000, "status": 200}
{"id": "t000001244", "svc": "payment", "phase": "end", "ts": 5406100, "status": 200}
{"id": "t000001245", "svc": "auth", "phase": "start", "ts": 5407000, "status": 200}
{"id": "t000001245", "svc": "auth", "phase": "end", "ts": 5407100, "status": 200}
{"id": "t000001246", "svc": "gateway", "phase": "start", "ts": 5408000, "status": 200}
{"id": "t000001246", "svc": "gateway", "phase": "end", "ts": 5408100, "status": 200}
{"id": "t000001247", "svc": "payment", "phase": "start", "ts": 5409000, "status": 200}
{"id": "t000001247", "svc": "payment", "phase": "end", "ts": 5409100, "status": 200}
{"id": "t000001248", "svc": "auth", "phase": "start", "ts": 5410000, "status": 200}
{"id": "t000001248", "svc": "auth", "phase": "end", "ts": 5410100, "status": 500}
{"id": "t000001249", "svc": "gateway", "phase": "start", "ts": 5411000, "status": 200}
{"id": "t000001249", "svc": "gateway", "phase": "end", "ts": 5411100, "status": 200}
{"id": "t000001250", "svc": "payment", "phase": "start", "ts": 5412000, "status": 200}
{"id": "t000001250", "svc": "payment", "phase": "end", "ts": 5412100, "status": 200}
{"id": "t000001251", "svc": "auth", "phase": "start", "ts": 5413000, "status": 200}
{"id": "t000001251", "svc": "auth", "phase": "end", "ts": 5413100, "status": 200}
{"id": "t000001252", "svc": "gateway", "phase": "start", "ts": 5414000, "status": 200}
{"id": "t000001252", "svc": "gateway", "phase": "end", "ts": 5414100, "status": 200}
{"id": "t000001253", "svc": "payment", "phase": "start", "ts": 5415000, "status": 200}
{"id": "t000001253", "svc": "payment", "phase": "end", "ts": 5415100, "status": 200}
{"id": "t000001254", "svc": "auth", "phase": "start", "ts": 5416000, "status": 200}
{"id": "t000001254", "svc": "auth", "phase": "end", "ts": 5416100, "status": 200}
{"id": "t000001255", "svc": "gateway", "phase": "start", "ts": 5417000, "status": 200}
{"id": "t000001255", "svc": "gateway", "phase": "end", "ts": 5417100, "status": 200}
{"id": "t000001256", "svc": "payment", "phase": "start", "ts": 5418000, "status": 200}
{"id": "t000001256", "svc": "payment", "phase": "end", "ts": 5418100, "status": 500}
{"id": "t000001257", "svc": "auth", "phase": "start", "ts": 5419000, "status": 200}
{"id": "t000001257", "svc": "auth", "phase": "end", "ts": 5419100, "status": 200}
{"id": "t000001258", "svc": "gateway", "phase": "start", "ts": 5420000, "status": 200}
{"id": "t000001258", "svc": "gateway", "phase": "end", "ts": 5420100, "status": 200}
{"id": "t000001259", "svc": "payment", "phase": "start", "ts": 5421000, "status": 200}
{"id": "t000001259", "svc": "payment", "phase": "end", "ts": 5421100, "status": 200}
{"id": "t000001260", "svc": "auth", "phase": "start", "ts": 5422000, "status": 200}
{"id": "t000001260", "svc": "auth", "phase": "end", "ts": 5422100, "status": 200}
{"id": "t000001261", "svc": "gateway", "phase": "start", "ts": 5423000, "status": 200}
{"id": "t000001261", "svc": "gateway", "phase": "end", "ts": 5423100, "status": 200}
{"id": "t000001262", "svc": "payment", "phase": "start", "ts": 5424000, "status": 200}
{"id": "t000001262", "svc": "payment", "phase": "end", "ts": 5424100, "status": 200}
{"id": "t000001263", "svc": "auth", "phase": "start", "ts": 5425000, "status": 200}
{"id": "t000001263", "svc": "auth", "phase": "end", "ts": 5425100, "status": 200}
{"id": "t000001264", "svc": "gateway", "phase": "start", "ts": 5426000, "status": 200}
{"id": "t000001264", "svc": "gateway", "phase": "end", "ts": 5426100, "status": 500}
{"id": "t000001265", "svc": "payment", "phase": "start", "ts": 5427000, "status": 200}
{"id": "t000001265", "svc": "payment", "phase": "end", "ts": 5427100, "status": 200}
{"id": "t000001266", "svc": "auth", "phase": "start", "ts": 5428000, "status": 200}
{"id": "t000001266", "svc": "auth", "phase": "end", "ts": 5428100, "status": 200}
{"id": "t000001267", "svc": "gateway", "phase": "start", "ts": 5429000, "status": 200}
{"id": "t000001267", "svc": "gateway", "phase": "end", "ts": 5429100, "status": 200}
{"id": "t000001268", "svc": "payment", "phase": "start", "ts": 5430000, "status": 200}
{"id": "t000001268", "svc": "payment", "phase": "end", "ts": 5430100, "status": 200}
{"id": "t000001269", "svc": "auth", "phase": "start", "ts": 5431000, "status": 200}
{"id": "t000001269", "svc": "auth", "phase": "end", "ts": 5431100, "status": 200}
{"id": "t000001270", "svc": "gateway", "phase": "start", "ts": 5432000, "status": 200}
{"id": "t000001270", "svc": "gateway", "phase": "end", "ts": 5432100, "status": 200}
{"id": "t000001271", "svc": "payment", "phase": "start", "ts": 5433000, "status": 200}
{"id": "t000001271", "svc": "payment", "phase": "end", "ts": 5433100, "status": 200}
{"id": "t000001272", "svc": "auth", "phase": "start", "ts": 5434000, "status": 200}
{"id": "t000001272", "svc": "auth", "phase": "end", "ts": 5434100, "status": 500}
{"id": "t000001273", "svc": "gateway", "phase": "start", "ts": 5435000, "status": 200}
{"id": "t000001273", "svc": "gateway", "phase": "end", "ts": 5435100, "status": 200}
{"id": "t000001274", "svc": "payment", "phase": "start", "ts": 5436000, "status": 200}
{"id": "t000001274", "svc": "payment", "phase": "end", "ts": 5436100, "status": 200}
{"id": "t000001275", "svc": "auth", "phase": "start", "ts": 5437000, "status": 200}
{"id": "t000001275", "svc": "auth", "phase": "end", "ts": 5437100, "status": 200}
{"id": "t000001276", "svc": "gateway", "phase": "start", "ts": 5438000, "status": 200}
{"id": "t000001276", "svc": "gateway", "phase": "end", "ts": 5438100, "status": 200}
{"id": "t000001277", "svc": "payment", "phase": "start", "ts": 5439000, "status": 200}
{"id": "t000001277", "svc": "payment", "phase": "end", "ts": 5439100, "status": 200}
{"id": "t000001278", "svc": "auth", "phase": "start", "ts": 5440000, "status": 200}
{"id": "t000001278", "svc": "auth", "phase": "end", "ts": 5440100, "status": 200}
{"id": "t000001279", "svc": "gateway", "phase": "start", "ts": 5441000, "status": 200}
{"id": "t000001279", "svc": "gateway", "phase": "end", "ts": 5441100, "status": 200}
{"id": "t000001280", "svc": "payment", "phase": "start", "ts": 5442000, "status": 200}
{"id": "t000001280", "svc": "payment", "phase": "end", "ts": 5442100, "status": 500}
{"id": "t000001281", "svc": "auth", "phase": "start", "ts": 5443000, "status": 200}
{"id": "t000001281", "svc": "auth", "phase": "end", "ts": 5443100, "status": 200}
{"id": "t000001282", "svc": "gateway", "phase": "start", "ts": 5444000, "status": 200}
{"id": "t000001282", "svc": "gateway", "phase": "end", "ts": 5444100, "status": 200}
{"id": "t000001283", "svc": "payment", "phase": "start", "ts": 5445000, "status": 200}
{"id": "t000001283", "svc": "payment", "phase": "end", "ts": 5445100, "status": 200}
{"id": "t000001284", "svc": "auth", "phase": "start", "ts": 5446000, "status": 200}
{"id": "t000001284", "svc": "auth", "phase": "end", "ts": 5446100, "status": 200}
{"id": "t000001285", "svc": "gateway", "phase": "start", "ts": 5447000, "status": 200}
{"id": "t000001285", "svc": "gateway", "phase": "end", "ts": 5447100, "status": 200}
{"id": "t000001286", "svc": "payment", "phase": "start", "ts": 5448000, "status": 200}
{"id": "t000001286", "svc": "payment", "phase": "end", "ts": 5448100, "status": 200}
{"id": "t000001287", "svc": "auth", "phase": "start", "ts": 5449000, "status": 200}
{"id": "t000001287", "svc": "auth", "phase": "end", "ts": 5449100, "status": 200}
{"id": "t000001288", "svc": "gateway", "phase": "start", "ts": 5450000, "status": 200}
{"id": "t000001288", "svc": "gateway", "phase": "end", "ts": 5450100, "status": 500}
{"id": "t000001289", "svc": "payment", "phase": "start", "ts": 5451000, "status": 200}
{"id": "t000001289", "svc": "payment", "phase": "end", "ts": 5451100, "status": 200}
{"id": "t000001290", "svc": "auth", "phase": "start", "ts": 5452000, "status": 200}
{"id": "t000001290", "svc": "auth", "phase": "end", "ts": 5452100, "status": 200}
{"id": "t000001291", "svc": "gateway", "phase": "start", "ts": 5453000, "status": 200}
{"id": "t000001291", "svc": "gateway", "phase": "end", "ts": 5453100, "status": 200}
{"id": "t000001292", "svc": "payment", "phase": "start", "ts": 5454000, "status": 200}
{"id": "t000001292", "svc": "payment", "phase": "end", "ts": 5454100, "status": 200}
{"id": "t000001293", "svc": "auth", "phase": "start", "ts": 5455000, "status": 200}
{"id": "t000001293", "svc": "auth", "phase": "end", "ts": 5455100, "status": 200}
{"id": "t000001294", "svc": "gateway", "phase": "start", "ts": 5456000, "status": 200}
{"id": "t000001294", "svc": "gateway", "phase": "end", "ts": 5456100, "status": 200}
{"id": "t000001295", "svc": "payment", "phase": "start", "ts": 5457000, "status": 200}
{"id": "t000001295", "svc": "payment", "phase": "end", "ts": 5457100, "status": 200}
{"id": "t000001296", "svc": "auth", "phase": "start", "ts": 5458000, "status": 200}
{"id": "t000001296", "svc": "auth", "phase": "end", "ts": 5458100, "status": 500}
{"id": "t000001297", "svc": "gateway", "phase": "start", "ts": 5459000, "status": 200}
{"id": "t000001297", "svc": "gateway", "phase": "end", "ts": 5459100, "status": 200}
{"id": "t000001298", "svc": "payment", "phase": "start", "ts": 5460000, "status": 200}
{"id": "t000001298", "svc": "payment", "phase": "end", "ts": 5460100, "status": 200}
{"id": "t000001299", "svc": "auth", "phase": "start", "ts": 5461000, "status": 200}
{"id": "t000001299", "svc": "auth", "phase": "end", "ts": 5461100, "status": 200}
{"id": "t000001300", "svc": "gateway", "phase": "start", "ts": 5462000, "status": 200}
{"id": "t000001300", "svc": "gateway", "phase": "end", "ts": 5462100, "status": 200}
{"id": "t000001301", "svc": "payment", "phase": "start", "ts": 5463000, "status": 200}
{"id": "t000001301", "svc": "payment", "phase": "end", "ts": 5463100, "status": 200}
{"id": "t000001302", "svc": "auth", "phase": "start", "ts": 5464000, "status": 200}
{"id": "t000001302", "svc": "auth", "phase": "end", "ts": 5464100, "status": 200}
{"id": "t000001303", "svc": "gateway", "phase": "start", "ts": 5465000, "status": 200}
{"id": "t000001303", "svc": "gateway", "phase": "end", "ts": 5465100, "status": 200}
{"id": "t000001304", "svc": "payment", "phase": "start", "ts": 5466000, "status": 200}
{"id": "t000001304", "svc": "payment", "phase": "end", "ts": 5466100, "status": 500}
{"id": "t000001305", "svc": "auth", "phase": "start", "ts": 5467000, "status": 200}
{"id": "t000001305", "svc": "auth", "phase": "end", "ts": 5467100, "status": 200}
{"id": "t000001306", "svc": "gateway", "phase": "start", "ts": 5468000, "status": 200}
{"id": "t000001306", "svc": "gateway", "phase": "end", "ts": 5468100, "status": 200}
{"id": "t000001307", "svc": "payment", "phase": "start", "ts": 5469000, "status": 200}
{"id": "t000001307", "svc": "payment", "phase": "end", "ts": 5469100, "status": 200}
{"id": "t000001308", "svc": "auth", "phase": "start", "ts": 5470000, "status": 200}
{"id": "t000001308", "svc": "auth", "phase": "end", "ts": 5470100, "status": 200}
{"id": "t000001309", "svc": "gateway", "phase": "start", "ts": 5471000, "status": 200}
{"id": "t000001309", "svc": "gateway", "phase": "end", "ts": 5471100, "status": 200}
{"id": "t000001310", "svc": "payment", "phase": "start", "ts": 5472000, "status": 200}
{"id": "t000001310", "svc": "payment", "phase": "end", "ts": 5472100, "status": 200}
{"id": "t000001311", "svc": "auth", "phase": "start", "ts": 5473000, "status": 200}
{"id": "t000001311", "svc": "auth", "phase": "end", "ts": 5473100, "status": 200}
{"id": "t000001312", "svc": "gateway", "phase": "start", "ts": 5474000, "status": 200}
{"id": "t000001312", "svc": "gateway", "phase": "end", "ts": 5474100, "status": 500}
{"id": "t000001313", "svc": "payment", "phase": "start", "ts": 5475000, "status": 200}
{"id": "t000001313", "svc": "payment", "phase": "end", "ts": 5475100, "status": 200}
{"id": "t000001314", "svc": "auth", "phase": "start", "ts": 5476000, "status": 200}
{"id": "t000001314", "svc": "auth", "phase": "end", "ts": 5476100, "status": 200}
{"id": "t000001315", "svc": "gateway", "phase": "start", "ts": 5477000, "status": 200}
{"id": "t000001315", "svc": "gateway", "phase": "end", "ts": 5477100, "status": 200}
{"id": "t000001316", "svc": "payment", "phase": "start", "ts": 5478000, "status": 200}
{"id": "t000001316", "svc": "payment", "phase": "end", "ts": 5478100, "status": 200}
{"id": "t000001317", "svc": "auth", "phase": "start", "ts": 5479000, "status": 200}
{"id": "t000001317", "svc": "auth", "phase": "end", "ts": 5479100, "status": 200}
{"id": "t000001318", "svc": "gateway", "phase": "start", "ts": 5480000, "status": 200}
{"id": "t000001318", "svc": "gateway", "phase": "end", "ts": 5480100, "status": 200}
{"id": "t000001319", "svc": "payment", "phase": "start", "ts": 5481000, "status": 200}
{"id": "t000001319", "svc": "payment", "phase": "end", "ts": 5481100, "status": 200}
{"id": "t000001320", "svc": "auth", "phase": "start", "ts": 5482000, "status": 200}
{"id": "t000001320", "svc": "auth", "phase": "end", "ts": 5482100, "status": 500}
{"id": "t000001321", "svc": "gateway", "phase": "start", "ts": 5483000, "status": 200}
{"id": "t000001321", "svc": "gateway", "phase": "end", "ts": 5483100, "status": 200}
{"id": "t000001322", "svc": "payment", "phase": "start", "ts": 5484000, "status": 200}
{"id": "t000001322", "svc": "payment", "phase": "end", "ts": 5484100, "status": 200}
{"id": "t000001323", "svc": "auth", "phase": "start", "ts": 5485000, "status": 200}
{"id": "t000001323", "svc": "auth", "phase": "end", "ts": 5485100, "status": 200}
{"id": "t000001324", "svc": "gateway", "phase": "start", "ts": 5486000, "status": 200}
{"id": "t000001324", "svc": "gateway", "phase": "end", "ts": 5486100, "status": 200}
{"id": "t000001325", "svc": "payment", "phase": "start", "ts": 5487000, "status": 200}
{"id": "t000001325", "svc": "payment", "phase": "end", "ts": 5487100, "status": 200}
{"id": "t000001326", "svc": "auth", "phase": "start", "ts": 5488000, "status": 200}
{"id": "t000001326", "svc": "auth", "phase": "end", "ts": 5488100, "status": 200}
{"id": "t000001327", "svc": "gateway", "phase": "start", "ts": 5489000, "status": 200}
{"id": "t000001327", "svc": "gateway", "phase": "end", "ts": 5489100, "status": 200}
{"id": "t000001328", "svc": "payment", "phase": "start", "ts": 5490000, "status": 200}
{"id": "t000001328", "svc": "payment", "phase": "end", "ts": 5490100, "status": 500}
{"id": "t000001329", "svc": "auth", "phase": "start", "ts": 5491000, "status": 200}
{"id": "t000001329", "svc": "auth", "phase": "end", "ts": 5491100, "status": 200}
{"id": "t000001330", "svc": "gateway", "phase": "start", "ts": 5492000, "status": 200}
{"id": "t000001330", "svc": "gateway", "phase": "end", "ts": 5492100, "status": 200}
{"id": "t000001331", "svc": "payment", "phase": "start", "ts": 5493000, "status": 200}
{"id": "t000001331", "svc": "payment", "phase": "end", "ts": 5493100, "status": 200}
{"id": "t000001332", "svc": "auth", "phase": "start", "ts": 5494000, "status": 200}
{"id": "t000001332", "svc": "auth", "phase": "end", "ts": 5494100, "status": 200}
{"id": "t000001333", "svc": "gateway", "phase": "start", "ts": 5495000, "status": 200}
{"id": "t000001333", "svc": "gateway", "phase": "end", "ts": 5495100, "status": 200}
{"id": "t000001334", "svc": "payment", "phase": "start", "ts": 5496000, "status": 200}
{"id": "t000001334", "svc": "payment", "phase": "end", "ts": 5496100, "status": 200}
{"id": "t000001335", "svc": "auth", "phase": "start", "ts": 5497000, "status": 200}
{"id": "t000001335", "svc": "auth", "phase": "end", "ts": 5497100, "status": 200}
{"id": "t000001336", "svc": "gateway", "phase": "start", "ts": 5498000, "status": 200}
{"id": "t000001336", "svc": "gateway", "phase": "end", "ts": 5498100, "status": 500}
{"id": "t000001337", "svc": "payment", "phase": "start", "ts": 5499000, "status": 200}
{"id": "t000001337", "svc": "payment", "phase": "end", "ts": 5499100, "status": 200}
{"id": "t000001338", "svc": "auth", "phase": "start", "ts": 5500000, "status": 200}
{"id": "t000001338", "svc": "auth", "phase": "end", "ts": 5500100, "status": 200}
{"id": "t000001339", "svc": "gateway", "phase": "start", "ts": 5501000, "status": 200}
{"id": "t000001339", "svc": "gateway", "phase": "end", "ts": 5501100, "status": 200}
{"id": "t000001340", "svc": "payment", "phase": "start", "ts": 5502000, "status": 200}
{"id": "t000001340", "svc": "payment", "phase": "end", "ts": 5502100, "status": 200}
{"id": "t000001341", "svc": "auth", "phase": "start", "ts": 5503000, "status": 200}
{"id": "t000001341", "svc": "auth", "phase": "end", "ts": 5503100, "status": 200}
{"id": "t000001342", "svc": "gateway", "phase": "start", "ts": 5504000, "status": 200}
{"id": "t000001342", "svc": "gateway", "phase": "end", "ts": 5504100, "status": 200}
{"id": "t000001343", "svc": "payment", "phase": "start", "ts": 5505000, "status": 200}
{"id": "t000001343", "svc": "payment", "phase": "end", "ts": 5505100, "status": 200}
{"id": "t000001344", "svc": "auth", "phase": "start", "ts": 5506000, "status": 200}
{"id": "t000001344", "svc": "auth", "phase": "end", "ts": 5506100, "status": 500}
{"id": "t000001345", "svc": "gateway", "phase": "start", "ts": 5507000, "status": 200}
{"id": "t000001345", "svc": "gateway", "phase": "end", "ts": 5507100, "status": 200}
{"id": "t000001346", "svc": "payment", "phase": "start", "ts": 5508000, "status": 200}
{"id": "t000001346", "svc": "payment", "phase": "end", "ts": 5508100, "status": 200}
{"id": "t000001347", "svc": "auth", "phase": "start", "ts": 5509000, "status": 200}
{"id": "t000001347", "svc": "auth", "phase": "end", "ts": 5509100, "status": 200}
{"id": "t000001348", "svc": "gateway", "phase": "start", "ts": 5510000, "status": 200}
{"id": "t000001348", "svc": "gateway", "phase": "end", "ts": 5510100, "status": 200}
{"id": "t000001349", "svc": "payment", "phase": "start", "ts": 5511000, "status": 200}
{"id": "t000001349", "svc": "payment", "phase": "end", "ts": 5511100, "status": 200}
{"id": "t000001350", "svc": "auth", "phase": "start", "ts": 5512000, "status": 200}
{"id": "t000001350", "svc": "auth", "phase": "end", "ts": 5512100, "status": 200}
{"id": "t000001351", "svc": "gateway", "phase": "start", "ts": 5513000, "status": 200}
{"id": "t000001351", "svc": "gateway", "phase": "end", "ts": 5513100, "status": 200}
{"id": "t000001352", "svc": "payment", "phase": "start", "ts": 5514000, "status": 200}
{"id": "t000001352", "svc": "payment", "phase": "end", "ts": 5514100, "status": 500}
{"id": "t000001353", "svc": "auth", "phase": "start", "ts": 5515000, "status": 200}
{"id": "t000001353", "svc": "auth", "phase": "end", "ts": 5515100, "status": 200}
{"id": "t000001354", "svc": "gateway", "phase": "start", "ts": 5516000, "status": 200}
{"id": "t000001354", "svc": "gateway", "phase": "end", "ts": 5516100, "status": 200}
{"id": "t000001355", "svc": "payment", "phase": "start", "ts": 5517000, "status": 200}
{"id": "t000001355", "svc": "payment", "phase": "end", "ts": 5517100, "status": 200}
{"id": "t000001356", "svc": "auth", "phase": "start", "ts": 5518000, "status": 200}
{"id": "t000001356", "svc": "auth", "phase": "end", "ts": 5518100, "status": 200}
{"id": "t000001357", "svc": "gateway", "phase": "start", "ts": 5519000, "status": 200}
{"id": "t000001357", "svc": "gateway", "phase": "end", "ts": 5519100, "status": 200}
{"id": "t000001358", "svc": "payment", "phase": "start", "ts": 5520000, "status": 200}
{"id": "t000001358", "svc": "payment", "phase": "end", "ts": 5520100, "status": 200}
{"id": "t000001359", "svc": "auth", "phase": "start", "ts": 5521000, "status": 200}
{"id": "t000001359", "svc": "auth", "phase": "end", "ts": 5521100, "status": 200}
{"id": "t000001360", "svc": "gateway", "phase": "start", "ts": 5522000, "status": 200}
{"id": "t000001360", "svc": "gateway", "phase": "end", "ts": 5522100, "status": 500}
{"id": "t000001361", "svc": "payment", "phase": "start", "ts": 5523000, "status": 200}
{"id": "t000001361", "svc": "payment", "phase": "end", "ts": 5523100, "status": 200}
{"id": "t000001362", "svc": "auth", "phase": "start", "ts": 5524000, "status": 200}
{"id": "t000001362", "svc": "auth", "phase": "end", "ts": 5524100, "status": 200}
{"id": "t000001363", "svc": "gateway", "phase": "start", "ts": 5525000, "status": 200}
{"id": "t000001363", "svc": "gateway", "phase": "end", "ts": 5525100, "status": 200}
{"id": "t000001364", "svc": "payment", "phase": "start", "ts": 5526000, "status": 200}
{"id": "t000001364", "svc": "payment", "phase": "end", "ts": 5526100, "status": 200}
{"id": "t000001365", "svc": "auth", "phase": "start", "ts": 5527000, "status": 200}
{"id": "t000001365", "svc": "auth", "phase": "end", "ts": 5527100, "status": 200}
{"id": "t000001366", "svc": "gateway", "phase": "start", "ts": 5528000, "status": 200}
{"id": "t000001366", "svc": "gateway", "phase": "end", "ts": 5528100, "status": 200}
{"id": "t000001367", "svc": "payment", "phase": "start", "ts": 5529000, "status": 200}
{"id": "t000001367", "svc": "payment", "phase": "end", "ts": 5529100, "status": 200}
{"id": "t000001368", "svc": "auth", "phase": "start", "ts": 5530000, "status": 200}
{"id": "t000001368", "svc": "auth", "phase": "end", "ts": 5530100, "status": 500}
{"id": "t000001369", "svc": "gateway", "phase": "start", "ts": 5531000, "status": 200}
{"id": "t000001369", "svc": "gateway", "phase": "end", "ts": 5531100, "status": 200}
{"id": "t000001370", "svc": "payment", "phase": "start", "ts": 5532000, "status": 200}
{"id": "t000001370", "svc": "payment", "phase": "end", "ts": 5532100, "status": 200}
{"id": "t000001371", "svc": "auth", "phase": "start", "ts": 5533000, "status": 200}
{"id": "t000001371", "svc": "auth", "phase": "end", "ts": 5533100, "status": 200}
{"id": "t000001372", "svc": "gateway", "phase": "start", "ts": 5534000, "status": 200}
{"id": "t000001372", "svc": "gateway", "phase": "end", "ts": 5534100, "status": 200}
{"id": "t000001373", "svc": "payment", "phase": "start", "ts": 5535000, "status": 200}
{"id": "t000001373", "svc": "payment", "phase": "end", "ts": 5535100, "status": 200}
{"id": "t000001374", "svc": "auth", "phase": "start", "ts": 5536000, "status": 200}
{"id": "t000001374", "svc": "auth", "phase": "end", "ts": 5536100, "status": 200}
{"id": "t000001375", "svc": "gateway", "phase": "start", "ts": 5537000, "status": 200}
{"id": "t000001375", "svc": "gateway", "phase": "end", "ts": 5537100, "status": 200}
{"id": "t000001376", "svc": "payment", "phase": "start", "ts": 5538000, "status": 200}
{"id": "t000001376", "svc": "payment", "phase": "end", "ts": 5538100, "status": 500}
{"id": "t000001377", "svc": "auth", "phase": "start", "ts": 5539000, "status": 200}
{"id": "t000001377", "svc": "auth", "phase": "end", "ts": 5539100, "status": 200}
{"id": "t000001378", "svc": "gateway", "phase": "start", "ts": 5540000, "status": 200}
{"id": "t000001378", "svc": "gateway", "phase": "end", "ts": 5540100, "status": 200}
{"id": "t000001379", "svc": "payment", "phase": "start", "ts": 5541000, "status": 200}
{"id": "t000001379", "svc": "payment", "phase": "end", "ts": 5541100, "status": 200}
{"id": "t000001380", "svc": "auth", "phase": "start", "ts": 5542000, "status": 200}
{"id": "t000001380", "svc": "auth", "phase": "end", "ts": 5542100, "status": 200}
{"id": "t000001381", "svc": "gateway", "phase": "start", "ts": 5543000, "status": 200}
{"id": "t000001381", "svc": "gateway", "phase": "end", "ts": 5543100, "status": 200}
{"id": "t000001382", "svc": "payment", "phase": "start", "ts": 5544000, "status": 200}
{"id": "t000001382", "svc": "payment", "phase": "end", "ts": 5544100, "status": 200}
{"id": "t000001383", "svc": "auth", "phase": "start", "ts": 5545000, "status": 200}
{"id": "t000001383", "svc": "auth", "phase": "end", "ts": 5545100, "status": 200}
{"id": "t000001384", "svc": "gateway", "phase": "start", "ts": 5546000, "status": 200}
{"id": "t000001384", "svc": "gateway", "phase": "end", "ts": 5546100, "status": 500}
{"id": "t000001385", "svc": "payment", "phase": "start", "ts": 5547000, "status": 200}
{"id": "t000001385", "svc": "payment", "phase": "end", "ts": 5547100, "status": 200}
{"id": "t000001386", "svc": "auth", "phase": "start", "ts": 5548000, "status": 200}
{"id": "t000001386", "svc": "auth", "phase": "end", "ts": 5548100, "status": 200}
{"id": "t000001387", "svc": "gateway", "phase": "start", "ts": 5549000, "status": 200}
{"id": "t000001387", "svc": "gateway", "phase": "end", "ts": 5549100, "status": 200}
{"id": "t000001388", "svc": "payment", "phase": "start", "ts": 5550000, "status": 200}
{"id": "t000001388", "svc": "payment", "phase": "end", "ts": 5550100, "status": 200}
{"id": "t000001389", "svc": "auth", "phase": "start", "ts": 5551000, "status": 200}
{"id": "t000001389", "svc": "auth", "phase": "end", "ts": 5551100, "status": 200}
{"id": "t000001390", "svc": "gateway", "phase": "start", "ts": 5552000, "status": 200}
{"id": "t000001390", "svc": "gateway", "phase": "end", "ts": 5552100, "status": 200}
{"id": "t000001391", "svc": "payment", "phase": "start", "ts": 5553000, "status": 200}
{"id": "t000001391", "svc": "payment", "phase": "end", "ts": 5553100, "status": 200}
{"id": "t000001392", "svc": "auth", "phase": "start", "ts": 5554000, "status": 200}
{"id": "t000001392", "svc": "auth", "phase": "end", "ts": 5554100, "status": 500}
{"id": "t000001393", "svc": "gateway", "phase": "start", "ts": 5555000, "status": 200}
{"id": "t000001393", "svc": "gateway", "phase": "end", "ts": 5555100, "status": 200}
{"id": "t000001394", "svc": "payment", "phase": "start", "ts": 5556000, "status": 200}
{"id": "t000001394", "svc": "payment", "phase": "end", "ts": 5556100, "status": 200}
{"id": "t000001395", "svc": "auth", "phase": "start", "ts": 5557000, "status": 200}
{"id": "t000001395", "svc": "auth", "phase": "end", "ts": 5557100, "status": 200}
{"id": "t000001396", "svc": "gateway", "phase": "start", "ts": 5558000, "status": 200}
{"id": "t000001396", "svc": "gateway", "phase": "end", "ts": 5558100, "status": 200}
{"id": "t000001397", "svc": "payment", "phase": "start", "ts": 5559000, "status": 200}
{"id": "t000001397", "svc": "payment", "phase": "end", "ts": 5559100, "status": 200}
{"id": "t000001398", "svc": "auth", "phase": "start", "ts": 5560000, "status": 200}
{"id": "t000001398", "svc": "auth", "phase": "end", "ts": 5560100, "status": 200}
{"id": "t000001399", "svc": "gateway", "phase": "start", "ts": 5561000, "status": 200}
{"id": "t000001399", "svc": "gateway", "phase": "end", "ts": 5561100, "status": 200}
{"id": "t000001400", "svc": "payment", "phase": "start", "ts": 5562000, "status": 200}
{"id": "t000001400", "svc": "payment", "phase": "end", "ts": 5562100, "status": 500}
{"id": "t000001401", "svc": "auth", "phase": "start", "ts": 5563000, "status": 200}
{"id": "t000001401", "svc": "auth", "phase": "end", "ts": 5563100, "status": 200}
{"id": "t000001402", "svc": "gateway", "phase": "start", "ts": 5564000, "status": 200}
{"id": "t000001402", "svc": "gateway", "phase": "end", "ts": 5564100, "status": 200}
{"id": "t000001403", "svc": "payment", "phase": "start", "ts": 5565000, "status": 200}
{"id": "t000001403", "svc": "payment", "phase": "end", "ts": 5565100, "status": 200}
{"id": "t000001404", "svc": "auth", "phase": "start", "ts": 5566000, "status": 200}
{"id": "t000001404", "svc": "auth", "phase": "end", "ts": 5566100, "status": 200}
{"id": "t000001405", "svc": "gateway", "phase": "start", "ts": 5567000, "status": 200}
{"id": "t000001405", "svc": "gateway", "phase": "end", "ts": 5567100, "status": 200}
{"id": "t000001406", "svc": "payment", "phase": "start", "ts": 5568000, "status": 200}
{"id": "t000001406", "svc": "payment", "phase": "end", "ts": 5568100, "status": 200}
{"id": "t000001407", "svc": "auth", "phase": "start", "ts": 5569000, "status": 200}
{"id": "t000001407", "svc": "auth", "phase": "end", "ts": 5569100, "status": 200}
{"id": "t000001408", "svc": "gateway", "phase": "start", "ts": 5570000, "status": 200}
{"id": "t000001408", "svc": "gateway", "phase": "end", "ts": 5570100, "status": 500}
{"id": "t000001409", "svc": "payment", "phase": "start", "ts": 5571000, "status": 200}
{"id": "t000001409", "svc": "payment", "phase": "end", "ts": 5571100, "status": 200}
{"id": "t000001410", "svc": "auth", "phase": "start", "ts": 5572000, "status": 200}
{"id": "t000001410", "svc": "auth", "phase": "end", "ts": 5572100, "status": 200}
{"id": "t000001411", "svc": "gateway", "phase": "start", "ts": 5573000, "status": 200}
{"id": "t000001411", "svc": "gateway", "phase": "end", "ts": 5573100, "status": 200}
{"id": "t000001412", "svc": "payment", "phase": "start", "ts": 5574000, "status": 200}
{"id": "t000001412", "svc": "payment", "phase": "end", "ts": 5574100, "status": 200}
{"id": "t000001413", "svc": "auth", "phase": "start", "ts": 5575000, "status": 200}
{"id": "t000001413", "svc": "auth", "phase": "end", "ts": 5575100, "status": 200}
{"id": "t000001414", "svc": "gateway", "phase": "start", "ts": 5576000, "status": 200}
{"id": "t000001414", "svc": "gateway", "phase": "end", "ts": 5576100, "status": 200}
{"id": "t000001415", "svc": "payment", "phase": "start", "ts": 5577000, "status": 200}
{"id": "t000001415", "svc": "payment", "phase": "end", "ts": 5577100, "status": 200}
{"id": "t000001416", "svc": "auth", "phase": "start", "ts": 5578000, "status": 200}
{"id": "t000001416", "svc": "auth", "phase": "end", "ts": 5578100, "status": 500}
{"id": "t000001417", "svc": "gateway", "phase": "start", "ts": 5579000, "status": 200}
{"id": "t000001417", "svc": "gateway", "phase": "end", "ts": 5579100, "status": 200}
{"id": "t000001418", "svc": "payment", "phase": "start", "ts": 5580000, "status": 200}
{"id": "t000001418", "svc": "payment", "phase": "end", "ts": 5580100, "status": 200}
{"id": "t000001419", "svc": "auth", "phase": "start", "ts": 5581000, "status": 200}
{"id": "t000001419", "svc": "auth", "phase": "end", "ts": 5581100, "status": 200}
{"id": "t000001420", "svc": "gateway", "phase": "start", "ts": 5582000, "status": 200}
{"id": "t000001420", "svc": "gateway", "phase": "end", "ts": 5582100, "status": 200}
{"id": "t000001421", "svc": "payment", "phase": "start", "ts": 5583000, "status": 200}
{"id": "t000001421", "svc": "payment", "phase": "end", "ts": 5583100, "status": 200}
{"id": "t000001422", "svc": "auth", "phase": "start", "ts": 5584000, "status": 200}
{"id": "t000001422", "svc": "auth", "phase": "end", "ts": 5584100, "status": 200}
{"id": "t000001423", "svc": "gateway", "phase": "start", "ts": 5585000, "status": 200}
{"id": "t000001423", "svc": "gateway", "phase": "end", "ts": 5585100, "status": 200}
{"id": "t000001424", "svc": "payment", "phase": "start", "ts": 5586000, "status": 200}
{"id": "t000001424", "svc": "payment", "phase": "end", "ts": 5586100, "status": 500}
{"id": "t000001425", "svc": "auth", "phase": "start", "ts": 5587000, "status": 200}
{"id": "t000001425", "svc": "auth", "phase": "end", "ts": 5587100, "status": 200}
{"id": "t000001426", "svc": "gateway", "phase": "start", "ts": 5588000, "status": 200}
{"id": "t000001426", "svc": "gateway", "phase": "end", "ts": 5588100, "status": 200}
{"id": "t000001427", "svc": "payment", "phase": "start", "ts": 5589000, "status": 200}
{"id": "t000001427", "svc": "payment", "phase": "end", "ts": 5589100, "status": 200}
{"id": "t000001428", "svc": "auth", "phase": "start", "ts": 5590000, "status": 200}
{"id": "t000001428", "svc": "auth", "phase": "end", "ts": 5590100, "status": 200}
{"id": "t000001429", "svc": "gateway", "phase": "start", "ts": 5591000, "status": 200}
{"id": "t000001429", "svc": "gateway", "phase": "end", "ts": 5591100, "status": 200}
{"id": "t000001430", "svc": "payment", "phase": "start", "ts": 5592000, "status": 200}
{"id": "t000001430", "svc": "payment", "phase": "end", "ts": 5592100, "status": 200}
{"id": "t000001431", "svc": "auth", "phase": "start", "ts": 5593000, "status": 200}
{"id": "t000001431", "svc": "auth", "phase": "end", "ts": 5593100, "status": 200}
{"id": "t000001432", "svc": "gateway", "phase": "start", "ts": 5594000, "status": 200}
{"id": "t000001432", "svc": "gateway", "phase": "end", "ts": 5594100, "status": 500}
{"id": "t000001433", "svc": "payment", "phase": "start", "ts": 5595000, "status": 200}
{"id": "t000001433", "svc": "payment", "phase": "end", "ts": 5595100, "status": 200}
{"id": "t000001434", "svc": "auth", "phase": "start", "ts": 5596000, "status": 200}
{"id": "t000001434", "svc": "auth", "phase": "end", "ts": 5596100, "status": 200}
{"id": "t000001435", "svc": "gateway", "phase": "start", "ts": 5597000, "status": 200}
{"id": "t000001435", "svc": "gateway", "phase": "end", "ts": 5597100, "status": 200}
{"id": "t000001436", "svc": "payment", "phase": "start", "ts": 5598000, "status": 200}
{"id": "t000001436", "svc": "payment", "phase": "end", "ts": 5598100, "status": 200}
{"id": "t000001437", "svc": "auth", "phase": "start", "ts": 5599000, "status": 200}
{"id": "t000001437", "svc": "auth", "phase": "end", "ts": 5599100, "status": 200}
{"id": "t000001438", "svc": "gateway", "phase": "start", "ts": 5600000, "status": 200}
{"id": "t000001438", "svc": "gateway", "phase": "end", "ts": 5600100, "status": 200}
{"id": "t000001439", "svc": "payment", "phase": "start", "ts": 5601000, "status": 200}
{"id": "t000001439", "svc": "payment", "phase": "end", "ts": 5601100, "status": 200}
{"id": "t000001440", "svc": "auth", "phase": "start", "ts": 5602000, "status": 200}
{"id": "t000001440", "svc": "auth", "phase": "end", "ts": 5602100, "status": 500}
{"id": "t000001441", "svc": "gateway", "phase": "start", "ts": 5603000, "status": 200}
{"id": "t000001441", "svc": "gateway", "phase": "end", "ts": 5603100, "status": 200}
{"id": "t000001442", "svc": "payment", "phase": "start", "ts": 5604000, "status": 200}
{"id": "t000001442", "svc": "payment", "phase": "end", "ts": 5604100, "status": 200}
{"id": "t000001443", "svc": "auth", "phase": "start", "ts": 5605000, "status": 200}
{"id": "t000001443", "svc": "auth", "phase": "end", "ts": 5605100, "status": 200}
{"id": "t000001444", "svc": "gateway", "phase": "start", "ts": 5606000, "status": 200}
{"id": "t000001444", "svc": "gateway", "phase": "end", "ts": 5606100, "status": 200}
{"id": "t000001445", "svc": "payment", "phase": "start", "ts": 5607000, "status": 200}
{"id": "t000001445", "svc": "payment", "phase": "end", "ts": 5607100, "status": 200}
{"id": "t000001446", "svc": "auth", "phase": "start", "ts": 5608000, "status": 200}
{"id": "t000001446", "svc": "auth", "phase": "end", "ts": 5608100, "status": 200}
{"id": "t000001447", "svc": "gateway", "phase": "start", "ts": 5609000, "status": 200}
{"id": "t000001447", "svc": "gateway", "phase": "end", "ts": 5609100, "status": 200}
{"id": "t000001448", "svc": "payment", "phase": "start", "ts": 5610000, "status": 200}
{"id": "t000001448", "svc": "payment", "phase": "end", "ts": 5610100, "status": 500}
{"id": "t000001449", "svc": "auth", "phase": "start", "ts": 5611000, "status": 200}
{"id": "t000001449", "svc": "auth", "phase": "end", "ts": 5611100, "status": 200}
{"id": "t000001450", "svc": "gateway", "phase": "start", "ts": 5612000, "status": 200}
{"id": "t000001450", "svc": "gateway", "phase": "end", "ts": 5612100, "status": 200}
{"id": "t000001451", "svc": "payment", "phase": "start", "ts": 5613000, "status": 200}
{"id": "t000001451", "svc": "payment", "phase": "end", "ts": 5613100, "status": 200}
{"id": "t000001452", "svc": "auth", "phase": "start", "ts": 5614000, "status": 200}
{"id": "t000001452", "svc": "auth", "phase": "end", "ts": 5614100, "status": 200}
{"id": "t000001453", "svc": "gateway", "phase": "start", "ts": 5615000, "status": 200}
{"id": "t000001453", "svc": "gateway", "phase": "end", "ts": 5615100, "status": 200}
{"id": "t000001454", "svc": "payment", "phase": "start", "ts": 5616000, "status": 200}
{"id": "t000001454", "svc": "payment", "phase": "end", "ts": 5616100, "status": 200}
{"id": "t000001455", "svc": "auth", "phase": "start", "ts": 5617000, "status": 200}
{"id": "t000001455", "svc": "auth", "phase": "end", "ts": 5617100, "status": 200}
{"id": "t000001456", "svc": "gateway", "phase": "start", "ts": 5618000, "status": 200}
{"id": "t000001456", "svc": "gateway", "phase": "end", "ts": 5618100, "status": 500}
{"id": "t000001457", "svc": "payment", "phase": "start", "ts": 5619000, "status": 200}
{"id": "t000001457", "svc": "payment", "phase": "end", "ts": 5619100, "status": 200}
{"id": "t000001458", "svc": "auth", "phase": "start", "ts": 5620000, "status": 200}
{"id": "t000001458", "svc": "auth", "phase": "end", "ts": 5620100, "status": 200}
{"id": "t000001459", "svc": "gateway", "phase": "start", "ts": 5621000, "status": 200}
{"id": "t000001459", "svc": "gateway", "phase": "end", "ts": 5621100, "status": 200}
{"id": "t000001460", "svc": "payment", "phase": "start", "ts": 5622000, "status": 200}
{"id": "t000001460", "svc": "payment", "phase": "end", "ts": 5622100, "status": 200}
{"id": "t000001461", "svc": "auth", "phase": "start", "ts": 5623000, "status": 200}
{"id": "t000001461", "svc": "auth", "phase": "end", "ts": 5623100, "status": 200}
{"id": "t000001462", "svc": "gateway", "phase": "start", "ts": 5624000, "status": 200}
{"id": "t000001462", "svc": "gateway", "phase": "end", "ts": 5624100, "status": 200}
{"id": "t000001463", "svc": "payment", "phase": "start", "ts": 5625000, "status": 200}
{"id": "t000001463", "svc": "payment", "phase": "end", "ts": 5625100, "status": 200}
{"id": "t000001464", "svc": "auth", "phase": "start", "ts": 5626000, "status": 200}
{"id": "t000001464", "svc": "auth", "phase": "end", "ts": 5626100, "status": 500}
{"id": "t000001465", "svc": "gateway", "phase": "start", "ts": 5627000, "status": 200}
{"id": "t000001465", "svc": "gateway", "phase": "end", "ts": 5627100, "status": 200}
{"id": "t000001466", "svc": "payment", "phase": "start", "ts": 5628000, "status": 200}
{"id": "t000001466", "svc": "payment", "phase": "end", "ts": 5628100, "status": 200}
{"id": "t000001467", "svc": "auth", "phase": "start", "ts": 5629000, "status": 200}
{"id": "t000001467", "svc": "auth", "phase": "end", "ts": 5629100, "status": 200}
{"id": "t000001468", "svc": "gateway", "phase": "start", "ts": 5630000, "status": 200}
{"id": "t000001468", "svc": "gateway", "phase": "end", "ts": 5630100, "status": 200}
{"id": "t000001469", "svc": "payment", "phase": "start", "ts": 5631000, "status": 200}
{"id": "t000001469", "svc": "payment", "phase": "end", "ts": 5631100, "status": 200}
{"id": "t000001470", "svc": "auth", "phase": "start", "ts": 5632000, "status": 200}
{"id": "t000001470", "svc": "auth", "phase": "end", "ts": 5632100, "status": 200}
{"id": "t000001471", "svc": "gateway", "phase": "start", "ts": 5633000, "status": 200}
{"id": "t000001471", "svc": "gateway", "phase": "end", "ts": 5633100, "status": 200}
{"id": "t000001472", "svc": "payment", "phase": "start", "ts": 5634000, "status": 200}
{"id": "t000001472", "svc": "payment", "phase": "end", "ts": 5634100, "status": 500}
{"id": "t000001473", "svc": "auth", "phase": "start", "ts": 5635000, "status": 200}
{"id": "t000001473", "svc": "auth", "phase": "end", "ts": 5635100, "status": 200}
{"id": "t000001474", "svc": "gateway", "phase": "start", "ts": 5636000, "status": 200}
{"id": "t000001474", "svc": "gateway", "phase": "end", "ts": 5636100, "status": 200}
{"id": "t000001475", "svc": "payment", "phase": "start", "ts": 5637000, "status": 200}
{"id": "t000001475", "svc": "payment", "phase": "end", "ts": 5637100, "status": 200}
{"id": "t000001476", "svc": "auth", "phase": "start", "ts": 5638000, "status": 200}
{"id": "t000001476", "svc": "auth", "phase": "end", "ts": 5638100, "status": 200}
{"id": "t000001477", "svc": "gateway", "phase": "start", "ts": 5639000, "status": 200}
{"id": "t000001477", "svc": "gateway", "phase": "end", "ts": 5639100, "status": 200}
{"id": "t000001478", "svc": "payment", "phase": "start", "ts": 5640000, "status": 200}
{"id": "t000001478", "svc": "payment", "phase": "end", "ts": 5640100, "status": 200}
{"id": "t000001479", "svc": "auth", "phase": "start", "ts": 5641000, "status": 200}
{"id": "t000001479", "svc": "auth", "phase": "end", "ts": 5641100, "status": 200}
{"id": "t000001480", "svc": "gateway", "phase": "start", "ts": 5642000, "status": 200}
{"id": "t000001480", "svc": "gateway", "phase": "end", "ts": 5642100, "status": 500}
{"id": "t000001481", "svc": "payment", "phase": "start", "ts": 5643000, "status": 200}
{"id": "t000001481", "svc": "payment", "phase": "end", "ts": 5643100, "status": 200}
{"id": "t000001482", "svc": "auth", "phase": "start", "ts": 5644000, "status": 200}
{"id": "t000001482", "svc": "auth", "phase": "end", "ts": 5644100, "status": 200}
{"id": "t000001483", "svc": "gateway", "phase": "start", "ts": 5645000, "status": 200}
{"id": "t000001483", "svc": "gateway", "phase": "end", "ts": 5645100, "status": 200}
{"id": "t000001484", "svc": "payment", "phase": "start", "ts": 5646000, "status": 200}
{"id": "t000001484", "svc": "payment", "phase": "end", "ts": 5646100, "status": 200}
{"id": "t000001485", "svc": "auth", "phase": "start", "ts": 5647000, "status": 200}
{"id": "t000001485", "svc": "auth", "phase": "end", "ts": 5647100, "status": 200}
{"id": "t000001486", "svc": "gateway", "phase": "start", "ts": 5648000, "status": 200}
{"id": "t000001486", "svc": "gateway", "phase": "end", "ts": 5648100, "status": 200}
{"id": "t000001487", "svc": "payment", "phase": "start", "ts": 5649000, "status": 200}
{"id": "t000001487", "svc": "payment", "phase": "end", "ts": 5649100, "status": 200}
{"id": "t000001488", "svc": "auth", "phase": "start", "ts": 5650000, "status": 200}
{"id": "t000001488", "svc": "auth", "phase": "end", "ts": 5650100, "status": 500}
{"id": "t000001489", "svc": "gateway", "phase": "start", "ts": 5651000, "status": 200}
{"id": "t000001489", "svc": "gateway", "phase": "end", "ts": 5651100, "status": 200}
{"id": "t000001490", "svc": "payment", "phase": "start", "ts": 5652000, "status": 200}
{"id": "t000001490", "svc": "payment", "phase": "end", "ts": 5652100, "status": 200}
{"id": "t000001491", "svc": "auth", "phase": "start", "ts": 5653000, "status": 200}
{"id": "t000001491", "svc": "auth", "phase": "end", "ts": 5653100, "status": 200}
{"id": "t000001492", "svc": "gateway", "phase": "start", "ts": 5654000, "status": 200}
{"id": "t000001492", "svc": "gateway", "phase": "end", "ts": 5654100, "status": 200}
{"id": "t000001493", "svc": "payment", "phase": "start", "ts": 5655000, "status": 200}
{"id": "t000001493", "svc": "payment", "phase": "end", "ts": 5655100, "status": 200}
{"id": "t000001494", "svc": "auth", "phase": "start", "ts": 5656000, "status": 200}
{"id": "t000001494", "svc": "auth", "phase": "end", "ts": 5656100, "status": 200}
{"id": "t000001495", "svc": "gateway", "phase": "start", "ts": 5657000, "status": 200}
{"id": "t000001495", "svc": "gateway", "phase": "end", "ts": 5657100, "status": 200}
{"id": "t000001496", "svc": "payment", "phase": "start", "ts": 5658000, "status": 200}
{"id": "t000001496", "svc": "payment", "phase": "end", "ts": 5658100, "status": 500}
{"id": "t000001497", "svc": "auth", "phase": "start", "ts": 5659000, "status": 200}
{"id": "t000001497", "svc": "auth", "phase": "end", "ts": 5659100, "status": 200}
{"id": "t000001498", "svc": "gateway", "phase": "start", "ts": 5660000, "status": 200}
{"id": "t000001498", "svc": "gateway", "phase": "end", "ts": 5660100, "status": 200}
{"id": "t000001499", "svc": "payment", "phase": "start", "ts": 5661000, "status": 200}
{"id": "t000001499", "svc": "payment", "phase": "end", "ts": 5661100, "status": 200}
{"id": "t000001500", "svc": "auth", "phase": "start", "ts": 5662000, "status": 200}
{"id": "t000001500", "svc": "auth", "phase": "end", "ts": 5662100, "status": 200}
{"id": "t000001501", "svc": "gateway", "phase": "start", "ts": 5663000, "status": 200}
{"id": "t000001501", "svc": "gateway", "phase": "end", "ts": 5663100, "status": 200}
{"id": "t000001502", "svc": "payment", "phase": "start", "ts": 5664000, "status": 200}
{"id": "t000001502", "svc": "payment", "phase": "end", "ts": 5664100, "status": 200}
{"id": "t000001503", "svc": "auth", "phase": "start", "ts": 5665000, "status": 200}
{"id": "t000001503", "svc": "auth", "phase": "end", "ts": 5665100, "status": 200}
{"id": "t000001504", "svc": "gateway", "phase": "start", "ts": 5666000, "status": 200}
{"id": "t000001504", "svc": "gateway", "phase": "end", "ts": 5666100, "status": 500}
{"id": "t000001505", "svc": "payment", "phase": "start", "ts": 5667000, "status": 200}
{"id": "t000001505", "svc": "payment", "phase": "end", "ts": 5667100, "status": 200}
{"id": "t000001506", "svc": "auth", "phase": "start", "ts": 5668000, "status": 200}
{"id": "t000001506", "svc": "auth", "phase": "end", "ts": 5668100, "status": 200}
{"id": "t000001507", "svc": "gateway", "phase": "start", "ts": 5669000, "status": 200}
{"id": "t000001507", "svc": "gateway", "phase": "end", "ts": 5669100, "status": 200}
{"id": "t000001508", "svc": "payment", "phase": "start", "ts": 5670000, "status": 200}
{"id": "t000001508", "svc": "payment", "phase": "end", "ts": 5670100, "status": 200}
{"id": "t000001509", "svc": "auth", "phase": "start", "ts": 5671000, "status": 200}
{"id": "t000001509", "svc": "auth", "phase": "end", "ts": 5671100, "status": 200}
{"id": "t000001510", "svc": "gateway", "phase": "start", "ts": 5672000, "status": 200}
{"id": "t000001510", "svc": "gateway", "phase": "end", "ts": 5672100, "status": 200}
{"id": "t000001511", "svc": "payment", "phase": "start", "ts": 5673000, "status": 200}
{"id": "t000001511", "svc": "payment", "phase": "end", "ts": 5673100, "status": 200}
{"id": "t000001512", "svc": "auth", "phase": "start", "ts": 5674000, "status": 200}
{"id": "t000001512", "svc": "auth", "phase": "end", "ts": 5674100, "status": 500}
{"id": "t000001513", "svc": "gateway", "phase": "start", "ts": 5675000, "status": 200}
{"id": "t000001513", "svc": "gateway", "phase": "end", "ts": 5675100, "status": 200}
{"id": "t000001514", "svc": "payment", "phase": "start", "ts": 5676000, "status": 200}
{"id": "t000001514", "svc": "payment", "phase": "end", "ts": 5676100, "status": 200}
{"id": "t000001515", "svc": "auth", "phase": "start", "ts": 5677000, "status": 200}
{"id": "t000001515", "svc": "auth", "phase": "end", "ts": 5677100, "status": 200}
{"id": "t000001516", "svc": "gateway", "phase": "start", "ts": 5678000, "status": 200}
{"id": "t000001516", "svc": "gateway", "phase": "end", "ts": 5678100, "status": 200}
{"id": "t000001517", "svc": "payment", "phase": "start", "ts": 5679000, "status": 200}
{"id": "t000001517", "svc": "payment", "phase": "end", "ts": 5679100, "status": 200}
{"id": "t000001518", "svc": "auth", "phase": "start", "ts": 5680000, "status": 200}
{"id": "t000001518", "svc": "auth", "phase": "end", "ts": 5680100, "status": 200}
{"id": "t000001519", "svc": "gateway", "phase": "start", "ts": 5681000, "status": 200}
{"id": "t000001519", "svc": "gateway", "phase": "end", "ts": 5681100, "status": 200}
{"id": "t000001520", "svc": "payment", "phase": "start", "ts": 5682000, "status": 200}
{"id": "t000001520", "svc": "payment", "phase": "end", "ts": 5682100, "status": 500}
{"id": "t000001521", "svc": "auth", "phase": "start", "ts": 5683000, "status": 200}
{"id": "t000001521", "svc": "auth", "phase": "end", "ts": 5683100, "status": 200}
{"id": "t000001522", "svc": "gateway", "phase": "start", "ts": 5684000, "status": 200}
{"id": "t000001522", "svc": "gateway", "phase": "end", "ts": 5684100, "status": 200}
{"id": "t000001523", "svc": "payment", "phase": "start", "ts": 5685000, "status": 200}
{"id": "t000001523", "svc": "payment", "phase": "end", "ts": 5685100, "status": 200}
{"id": "t000001524", "svc": "auth", "phase": "start", "ts": 5686000, "status": 200}
{"id": "t000001524", "svc": "auth", "phase": "end", "ts": 5686100, "status": 200}
{"id": "t000001525", "svc": "gateway", "phase": "start", "ts": 5687000, "status": 200}
{"id": "t000001525", "svc": "gateway", "phase": "end", "ts": 5687100, "status": 200}
{"id": "t000001526", "svc": "payment", "phase": "start", "ts": 5688000, "status": 200}
{"id": "t000001526", "svc": "payment", "phase": "end", "ts": 5688100, "status": 200}
{"id": "t000001527", "svc": "auth", "phase": "start", "ts": 5689000, "status": 200}
{"id": "t000001527", "svc": "auth", "phase": "end", "ts": 5689100, "status": 200}
{"id": "t000001528", "svc": "gateway", "phase": "start", "ts": 5690000, "status": 200}
{"id": "t000001528", "svc": "gateway", "phase": "end", "ts": 5690100, "status": 500}
{"id": "t000001529", "svc": "payment", "phase": "start", "ts": 5691000, "status": 200}
{"id": "t000001529", "svc": "payment", "phase": "end", "ts": 5691100, "status": 200}
{"id": "t000001530", "svc": "auth", "phase": "start", "ts": 5692000, "status": 200}
{"id": "t000001530", "svc": "auth", "phase": "end", "ts": 5692100, "status": 200}
{"id": "t000001531", "svc": "gateway", "phase": "start", "ts": 5693000, "status": 200}
{"id": "t000001531", "svc": "gateway", "phase": "end", "ts": 5693100, "status": 200}
{"id": "t000001532", "svc": "payment", "phase": "start", "ts": 5694000, "status": 200}
{"id": "t000001532", "svc": "payment", "phase": "end", "ts": 5694100, "status": 200}
{"id": "t000001533", "svc": "auth", "phase": "start", "ts": 5695000, "status": 200}
{"id": "t000001533", "svc": "auth", "phase": "end", "ts": 5695100, "status": 200}
{"id": "t000001534", "svc": "gateway", "phase": "start", "ts": 5696000, "status": 200}
{"id": "t000001534", "svc": "gateway", "phase": "end", "ts": 5696100, "status": 200}
{"id": "t000001535", "svc": "payment", "phase": "start", "ts": 5697000, "status": 200}
{"id": "t000001535", "svc": "payment", "phase": "end", "ts": 5697100, "status": 200}
{"id": "t000001536", "svc": "auth", "phase": "start", "ts": 5698000, "status": 200}
{"id": "t000001536", "svc": "auth", "phase": "end", "ts": 5698100, "status": 500}
{"id": "t000001537", "svc": "gateway", "phase": "start", "ts": 5699000, "status": 200}
{"id": "t000001537", "svc": "gateway", "phase": "end", "ts": 5699100, "status": 200}
{"id": "t000001538", "svc": "payment", "phase": "start", "ts": 5700000, "status": 200}
{"id": "t000001538", "svc": "payment", "phase": "end", "ts": 5700100, "status": 200}
{"id": "t000001539", "svc": "auth", "phase": "start", "ts": 5701000, "status": 200}
{"id": "t000001539", "svc": "auth", "phase": "end", "ts": 5701100, "status": 200}
{"id": "t000001540", "svc": "gateway", "phase": "start", "ts": 5702000, "status": 200}
{"id": "t000001540", "svc": "gateway", "phase": "end", "ts": 5702100, "status": 200}
{"id": "t000001541", "svc": "payment", "phase": "start", "ts": 5703000, "status": 200}
{"id": "t000001541", "svc": "payment", "phase": "end", "ts": 5703100, "status": 200}
{"id": "t000001542", "svc": "auth", "phase": "start", "ts": 5704000, "status": 200}
{"id": "t000001542", "svc": "auth", "phase": "end", "ts": 5704100, "status": 200}
{"id": "t000001543", "svc": "gateway", "phase": "start", "ts": 5705000, "status": 200}
{"id": "t000001543", "svc": "gateway", "phase": "end", "ts": 5705100, "status": 200}
{"id": "t000001544", "svc": "payment", "phase": "start", "ts": 5706000, "status": 200}
{"id": "t000001544", "svc": "payment", "phase": "end", "ts": 5706100, "status": 500}
{"id": "t000001545", "svc": "auth", "phase": "start", "ts": 5707000, "status": 200}
{"id": "t000001545", "svc": "auth", "phase": "end", "ts": 5707100, "status": 200}
{"id": "t000001546", "svc": "gateway", "phase": "start", "ts": 5708000, "status": 200}
{"id": "t000001546", "svc": "gateway", "phase": "end", "ts": 5708100, "status": 200}
{"id": "t000001547", "svc": "payment", "phase": "start", "ts": 5709000, "status": 200}
{"id": "t000001547", "svc": "payment", "phase": "end", "ts": 5709100, "status": 200}
{"id": "t000001548", "svc": "auth", "phase": "start", "ts": 5710000, "status": 200}
{"id": "t000001548", "svc": "auth", "phase": "end", "ts": 5710100, "status": 200}
{"id": "t000001549", "svc": "gateway", "phase": "start", "ts": 5711000, "status": 200}
{"id": "t000001549", "svc": "gateway", "phase": "end", "ts": 5711100, "status": 200}
{"id": "t000001550", "svc": "payment", "phase": "start", "ts": 5712000, "status": 200}
{"id": "t000001550", "svc": "payment", "phase": "end", "ts": 5712100, "status": 200}
{"id": "t000001551", "svc": "auth", "phase": "start", "ts": 5713000, "status": 200}
{"id": "t000001551", "svc": "auth", "phase": "end", "ts": 5713100, "status": 200}
{"id": "t000001552", "svc": "gateway", "phase": "start", "ts": 5714000, "status": 200}
{"id": "t000001552", "svc": "gateway", "phase": "end", "ts": 5714100, "status": 500}
{"id": "t000001553", "svc": "payment", "phase": "start", "ts": 5715000, "status": 200}
{"id": "t000001553", "svc": "payment", "phase": "end", "ts": 5715100, "status": 200}
{"id": "t000001554", "svc": "auth", "phase": "start", "ts": 5716000, "status": 200}
{"id": "t000001554", "svc": "auth", "phase": "end", "ts": 5716100, "status": 200}
{"id": "t000001555", "svc": "gateway", "phase": "start", "ts": 5717000, "status": 200}
{"id": "t000001555", "svc": "gateway", "phase": "end", "ts": 5717100, "status": 200}
{"id": "t000001556", "svc": "payment", "phase": "start", "ts": 5718000, "status": 200}
{"id": "t000001556", "svc": "payment", "phase": "end", "ts": 5718100, "status": 200}
{"id": "t000001557", "svc": "auth", "phase": "start", "ts": 5719000, "status": 200}
{"id": "t000001557", "svc": "auth", "phase": "end", "ts": 5719100, "status": 200}
{"id": "t000001558", "svc": "gateway", "phase": "start", "ts": 5720000, "status": 200}
{"id": "t000001558", "svc": "gateway", "phase": "end", "ts": 5720100, "status": 200}
{"id": "t000001559", "svc": "payment", "phase": "start", "ts": 5721000, "status": 200}
{"id": "t000001559", "svc": "payment", "phase": "end", "ts": 5721100, "status": 200}
{"id": "t000001560", "svc": "auth", "phase": "start", "ts": 5722000, "status": 200}
{"id": "t000001560", "svc": "auth", "phase": "end", "ts": 5722100, "status": 500}
{"id": "t000001561", "svc": "gateway", "phase": "start", "ts": 5723000, "status": 200}
{"id": "t000001561", "svc": "gateway", "phase": "end", "ts": 5723100, "status": 200}
{"id": "t000001562", "svc": "payment", "phase": "start", "ts": 5724000, "status": 200}
{"id": "t000001562", "svc": "payment", "phase": "end", "ts": 5724100, "status": 200}
{"id": "t000001563", "svc": "auth", "phase": "start", "ts": 5725000, "status": 200}
{"id": "t000001563", "svc": "auth", "phase": "end", "ts": 5725100, "status": 200}
{"id": "t000001564", "svc": "gateway", "phase": "start", "ts": 5726000, "status": 200}
{"id": "t000001564", "svc": "gateway", "phase": "end", "ts": 5726100, "status": 200}
{"id": "t000001565", "svc": "payment", "phase": "start", "ts": 5727000, "status": 200}
{"id": "t000001565", "svc": "payment", "phase": "end", "ts": 5727100, "status": 200}
{"id": "t000001566", "svc": "auth", "phase": "start", "ts": 5728000, "status": 200}
{"id": "t000001566", "svc": "auth", "phase": "end", "ts": 5728100, "status": 200}
{"id": "t000001567", "svc": "gateway", "phase": "start", "ts": 5729000, "status": 200}
{"id": "t000001567", "svc": "gateway", "phase": "end", "ts": 5729100, "status": 200}
{"id": "t000001568", "svc": "payment", "phase": "start", "ts": 5730000, "status": 200}
{"id": "t000001568", "svc": "payment", "phase": "end", "ts": 5730100, "status": 500}
{"id": "t000001569", "svc": "auth", "phase": "start", "ts": 5731000, "status": 200}
{"id": "t000001569", "svc": "auth", "phase": "end", "ts": 5731100, "status": 200}
{"id": "t000001570", "svc": "gateway", "phase": "start", "ts": 5732000, "status": 200}
{"id": "t000001570", "svc": "gateway", "phase": "end", "ts": 5732100, "status": 200}
{"id": "t000001571", "svc": "payment", "phase": "start", "ts": 5733000, "status": 200}
{"id": "t000001571", "svc": "payment", "phase": "end", "ts": 5733100, "status": 200}
{"id": "t000001572", "svc": "auth", "phase": "start", "ts": 5734000, "status": 200}
{"id": "t000001572", "svc": "auth", "phase": "end", "ts": 5734100, "status": 200}
{"id": "t000001573", "svc": "gateway", "phase": "start", "ts": 5735000, "status": 200}
{"id": "t000001573", "svc": "gateway", "phase": "end", "ts": 5735100, "status": 200}
{"id": "t000001574", "svc": "payment", "phase": "start", "ts": 5736000, "status": 200}
{"id": "t000001574", "svc": "payment", "phase": "end", "ts": 5736100, "status": 200}
{"id": "t000001575", "svc": "auth", "phase": "start", "ts": 5737000, "status": 200}
{"id": "t000001575", "svc": "auth", "phase": "end", "ts": 5737100, "status": 200}
{"id": "t000001576", "svc": "gateway", "phase": "start", "ts": 5738000, "status": 200}
{"id": "t000001576", "svc": "gateway", "phase": "end", "ts": 5738100, "status": 500}
{"id": "t000001577", "svc": "payment", "phase": "start", "ts": 5739000, "status": 200}
{"id": "t000001577", "svc": "payment", "phase": "end", "ts": 5739100, "status": 200}
{"id": "t000001578", "svc": "auth", "phase": "start", "ts": 5740000, "status": 200}
{"id": "t000001578", "svc": "auth", "phase": "end", "ts": 5740100, "status": 200}
{"id": "t000001579", "svc": "gateway", "phase": "start", "ts": 5741000, "status": 200}
{"id": "t000001579", "svc": "gateway", "phase": "end", "ts": 5741100, "status": 200}
{"id": "t000001580", "svc": "payment", "phase": "start", "ts": 5742000, "status": 200}
{"id": "t000001580", "svc": "payment", "phase": "end", "ts": 5742100, "status": 200}
{"id": "t000001581", "svc": "auth", "phase": "start", "ts": 5743000, "status": 200}
{"id": "t000001581", "svc": "auth", "phase": "end", "ts": 5743100, "status": 200}
{"id": "t000001582", "svc": "gateway", "phase": "start", "ts": 5744000, "status": 200}
{"id": "t000001582", "svc": "gateway", "phase": "end", "ts": 5744100, "status": 200}
{"id": "t000001583", "svc": "payment", "phase": "start", "ts": 5745000, "status": 200}
{"id": "t000001583", "svc": "payment", "phase": "end", "ts": 5745100, "status": 200}
{"id": "t000001584", "svc": "auth", "phase": "start", "ts": 5746000, "status": 200}
{"id": "t000001584", "svc": "auth", "phase": "end", "ts": 5746100, "status": 500}
{"id": "t000001585", "svc": "gateway", "phase": "start", "ts": 5747000, "status": 200}
{"id": "t000001585", "svc": "gateway", "phase": "end", "ts": 5747100, "status": 200}
{"id": "t000001586", "svc": "payment", "phase": "start", "ts": 5748000, "status": 200}
{"id": "t000001586", "svc": "payment", "phase": "end", "ts": 5748100, "status": 200}
{"id": "t000001587", "svc": "auth", "phase": "start", "ts": 5749000, "status": 200}
{"id": "t000001587", "svc": "auth", "phase": "end", "ts": 5749100, "status": 200}
{"id": "t000001588", "svc": "gateway", "phase": "start", "ts": 5750000, "status": 200}
{"id": "t000001588", "svc": "gateway", "phase": "end", "ts": 5750100, "status": 200}
{"id": "t000001589", "svc": "payment", "phase": "start", "ts": 5751000, "status": 200}
{"id": "t000001589", "svc": "payment", "phase": "end", "ts": 5751100, "status": 200}
{"id": "t000001590", "svc": "auth", "phase": "start", "ts": 5752000, "status": 200}
{"id": "t000001590", "svc": "auth", "phase": "end", "ts": 5752100, "status": 200}
{"id": "t000001591", "svc": "gateway", "phase": "start", "ts": 5753000, "status": 200}
{"id": "t000001591", "svc": "gateway", "phase": "end", "ts": 5753100, "status": 200}
{"id": "t000001592", "svc": "payment", "phase": "start", "ts": 5754000, "status": 200}
{"id": "t000001592", "svc": "payment", "phase": "end", "ts": 5754100, "status": 500}
{"id": "t000001593", "svc": "auth", "phase": "start", "ts": 5755000, "status": 200}
{"id": "t000001593", "svc": "auth", "phase": "end", "ts": 5755100, "status": 200}
{"id": "t000001594", "svc": "gateway", "phase": "start", "ts": 5756000, "status": 200}
{"id": "t000001594", "svc": "gateway", "phase": "end", "ts": 5756100, "status": 200}
{"id": "t000001595", "svc": "payment", "phase": "start", "ts": 5757000, "status": 200}
{"id": "t000001595", "svc": "payment", "phase": "end", "ts": 5757100, "status": 200}
{"id": "t000001596", "svc": "auth", "phase": "start", "ts": 5758000, "status": 200}
{"id": "t000001596", "svc": "auth", "phase": "end", "ts": 5758100, "status": 200}
{"id": "t000001597", "svc": "gateway", "phase": "start", "ts": 5759000, "status": 200}
{"id": "t000001597", "svc": "gateway", "phase": "end", "ts": 5759100, "status": 200}
{"id": "t000001598", "svc": "payment", "phase": "start", "ts": 5760000, "status": 200}
{"id": "t000001598", "svc": "payment", "phase": "end", "ts": 5760100, "status": 200}
{"id": "t000001599", "svc": "auth", "phase": "start", "ts": 5761000, "status": 200}
{"id": "t000001599", "svc": "auth", "phase": "end", "ts": 5761100, "status": 200}
{"id": "t000001600", "svc": "gateway", "phase": "start", "ts": 5762000, "status": 200}
{"id": "t000001600", "svc": "gateway", "phase": "end", "ts": 5762100, "status": 500}
{"id": "t000001601", "svc": "payment", "phase": "start", "ts": 5763000, "status": 200}
{"id": "t000001601", "svc": "payment", "phase": "end", "ts": 5763100, "status": 200}
{"id": "t000001602", "svc": "auth", "phase": "start", "ts": 5764000, "status": 200}
{"id": "t000001602", "svc": "auth", "phase": "end", "ts": 5764100, "status": 200}
{"id": "t000001603", "svc": "gateway", "phase": "start", "ts": 5765000, "status": 200}
{"id": "t000001603", "svc": "gateway", "phase": "end", "ts": 5765100, "status": 200}
{"id": "t000001604", "svc": "payment", "phase": "start", "ts": 5766000, "status": 200}
{"id": "t000001604", "svc": "payment", "phase": "end", "ts": 5766100, "status": 200}
{"id": "t000001605", "svc": "auth", "phase": "start", "ts": 5767000, "status": 200}
{"id": "t000001605", "svc": "auth", "phase": "end", "ts": 5767100, "status": 200}
{"id": "t000001606", "svc": "gateway", "phase": "start", "ts": 5768000, "status": 200}
{"id": "t000001606", "svc": "gateway", "phase": "end", "ts": 5768100, "status": 200}
{"id": "t000001607", "svc": "payment", "phase": "start", "ts": 5769000, "status": 200}
{"id": "t000001607", "svc": "payment", "phase": "end", "ts": 5769100, "status": 200}
{"id": "t000001608", "svc": "auth", "phase": "start", "ts": 5770000, "status": 200}
{"id": "t000001608", "svc": "auth", "phase": "end", "ts": 5770100, "status": 500}
{"id": "t000001609", "svc": "gateway", "phase": "start", "ts": 5771000, "status": 200}
{"id": "t000001609", "svc": "gateway", "phase": "end", "ts": 5771100, "status": 200}
{"id": "t000001610", "svc": "payment", "phase": "start", "ts": 5772000, "status": 200}
{"id": "t000001610", "svc": "payment", "phase": "end", "ts": 5772100, "status": 200}
{"id": "t000001611", "svc": "auth", "phase": "start", "ts": 5773000, "status": 200}
{"id": "t000001611", "svc": "auth", "phase": "end", "ts": 5773100, "status": 200}
{"id": "t000001612", "svc": "gateway", "phase": "start", "ts": 5774000, "status": 200}
{"id": "t000001612", "svc": "gateway", "phase": "end", "ts": 5774100, "status": 200}
{"id": "t000001613", "svc": "payment", "phase": "start", "ts": 5775000, "status": 200}
{"id": "t000001613", "svc": "payment", "phase": "end", "ts": 5775100, "status": 200}
{"id": "t000001614", "svc": "auth", "phase": "start", "ts": 5776000, "status": 200}
{"id": "t000001614", "svc": "auth", "phase": "end", "ts": 5776100, "status": 200}
{"id": "t000001615", "svc": "gateway", "phase": "start", "ts": 5777000, "status": 200}
{"id": "t000001615", "svc": "gateway", "phase": "end", "ts": 5777100, "status": 200}
{"id": "t000001616", "svc": "payment", "phase": "start", "ts": 5778000, "status": 200}
{"id": "t000001616", "svc": "payment", "phase": "end", "ts": 5778100, "status": 500}
{"id": "t000001617", "svc": "auth", "phase": "start", "ts": 5779000, "status": 200}
{"id": "t000001617", "svc": "auth", "phase": "end", "ts": 5779100, "status": 200}
{"id": "t000001618", "svc": "gateway", "phase": "start", "ts": 5780000, "status": 200}
{"id": "t000001618", "svc": "gateway", "phase": "end", "ts": 5780100, "status": 200}
{"id": "t000001619", "svc": "payment", "phase": "start", "ts": 5781000, "status": 200}
{"id": "t000001619", "svc": "payment", "phase": "end", "ts": 5781100, "status": 200}
{"id": "t000001620", "svc": "auth", "phase": "start", "ts": 5782000, "status": 200}
{"id": "t000001620", "svc": "auth", "phase": "end", "ts": 5782100, "status": 200}
{"id": "t000001621", "svc": "gateway", "phase": "start", "ts": 5783000, "status": 200}
{"id": "t000001621", "svc": "gateway", "phase": "end", "ts": 5783100, "status": 200}
{"id": "t000001622", "svc": "payment", "phase": "start", "ts": 5784000, "status": 200}
{"id": "t000001622", "svc": "payment", "phase": "end", "ts": 5784100, "status": 200}
{"id": "t000001623", "svc": "auth", "phase": "start", "ts": 5785000, "status": 200}
{"id": "t000001623", "svc": "auth", "phase": "end", "ts": 5785100, "status": 200}
{"id": "t000001624", "svc": "gateway", "phase": "start", "ts": 5786000, "status": 200}
{"id": "t000001624", "svc": "gateway", "phase": "end", "ts": 5786100, "status": 500}
{"id": "t000001625", "svc": "payment", "phase": "start", "ts": 5787000, "status": 200}
{"id": "t000001625", "svc": "payment", "phase": "end", "ts": 5787100, "status": 200}
{"id": "t000001626", "svc": "auth", "phase": "start", "ts": 5788000, "status": 200}
{"id": "t000001626", "svc": "auth", "phase": "end", "ts": 5788100, "status": 200}
{"id": "t000001627", "svc": "gateway", "phase": "start", "ts": 5789000, "status": 200}
{"id": "t000001627", "svc": "gateway", "phase": "end", "ts": 5789100, "status": 200}
{"id": "t000001628", "svc": "payment", "phase": "start", "ts": 5790000, "status": 200}
{"id": "t000001628", "svc": "payment", "phase": "end", "ts": 5790100, "status": 200}
{"id": "t000001629", "svc": "auth", "phase": "start", "ts": 5791000, "status": 200}
{"id": "t000001629", "svc": "auth", "phase": "end", "ts": 5791100, "status": 200}
{"id": "t000001630", "svc": "gateway", "phase": "start", "ts": 5792000, "status": 200}
{"id": "t000001630", "svc": "gateway", "phase": "end", "ts": 5792100, "status": 200}
{"id": "t000001631", "svc": "payment", "phase": "start", "ts": 5793000, "status": 200}
{"id": "t000001631", "svc": "payment", "phase": "end", "ts": 5793100, "status": 200}
{"id": "t000001632", "svc": "auth", "phase": "start", "ts": 5794000, "status": 200}
{"id": "t000001632", "svc": "auth", "phase": "end", "ts": 5794100, "status": 500}
{"id": "t000001633", "svc": "gateway", "phase": "start", "ts": 5795000, "status": 200}
{"id": "t000001633", "svc": "gateway", "phase": "end", "ts": 5795100, "status": 200}
{"id": "t000001634", "svc": "payment", "phase": "start", "ts": 5796000, "status": 200}
{"id": "t000001634", "svc": "payment", "phase": "end", "ts": 5796100, "status": 200}
{"id": "t000001635", "svc": "auth", "phase": "start", "ts": 5797000, "status": 200}
{"id": "t000001635", "svc": "auth", "phase": "end", "ts": 5797100, "status": 200}
{"id": "t000001636", "svc": "gateway", "phase": "start", "ts": 5798000, "status": 200}
{"id": "t000001636", "svc": "gateway", "phase": "end", "ts": 5798100, "status": 200}
{"id": "t000001637", "svc": "payment", "phase": "start", "ts": 5799000, "status": 200}
{"id": "t000001637", "svc": "payment", "phase": "end", "ts": 5799100, "status": 200}
{"id": "t000001638", "svc": "auth", "phase": "start", "ts": 5800000, "status": 200}
{"id": "t000001638", "svc": "auth", "phase": "end", "ts": 5800100, "status": 200}
{"id": "t000001639", "svc": "gateway", "phase": "start", "ts": 5801000, "status": 200}
{"id": "t000001639", "svc": "gateway", "phase": "end", "ts": 5801100, "status": 200}
{"id": "t000001640", "svc": "payment", "phase": "start", "ts": 5802000, "status": 200}
{"id": "t000001640", "svc": "payment", "phase": "end", "ts": 5802100, "status": 500}
{"id": "t000001641", "svc": "auth", "phase": "start", "ts": 5803000, "status": 200}
{"id": "t000001641", "svc": "auth", "phase": "end", "ts": 5803100, "status": 200}
{"id": "t000001642", "svc": "gateway", "phase": "start", "ts": 5804000, "status": 200}
{"id": "t000001642", "svc": "gateway", "phase": "end", "ts": 5804100, "status": 200}
{"id": "t000001643", "svc": "payment", "phase": "start", "ts": 5805000, "status": 200}
{"id": "t000001643", "svc": "payment", "phase": "end", "ts": 5805100, "status": 200}
{"id": "t000001644", "svc": "auth", "phase": "start", "ts": 5806000, "status": 200}
{"id": "t000001644", "svc": "auth", "phase": "end", "ts": 5806100, "status": 200}
{"id": "t000001645", "svc": "gateway", "phase": "start", "ts": 5807000, "status": 200}
{"id": "t000001645", "svc": "gateway", "phase": "end", "ts": 5807100, "status": 200}
{"id": "t000001646", "svc": "payment", "phase": "start", "ts": 5808000, "status": 200}
{"id": "t000001646", "svc": "payment", "phase": "end", "ts": 5808100, "status": 200}
{"id": "t000001647", "svc": "auth", "phase": "start", "ts": 5809000, "status": 200}
{"id": "t000001647", "svc": "auth", "phase": "end", "ts": 5809100, "status": 200}
{"id": "t000001648", "svc": "gateway", "phase": "start", "ts": 5810000, "status": 200}
{"id": "t000001648", "svc": "gateway", "phase": "end", "ts": 5810100, "status": 500}
{"id": "t000001649", "svc": "payment", "phase": "start", "ts": 5811000, "status": 200}
{"id": "t000001649", "svc": "payment", "phase": "end", "ts": 5811100, "status": 200}
{"id": "t000001650", "svc": "auth", "phase": "start", "ts": 5812000, "status": 200}
{"id": "t000001650", "svc": "auth", "phase": "end", "ts": 5812100, "status": 200}
{"id": "t000001651", "svc": "gateway", "phase": "start", "ts": 5813000, "status": 200}
{"id": "t000001651", "svc": "gateway", "phase": "end", "ts": 5813100, "status": 200}
{"id": "t000001652", "svc": "payment", "phase": "start", "ts": 5814000, "status": 200}
{"id": "t000001652", "svc": "payment", "phase": "end", "ts": 5814100, "status": 200}
{"id": "t000001653", "svc": "auth", "phase": "start", "ts": 5815000, "status": 200}
{"id": "t000001653", "svc": "auth", "phase": "end", "ts": 5815100, "status": 200}
{"id": "t000001654", "svc": "gateway", "phase": "start", "ts": 5816000, "status": 200}
{"id": "t000001654", "svc": "gateway", "phase": "end", "ts": 5816100, "status": 200}
{"id": "t000001655", "svc": "payment", "phase": "start", "ts": 5817000, "status": 200}
{"id": "t000001655", "svc": "payment", "phase": "end", "ts": 5817100, "status": 200}
{"id": "t000001656", "svc": "auth", "phase": "start", "ts": 5818000, "status": 200}
{"id": "t000001656", "svc": "auth", "phase": "end", "ts": 5818100, "status": 500}
{"id": "t000001657", "svc": "gateway", "phase": "start", "ts": 5819000, "status": 200}
{"id": "t000001657", "svc": "gateway", "phase": "end", "ts": 5819100, "status": 200}
{"id": "t000001658", "svc": "payment", "phase": "start", "ts": 5820000, "status": 200}
{"id": "t000001658", "svc": "payment", "phase": "end", "ts": 5820100, "status": 200}
{"id": "t000001659", "svc": "auth", "phase": "start", "ts": 5821000, "status": 200}
{"id": "t000001659", "svc": "auth", "phase": "end", "ts": 5821100, "status": 200}
{"id": "t000001660", "svc": "gateway", "phase": "start", "ts": 5822000, "status": 200}
{"id": "t000001660", "svc": "gateway", "phase": "end", "ts": 5822100, "status": 200}
{"id": "t000001661", "svc": "payment", "phase": "start", "ts": 5823000, "status": 200}
{"id": "t000001661", "svc": "payment", "phase": "end", "ts": 5823100, "status": 200}
{"id": "t000001662", "svc": "auth", "phase": "start", "ts": 5824000, "status": 200}
{"id": "t000001662", "svc": "auth", "phase": "end", "ts": 5824100, "status": 200}
{"id": "t000001663", "svc": "gateway", "phase": "start", "ts": 5825000, "status": 200}
{"id": "t000001663", "svc": "gateway", "phase": "end", "ts": 5825100, "status": 200}
{"id": "t000001664", "svc": "payment", "phase": "start", "ts": 5826000, "status": 200}
{"id": "t000001664", "svc": "payment", "phase": "end", "ts": 5826100, "status": 500}
{"id": "t000001665", "svc": "auth", "phase": "start", "ts": 5827000, "status": 200}
{"id": "t000001665", "svc": "auth", "phase": "end", "ts": 5827100, "status": 200}
{"id": "t000001666", "svc": "gateway", "phase": "start", "ts": 5828000, "status": 200}
{"id": "t000001666", "svc": "gateway", "phase": "end", "ts": 5828100, "status": 200}
{"id": "t000001667", "svc": "payment", "phase": "start", "ts": 5829000, "status": 200}
{"id": "t000001667", "svc": "payment", "phase": "end", "ts": 5829100, "status": 200}
{"id": "t000001668", "svc": "auth", "phase": "start", "ts": 5830000, "status": 200}
{"id": "t000001668", "svc": "auth", "phase": "end", "ts": 5830100, "status": 200}
{"id": "t000001669", "svc": "gateway", "phase": "start", "ts": 5831000, "status": 200}
{"id": "t000001669", "svc": "gateway", "phase": "end", "ts": 5831100, "status": 200}
{"id": "t000001670", "svc": "payment", "phase": "start", "ts": 5832000, "status": 200}
{"id": "t000001670", "svc": "payment", "phase": "end", "ts": 5832100, "status": 200}
{"id": "t000001671", "svc": "auth", "phase": "start", "ts": 5833000, "status": 200}
{"id": "t000001671", "svc": "auth", "phase": "end", "ts": 5833100, "status": 200}
{"id": "t000001672", "svc": "gateway", "phase": "start", "ts": 5834000, "status": 200}
{"id": "t000001672", "svc": "gateway", "phase": "end", "ts": 5834100, "status": 500}
{"id": "t000001673", "svc": "payment", "phase": "start", "ts": 5835000, "status": 200}
{"id": "t000001673", "svc": "payment", "phase": "end", "ts": 5835100, "status": 200}
{"id": "t000001674", "svc": "auth", "phase": "start", "ts": 5836000, "status": 200}
{"id": "t000001674", "svc": "auth", "phase": "end", "ts": 5836100, "status": 200}
{"id": "t000001675", "svc": "gateway", "phase": "start", "ts": 5837000, "status": 200}
{"id": "t000001675", "svc": "gateway", "phase": "end", "ts": 5837100, "status": 200}
{"id": "t000001676", "svc": "payment", "phase": "start", "ts": 5838000, "status": 200}
{"id": "t000001676", "svc": "payment", "phase": "end", "ts": 5838100, "status": 200}
{"id": "t000001677", "svc": "auth", "phase": "start", "ts": 5839000, "status": 200}
{"id": "t000001677", "svc": "auth", "phase": "end", "ts": 5839100, "status": 200}
{"id": "t000001678", "svc": "gateway", "phase": "start", "ts": 5840000, "status": 200}
{"id": "t000001678", "svc": "gateway", "phase": "end", "ts": 5840100, "status": 200}
{"id": "t000001679", "svc": "payment", "phase": "start", "ts": 5841000, "status": 200}
{"id": "t000001679", "svc": "payment", "phase": "end", "ts": 5841100, "status": 200}
{"id": "t000001680", "svc": "auth", "phase": "start", "ts": 5842000, "status": 200}
{"id": "t000001680", "svc": "auth", "phase": "end", "ts": 5842100, "status": 500}
{"id": "t000001681", "svc": "gateway", "phase": "start", "ts": 5843000, "status": 200}
{"id": "t000001681", "svc": "gateway", "phase": "end", "ts": 5843100, "status": 200}
{"id": "t000001682", "svc": "payment", "phase": "start", "ts": 5844000, "status": 200}
{"id": "t000001682", "svc": "payment", "phase": "end", "ts": 5844100, "status": 200}
{"id": "t000001683", "svc": "auth", "phase": "start", "ts": 5845000, "status": 200}
{"id": "t000001683", "svc": "auth", "phase": "end", "ts": 5845100, "status": 200}
{"id": "t000001684", "svc": "gateway", "phase": "start", "ts": 5846000, "status": 200}
{"id": "t000001684", "svc": "gateway", "phase": "end", "ts": 5846100, "status": 200}
{"id": "t000001685", "svc": "payment", "phase": "start", "ts": 5847000, "status": 200}
{"id": "t000001685", "svc": "payment", "phase": "end", "ts": 5847100, "status": 200}
{"id": "t000001686", "svc": "auth", "phase": "start", "ts": 5848000, "status": 200}
{"id": "t000001686", "svc": "auth", "phase": "end", "ts": 5848100, "status": 200}
{"id": "t000001687", "svc": "gateway", "phase": "start", "ts": 5849000, "status": 200}
{"id": "t000001687", "svc": "gateway", "phase": "end", "ts": 5849100, "status": 200}
{"id": "t000001688", "svc": "payment", "phase": "start", "ts": 5850000, "status": 200}
{"id": "t000001688", "svc": "payment", "phase": "end", "ts": 5850100, "status": 500}
{"id": "t000001689", "svc": "auth", "phase": "start", "ts": 5851000, "status": 200}
{"id": "t000001689", "svc": "auth", "phase": "end", "ts": 5851100, "status": 200}
{"id": "t000001690", "svc": "gateway", "phase": "start", "ts": 5852000, "status": 200}
{"id": "t000001690", "svc": "gateway", "phase": "end", "ts": 5852100, "status": 200}
{"id": "t000001691", "svc": "payment", "phase": "start", "ts": 5853000, "status": 200}
{"id": "t000001691", "svc": "payment", "phase": "end", "ts": 5853100, "status": 200}
{"id": "t000001692", "svc": "auth", "phase": "start", "ts": 5854000, "status": 200}
{"id": "t000001692", "svc": "auth", "phase": "end", "ts": 5854100, "status": 200}
{"id": "t000001693", "svc": "gateway", "phase": "start", "ts": 5855000, "status": 200}
{"id": "t000001693", "svc": "gateway", "phase": "end", "ts": 5855100, "status": 200}
{"id": "t000001694", "svc": "payment", "phase": "start", "ts": 5856000, "status": 200}
{"id": "t000001694", "svc": "payment", "phase": "end", "ts": 5856100, "status": 200}
{"id": "t000001695", "svc": "auth", "phase": "start", "ts": 5857000, "status": 200}
{"id": "t000001695", "svc": "auth", "phase": "end", "ts": 5857100, "status": 200}
{"id": "t000001696", "svc": "gateway", "phase": "start", "ts": 5858000, "status": 200}
{"id": "t000001696", "svc": "gateway", "phase": "end", "ts": 5858100, "status": 500}
{"id": "t000001697", "svc": "payment", "phase": "start", "ts": 5859000, "status": 200}
{"id": "t000001697", "svc": "payment", "phase": "end", "ts": 5859100, "status": 200}
{"id": "t000001698", "svc": "auth", "phase": "start", "ts": 5860000, "status": 200}
{"id": "t000001698", "svc": "auth", "phase": "end", "ts": 5860100, "status": 200}
{"id": "t000001699", "svc": "gateway", "phase": "start", "ts": 5861000, "status": 200}
{"id": "t000001699", "svc": "gateway", "phase": "end", "ts": 5861100, "status": 200}
{"id": "t000001700", "svc": "payment", "phase": "start", "ts": 5862000, "status": 200}
{"id": "t000001700", "svc": "payment", "phase": "end", "ts": 5862100, "status": 200}
{"id": "t000001701", "svc": "auth", "phase": "start", "ts": 5863000, "status": 200}
{"id": "t000001701", "svc": "auth", "phase": "end", "ts": 5863100, "status": 200}
{"id": "t000001702", "svc": "gateway", "phase": "start", "ts": 5864000, "status": 200}
{"id": "t000001702", "svc": "gateway", "phase": "end", "ts": 5864100, "status": 200}
{"id": "t000001703", "svc": "payment", "phase": "start", "ts": 5865000, "status": 200}
{"id": "t000001703", "svc": "payment", "phase": "end", "ts": 5865100, "status": 200}
{"id": "t000001704", "svc": "auth", "phase": "start", "ts": 5866000, "status": 200}
{"id": "t000001704", "svc": "auth", "phase": "end", "ts": 5866100, "status": 500}
{"id": "t000001705", "svc": "gateway", "phase": "start", "ts": 5867000, "status": 200}
{"id": "t000001705", "svc": "gateway", "phase": "end", "ts": 5867100, "status": 200}
{"id": "t000001706", "svc": "payment", "phase": "start", "ts": 5868000, "status": 200}
{"id": "t000001706", "svc": "payment", "phase": "end", "ts": 5868100, "status": 200}
{"id": "t000001707", "svc": "auth", "phase": "start", "ts": 5869000, "status": 200}
{"id": "t000001707", "svc": "auth", "phase": "end", "ts": 5869100, "status": 200}
{"id": "t000001708", "svc": "gateway", "phase": "start", "ts": 5870000, "status": 200}
{"id": "t000001708", "svc": "gateway", "phase": "end", "ts": 5870100, "status": 200}
{"id": "t000001709", "svc": "payment", "phase": "start", "ts": 5871000, "status": 200}
{"id": "t000001709", "svc": "payment", "phase": "end", "ts": 5871100, "status": 200}
{"id": "t000001710", "svc": "auth", "phase": "start", "ts": 5872000, "status": 200}
{"id": "t000001710", "svc": "auth", "phase": "end", "ts": 5872100, "status": 200}
{"id": "t000001711", "svc": "gateway", "phase": "start", "ts": 5873000, "status": 200}
{"id": "t000001711", "svc": "gateway", "phase": "end", "ts": 5873100, "status": 200}
{"id": "t000001712", "svc": "payment", "phase": "start", "ts": 5874000, "status": 200}
{"id": "t000001712", "svc": "payment", "phase": "end", "ts": 5874100, "status": 500}
{"id": "t000001713", "svc": "auth", "phase": "start", "ts": 5875000, "status": 200}
{"id": "t000001713", "svc": "auth", "phase": "end", "ts": 5875100, "status": 200}
{"id": "t000001714", "svc": "gateway", "phase": "start", "ts": 5876000, "status": 200}
{"id": "t000001714", "svc": "gateway", "phase": "end", "ts": 5876100, "status": 200}
{"id": "t000001715", "svc": "payment", "phase": "start", "ts": 5877000, "status": 200}
{"id": "t000001715", "svc": "payment", "phase": "end", "ts": 5877100, "status": 200}
{"id": "t000001716", "svc": "auth", "phase": "start", "ts": 5878000, "status": 200}
{"id": "t000001716", "svc": "auth", "phase": "end", "ts": 5878100, "status": 200}
{"id": "t000001717", "svc": "gateway", "phase": "start", "ts": 5879000, "status": 200}
{"id": "t000001717", "svc": "gateway", "phase": "end", "ts": 5879100, "status": 200}
{"id": "t000001718", "svc": "payment", "phase": "start", "ts": 5880000, "status": 200}
{"id": "t000001718", "svc": "payment", "phase": "end", "ts": 5880100, "status": 200}
{"id": "t000001719", "svc": "auth", "phase": "start", "ts": 5881000, "status": 200}
{"id": "t000001719", "svc": "auth", "phase": "end", "ts": 5881100, "status": 200}
{"id": "t000001720", "svc": "gateway", "phase": "start", "ts": 5882000, "status": 200}
{"id": "t000001720", "svc": "gateway", "phase": "end", "ts": 5882100, "status": 500}
{"id": "t000001721", "svc": "payment", "phase": "start", "ts": 5883000, "status": 200}
{"id": "t000001721", "svc": "payment", "phase": "end", "ts": 5883100, "status": 200}
{"id": "t000001722", "svc": "auth", "phase": "start", "ts": 5884000, "status": 200}
{"id": "t000001722", "svc": "auth", "phase": "end", "ts": 5884100, "status": 200}
{"id": "t000001723", "svc": "gateway", "phase": "start", "ts": 5885000, "status": 200}
{"id": "t000001723", "svc": "gateway", "phase": "end", "ts": 5885100, "status": 200}
{"id": "t000001724", "svc": "payment", "phase": "start", "ts": 5886000, "status": 200}
{"id": "t000001724", "svc": "payment", "phase": "end", "ts": 5886100, "status": 200}
{"id": "t000001725", "svc": "auth", "phase": "start", "ts": 5887000, "status": 200}
{"id": "t000001725", "svc": "auth", "phase": "end", "ts": 5887100, "status": 200}
{"id": "t000001726", "svc": "gateway", "phase": "start", "ts": 5888000, "status": 200}
{"id": "t000001726", "svc": "gateway", "phase": "end", "ts": 5888100, "status": 200}
{"id": "t000001727", "svc": "payment", "phase": "start", "ts": 5889000, "status": 200}
{"id": "t000001727", "svc": "payment", "phase": "end", "ts": 5889100, "status": 200}
{"id": "t000001728", "svc": "auth", "phase": "start", "ts": 5890000, "status": 200}
{"id": "t000001728", "svc": "auth", "phase": "end", "ts": 5890100, "status": 500}
{"id": "t000001729", "svc": "gateway", "phase": "start", "ts": 5891000, "status": 200}
{"id": "t000001729", "svc": "gateway", "phase": "end", "ts": 5891100, "status": 200}
{"id": "t000001730", "svc": "payment", "phase": "start", "ts": 5892000, "status": 200}
{"id": "t000001730", "svc": "payment", "phase": "end", "ts": 5892100, "status": 200}
{"id": "t000001731", "svc": "auth", "phase": "start", "ts": 5893000, "status": 200}
{"id": "t000001731", "svc": "auth", "phase": "end", "ts": 5893100, "status": 200}
{"id": "t000001732", "svc": "gateway", "phase": "start", "ts": 5894000, "status": 200}
{"id": "t000001732", "svc": "gateway", "phase": "end", "ts": 5894100, "status": 200}
{"id": "t000001733", "svc": "payment", "phase": "start", "ts": 5895000, "status": 200}
{"id": "t000001733", "svc": "payment", "phase": "end", "ts": 5895100, "status": 200}
{"id": "t000001734", "svc": "auth", "phase": "start", "ts": 5896000, "status": 200}
{"id": "t000001734", "svc": "auth", "phase": "end", "ts": 5896100, "status": 200}
{"id": "t000001735", "svc": "gateway", "phase": "start", "ts": 5897000, "status": 200}
{"id": "t000001735", "svc": "gateway", "phase": "end", "ts": 5897100, "status": 200}
{"id": "t000001736", "svc": "payment", "phase": "start", "ts": 5898000, "status": 200}
{"id": "t000001736", "svc": "payment", "phase": "end", "ts": 5898100, "status": 500}
{"id": "t000001737", "svc": "auth", "phase": "start", "ts": 5899000, "status": 200}
{"id": "t000001737", "svc": "auth", "phase": "end", "ts": 5899100, "status": 200}
{"id": "t000001738", "svc": "gateway", "phase": "start", "ts": 5900000, "status": 200}
{"id": "t000001738", "svc": "gateway", "phase": "end", "ts": 5900100, "status": 200}
{"id": "t000001739", "svc": "payment", "phase": "start", "ts": 5901000, "status": 200}
{"id": "t000001739", "svc": "payment", "phase": "end", "ts": 5901100, "status": 200}
{"id": "t000001740", "svc": "auth", "phase": "start", "ts": 5902000, "status": 200}
{"id": "t000001740", "svc": "auth", "phase": "end", "ts": 5902100, "status": 200}
{"id": "t000001741", "svc": "gateway", "phase": "start", "ts": 5903000, "status": 200}
{"id": "t000001741", "svc": "gateway", "phase": "end", "ts": 5903100, "status": 200}
{"id": "t000001742", "svc": "payment", "phase": "start", "ts": 5904000, "status": 200}
{"id": "t000001742", "svc": "payment", "phase": "end", "ts": 5904100, "status": 200}
{"id": "t000001743", "svc": "auth", "phase": "start", "ts": 5905000, "status": 200}
{"id": "t000001743", "svc": "auth", "phase": "end", "ts": 5905100, "status": 200}
{"id": "t000001744", "svc": "gateway", "phase": "start", "ts": 5906000, "status": 200}
{"id": "t000001744", "svc": "gateway", "phase": "end", "ts": 5906100, "status": 500}
{"id": "t000001745", "svc": "payment", "phase": "start", "ts": 5907000, "status": 200}
{"id": "t000001745", "svc": "payment", "phase": "end", "ts": 5907100, "status": 200}
{"id": "t000001746", "svc": "auth", "phase": "start", "ts": 5908000, "status": 200}
{"id": "t000001746", "svc": "auth", "phase": "end", "ts": 5908100, "status": 200}
{"id": "t000001747", "svc": "gateway", "phase": "start", "ts": 5909000, "status": 200}
{"id": "t000001747", "svc": "gateway", "phase": "end", "ts": 5909100, "status": 200}
{"id": "t000001748", "svc": "payment", "phase": "start", "ts": 5910000, "status": 200}
{"id": "t000001748", "svc": "payment", "phase": "end", "ts": 5910100, "status": 200}
{"id": "t000001749", "svc": "auth", "phase": "start", "ts": 5911000, "status": 200}
{"id": "t000001749", "svc": "auth", "phase": "end", "ts": 5911100, "status": 200}
{"id": "t000001750", "svc": "gateway", "phase": "start", "ts": 5912000, "status": 200}
{"id": "t000001750", "svc": "gateway", "phase": "end", "ts": 5912100, "status": 200}
{"id": "t000001751", "svc": "payment", "phase": "start", "ts": 5913000, "status": 200}
{"id": "t000001751", "svc": "payment", "phase": "end", "ts": 5913100, "status": 200}
{"id": "t000001752", "svc": "auth", "phase": "start", "ts": 5914000, "status": 200}
{"id": "t000001752", "svc": "auth", "phase": "end", "ts": 5914100, "status": 500}
{"id": "t000001753", "svc": "gateway", "phase": "start", "ts": 5915000, "status": 200}
{"id": "t000001753", "svc": "gateway", "phase": "end", "ts": 5915100, "status": 200}
{"id": "t000001754", "svc": "payment", "phase": "start", "ts": 5916000, "status": 200}
{"id": "t000001754", "svc": "payment", "phase": "end", "ts": 5916100, "status": 200}
{"id": "t000001755", "svc": "auth", "phase": "start", "ts": 5917000, "status": 200}
{"id": "t000001755", "svc": "auth", "phase": "end", "ts": 5917100, "status": 200}
{"id": "t000001756", "svc": "gateway", "phase": "start", "ts": 5918000, "status": 200}
{"id": "t000001756", "svc": "gateway", "phase": "end", "ts": 5918100, "status": 200}
{"id": "t000001757", "svc": "payment", "phase": "start", "ts": 5919000, "status": 200}
{"id": "t000001757", "svc": "payment", "phase": "end", "ts": 5919100, "status": 200}
{"id": "t000001758", "svc": "auth", "phase": "start", "ts": 5920000, "status": 200}
{"id": "t000001758", "svc": "auth", "phase": "end", "ts": 5920100, "status": 200}
{"id": "t000001759", "svc": "gateway", "phase": "start", "ts": 5921000, "status": 200}
{"id": "t000001759", "svc": "gateway", "phase": "end", "ts": 5921100, "status": 200}
{"id": "t000001760", "svc": "payment", "phase": "start", "ts": 5922000, "status": 200}
{"id": "t000001760", "svc": "payment", "phase": "end", "ts": 5922100, "status": 500}
{"id": "t000001761", "svc": "auth", "phase": "start", "ts": 5923000, "status": 200}
{"id": "t000001761", "svc": "auth", "phase": "end", "ts": 5923100, "status": 200}
{"id": "t000001762", "svc": "gateway", "phase": "start", "ts": 5924000, "status": 200}
{"id": "t000001762", "svc": "gateway", "phase": "end", "ts": 5924100, "status": 200}
{"id": "t000001763", "svc": "payment", "phase": "start", "ts": 5925000, "status": 200}
{"id": "t000001763", "svc": "payment", "phase": "end", "ts": 5925100, "status": 200}
{"id": "t000001764", "svc": "auth", "phase": "start", "ts": 5926000, "status": 200}
{"id": "t000001764", "svc": "auth", "phase": "end", "ts": 5926100, "status": 200}
{"id": "t000001765", "svc": "gateway", "phase": "start", "ts": 5927000, "status": 200}
{"id": "t000001765", "svc": "gateway", "phase": "end", "ts": 5927100, "status": 200}
{"id": "t000001766", "svc": "payment", "phase": "start", "ts": 5928000, "status": 200}
{"id": "t000001766", "svc": "payment", "phase": "end", "ts": 5928100, "status": 200}
{"id": "t000001767", "svc": "auth", "phase": "start", "ts": 5929000, "status": 200}
{"id": "t000001767", "svc": "auth", "phase": "end", "ts": 5929100, "status": 200}
{"id": "t000001768", "svc": "gateway", "phase": "start", "ts": 5930000, "status": 200}
{"id": "t000001768", "svc": "gateway", "phase": "end", "ts": 5930100, "status": 500}
{"id": "t000001769", "svc": "payment", "phase": "start", "ts": 5931000, "status": 200}
{"id": "t000001769", "svc": "payment", "phase": "end", "ts": 5931100, "status": 200}
{"id": "t000001770", "svc": "auth", "phase": "start", "ts": 5932000, "status": 200}
{"id": "t000001770", "svc": "auth", "phase": "end", "ts": 5932100, "status": 200}
{"id": "t000001771", "svc": "gateway", "phase": "start", "ts": 5933000, "status": 200}
{"id": "t000001771", "svc": "gateway", "phase": "end", "ts": 5933100, "status": 200}
{"id": "t000001772", "svc": "payment", "phase": "start", "ts": 5934000, "status": 200}
{"id": "t000001772", "svc": "payment", "phase": "end", "ts": 5934100, "status": 200}
{"id": "t000001773", "svc": "auth", "phase": "start", "ts": 5935000, "status": 200}
{"id": "t000001773", "svc": "auth", "phase": "end", "ts": 5935100, "status": 200}
{"id": "t000001774", "svc": "gateway", "phase": "start", "ts": 5936000, "status": 200}
{"id": "t000001774", "svc": "gateway", "phase": "end", "ts": 5936100, "status": 200}
{"id": "t000001775", "svc": "payment", "phase": "start", "ts": 5937000, "status": 200}
{"id": "t000001775", "svc": "payment", "phase": "end", "ts": 5937100, "status": 200}
{"id": "t000001776", "svc": "auth", "phase": "start", "ts": 5938000, "status": 200}
{"id": "t000001776", "svc": "auth", "phase": "end", "ts": 5938100, "status": 500}
{"id": "t000001777", "svc": "gateway", "phase": "start", "ts": 5939000, "status": 200}
{"id": "t000001777", "svc": "gateway", "phase": "end", "ts": 5939100, "status": 200}
{"id": "t000001778", "svc": "payment", "phase": "start", "ts": 5940000, "status": 200}
{"id": "t000001778", "svc": "payment", "phase": "end", "ts": 5940100, "status": 200}
{"id": "t000001779", "svc": "auth", "phase": "start", "ts": 5941000, "status": 200}
{"id": "t000001779", "svc": "auth", "phase": "end", "ts": 5941100, "status": 200}
{"id": "t000001780", "svc": "gateway", "phase": "start", "ts": 5942000, "status": 200}
{"id": "t000001780", "svc": "gateway", "phase": "end", "ts": 5942100, "status": 200}
{"id": "t000001781", "svc": "payment", "phase": "start", "ts": 5943000, "status": 200}
{"id": "t000001781", "svc": "payment", "phase": "end", "ts": 5943100, "status": 200}
{"id": "t000001782", "svc": "auth", "phase": "start", "ts": 5944000, "status": 200}
{"id": "t000001782", "svc": "auth", "phase": "end", "ts": 5944100, "status": 200}
{"id": "t000001783", "svc": "gateway", "phase": "start", "ts": 5945000, "status": 200}
{"id": "t000001783", "svc": "gateway", "phase": "end", "ts": 5945100, "status": 200}
{"id": "t000001784", "svc": "payment", "phase": "start", "ts": 5946000, "status": 200}
{"id": "t000001784", "svc": "payment", "phase": "end", "ts": 5946100, "status": 500}
{"id": "t000001785", "svc": "auth", "phase": "start", "ts": 5947000, "status": 200}
{"id": "t000001785", "svc": "auth", "phase": "end", "ts": 5947100, "status": 200}
{"id": "t000001786", "svc": "gateway", "phase": "start", "ts": 5948000, "status": 200}
{"id": "t000001786", "svc": "gateway", "phase": "end", "ts": 5948100, "status": 200}
{"id": "t000001787", "svc": "payment", "phase": "start", "ts": 5949000, "status": 200}
{"id": "t000001787", "svc": "payment", "phase": "end", "ts": 5949100, "status": 200}
{"id": "t000001788", "svc": "auth", "phase": "start", "ts": 5950000, "status": 200}
{"id": "t000001788", "svc": "auth", "phase": "end", "ts": 5950100, "status": 200}
{"id": "t000001789", "svc": "gateway", "phase": "start", "ts": 5951000, "status": 200}
{"id": "t000001789", "svc": "gateway", "phase": "end", "ts": 5951100, "status": 200}
{"id": "t000001790", "svc": "payment", "phase": "start", "ts": 5952000, "status": 200}
{"id": "t000001790", "svc": "payment", "phase": "end", "ts": 5952100, "status": 200}
{"id": "t000001791", "svc": "auth", "phase": "start", "ts": 5953000, "status": 200}
{"id": "t000001791", "svc": "auth", "phase": "end", "ts": 5953100, "status": 200}
{"id": "t000001792", "svc": "gateway", "phase": "start", "ts": 5954000, "status": 200}
{"id": "t000001792", "svc": "gateway", "phase": "end", "ts": 5954100, "status": 500}
{"id": "t000001793", "svc": "payment", "phase": "start", "ts": 5955000, "status": 200}
{"id": "t000001793", "svc": "payment", "phase": "end", "ts": 5955100, "status": 200}
{"id": "t000001794", "svc": "auth", "phase": "start", "ts": 5956000, "status": 200}
{"id": "t000001794", "svc": "auth", "phase": "end", "ts": 5956100, "status": 200}
{"id": "t000001795", "svc": "gateway", "phase": "start", "ts": 5957000, "status": 200}
{"id": "t000001795", "svc": "gateway", "phase": "end", "ts": 5957100, "status": 200}
{"id": "t000001796", "svc": "payment", "phase": "start", "ts": 5958000, "status": 200}
{"id": "t000001796", "svc": "payment", "phase": "end", "ts": 5958100, "status": 200}
{"id": "t000001797", "svc": "auth", "phase": "start", "ts": 5959000, "status": 200}
{"id": "t000001797", "svc": "auth", "phase": "end", "ts": 5959100, "status": 200}
{"id": "t000001798", "svc": "gateway", "phase": "start", "ts": 5960000, "status": 200}
{"id": "t000001798", "svc": "gateway", "phase": "end", "ts": 5960100, "status": 200}
{"id": "t000001799", "svc": "payment", "phase": "start", "ts": 5961000, "status": 200}
{"id": "t000001799", "svc": "payment", "phase": "end", "ts": 5961100, "status": 200}
{"id": "t000001800", "svc": "auth", "phase": "start", "ts": 5962000, "status": 200}
{"id": "t000001800", "svc": "auth", "phase": "end", "ts": 5962100, "status": 500}
{"id": "t000001801", "svc": "gateway", "phase": "start", "ts": 5963000, "status": 200}
{"id": "t000001801", "svc": "gateway", "phase": "end", "ts": 5963100, "status": 200}
{"id": "t000001802", "svc": "payment", "phase": "start", "ts": 5964000, "status": 200}
{"id": "t000001802", "svc": "payment", "phase": "end", "ts": 5964100, "status": 200}
{"id": "t000001803", "svc": "auth", "phase": "start", "ts": 5965000, "status": 200}
{"id": "t000001803", "svc": "auth", "phase": "end", "ts": 5965100, "status": 200}
{"id": "t000001804", "svc": "gateway", "phase": "start", "ts": 5966000, "status": 200}
{"id": "t000001804", "svc": "gateway", "phase": "end", "ts": 5966100, "status": 200}
{"id": "t000001805", "svc": "payment", "phase": "start", "ts": 5967000, "status": 200}
{"id": "t000001805", "svc": "payment", "phase": "end", "ts": 5967100, "status": 200}
{"id": "t000001806", "svc": "auth", "phase": "start", "ts": 5968000, "status": 200}
{"id": "t000001806", "svc": "auth", "phase": "end", "ts": 5968100, "status": 200}
{"id": "t000001807", "svc": "gateway", "phase": "start", "ts": 5969000, "status": 200}
{"id": "t000001807", "svc": "gateway", "phase": "end", "ts": 5969100, "status": 200}
{"id": "t000001808", "svc": "payment", "phase": "start", "ts": 5970000, "status": 200}
{"id": "t000001808", "svc": "payment", "phase": "end", "ts": 5970100, "status": 500}
{"id": "t000001809", "svc": "auth", "phase": "start", "ts": 5971000, "status": 200}
{"id": "t000001809", "svc": "auth", "phase": "end", "ts": 5971100, "status": 200}
{"id": "t000001810", "svc": "gateway", "phase": "start", "ts": 5972000, "status": 200}
{"id": "t000001810", "svc": "gateway", "phase": "end", "ts": 5972100, "status": 200}
{"id": "t000001811", "svc": "payment", "phase": "start", "ts": 5973000, "status": 200}
{"id": "t000001811", "svc": "payment", "phase": "end", "ts": 5973100, "status": 200}
{"id": "t000001812", "svc": "auth", "phase": "start", "ts": 5974000, "status": 200}
{"id": "t000001812", "svc": "auth", "phase": "end", "ts": 5974100, "status": 200}
{"id": "t000001813", "svc": "gateway", "phase": "start", "ts": 5975000, "status": 200}
{"id": "t000001813", "svc": "gateway", "phase": "end", "ts": 5975100, "status": 200}
{"id": "t000001814", "svc": "payment", "phase": "start", "ts": 5976000, "status": 200}
{"id": "t000001814", "svc": "payment", "phase": "end", "ts": 5976100, "status": 200}
{"id": "t000001815", "svc": "auth", "phase": "start", "ts": 5977000, "status": 200}
{"id": "t000001815", "svc": "auth", "phase": "end", "ts": 5977100, "status": 200}
{"id": "t000001816", "svc": "gateway", "phase": "start", "ts": 5978000, "status": 200}
{"id": "t000001816", "svc": "gateway", "phase": "end", "ts": 5978100, "status": 500}
{"id": "t000001817", "svc": "payment", "phase": "start", "ts": 5979000, "status": 200}
{"id": "t000001817", "svc": "payment", "phase": "end", "ts": 5979100, "status": 200}
{"id": "t000001818", "svc": "auth", "phase": "start", "ts": 5980000, "status": 200}
{"id": "t000001818", "svc": "auth", "phase": "end", "ts": 5980100, "status": 200}
{"id": "t000001819", "svc": "gateway", "phase": "start", "ts": 5981000, "status": 200}
{"id": "t000001819", "svc": "gateway", "phase": "end", "ts": 5981100, "status": 200}
{"id": "t000001820", "svc": "payment", "phase": "start", "ts": 5982000, "status": 200}
{"id": "t000001820", "svc": "payment", "phase": "end", "ts": 5982100, "status": 200}
{"id": "t000001821", "svc": "auth", "phase": "start", "ts": 5983000, "status": 200}
{"id": "t000001821", "svc": "auth", "phase": "end", "ts": 5983100, "status": 200}
{"id": "t000001822", "svc": "gateway", "phase": "start", "ts": 5984000, "status": 200}
{"id": "t000001822", "svc": "gateway", "phase": "end", "ts": 5984100, "status": 200}
{"id": "t000001823", "svc": "payment", "phase": "start", "ts": 5985000, "status": 200}
{"id": "t000001823", "svc": "payment", "phase": "end", "ts": 5985100, "status": 200}
{"id": "t000001824", "svc": "auth", "phase": "start", "ts": 5986000, "status": 200}
{"id": "t000001824", "svc": "auth", "phase": "end", "ts": 5986100, "status": 500}
{"id": "t000001825", "svc": "gateway", "phase": "start", "ts": 5987000, "status": 200}
{"id": "t000001825", "svc": "gateway", "phase": "end", "ts": 5987100, "status": 200}
{"id": "t000001826", "svc": "payment", "phase": "start", "ts": 5988000, "status": 200}
{"id": "t000001826", "svc": "payment", "phase": "end", "ts": 5988100, "status": 200}
{"id": "t000001827", "svc": "auth", "phase": "start", "ts": 5989000, "status": 200}
{"id": "t000001827", "svc": "auth", "phase": "end", "ts": 5989100, "status": 200}
{"id": "t000001828", "svc": "gateway", "phase": "start", "ts": 5990000, "status": 200}
{"id": "t000001828", "svc": "gateway", "phase": "end", "ts": 5990100, "status": 200}
{"id": "t000001829", "svc": "payment", "phase": "start", "ts": 5991000, "status": 200}
{"id": "t000001829", "svc": "payment", "phase": "end", "ts": 5991100, "status": 200}
{"id": "t000001830", "svc": "auth", "phase": "start", "ts": 5992000, "status": 200}
{"id": "t000001830", "svc": "auth", "phase": "end", "ts": 5992100, "status": 200}
{"id": "t000001831", "svc": "gateway", "phase": "start", "ts": 5993000, "status": 200}
{"id": "t000001831", "svc": "gateway", "phase": "end", "ts": 5993100, "status": 200}
{"id": "t000001832", "svc": "payment", "phase": "start", "ts": 5994000, "status": 200}
{"id": "t000001832", "svc": "payment", "phase": "end", "ts": 5994100, "status": 500}
{"id": "t000001833", "svc": "auth", "phase": "start", "ts": 5995000, "status": 200}
{"id": "t000001833", "svc": "auth", "phase": "end", "ts": 5995100, "status": 200}
{"id": "t000001834", "svc": "gateway", "phase": "start", "ts": 5996000, "status": 200}
{"id": "t000001834", "svc": "gateway", "phase": "end", "ts": 5996100, "status": 200}
{"id": "t000001835", "svc": "payment", "phase": "start", "ts": 5997000, "status": 200}
{"id": "t000001835", "svc": "payment", "phase": "end", "ts": 5997100, "status": 200}
{"id": "t000001836", "svc": "auth", "phase": "start", "ts": 5998000, "status": 200}
{"id": "t000001836", "svc": "auth", "phase": "end", "ts": 5998100, "status": 200}
{"id": "t000001837", "svc": "gateway", "phase": "start", "ts": 5999000, "status": 200}
{"id": "t000001837", "svc": "gateway", "phase": "end", "ts": 5999100, "status": 200}
{"id": "t000001838", "svc": "payment", "phase": "start", "ts": 6000000, "status": 200}
{"id": "t000001838", "svc": "payment", "phase": "end", "ts": 6000100, "status": 200}
{"id": "t000001839", "svc": "auth", "phase": "start", "ts": 6001000, "status": 200}
{"id": "t000001839", "svc": "auth", "phase": "end", "ts": 6001100, "status": 200}
{"id": "t000001840", "svc": "gateway", "phase": "start", "ts": 6002000, "status": 200}
{"id": "t000001840", "svc": "gateway", "phase": "end", "ts": 6002100, "status": 500}
{"id": "t000001841", "svc": "payment", "phase": "start", "ts": 6003000, "status": 200}
{"id": "t000001841", "svc": "payment", "phase": "end", "ts": 6003100, "status": 200}
{"id": "t000001842", "svc": "auth", "phase": "start", "ts": 6004000, "status": 200}
{"id": "t000001842", "svc": "auth", "phase": "end", "ts": 6004100, "status": 200}
{"id": "t000001843", "svc": "gateway", "phase": "start", "ts": 6005000, "status": 200}
{"id": "t000001843", "svc": "gateway", "phase": "end", "ts": 6005100, "status": 200}
{"id": "t000001844", "svc": "payment", "phase": "start", "ts": 6006000, "status": 200}
{"id": "t000001844", "svc": "payment", "phase": "end", "ts": 6006100, "status": 200}
{"id": "t000001845", "svc": "auth", "phase": "start", "ts": 6007000, "status": 200}
{"id": "t000001845", "svc": "auth", "phase": "end", "ts": 6007100, "status": 200}
{"id": "t000001846", "svc": "gateway", "phase": "start", "ts": 6008000, "status": 200}
{"id": "t000001846", "svc": "gateway", "phase": "end", "ts": 6008100, "status": 200}
{"id": "t000001847", "svc": "payment", "phase": "start", "ts": 6009000, "status": 200}
{"id": "t000001847", "svc": "payment", "phase": "end", "ts": 6009100, "status": 200}
{"id": "t000001848", "svc": "auth", "phase": "start", "ts": 6010000, "status": 200}
{"id": "t000001848", "svc": "auth", "phase": "end", "ts": 6010100, "status": 500}
{"id": "t000001849", "svc": "gateway", "phase": "start", "ts": 6011000, "status": 200}
{"id": "t000001849", "svc": "gateway", "phase": "end", "ts": 6011100, "status": 200}
{"id": "t000001850", "svc": "payment", "phase": "start", "ts": 6012000, "status": 200}
{"id": "t000001850", "svc": "payment", "phase": "end", "ts": 6012100, "status": 200}
{"id": "t000001851", "svc": "auth", "phase": "start", "ts": 6013000, "status": 200}
{"id": "t000001851", "svc": "auth", "phase": "end", "ts": 6013100, "status": 200}
{"id": "t000001852", "svc": "gateway", "phase": "start", "ts": 6014000, "status": 200}
{"id": "t000001852", "svc": "gateway", "phase": "end", "ts": 6014100, "status": 200}
{"id": "t000001853", "svc": "payment", "phase": "start", "ts": 6015000, "status": 200}
{"id": "t000001853", "svc": "payment", "phase": "end", "ts": 6015100, "status": 200}
{"id": "t000001854", "svc": "auth", "phase": "start", "ts": 6016000, "status": 200}
{"id": "t000001854", "svc": "auth", "phase": "end", "ts": 6016100, "status": 200}
{"id": "t000001855", "svc": "gateway", "phase": "start", "ts": 6017000, "status": 200}
{"id": "t000001855", "svc": "gateway", "phase": "end", "ts": 6017100, "status": 200}
{"id": "t000001856", "svc": "payment", "phase": "start", "ts": 6018000, "status": 200}
{"id": "t000001856", "svc": "payment", "phase": "end", "ts": 6018100, "status": 500}
{"id": "t000001857", "svc": "auth", "phase": "start", "ts": 6019000, "status": 200}
{"id": "t000001857", "svc": "auth", "phase": "end", "ts": 6019100, "status": 200}
{"id": "t000001858", "svc": "gateway", "phase": "start", "ts": 6020000, "status": 200}
{"id": "t000001858", "svc": "gateway", "phase": "end", "ts": 6020100, "status": 200}
{"id": "t000001859", "svc": "payment", "phase": "start", "ts": 6021000, "status": 200}
{"id": "t000001859", "svc": "payment", "phase": "end", "ts": 6021100, "status": 200}
{"id": "t000001860", "svc": "auth", "phase": "start", "ts": 6022000, "status": 200}
{"id": "t000001860", "svc": "auth", "phase": "end", "ts": 6022100, "status": 200}
{"id": "t000001861", "svc": "gateway", "phase": "start", "ts": 6023000, "status": 200}
{"id": "t000001861", "svc": "gateway", "phase": "end", "ts": 6023100, "status": 200}
{"id": "t000001862", "svc": "payment", "phase": "start", "ts": 6024000, "status": 200}
{"id": "t000001862", "svc": "payment", "phase": "end", "ts": 6024100, "status": 200}
{"id": "t000001863", "svc": "auth", "phase": "start", "ts": 6025000, "status": 200}
{"id": "t000001863", "svc": "auth", "phase": "end", "ts": 6025100, "status": 200}
{"id": "t000001864", "svc": "gateway", "phase": "start", "ts": 6026000, "status": 200}
{"id": "t000001864", "svc": "gateway", "phase": "end", "ts": 6026100, "status": 500}
{"id": "t000001865", "svc": "payment", "phase": "start", "ts": 6027000, "status": 200}
{"id": "t000001865", "svc": "payment", "phase": "end", "ts": 6027100, "status": 200}
{"id": "t000001866", "svc": "auth", "phase": "start", "ts": 6028000, "status": 200}
{"id": "t000001866", "svc": "auth", "phase": "end", "ts": 6028100, "status": 200}
{"id": "t000001867", "svc": "gateway", "phase": "start", "ts": 6029000, "status": 200}
{"id": "t000001867", "svc": "gateway", "phase": "end", "ts": 6029100, "status": 200}
{"id": "t000001868", "svc": "payment", "phase": "start", "ts": 6030000, "status": 200}
{"id": "t000001868", "svc": "payment", "phase": "end", "ts": 6030100, "status": 200}
{"id": "t000001869", "svc": "auth", "phase": "start", "ts": 6031000, "status": 200}
{"id": "t000001869", "svc": "auth", "phase": "end", "ts": 6031100, "status": 200}
{"id": "t000001870", "svc": "gateway", "phase": "start", "ts": 6032000, "status": 200}
{"id": "t000001870", "svc": "gateway", "phase": "end", "ts": 6032100, "status": 200}
{"id": "t000001871", "svc": "payment", "phase": "start", "ts": 6033000, "status": 200}
{"id": "t000001871", "svc": "payment", "phase": "end", "ts": 6033100, "status": 200}
{"id": "t000001872", "svc": "auth", "phase": "start", "ts": 6034000, "status": 200}
{"id": "t000001872", "svc": "auth", "phase": "end", "ts": 6034100, "status": 500}
{"id": "t000001873", "svc": "gateway", "phase": "start", "ts": 6035000, "status": 200}
{"id": "t000001873", "svc": "gateway", "phase": "end", "ts": 6035100, "status": 200}
{"id": "t000001874", "svc": "payment", "phase": "start", "ts": 6036000, "status": 200}
{"id": "t000001874", "svc": "payment", "phase": "end", "ts": 6036100, "status": 200}
{"id": "t000001875", "svc": "auth", "phase": "start", "ts": 6037000, "status": 200}
{"id": "t000001875", "svc": "auth", "phase": "end", "ts": 6037100, "status": 200}
{"id": "t000001876", "svc": "gateway", "phase": "start", "ts": 6038000, "status": 200}
{"id": "t000001876", "svc": "gateway", "phase": "end", "ts": 6038100, "status": 200}
{"id": "t000001877", "svc": "payment", "phase": "start", "ts": 6039000, "status": 200}
{"id": "t000001877", "svc": "payment", "phase": "end", "ts": 6039100, "status": 200}
{"id": "t000001878", "svc": "auth", "phase": "start", "ts": 6040000, "status": 200}
{"id": "t000001878", "svc": "auth", "phase": "end", "ts": 6040100, "status": 200}
{"id": "t000001879", "svc": "gateway", "phase": "start", "ts": 6041000, "status": 200}
{"id": "t000001879", "svc": "gateway", "phase": "end", "ts": 6041100, "status": 200}
{"id": "t000001880", "svc": "payment", "phase": "start", "ts": 6042000, "status": 200}
{"id": "t000001880", "svc": "payment", "phase": "end", "ts": 6042100, "status": 500}
{"id": "t000001881", "svc": "auth", "phase": "start", "ts": 6043000, "status": 200}
{"id": "t000001881", "svc": "auth", "phase": "end", "ts": 6043100, "status": 200}
{"id": "t000001882", "svc": "gateway", "phase": "start", "ts": 6044000, "status": 200}
{"id": "t000001882", "svc": "gateway", "phase": "end", "ts": 6044100, "status": 200}
{"id": "t000001883", "svc": "payment", "phase": "start", "ts": 6045000, "status": 200}
{"id": "t000001883", "svc": "payment", "phase": "end", "ts": 6045100, "status": 200}
{"id": "t000001884", "svc": "auth", "phase": "start", "ts": 6046000, "status": 200}
{"id": "t000001884", "svc": "auth", "phase": "end", "ts": 6046100, "status": 200}
{"id": "t000001885", "svc": "gateway", "phase": "start", "ts": 6047000, "status": 200}
{"id": "t000001885", "svc": "gateway", "phase": "end", "ts": 6047100, "status": 200}
{"id": "t000001886", "svc": "payment", "phase": "start", "ts": 6048000, "status": 200}
{"id": "t000001886", "svc": "payment", "phase": "end", "ts": 6048100, "status": 200}
{"id": "t000001887", "svc": "auth", "phase": "start", "ts": 6049000, "status": 200}
{"id": "t000001887", "svc": "auth", "phase": "end", "ts": 6049100, "status": 200}
{"id": "t000001888", "svc": "gateway", "phase": "start", "ts": 6050000, "status": 200}
{"id": "t000001888", "svc": "gateway", "phase": "end", "ts": 6050100, "status": 500}
{"id": "t000001889", "svc": "payment", "phase": "start", "ts": 6051000, "status": 200}
{"id": "t000001889", "svc": "payment", "phase": "end", "ts": 6051100, "status": 200}
{"id": "t000001890", "svc": "auth", "phase": "start", "ts": 6052000, "status": 200}
{"id": "t000001890", "svc": "auth", "phase": "end", "ts": 6052100, "status": 200}
{"id": "t000001891", "svc": "gateway", "phase": "start", "ts": 6053000, "status": 200}
{"id": "t000001891", "svc": "gateway", "phase": "end", "ts": 6053100, "status": 200}
{"id": "t000001892", "svc": "payment", "phase": "start", "ts": 6054000, "status": 200}
{"id": "t000001892", "svc": "payment", "phase": "end", "ts": 6054100, "status": 200}
{"id": "t000001893", "svc": "auth", "phase": "start", "ts": 6055000, "status": 200}
{"id": "t000001893", "svc": "auth", "phase": "end", "ts": 6055100, "status": 200}
{"id": "t000001894", "svc": "gateway", "phase": "start", "ts": 6056000, "status": 200}
{"id": "t000001894", "svc": "gateway", "phase": "end", "ts": 6056100, "status": 200}
{"id": "t000001895", "svc": "payment", "phase": "start", "ts": 6057000, "status": 200}
{"id": "t000001895", "svc": "payment", "phase": "end", "ts": 6057100, "status": 200}
{"id": "t000001896", "svc": "auth", "phase": "start", "ts": 6058000, "status": 200}
{"id": "t000001896", "svc": "auth", "phase": "end", "ts": 6058100, "status": 500}
{"id": "t000001897", "svc": "gateway", "phase": "start", "ts": 6059000, "status": 200}
{"id": "t000001897", "svc": "gateway", "phase": "end", "ts": 6059100, "status": 200}
{"id": "t000001898", "svc": "payment", "phase": "start", "ts": 6060000, "status": 200}
{"id": "t000001898", "svc": "payment", "phase": "end", "ts": 6060100, "status": 200}
{"id": "t000001899", "svc": "auth", "phase": "start", "ts": 6061000, "status": 200}
{"id": "t000001899", "svc": "auth", "phase": "end", "ts": 6061100, "status": 200}
{"id": "t000001900", "svc": "gateway", "phase": "start", "ts": 6062000, "status": 200}
{"id": "t000001900", "svc": "gateway", "phase": "end", "ts": 6062100, "status": 200}
{"id": "t000001901", "svc": "payment", "phase": "start", "ts": 6063000, "status": 200}
{"id": "t000001901", "svc": "payment", "phase": "end", "ts": 6063100, "status": 200}
{"id": "t000001902", "svc": "auth", "phase": "start", "ts": 6064000, "status": 200}
{"id": "t000001902", "svc": "auth", "phase": "end", "ts": 6064100, "status": 200}
{"id": "t000001903", "svc": "gateway", "phase": "start", "ts": 6065000, "status": 200}
{"id": "t000001903", "svc": "gateway", "phase": "end", "ts": 6065100, "status": 200}
{"id": "t000001904", "svc": "payment", "phase": "start", "ts": 6066000, "status": 200}
{"id": "t000001904", "svc": "payment", "phase": "end", "ts": 6066100, "status": 500}
{"id": "t000001905", "svc": "auth", "phase": "start", "ts": 6067000, "status": 200}
{"id": "t000001905", "svc": "auth", "phase": "end", "ts": 6067100, "status": 200}
{"id": "t000001906", "svc": "gateway", "phase": "start", "ts": 6068000, "status": 200}
{"id": "t000001906", "svc": "gateway", "phase": "end", "ts": 6068100, "status": 200}
{"id": "t000001907", "svc": "payment", "phase": "start", "ts": 6069000, "status": 200}
{"id": "t000001907", "svc": "payment", "phase": "end", "ts": 6069100, "status": 200}
{"id": "t000001908", "svc": "auth", "phase": "start", "ts": 6070000, "status": 200}
{"id": "t000001908", "svc": "auth", "phase": "end", "ts": 6070100, "status": 200}
{"id": "t000001909", "svc": "gateway", "phase": "start", "ts": 6071000, "status": 200}
{"id": "t000001909", "svc": "gateway", "phase": "end", "ts": 6071100, "status": 200}
{"id": "t000001910", "svc": "payment", "phase": "start", "ts": 6072000, "status": 200}
{"id": "t000001910", "svc": "payment", "phase": "end", "ts": 6072100, "status": 200}
{"id": "t000001911", "svc": "auth", "phase": "start", "ts": 6073000, "status": 200}
{"id": "t000001911", "svc": "auth", "phase": "end", "ts": 6073100, "status": 200}
{"id": "t000001912", "svc": "gateway", "phase": "start", "ts": 6074000, "status": 200}
{"id": "t000001912", "svc": "gateway", "phase": "end", "ts": 6074100, "status": 500}
{"id": "t000001913", "svc": "payment", "phase": "start", "ts": 6075000, "status": 200}
{"id": "t000001913", "svc": "payment", "phase": "end", "ts": 6075100, "status": 200}
{"id": "t000001914", "svc": "auth", "phase": "start", "ts": 6076000, "status": 200}
{"id": "t000001914", "svc": "auth", "phase": "end", "ts": 6076100, "status": 200}
{"id": "t000001915", "svc": "gateway", "phase": "start", "ts": 6077000, "status": 200}
{"id": "t000001915", "svc": "gateway", "phase": "end", "ts": 6077100, "status": 200}
{"id": "t000001916", "svc": "payment", "phase": "start", "ts": 6078000, "status": 200}
{"id": "t000001916", "svc": "payment", "phase": "end", "ts": 6078100, "status": 200}
{"id": "t000001917", "svc": "auth", "phase": "start", "ts": 6079000, "status": 200}
{"id": "t000001917", "svc": "auth", "phase": "end", "ts": 6079100, "status": 200}
{"id": "t000001918", "svc": "gateway", "phase": "start", "ts": 6080000, "status": 200}
{"id": "t000001918", "svc": "gateway", "phase": "end", "ts": 6080100, "status": 200}
{"id": "t000001919", "svc": "payment", "phase": "start", "ts": 6081000, "status": 200}
{"id": "t000001919", "svc": "payment", "phase": "end", "ts": 6081100, "status": 200}
{"id": "t000001920", "svc": "auth", "phase": "start", "ts": 6082000, "status": 200}
{"id": "t000001920", "svc": "auth", "phase": "end", "ts": 6082100, "status": 500}
{"id": "t000001921", "svc": "gateway", "phase": "start", "ts": 6083000, "status": 200}
{"id": "t000001921", "svc": "gateway", "phase": "end", "ts": 6083100, "status": 200}
{"id": "t000001922", "svc": "payment", "phase": "start", "ts": 6084000, "status": 200}
{"id": "t000001922", "svc": "payment", "phase": "end", "ts": 6084100, "status": 200}
{"id": "t000001923", "svc": "auth", "phase": "start", "ts": 6085000, "status": 200}
{"id": "t000001923", "svc": "auth", "phase": "end", "ts": 6085100, "status": 200}
{"id": "t000001924", "svc": "gateway", "phase": "start", "ts": 6086000, "status": 200}
{"id": "t000001924", "svc": "gateway", "phase": "end", "ts": 6086100, "status": 200}
{"id": "t000001925", "svc": "payment", "phase": "start", "ts": 6087000, "status": 200}
{"id": "t000001925", "svc": "payment", "phase": "end", "ts": 6087100, "status": 200}
{"id": "t000001926", "svc": "auth", "phase": "start", "ts": 6088000, "status": 200}
{"id": "t000001926", "svc": "auth", "phase": "end", "ts": 6088100, "status": 200}
{"id": "t000001927", "svc": "gateway", "phase": "start", "ts": 6089000, "status": 200}
{"id": "t000001927", "svc": "gateway", "phase": "end", "ts": 6089100, "status": 200}
{"id": "t000001928", "svc": "payment", "phase": "start", "ts": 6090000, "status": 200}
{"id": "t000001928", "svc": "payment", "phase": "end", "ts": 6090100, "status": 500}
{"id": "t000001929", "svc": "auth", "phase": "start", "ts": 6091000, "status": 200}
{"id": "t000001929", "svc": "auth", "phase": "end", "ts": 6091100, "status": 200}
{"id": "t000001930", "svc": "gateway", "phase": "start", "ts": 6092000, "status": 200}
{"id": "t000001930", "svc": "gateway", "phase": "end", "ts": 6092100, "status": 200}
{"id": "t000001931", "svc": "payment", "phase": "start", "ts": 6093000, "status": 200}
{"id": "t000001931", "svc": "payment", "phase": "end", "ts": 6093100, "status": 200}
{"id": "t000001932", "svc": "auth", "phase": "start", "ts": 6094000, "status": 200}
{"id": "t000001932", "svc": "auth", "phase": "end", "ts": 6094100, "status": 200}
{"id": "t000001933", "svc": "gateway", "phase": "start", "ts": 6095000, "status": 200}
{"id": "t000001933", "svc": "gateway", "phase": "end", "ts": 6095100, "status": 200}
{"id": "t000001934", "svc": "payment", "phase": "start", "ts": 6096000, "status": 200}
{"id": "t000001934", "svc": "payment", "phase": "end", "ts": 6096100, "status": 200}
{"id": "t000001935", "svc": "auth", "phase": "start", "ts": 6097000, "status": 200}
{"id": "t000001935", "svc": "auth", "phase": "end", "ts": 6097100, "status": 200}
{"id": "t000001936", "svc": "gateway", "phase": "start", "ts": 6098000, "status": 200}
{"id": "t000001936", "svc": "gateway", "phase": "end", "ts": 6098100, "status": 500}
{"id": "t000001937", "svc": "payment", "phase": "start", "ts": 6099000, "status": 200}
{"id": "t000001937", "svc": "payment", "phase": "end", "ts": 6099100, "status": 200}
{"id": "t000001938", "svc": "auth", "phase": "start", "ts": 6100000, "status": 200}
{"id": "t000001938", "svc": "auth", "phase": "end", "ts": 6100100, "status": 200}
{"id": "t000001939", "svc": "gateway", "phase": "start", "ts": 6101000, "status": 200}
{"id": "t000001939", "svc": "gateway", "phase": "end", "ts": 6101100, "status": 200}
{"id": "t000001940", "svc": "payment", "phase": "start", "ts": 6102000, "status": 200}
{"id": "t000001940", "svc": "payment", "phase": "end", "ts": 6102100, "status": 200}
{"id": "t000001941", "svc": "auth", "phase": "start", "ts": 6103000, "status": 200}
{"id": "t000001941", "svc": "auth", "phase": "end", "ts": 6103100, "status": 200}
{"id": "t000001942", "svc": "gateway", "phase": "start", "ts": 6104000, "status": 200}
{"id": "t000001942", "svc": "gateway", "phase": "end", "ts": 6104100, "status": 200}
{"id": "t000001943", "svc": "payment", "phase": "start", "ts": 6105000, "status": 200}
{"id": "t000001943", "svc": "payment", "phase": "end", "ts": 6105100, "status": 200}
{"id": "t000001944", "svc": "auth", "phase": "start", "ts": 6106000, "status": 200}
{"id": "t000001944", "svc": "auth", "phase": "end", "ts": 6106100, "status": 500}
{"id": "t000001945", "svc": "gateway", "phase": "start", "ts": 6107000, "status": 200}
{"id": "t000001945", "svc": "gateway", "phase": "end", "ts": 6107100, "status": 200}
{"id": "t000001946", "svc": "payment", "phase": "start", "ts": 6108000, "status": 200}
{"id": "t000001946", "svc": "payment", "phase": "end", "ts": 6108100, "status": 200}
{"id": "t000001947", "svc": "auth", "phase": "start", "ts": 6109000, "status": 200}
{"id": "t000001947", "svc": "auth", "phase": "end", "ts": 6109100, "status": 200}
{"id": "t000001948", "svc": "gateway", "phase": "start", "ts": 6110000, "status": 200}
{"id": "t000001948", "svc": "gateway", "phase": "end", "ts": 6110100, "status": 200}
{"id": "t000001949", "svc": "payment", "phase": "start", "ts": 6111000, "status": 200}
{"id": "t000001949", "svc": "payment", "phase": "end", "ts": 6111100, "status": 200}
{"id": "t000001950", "svc": "auth", "phase": "start", "ts": 6112000, "status": 200}
{"id": "t000001950", "svc": "auth", "phase": "end", "ts": 6112100, "status": 200}
{"id": "t000001951", "svc": "gateway", "phase": "start", "ts": 6113000, "status": 200}
{"id": "t000001951", "svc": "gateway", "phase": "end", "ts": 6113100, "status": 200}
{"id": "t000001952", "svc": "payment", "phase": "start", "ts": 6114000, "status": 200}
{"id": "t000001952", "svc": "payment", "phase": "end", "ts": 6114100, "status": 500}
{"id": "t000001953", "svc": "auth", "phase": "start", "ts": 6115000, "status": 200}
{"id": "t000001953", "svc": "auth", "phase": "end", "ts": 6115100, "status": 200}
{"id": "t000001954", "svc": "gateway", "phase": "start", "ts": 6116000, "status": 200}
{"id": "t000001954", "svc": "gateway", "phase": "end", "ts": 6116100, "status": 200}
{"id": "t000001955", "svc": "payment", "phase": "start", "ts": 6117000, "status": 200}
{"id": "t000001955", "svc": "payment", "phase": "end", "ts": 6117100, "status": 200}
{"id": "t000001956", "svc": "auth", "phase": "start", "ts": 6118000, "status": 200}
{"id": "t000001956", "svc": "auth", "phase": "end", "ts": 6118100, "status": 200}
{"id": "t000001957", "svc": "gateway", "phase": "start", "ts": 6119000, "status": 200}
{"id": "t000001957", "svc": "gateway", "phase": "end", "ts": 6119100, "status": 200}
{"id": "t000001958", "svc": "payment", "phase": "start", "ts": 6120000, "status": 200}
{"id": "t000001958", "svc": "payment", "phase": "end", "ts": 6120100, "status": 200}
{"id": "t000001959", "svc": "auth", "phase": "start", "ts": 6121000, "status": 200}
{"id": "t000001959", "svc": "auth", "phase": "end", "ts": 6121100, "status": 200}
{"id": "t000001960", "svc": "gateway", "phase": "start", "ts": 6122000, "status": 200}
{"id": "t000001960", "svc": "gateway", "phase": "end", "ts": 6122100, "status": 500}
{"id": "t000001961", "svc": "payment", "phase": "start", "ts": 6123000, "status": 200}
{"id": "t000001961", "svc": "payment", "phase": "end", "ts": 6123100, "status": 200}
{"id": "t000001962", "svc": "auth", "phase": "start", "ts": 6124000, "status": 200}
{"id": "t000001962", "svc": "auth", "phase": "end", "ts": 6124100, "status": 200}
{"id": "t000001963", "svc": "gateway", "phase": "start", "ts": 6125000, "status": 200}
{"id": "t000001963", "svc": "gateway", "phase": "end", "ts": 6125100, "status": 200}
{"id": "t000001964", "svc": "payment", "phase": "start", "ts": 6126000, "status": 200}
{"id": "t000001964", "svc": "payment", "phase": "end", "ts": 6126100, "status": 200}
{"id": "t000001965", "svc": "auth", "phase": "start", "ts": 6127000, "status": 200}
{"id": "t000001965", "svc": "auth", "phase": "end", "ts": 6127100, "status": 200}
{"id": "t000001966", "svc": "gateway", "phase": "start", "ts": 6128000, "status": 200}
{"id": "t000001966", "svc": "gateway", "phase": "end", "ts": 6128100, "status": 200}
{"id": "t000001967", "svc": "payment", "phase": "start", "ts": 6129000, "status": 200}
{"id": "t000001967", "svc": "payment", "phase": "end", "ts": 6129100, "status": 200}
{"id": "t000001968", "svc": "auth", "phase": "start", "ts": 6130000, "status": 200}
{"id": "t000001968", "svc": "auth", "phase": "end", "ts": 6130100, "status": 500}
{"id": "t000001969", "svc": "gateway", "phase": "start", "ts": 6131000, "status": 200}
{"id": "t000001969", "svc": "gateway", "phase": "end", "ts": 6131100, "status": 200}
{"id": "t000001970", "svc": "payment", "phase": "start", "ts": 6132000, "status": 200}
{"id": "t000001970", "svc": "payment", "phase": "end", "ts": 6132100, "status": 200}
{"id": "t000001971", "svc": "auth", "phase": "start", "ts": 6133000, "status": 200}
{"id": "t000001971", "svc": "auth", "phase": "end", "ts": 6133100, "status": 200}
{"id": "t000001972", "svc": "gateway", "phase": "start", "ts": 6134000, "status": 200}
{"id": "t000001972", "svc": "gateway", "phase": "end", "ts": 6134100, "status": 200}
{"id": "t000001973", "svc": "payment", "phase": "start", "ts": 6135000, "status": 200}
{"id": "t000001973", "svc": "payment", "phase": "end", "ts": 6135100, "status": 200}
{"id": "t000001974", "svc": "auth", "phase": "start", "ts": 6136000, "status": 200}
{"id": "t000001974", "svc": "auth", "phase": "end", "ts": 6136100, "status": 200}
{"id": "t000001975", "svc": "gateway", "phase": "start", "ts": 6137000, "status": 200}
{"id": "t000001975", "svc": "gateway", "phase": "end", "ts": 6137100, "status": 200}
{"id": "t000001976", "svc": "payment", "phase": "start", "ts": 6138000, "status": 200}
{"id": "t000001976", "svc": "payment", "phase": "end", "ts": 6138100, "status": 500}
{"id": "t000001977", "svc": "auth", "phase": "start", "ts": 6139000, "status": 200}
{"id": "t000001977", "svc": "auth", "phase": "end", "ts": 6139100, "status": 200}
{"id": "t000001978", "svc": "gateway", "phase": "start", "ts": 6140000, "status": 200}
{"id": "t000001978", "svc": "gateway", "phase": "end", "ts": 6140100, "status": 200}
{"id": "t000001979", "svc": "payment", "phase": "start", "ts": 6141000, "status": 200}
{"id": "t000001979", "svc": "payment", "phase": "end", "ts": 6141100, "status": 200}
{"id": "t000001980", "svc": "auth", "phase": "start", "ts": 6142000, "status": 200}
{"id": "t000001980", "svc": "auth", "phase": "end", "ts": 6142100, "status": 200}
{"id": "t000001981", "svc": "gateway", "phase": "start", "ts": 6143000, "status": 200}
{"id": "t000001981", "svc": "gateway", "phase": "end", "ts": 6143100, "status": 200}
{"id": "t000001982", "svc": "payment", "phase": "start", "ts": 6144000, "status": 200}
{"id": "t000001982", "svc": "payment", "phase": "end", "ts": 6144100, "status": 200}
{"id": "t000001983", "svc": "auth", "phase": "start", "ts": 6145000, "status": 200}
{"id": "t000001983", "svc": "auth", "phase": "end", "ts": 6145100, "status": 200}
{"id": "t000001984", "svc": "gateway", "phase": "start", "ts": 6146000, "status": 200}
{"id": "t000001984", "svc": "gateway", "phase": "end", "ts": 6146100, "status": 500}
{"id": "t000001985", "svc": "payment", "phase": "start", "ts": 6147000, "status": 200}
{"id": "t000001985", "svc": "payment", "phase": "end", "ts": 6147100, "status": 200}
{"id": "t000001986", "svc": "auth", "phase": "start", "ts": 6148000, "status": 200}
{"id": "t000001986", "svc": "auth", "phase": "end", "ts": 6148100, "status": 200}
{"id": "t000001987", "svc": "gateway", "phase": "start", "ts": 6149000, "status": 200}
{"id": "t000001987", "svc": "gateway", "phase": "end", "ts": 6149100, "status": 200}
{"id": "t000001988", "svc": "payment", "phase": "start", "ts": 6150000, "status": 200}
{"id": "t000001988", "svc": "payment", "phase": "end", "ts": 6150100, "status": 200}
{"id": "t000001989", "svc": "auth", "phase": "start", "ts": 6151000, "status": 200}
{"id": "t000001989", "svc": "auth", "phase": "end", "ts": 6151100, "status": 200}
{"id": "t000001990", "svc": "gateway", "phase": "start", "ts": 6152000, "status": 200}
{"id": "t000001990", "svc": "gateway", "phase": "end", "ts": 6152100, "status": 200}
{"id": "t000001991", "svc": "payment", "phase": "start", "ts": 6153000, "status": 200}
{"id": "t000001991", "svc": "payment", "phase": "end", "ts": 6153100, "status": 200}
{"id": "t000001992", "svc": "auth", "phase": "start", "ts": 6154000, "status": 200}
{"id": "t000001992", "svc": "auth", "phase": "end", "ts": 6154100, "status": 500}
{"id": "t000001993", "svc": "gateway", "phase": "start", "ts": 6155000, "status": 200}
{"id": "t000001993", "svc": "gateway", "phase": "end", "ts": 6155100, "status": 200}
{"id": "t000001994", "svc": "payment", "phase": "start", "ts": 6156000, "status": 200}
{"id": "t000001994", "svc": "payment", "phase": "end", "ts": 6156100, "status": 200}
{"id": "t000001995", "svc": "auth", "phase": "start", "ts": 6157000, "status": 200}
{"id": "t000001995", "svc": "auth", "phase": "end", "ts": 6157100, "status": 200}
{"id": "t000001996", "svc": "gateway", "phase": "start", "ts": 6158000, "status": 200}
{"id": "t000001996", "svc": "gateway", "phase": "end", "ts": 6158100, "status": 200}
{"id": "t000001997", "svc": "payment", "phase": "start", "ts": 6159000, "status": 200}
{"id": "t000001997", "svc": "payment", "phase": "end", "ts": 6159100, "status": 200}
{"id": "t000001998", "svc": "auth", "phase": "start", "ts": 6160000, "status": 200}
{"id": "t000001998", "svc": "auth", "phase": "end", "ts": 6160100, "status": 200}
{"id": "t000001999", "svc": "gateway", "phase": "start", "ts": 6161000, "status": 200}
{"id": "t000001999", "svc": "gateway", "phase": "end", "ts": 6161100, "status": 200}
{"id": "t000002000", "svc": "payment", "phase": "start", "ts": 6162000, "status": 200}
{"id": "t000002000", "svc": "payment", "phase": "end", "ts": 6162100, "status": 500}
{"id": "t000002001", "svc": "auth", "phase": "start", "ts": 6163000, "status": 200}
{"id": "t000002001", "svc": "auth", "phase": "end", "ts": 6163100, "status": 200}
{"id": "t000002002", "svc": "gateway", "phase": "start", "ts": 6164000, "status": 200}
{"id": "t000002002", "svc": "gateway", "phase": "end", "ts": 6164100, "status": 200}
{"id": "t000002003", "svc": "payment", "phase": "start", "ts": 6165000, "status": 200}
{"id": "t000002003", "svc": "payment", "phase": "end", "ts": 6165100, "status": 200}
{"id": "t000002004", "svc": "auth", "phase": "start", "ts": 6166000, "status": 200}
{"id": "t000002004", "svc": "auth", "phase": "end", "ts": 6166100, "status": 200}
{"id": "t000002005", "svc": "gateway", "phase": "start", "ts": 6167000, "status": 200}
{"id": "t000002005", "svc": "gateway", "phase": "end", "ts": 6167100, "status": 200}
{"id": "t000002006", "svc": "payment", "phase": "start", "ts": 6168000, "status": 200}
{"id": "t000002006", "svc": "payment", "phase": "end", "ts": 6168100, "status": 200}
{"id": "t000002007", "svc": "auth", "phase": "start", "ts": 6169000, "status": 200}
{"id": "t000002007", "svc": "auth", "phase": "end", "ts": 6169100, "status": 200}
{"id": "t000002008", "svc": "gateway", "phase": "start", "ts": 6170000, "status": 200}
{"id": "t000002008", "svc": "gateway", "phase": "end", "ts": 6170100, "status": 500}
{"id": "t000002009", "svc": "payment", "phase": "start", "ts": 6171000, "status": 200}
{"id": "t000002009", "svc": "payment", "phase": "end", "ts": 6171100, "status": 200}
{"id": "t000002010", "svc": "auth", "phase": "start", "ts": 6172000, "status": 200}
{"id": "t000002010", "svc": "auth", "phase": "end", "ts": 6172100, "status": 200}
{"id": "t000002011", "svc": "gateway", "phase": "start", "ts": 6173000, "status": 200}
{"id": "t000002011", "svc": "gateway", "phase": "end", "ts": 6173100, "status": 200}
{"id": "t000002012", "svc": "payment", "phase": "start", "ts": 6174000, "status": 200}
{"id": "t000002012", "svc": "payment", "phase": "end", "ts": 6174100, "status": 200}
{"id": "t000002013", "svc": "auth", "phase": "start", "ts": 6175000, "status": 200}
{"id": "t000002013", "svc": "auth", "phase": "end", "ts": 6175100, "status": 200}
{"id": "t000002014", "svc": "gateway", "phase": "start", "ts": 6176000, "status": 200}
{"id": "t000002014", "svc": "gateway", "phase": "end", "ts": 6176100, "status": 200}
{"id": "t000002015", "svc": "payment", "phase": "start", "ts": 6177000, "status": 200}
{"id": "t000002015", "svc": "payment", "phase": "end", "ts": 6177100, "status": 200}
{"id": "t000002016", "svc": "auth", "phase": "start", "ts": 6178000, "status": 200}
{"id": "t000002016", "svc": "auth", "phase": "end", "ts": 6178100, "status": 500}
{"id": "t000002017", "svc": "gateway", "phase": "start", "ts": 6179000, "status": 200}
{"id": "t000002017", "svc": "gateway", "phase": "end", "ts": 6179100, "status": 200}
{"id": "t000002018", "svc": "payment", "phase": "start", "ts": 6180000, "status": 200}
{"id": "t000002018", "svc": "payment", "phase": "end", "ts": 6180100, "status": 200}
{"id": "t000002019", "svc": "auth", "phase": "start", "ts": 6181000, "status": 200}
{"id": "t000002019", "svc": "auth", "phase": "end", "ts": 6181100, "status": 200}
{"id": "t000002020", "svc": "gateway", "phase": "start", "ts": 6182000, "status": 200}
{"id": "t000002020", "svc": "gateway", "phase": "end", "ts": 6182100, "status": 200}
{"id": "t000002021", "svc": "payment", "phase": "start", "ts": 6183000, "status": 200}
{"id": "t000002021", "svc": "payment", "phase": "end", "ts": 6183100, "status": 200}
{"id": "t000002022", "svc": "auth", "phase": "start", "ts": 6184000, "status": 200}
{"id": "t000002022", "svc": "auth", "phase": "end", "ts": 6184100, "status": 200}
{"id": "t000002023", "svc": "gateway", "phase": "start", "ts": 6185000, "status": 200}
{"id": "t000002023", "svc": "gateway", "phase": "end", "ts": 6185100, "status": 200}
{"id": "t000002024", "svc": "payment", "phase": "start", "ts": 6186000, "status": 200}
{"id": "t000002024", "svc": "payment", "phase": "end", "ts": 6186100, "status": 500}
{"id": "t000002025", "svc": "auth", "phase": "start", "ts": 6187000, "status": 200}
{"id": "t000002025", "svc": "auth", "phase": "end", "ts": 6187100, "status": 200}
{"id": "t000002026", "svc": "gateway", "phase": "start", "ts": 6188000, "status": 200}
{"id": "t000002026", "svc": "gateway", "phase": "end", "ts": 6188100, "status": 200}
{"id": "t000002027", "svc": "payment", "phase": "start", "ts": 6189000, "status": 200}
{"id": "t000002027", "svc": "payment", "phase": "end", "ts": 6189100, "status": 200}
{"id": "t000002028", "svc": "auth", "phase": "start", "ts": 6190000, "status": 200}
{"id": "t000002028", "svc": "auth", "phase": "end", "ts": 6190100, "status": 200}
{"id": "t000002029", "svc": "gateway", "phase": "start", "ts": 6191000, "status": 200}
{"id": "t000002029", "svc": "gateway", "phase": "end", "ts": 6191100, "status": 200}
{"id": "t000002030", "svc": "payment", "phase": "start", "ts": 6192000, "status": 200}
{"id": "t000002030", "svc": "payment", "phase": "end", "ts": 6192100, "status": 200}
{"id": "t000002031", "svc": "auth", "phase": "start", "ts": 6193000, "status": 200}
{"id": "t000002031", "svc": "auth", "phase": "end", "ts": 6193100, "status": 200}
{"id": "t000002032", "svc": "gateway", "phase": "start", "ts": 6194000, "status": 200}
{"id": "t000002032", "svc": "gateway", "phase": "end", "ts": 6194100, "status": 500}
{"id": "t000002033", "svc": "payment", "phase": "start", "ts": 6195000, "status": 200}
{"id": "t000002033", "svc": "payment", "phase": "end", "ts": 6195100, "status": 200}
{"id": "t000002034", "svc": "auth", "phase": "start", "ts": 6196000, "status": 200}
{"id": "t000002034", "svc": "auth", "phase": "end", "ts": 6196100, "status": 200}
{"id": "t000002035", "svc": "gateway", "phase": "start", "ts": 6197000, "status": 200}
{"id": "t000002035", "svc": "gateway", "phase": "end", "ts": 6197100, "status": 200}
{"id": "t000002036", "svc": "payment", "phase": "start", "ts": 6198000, "status": 200}
{"id": "t000002036", "svc": "payment", "phase": "end", "ts": 6198100, "status": 200}
{"id": "t000002037", "svc": "auth", "phase": "start", "ts": 6199000, "status": 200}
{"id": "t000002037", "svc": "auth", "phase": "end", "ts": 6199100, "status": 200}
{"id": "t000002038", "svc": "gateway", "phase": "start", "ts": 6200000, "status": 200}
{"id": "t000002038", "svc": "gateway", "phase": "end", "ts": 6200100, "status": 200}
{"id": "t000002039", "svc": "payment", "phase": "start", "ts": 6201000, "status": 200}
{"id": "t000002039", "svc": "payment", "phase": "end", "ts": 6201100, "status": 200}
{"id": "t000002040", "svc": "auth", "phase": "start", "ts": 6202000, "status": 200}
{"id": "t000002040", "svc": "auth", "phase": "end", "ts": 6202100, "status": 500}
{"id": "t000002041", "svc": "gateway", "phase": "start", "ts": 6203000, "status": 200}
{"id": "t000002041", "svc": "gateway", "phase": "end", "ts": 6203100, "status": 200}
{"id": "t000002042", "svc": "payment", "phase": "start", "ts": 6204000, "status": 200}
{"id": "t000002042", "svc": "payment", "phase": "end", "ts": 6204100, "status": 200}
{"id": "t000002043", "svc": "auth", "phase": "start", "ts": 6205000, "status": 200}
{"id": "t000002043", "svc": "auth", "phase": "end", "ts": 6205100, "status": 200}
{"id": "t000002044", "svc": "gateway", "phase": "start", "ts": 6206000, "status": 200}
{"id": "t000002044", "svc": "gateway", "phase": "end", "ts": 6206100, "status": 200}
{"id": "t000002045", "svc": "payment", "phase": "start", "ts": 6207000, "status": 200}
{"id": "t000002045", "svc": "payment", "phase": "end", "ts": 6207100, "status": 200}
{"id": "t000002046", "svc": "auth", "phase": "start", "ts": 6208000, "status": 200}
{"id": "t000002046", "svc": "auth", "phase": "end", "ts": 6208100, "status": 200}
{"id": "t000002047", "svc": "gateway", "phase": "start", "ts": 6209000, "status": 200}
{"id": "t000002047", "svc": "gateway", "phase": "end", "ts": 6209100, "status": 200}
{"id": "t000002048", "svc": "payment", "phase": "start", "ts": 6210000, "status": 200}
{"id": "t000002048", "svc": "payment", "phase": "end", "ts": 6210100, "status": 500}
{"id": "t000002049", "svc": "auth", "phase": "start", "ts": 6211000, "status": 200}
{"id": "t000002049", "svc": "auth", "phase": "end", "ts": 6211100, "status": 200}
{"id": "t000002050", "svc": "gateway", "phase": "start", "ts": 6212000, "status": 200}
{"id": "t000002050", "svc": "gateway", "phase": "end", "ts": 6212100, "status": 200}
{"id": "t000002051", "svc": "payment", "phase": "start", "ts": 6213000, "status": 200}
{"id": "t000002051", "svc": "payment", "phase": "end", "ts": 6213100, "status": 200}
{"id": "t000002052", "svc": "auth", "phase": "start", "ts": 6214000, "status": 200}
{"id": "t000002052", "svc": "auth", "phase": "end", "ts": 6214100, "status": 200}
{"id": "t000002053", "svc": "gateway", "phase": "start", "ts": 6215000, "status": 200}
{"id": "t000002053", "svc": "gateway", "phase": "end", "ts": 6215100, "status": 200}
{"id": "t000002054", "svc": "payment", "phase": "start", "ts": 6216000, "status": 200}
{"id": "t000002054", "svc": "payment", "phase": "end", "ts": 6216100, "status": 200}
{"id": "t000002055", "svc": "auth", "phase": "start", "ts": 6217000, "status": 200}
{"id": "t000002055", "svc": "auth", "phase": "end", "ts": 6217100, "status": 200}
{"id": "t000002056", "svc": "gateway", "phase": "start", "ts": 6218000, "status": 200}
{"id": "t000002056", "svc": "gateway", "phase": "end", "ts": 6218100, "status": 500}
{"id": "t000002057", "svc": "payment", "phase": "start", "ts": 6219000, "status": 200}
{"id": "t000002057", "svc": "payment", "phase": "end", "ts": 6219100, "status": 200}
{"id": "t000002058", "svc": "auth", "phase": "start", "ts": 6220000, "status": 200}
{"id": "t000002058", "svc": "auth", "phase": "end", "ts": 6220100, "status": 200}
{"id": "t000002059", "svc": "gateway", "phase": "start", "ts": 6221000, "status": 200}
{"id": "t000002059", "svc": "gateway", "phase": "end", "ts": 6221100, "status": 200}
{"id": "t000002060", "svc": "payment", "phase": "start", "ts": 6222000, "status": 200}
{"id": "t000002060", "svc": "payment", "phase": "end", "ts": 6222100, "status": 200}
{"id": "t000002061", "svc": "auth", "phase": "start", "ts": 6223000, "status": 200}
{"id": "t000002061", "svc": "auth", "phase": "end", "ts": 6223100, "status": 200}
{"id": "t000002062", "svc": "gateway", "phase": "start", "ts": 6224000, "status": 200}
{"id": "t000002062", "svc": "gateway", "phase": "end", "ts": 6224100, "status": 200}
{"id": "t000002063", "svc": "payment", "phase": "start", "ts": 6225000, "status": 200}
{"id": "t000002063", "svc": "payment", "phase": "end", "ts": 6225100, "status": 200}
{"id": "t000002064", "svc": "auth", "phase": "start", "ts": 6226000, "status": 200}
{"id": "t000002064", "svc": "auth", "phase": "end", "ts": 6226100, "status": 500}
{"id": "t000002065", "svc": "gateway", "phase": "start", "ts": 6227000, "status": 200}
{"id": "t000002065", "svc": "gateway", "phase": "end", "ts": 6227100, "status": 200}
{"id": "t000002066", "svc": "payment", "phase": "start", "ts": 6228000, "status": 200}
{"id": "t000002066", "svc": "payment", "phase": "end", "ts": 6228100, "status": 200}
{"id": "t000002067", "svc": "auth", "phase": "start", "ts": 6229000, "status": 200}
{"id": "t000002067", "svc": "auth", "phase": "end", "ts": 6229100, "status": 200}
{"id": "t000002068", "svc": "gateway", "phase": "start", "ts": 6230000, "status": 200}
{"id": "t000002068", "svc": "gateway", "phase": "end", "ts": 6230100, "status": 200}
{"id": "t000002069", "svc": "payment", "phase": "start", "ts": 6231000, "status": 200}
{"id": "t000002069", "svc": "payment", "phase": "end", "ts": 6231100, "status": 200}
{"id": "t000002070", "svc": "auth", "phase": "start", "ts": 6232000, "status": 200}
{"id": "t000002070", "svc": "auth", "phase": "end", "ts": 6232100, "status": 200}
{"id": "t000002071", "svc": "gateway", "phase": "start", "ts": 6233000, "status": 200}
{"id": "t000002071", "svc": "gateway", "phase": "end", "ts": 6233100, "status": 200}
{"id": "t000002072", "svc": "payment", "phase": "start", "ts": 6234000, "status": 200}
{"id": "t000002072", "svc": "payment", "phase": "end", "ts": 6234100, "status": 500}
{"id": "t000002073", "svc": "auth", "phase": "start", "ts": 6235000, "status": 200}
{"id": "t000002073", "svc": "auth", "phase": "end", "ts": 6235100, "status": 200}
{"id": "t000002074", "svc": "gateway", "phase": "start", "ts": 6236000, "status": 200}
{"id": "t000002074", "svc": "gateway", "phase": "end", "ts": 6236100, "status": 200}
{"id": "t000002075", "svc": "payment", "phase": "start", "ts": 6237000, "status": 200}
{"id": "t000002075", "svc": "payment", "phase": "end", "ts": 6237100, "status": 200}
{"id": "t000002076", "svc": "auth", "phase": "start", "ts": 6238000, "status": 200}
{"id": "t000002076", "svc": "auth", "phase": "end", "ts": 6238100, "status": 200}
{"id": "t000002077", "svc": "gateway", "phase": "start", "ts": 6239000, "status": 200}
{"id": "t000002077", "svc": "gateway", "phase": "end", "ts": 6239100, "status": 200}
{"id": "t000002078", "svc": "payment", "phase": "start", "ts": 6240000, "status": 200}
{"id": "t000002078", "svc": "payment", "phase": "end", "ts": 6240100, "status": 200}
{"id": "t000002079", "svc": "auth", "phase": "start", "ts": 6241000, "status": 200}
{"id": "t000002079", "svc": "auth", "phase": "end", "ts": 6241100, "status": 200}
{"id": "t000002080", "svc": "gateway", "phase": "start", "ts": 6242000, "status": 200}
{"id": "t000002080", "svc": "gateway", "phase": "end", "ts": 6242100, "status": 500}
{"id": "t000002081", "svc": "payment", "phase": "start", "ts": 6243000, "status": 200}
{"id": "t000002081", "svc": "payment", "phase": "end", "ts": 6243100, "status": 200}
{"id": "t000002082", "svc": "auth", "phase": "start", "ts": 6244000, "status": 200}
{"id": "t000002082", "svc": "auth", "phase": "end", "ts": 6244100, "status": 200}
{"id": "t000002083", "svc": "gateway", "phase": "start", "ts": 6245000, "status": 200}
{"id": "t000002083", "svc": "gateway", "phase": "end", "ts": 6245100, "status": 200}
{"id": "t000002084", "svc": "payment", "phase": "start", "ts": 6246000, "status": 200}
{"id": "t000002084", "svc": "payment", "phase": "end", "ts": 6246100, "status": 200}
{"id": "t000002085", "svc": "auth", "phase": "start", "ts": 6247000, "status": 200}
{"id": "t000002085", "svc": "auth", "phase": "end", "ts": 6247100, "status": 200}
{"id": "t000002086", "svc": "gateway", "phase": "start", "ts": 6248000, "status": 200}
{"id": "t000002086", "svc": "gateway", "phase": "end", "ts": 6248100, "status": 200}
{"id": "t000002087", "svc": "payment", "phase": "start", "ts": 6249000, "status": 200}
{"id": "t000002087", "svc": "payment", "phase": "end", "ts": 6249100, "status": 200}
{"id": "t000002088", "svc": "auth", "phase": "start", "ts": 6250000, "status": 200}
{"id": "t000002088", "svc": "auth", "phase": "end", "ts": 6250100, "status": 500}
{"id": "t000002089", "svc": "gateway", "phase": "start", "ts": 6251000, "status": 200}
{"id": "t000002089", "svc": "gateway", "phase": "end", "ts": 6251100, "status": 200}
{"id": "t000002090", "svc": "payment", "phase": "start", "ts": 6252000, "status": 200}
{"id": "t000002090", "svc": "payment", "phase": "end", "ts": 6252100, "status": 200}
{"id": "t000002091", "svc": "auth", "phase": "start", "ts": 6253000, "status": 200}
{"id": "t000002091", "svc": "auth", "phase": "end", "ts": 6253100, "status": 200}
{"id": "t000002092", "svc": "gateway", "phase": "start", "ts": 6254000, "status": 200}
{"id": "t000002092", "svc": "gateway", "phase": "end", "ts": 6254100, "status": 200}
{"id": "t000002093", "svc": "payment", "phase": "start", "ts": 6255000, "status": 200}
{"id": "t000002093", "svc": "payment", "phase": "end", "ts": 6255100, "status": 200}
{"id": "t000002094", "svc": "auth", "phase": "start", "ts": 6256000, "status": 200}
{"id": "t000002094", "svc": "auth", "phase": "end", "ts": 6256100, "status": 200}
{"id": "t000002095", "svc": "gateway", "phase": "start", "ts": 6257000, "status": 200}
{"id": "t000002095", "svc": "gateway", "phase": "end", "ts": 6257100, "status": 200}
{"id": "t000002096", "svc": "payment", "phase": "start", "ts": 6258000, "status": 200}
{"id": "t000002096", "svc": "payment", "phase": "end", "ts": 6258100, "status": 500}
{"id": "t000002097", "svc": "auth", "phase": "start", "ts": 6259000, "status": 200}
{"id": "t000002097", "svc": "auth", "phase": "end", "ts": 6259100, "status": 200}
{"id": "t000002098", "svc": "gateway", "phase": "start", "ts": 6260000, "status": 200}
{"id": "t000002098", "svc": "gateway", "phase": "end", "ts": 6260100, "status": 200}
{"id": "t000002099", "svc": "payment", "phase": "start", "ts": 6261000, "status": 200}
{"id": "t000002099", "svc": "payment", "phase": "end", "ts": 6261100, "status": 200}
{"id": "t000002100", "svc": "auth", "phase": "start", "ts": 6262000, "status": 200}
{"id": "t000002100", "svc": "auth", "phase": "end", "ts": 6262100, "status": 200}
{"id": "t000002101", "svc": "gateway", "phase": "start", "ts": 6263000, "status": 200}
{"id": "t000002101", "svc": "gateway", "phase": "end", "ts": 6263100, "status": 200}
{"id": "t000002102", "svc": "payment", "phase": "start", "ts": 6264000, "status": 200}
{"id": "t000002102", "svc": "payment", "phase": "end", "ts": 6264100, "status": 200}
{"id": "t000002103", "svc": "auth", "phase": "start", "ts": 6265000, "status": 200}
{"id": "t000002103", "svc": "auth", "phase": "end", "ts": 6265100, "status": 200}
{"id": "t000002104", "svc": "gateway", "phase": "start", "ts": 6266000, "status": 200}
{"id": "t000002104", "svc": "gateway", "phase": "end", "ts": 6266100, "status": 500}
{"id": "t000002105", "svc": "payment", "phase": "start", "ts": 6267000, "status": 200}
{"id": "t000002105", "svc": "payment", "phase": "end", "ts": 6267100, "status": 200}
{"id": "t000002106", "svc": "auth", "phase": "start", "ts": 6268000, "status": 200}
{"id": "t000002106", "svc": "auth", "phase": "end", "ts": 6268100, "status": 200}
{"id": "t000002107", "svc": "gateway", "phase": "start", "ts": 6269000, "status": 200}
{"id": "t000002107", "svc": "gateway", "phase": "end", "ts": 6269100, "status": 200}
{"id": "t000002108", "svc": "payment", "phase": "start", "ts": 6270000, "status": 200}
{"id": "t000002108", "svc": "payment", "phase": "end", "ts": 6270100, "status": 200}
{"id": "t000002109", "svc": "auth", "phase": "start", "ts": 6271000, "status": 200}
{"id": "t000002109", "svc": "auth", "phase": "end", "ts": 6271100, "status": 200}
{"id": "t000002110", "svc": "gateway", "phase": "start", "ts": 6272000, "status": 200}
{"id": "t000002110", "svc": "gateway", "phase": "end", "ts": 6272100, "status": 200}
{"id": "t000002111", "svc": "payment", "phase": "start", "ts": 6273000, "status": 200}
{"id": "t000002111", "svc": "payment", "phase": "end", "ts": 6273100, "status": 200}
{"id": "t000002112", "svc": "auth", "phase": "start", "ts": 6274000, "status": 200}
{"id": "t000002112", "svc": "auth", "phase": "end", "ts": 6274100, "status": 500}
{"id": "t000002113", "svc": "gateway", "phase": "start", "ts": 6275000, "status": 200}
{"id": "t000002113", "svc": "gateway", "phase": "end", "ts": 6275100, "status": 200}
{"id": "t000002114", "svc": "payment", "phase": "start", "ts": 6276000, "status": 200}
{"id": "t000002114", "svc": "payment", "phase": "end", "ts": 6276100, "status": 200}
{"id": "t000002115", "svc": "auth", "phase": "start", "ts": 6277000, "status": 200}
{"id": "t000002115", "svc": "auth", "phase": "end", "ts": 6277100, "status": 200}
{"id": "t000002116", "svc": "gateway", "phase": "start", "ts": 6278000, "status": 200}
{"id": "t000002116", "svc": "gateway", "phase": "end", "ts": 6278100, "status": 200}
{"id": "t000002117", "svc": "payment", "phase": "start", "ts": 6279000, "status": 200}
{"id": "t000002117", "svc": "payment", "phase": "end", "ts": 6279100, "status": 200}
{"id": "t000002118", "svc": "auth", "phase": "start", "ts": 6280000, "status": 200}
{"id": "t000002118", "svc": "auth", "phase": "end", "ts": 6280100, "status": 200}
{"id": "t000002119", "svc": "gateway", "phase": "start", "ts": 6281000, "status": 200}
{"id": "t000002119", "svc": "gateway", "phase": "end", "ts": 6281100, "status": 200}
{"id": "t000002120", "svc": "payment", "phase": "start", "ts": 6282000, "status": 200}
{"id": "t000002120", "svc": "payment", "phase": "end", "ts": 6282100, "status": 500}
{"id": "t000002121", "svc": "auth", "phase": "start", "ts": 6283000, "status": 200}
{"id": "t000002121", "svc": "auth", "phase": "end", "ts": 6283100, "status": 200}
{"id": "t000002122", "svc": "gateway", "phase": "start", "ts": 6284000, "status": 200}
{"id": "t000002122", "svc": "gateway", "phase": "end", "ts": 6284100, "status": 200}
{"id": "t000002123", "svc": "payment", "phase": "start", "ts": 6285000, "status": 200}
{"id": "t000002123", "svc": "payment", "phase": "end", "ts": 6285100, "status": 200}
{"id": "t000002124", "svc": "auth", "phase": "start", "ts": 6286000, "status": 200}
{"id": "t000002124", "svc": "auth", "phase": "end", "ts": 6286100, "status": 200}
{"id": "t000002125", "svc": "gateway", "phase": "start", "ts": 6287000, "status": 200}
{"id": "t000002125", "svc": "gateway", "phase": "end", "ts": 6287100, "status": 200}
{"id": "t000002126", "svc": "payment", "phase": "start", "ts": 6288000, "status": 200}
{"id": "t000002126", "svc": "payment", "phase": "end", "ts": 6288100, "status": 200}
{"id": "t000002127", "svc": "auth", "phase": "start", "ts": 6289000, "status": 200}
{"id": "t000002127", "svc": "auth", "phase": "end", "ts": 6289100, "status": 200}
{"id": "t000002128", "svc": "gateway", "phase": "start", "ts": 6290000, "status": 200}
{"id": "t000002128", "svc": "gateway", "phase": "end", "ts": 6290100, "status": 500}
{"id": "t000002129", "svc": "payment", "phase": "start", "ts": 6291000, "status": 200}
{"id": "t000002129", "svc": "payment", "phase": "end", "ts": 6291100, "status": 200}
{"id": "t000002130", "svc": "auth", "phase": "start", "ts": 6292000, "status": 200}
{"id": "t000002130", "svc": "auth", "phase": "end", "ts": 6292100, "status": 200}
{"id": "t000002131", "svc": "gateway", "phase": "start", "ts": 6293000, "status": 200}
{"id": "t000002131", "svc": "gateway", "phase": "end", "ts": 6293100, "status": 200}
{"id": "t000002132", "svc": "payment", "phase": "start", "ts": 6294000, "status": 200}
{"id": "t000002132", "svc": "payment", "phase": "end", "ts": 6294100, "status": 200}
{"id": "t000002133", "svc": "auth", "phase": "start", "ts": 6295000, "status": 200}
{"id": "t000002133", "svc": "auth", "phase": "end", "ts": 6295100, "status": 200}
{"id": "t000002134", "svc": "gateway", "phase": "start", "ts": 6296000, "status": 200}
{"id": "t000002134", "svc": "gateway", "phase": "end", "ts": 6296100, "status": 200}
{"id": "t000002135", "svc": "payment", "phase": "start", "ts": 6297000, "status": 200}
{"id": "t000002135", "svc": "payment", "phase": "end", "ts": 6297100, "status": 200}
{"id": "t000002136", "svc": "auth", "phase": "start", "ts": 6298000, "status": 200}
{"id": "t000002136", "svc": "auth", "phase": "end", "ts": 6298100, "status": 500}
{"id": "t000002137", "svc": "gateway", "phase": "start", "ts": 6299000, "status": 200}
{"id": "t000002137", "svc": "gateway", "phase": "end", "ts": 6299100, "status": 200}
{"id": "t000002138", "svc": "payment", "phase": "start", "ts": 6300000, "status": 200}
{"id": "t000002138", "svc": "payment", "phase": "end", "ts": 6300100, "status": 200}
{"id": "t000002139", "svc": "auth", "phase": "start", "ts": 6301000, "status": 200}
{"id": "t000002139", "svc": "auth", "phase": "end", "ts": 6301100, "status": 200}
{"id": "t000002140", "svc": "gateway", "phase": "start", "ts": 6302000, "status": 200}
{"id": "t000002140", "svc": "gateway", "phase": "end", "ts": 6302100, "status": 200}
{"id": "t000002141", "svc": "payment", "phase": "start", "ts": 6303000, "status": 200}
{"id": "t000002141", "svc": "payment", "phase": "end", "ts": 6303100, "status": 200}
{"id": "t000002142", "svc": "auth", "phase": "start", "ts": 6304000, "status": 200}
{"id": "t000002142", "svc": "auth", "phase": "end", "ts": 6304100, "status": 200}
{"id": "t000002143", "svc": "gateway", "phase": "start", "ts": 6305000, "status": 200}
{"id": "t000002143", "svc": "gateway", "phase": "end", "ts": 6305100, "status": 200}
{"id": "t000002144", "svc": "payment", "phase": "start", "ts": 6306000, "status": 200}
{"id": "t000002144", "svc": "payment", "phase": "end", "ts": 6306100, "status": 500}
{"id": "t000002145", "svc": "auth", "phase": "start", "ts": 6307000, "status": 200}
{"id": "t000002145", "svc": "auth", "phase": "end", "ts": 6307100, "status": 200}
{"id": "t000002146", "svc": "gateway", "phase": "start", "ts": 6308000, "status": 200}
{"id": "t000002146", "svc": "gateway", "phase": "end", "ts": 6308100, "status": 200}
{"id": "t000002147", "svc": "payment", "phase": "start", "ts": 6309000, "status": 200}
{"id": "t000002147", "svc": "payment", "phase": "end", "ts": 6309100, "status": 200}
{"id": "t000002148", "svc": "auth", "phase": "start", "ts": 6310000, "status": 200}
{"id": "t000002148", "svc": "auth", "phase": "end", "ts": 6310100, "status": 200}
{"id": "t000002149", "svc": "gateway", "phase": "start", "ts": 6311000, "status": 200}
{"id": "t000002149", "svc": "gateway", "phase": "end", "ts": 6311100, "status": 200}
{"id": "t000002150", "svc": "payment", "phase": "start", "ts": 6312000, "status": 200}
{"id": "t000002150", "svc": "payment", "phase": "end", "ts": 6312100, "status": 200}
{"id": "t000002151", "svc": "auth", "phase": "start", "ts": 6313000, "status": 200}
{"id": "t000002151", "svc": "auth", "phase": "end", "ts": 6313100, "status": 200}
{"id": "t000002152", "svc": "gateway", "phase": "start", "ts": 6314000, "status": 200}
{"id": "t000002152", "svc": "gateway", "phase": "end", "ts": 6314100, "status": 500}
{"id": "t000002153", "svc": "payment", "phase": "start", "ts": 6315000, "status": 200}
{"id": "t000002153", "svc": "payment", "phase": "end", "ts": 6315100, "status": 200}
{"id": "t000002154", "svc": "auth", "phase": "start", "ts": 6316000, "status": 200}
{"id": "t000002154", "svc": "auth", "phase": "end", "ts": 6316100, "status": 200}
{"id": "t000002155", "svc": "gateway", "phase": "start", "ts": 6317000, "status": 200}
{"id": "t000002155", "svc": "gateway", "phase": "end", "ts": 6317100, "status": 200}
{"id": "t000002156", "svc": "payment", "phase": "start", "ts": 6318000, "status": 200}
{"id": "t000002156", "svc": "payment", "phase": "end", "ts": 6318100, "status": 200}
{"id": "t000002157", "svc": "auth", "phase": "start", "ts": 6319000, "status": 200}
{"id": "t000002157", "svc": "auth", "phase": "end", "ts": 6319100, "status": 200}
{"id": "t000002158", "svc": "gateway", "phase": "start", "ts": 6320000, "status": 200}
{"id": "t000002158", "svc": "gateway", "phase": "end", "ts": 6320100, "status": 200}
{"id": "t000002159", "svc": "payment", "phase": "start", "ts": 6321000, "status": 200}
{"id": "t000002159", "svc": "payment", "phase": "end", "ts": 6321100, "status": 200}
{"id": "t000002160", "svc": "auth", "phase": "start", "ts": 6322000, "status": 200}
{"id": "t000002160", "svc": "auth", "phase": "end", "ts": 6322100, "status": 500}
{"id": "t000002161", "svc": "gateway", "phase": "start", "ts": 6323000, "status": 200}
{"id": "t000002161", "svc": "gateway", "phase": "end", "ts": 6323100, "status": 200}
{"id": "t000002162", "svc": "payment", "phase": "start", "ts": 6324000, "status": 200}
{"id": "t000002162", "svc": "payment", "phase": "end", "ts": 6324100, "status": 200}
{"id": "t000002163", "svc": "auth", "phase": "start", "ts": 6325000, "status": 200}
{"id": "t000002163", "svc": "auth", "phase": "end", "ts": 6325100, "status": 200}
{"id": "t000002164", "svc": "gateway", "phase": "start", "ts": 6326000, "status": 200}
{"id": "t000002164", "svc": "gateway", "phase": "end", "ts": 6326100, "status": 200}
{"id": "t000002165", "svc": "payment", "phase": "start", "ts": 6327000, "status": 200}
{"id": "t000002165", "svc": "payment", "phase": "end", "ts": 6327100, "status": 200}
{"id": "t000002166", "svc": "auth", "phase": "start", "ts": 6328000, "status": 200}
{"id": "t000002166", "svc": "auth", "phase": "end", "ts": 6328100, "status": 200}
{"id": "t000002167", "svc": "gateway", "phase": "start", "ts": 6329000, "status": 200}
{"id": "t000002167", "svc": "gateway", "phase": "end", "ts": 6329100, "status": 200}
{"id": "t000002168", "svc": "payment", "phase": "start", "ts": 6330000, "status": 200}
{"id": "t000002168", "svc": "payment", "phase": "end", "ts": 6330100, "status": 500}
{"id": "t000002169", "svc": "auth", "phase": "start", "ts": 6331000, "status": 200}
{"id": "t000002169", "svc": "auth", "phase": "end", "ts": 6331100, "status": 200}
{"id": "t000002170", "svc": "gateway", "phase": "start", "ts": 6332000, "status": 200}
{"id": "t000002170", "svc": "gateway", "phase": "end", "ts": 6332100, "status": 200}
{"id": "t000002171", "svc": "payment", "phase": "start", "ts": 6333000, "status": 200}
{"id": "t000002171", "svc": "payment", "phase": "end", "ts": 6333100, "status": 200}
{"id": "t000002172", "svc": "auth", "phase": "start", "ts": 6334000, "status": 200}
{"id": "t000002172", "svc": "auth", "phase": "end", "ts": 6334100, "status": 200}
{"id": "t000002173", "svc": "gateway", "phase": "start", "ts": 6335000, "status": 200}
{"id": "t000002173", "svc": "gateway", "phase": "end", "ts": 6335100, "status": 200}
{"id": "t000002174", "svc": "payment", "phase": "start", "ts": 6336000, "status": 200}
{"id": "t000002174", "svc": "payment", "phase": "end", "ts": 6336100, "status": 200}
{"id": "t000002175", "svc": "auth", "phase": "start", "ts": 6337000, "status": 200}
{"id": "t000002175", "svc": "auth", "phase": "end", "ts": 6337100, "status": 200}
{"id": "t000002176", "svc": "gateway", "phase": "start", "ts": 6338000, "status": 200}
{"id": "t000002176", "svc": "gateway", "phase": "end", "ts": 6338100, "status": 500}
{"id": "t000002177", "svc": "payment", "phase": "start", "ts": 6339000, "status": 200}
{"id": "t000002177", "svc": "payment", "phase": "end", "ts": 6339100, "status": 200}
{"id": "t000002178", "svc": "auth", "phase": "start", "ts": 6340000, "status": 200}
{"id": "t000002178", "svc": "auth", "phase": "end", "ts": 6340100, "status": 200}
{"id": "t000002179", "svc": "gateway", "phase": "start", "ts": 6341000, "status": 200}
{"id": "t000002179", "svc": "gateway", "phase": "end", "ts": 6341100, "status": 200}
{"id": "t000002180", "svc": "payment", "phase": "start", "ts": 6342000, "status": 200}
{"id": "t000002180", "svc": "payment", "phase": "end", "ts": 6342100, "status": 200}
{"id": "t000002181", "svc": "auth", "phase": "start", "ts": 6343000, "status": 200}
{"id": "t000002181", "svc": "auth", "phase": "end", "ts": 6343100, "status": 200}
{"id": "t000002182", "svc": "gateway", "phase": "start", "ts": 6344000, "status": 200}
{"id": "t000002182", "svc": "gateway", "phase": "end", "ts": 6344100, "status": 200}
{"id": "t000002183", "svc": "payment", "phase": "start", "ts": 6345000, "status": 200}
{"id": "t000002183", "svc": "payment", "phase": "end", "ts": 6345100, "status": 200}
{"id": "t000002184", "svc": "auth", "phase": "start", "ts": 6346000, "status": 200}
{"id": "t000002184", "svc": "auth", "phase": "end", "ts": 6346100, "status": 500}
{"id": "t000002185", "svc": "gateway", "phase": "start", "ts": 6347000, "status": 200}
{"id": "t000002185", "svc": "gateway", "phase": "end", "ts": 6347100, "status": 200}
{"id": "t000002186", "svc": "payment", "phase": "start", "ts": 6348000, "status": 200}
{"id": "t000002186", "svc": "payment", "phase": "end", "ts": 6348100, "status": 200}
{"id": "t000002187", "svc": "auth", "phase": "start", "ts": 6349000, "status": 200}
{"id": "t000002187", "svc": "auth", "phase": "end", "ts": 6349100, "status": 200}
{"id": "t000002188", "svc": "gateway", "phase": "start", "ts": 6350000, "status": 200}
{"id": "t000002188", "svc": "gateway", "phase": "end", "ts": 6350100, "status": 200}
{"id": "t000002189", "svc": "payment", "phase": "start", "ts": 6351000, "status": 200}
{"id": "t000002189", "svc": "payment", "phase": "end", "ts": 6351100, "status": 200}
{"id": "t000002190", "svc": "auth", "phase": "start", "ts": 6352000, "status": 200}
{"id": "t000002190", "svc": "auth", "phase": "end", "ts": 6352100, "status": 200}
{"id": "t000002191", "svc": "gateway", "phase": "start", "ts": 6353000, "status": 200}
{"id": "t000002191", "svc": "gateway", "phase": "end", "ts": 6353100, "status": 200}
{"id": "t000002192", "svc": "payment", "phase": "start", "ts": 6354000, "status": 200}
{"id": "t000002192", "svc": "payment", "phase": "end", "ts": 6354100, "status": 500}
{"id": "t000002193", "svc": "auth", "phase": "start", "ts": 6355000, "status": 200}
{"id": "t000002193", "svc": "auth", "phase": "end", "ts": 6355100, "status": 200}
{"id": "t000002194", "svc": "gateway", "phase": "start", "ts": 6356000, "status": 200}
{"id": "t000002194", "svc": "gateway", "phase": "end", "ts": 6356100, "status": 200}
{"id": "t000002195", "svc": "payment", "phase": "start", "ts": 6357000, "status": 200}
{"id": "t000002195", "svc": "payment", "phase": "end", "ts": 6357100, "status": 200}
{"id": "t000002196", "svc": "auth", "phase": "start", "ts": 6358000, "status": 200}
{"id": "t000002196", "svc": "auth", "phase": "end", "ts": 6358100, "status": 200}
{"id": "t000002197", "svc": "gateway", "phase": "start", "ts": 6359000, "status": 200}
{"id": "t000002197", "svc": "gateway", "phase": "end", "ts": 6359100, "status": 200}
{"id": "t000002198", "svc": "payment", "phase": "start", "ts": 6360000, "status": 200}
{"id": "t000002198", "svc": "payment", "phase": "end", "ts": 6360100, "status": 200}
{"id": "t000002199", "svc": "auth", "phase": "start", "ts": 6361000, "status": 200}
{"id": "t000002199", "svc": "auth", "phase": "end", "ts": 6361100, "status": 200}
{"id": "t000002200", "svc": "gateway", "phase": "start", "ts": 6362000, "status": 200}
{"id": "t000002200", "svc": "gateway", "phase": "end", "ts": 6362100, "status": 500}
{"id": "t000002201", "svc": "payment", "phase": "start", "ts": 6363000, "status": 200}
{"id": "t000002201", "svc": "payment", "phase": "end", "ts": 6363100, "status": 200}
{"id": "t000002202", "svc": "auth", "phase": "start", "ts": 6364000, "status": 200}
{"id": "t000002202", "svc": "auth", "phase": "end", "ts": 6364100, "status": 200}
{"id": "t000002203", "svc": "gateway", "phase": "start", "ts": 6365000, "status": 200}
{"id": "t000002203", "svc": "gateway", "phase": "end", "ts": 6365100, "status": 200}
{"id": "t000002204", "svc": "payment", "phase": "start", "ts": 6366000, "status": 200}
{"id": "t000002204", "svc": "payment", "phase": "end", "ts": 6366100, "status": 200}
{"id": "t000002205", "svc": "auth", "phase": "start", "ts": 6367000, "status": 200}
{"id": "t000002205", "svc": "auth", "phase": "end", "ts": 6367100, "status": 200}
{"id": "t000002206", "svc": "gateway", "phase": "start", "ts": 6368000, "status": 200}
{"id": "t000002206", "svc": "gateway", "phase": "end", "ts": 6368100, "status": 200}
{"id": "t000002207", "svc": "payment", "phase": "start", "ts": 6369000, "status": 200}
{"id": "t000002207", "svc": "payment", "phase": "end", "ts": 6369100, "status": 200}
{"id": "t000002208", "svc": "auth", "phase": "start", "ts": 6370000, "status": 200}
{"id": "t000002208", "svc": "auth", "phase": "end", "ts": 6370100, "status": 500}
{"id": "t000002209", "svc": "gateway", "phase": "start", "ts": 6371000, "status": 200}
{"id": "t000002209", "svc": "gateway", "phase": "end", "ts": 6371100, "status": 200}
{"id": "t000002210", "svc": "payment", "phase": "start", "ts": 6372000, "status": 200}
{"id": "t000002210", "svc": "payment", "phase": "end", "ts": 6372100, "status": 200}
{"id": "t000002211", "svc": "auth", "phase": "start", "ts": 6373000, "status": 200}
{"id": "t000002211", "svc": "auth", "phase": "end", "ts": 6373100, "status": 200}
{"id": "t000002212", "svc": "gateway", "phase": "start", "ts": 6374000, "status": 200}
{"id": "t000002212", "svc": "gateway", "phase": "end", "ts": 6374100, "status": 200}
{"id": "t000002213", "svc": "payment", "phase": "start", "ts": 6375000, "status": 200}
{"id": "t000002213", "svc": "payment", "phase": "end", "ts": 6375100, "status": 200}
{"id": "t000002214", "svc": "auth", "phase": "start", "ts": 6376000, "status": 200}
{"id": "t000002214", "svc": "auth", "phase": "end", "ts": 6376100, "status": 200}
{"id": "t000002215", "svc": "gateway", "phase": "start", "ts": 6377000, "status": 200}
{"id": "t000002215", "svc": "gateway", "phase": "end", "ts": 6377100, "status": 200}
{"id": "t000002216", "svc": "payment", "phase": "start", "ts": 6378000, "status": 200}
{"id": "t000002216", "svc": "payment", "phase": "end", "ts": 6378100, "status": 500}
{"id": "t000002217", "svc": "auth", "phase": "start", "ts": 6379000, "status": 200}
{"id": "t000002217", "svc": "auth", "phase": "end", "ts": 6379100, "status": 200}
{"id": "t000002218", "svc": "gateway", "phase": "start", "ts": 6380000, "status": 200}
{"id": "t000002218", "svc": "gateway", "phase": "end", "ts": 6380100, "status": 200}
{"id": "t000002219", "svc": "payment", "phase": "start", "ts": 6381000, "status": 200}
{"id": "t000002219", "svc": "payment", "phase": "end", "ts": 6381100, "status": 200}
{"id": "t000002220", "svc": "auth", "phase": "start", "ts": 6382000, "status": 200}
{"id": "t000002220", "svc": "auth", "phase": "end", "ts": 6382100, "status": 200}
{"id": "t000002221", "svc": "gateway", "phase": "start", "ts": 6383000, "status": 200}
{"id": "t000002221", "svc": "gateway", "phase": "end", "ts": 6383100, "status": 200}
{"id": "t000002222", "svc": "payment", "phase": "start", "ts": 6384000, "status": 200}
{"id": "t000002222", "svc": "payment", "phase": "end", "ts": 6384100, "status": 200}
{"id": "t000002223", "svc": "auth", "phase": "start", "ts": 6385000, "status": 200}
{"id": "t000002223", "svc": "auth", "phase": "end", "ts": 6385100, "status": 200}
{"id": "t000002224", "svc": "gateway", "phase": "start", "ts": 6386000, "status": 200}
{"id": "t000002224", "svc": "gateway", "phase": "end", "ts": 6386100, "status": 500}
{"id": "t000002225", "svc": "payment", "phase": "start", "ts": 6387000, "status": 200}
{"id": "t000002225", "svc": "payment", "phase": "end", "ts": 6387100, "status": 200}
{"id": "t000002226", "svc": "auth", "phase": "start", "ts": 6388000, "status": 200}
{"id": "t000002226", "svc": "auth", "phase": "end", "ts": 6388100, "status": 200}
{"id": "t000002227", "svc": "gateway", "phase": "start", "ts": 6389000, "status": 200}
{"id": "t000002227", "svc": "gateway", "phase": "end", "ts": 6389100, "status": 200}
{"id": "t000002228", "svc": "payment", "phase": "start", "ts": 6390000, "status": 200}
{"id": "t000002228", "svc": "payment", "phase": "end", "ts": 6390100, "status": 200}
{"id": "t000002229", "svc": "auth", "phase": "start", "ts": 6391000, "status": 200}
{"id": "t000002229", "svc": "auth", "phase": "end", "ts": 6391100, "status": 200}
{"id": "t000002230", "svc": "gateway", "phase": "start", "ts": 6392000, "status": 200}
{"id": "t000002230", "svc": "gateway", "phase": "end", "ts": 6392100, "status": 200}
{"id": "t000002231", "svc": "payment", "phase": "start", "ts": 6393000, "status": 200}
{"id": "t000002231", "svc": "payment", "phase": "end", "ts": 6393100, "status": 200}
{"id": "t000002232", "svc": "auth", "phase": "start", "ts": 6394000, "status": 200}
{"id": "t000002232", "svc": "auth", "phase": "end", "ts": 6394100, "status": 500}
{"id": "t000002233", "svc": "gateway", "phase": "start", "ts": 6395000, "status": 200}
{"id": "t000002233", "svc": "gateway", "phase": "end", "ts": 6395100, "status": 200}
{"id": "t000002234", "svc": "payment", "phase": "start", "ts": 6396000, "status": 200}
{"id": "t000002234", "svc": "payment", "phase": "end", "ts": 6396100, "status": 200}
{"id": "t000002235", "svc": "auth", "phase": "start", "ts": 6397000, "status": 200}
{"id": "t000002235", "svc": "auth", "phase": "end", "ts": 6397100, "status": 200}
{"id": "t000002236", "svc": "gateway", "phase": "start", "ts": 6398000, "status": 200}
{"id": "t000002236", "svc": "gateway", "phase": "end", "ts": 6398100, "status": 200}
{"id": "t000002237", "svc": "payment", "phase": "start", "ts": 6399000, "status": 200}
{"id": "t000002237", "svc": "payment", "phase": "end", "ts": 6399100, "status": 200}
{"id": "t000002238", "svc": "auth", "phase": "start", "ts": 6400000, "status": 200}
{"id": "t000002238", "svc": "auth", "phase": "end", "ts": 6400100, "status": 200}
{"id": "t000002239", "svc": "gateway", "phase": "start", "ts": 6401000, "status": 200}
{"id": "t000002239", "svc": "gateway", "phase": "end", "ts": 6401100, "status": 200}
{"id": "t000002240", "svc": "payment", "phase": "start", "ts": 6402000, "status": 200}
{"id": "t000002240", "svc": "payment", "phase": "end", "ts": 6402100, "status": 500}
{"id": "t000002241", "svc": "auth", "phase": "start", "ts": 6403000, "status": 200}
{"id": "t000002241", "svc": "auth", "phase": "end", "ts": 6403100, "status": 200}
{"id": "t000002242", "svc": "gateway", "phase": "start", "ts": 6404000, "status": 200}
{"id": "t000002242", "svc": "gateway", "phase": "end", "ts": 6404100, "status": 200}
{"id": "t000002243", "svc": "payment", "phase": "start", "ts": 6405000, "status": 200}
{"id": "t000002243", "svc": "payment", "phase": "end", "ts": 6405100, "status": 200}
{"id": "t000002244", "svc": "auth", "phase": "start", "ts": 6406000, "status": 200}
{"id": "t000002244", "svc": "auth", "phase": "end", "ts": 6406100, "status": 200}
{"id": "t000002245", "svc": "gateway", "phase": "start", "ts": 6407000, "status": 200}
{"id": "t000002245", "svc": "gateway", "phase": "end", "ts": 6407100, "status": 200}
{"id": "t000002246", "svc": "payment", "phase": "start", "ts": 6408000, "status": 200}
{"id": "t000002246", "svc": "payment", "phase": "end", "ts": 6408100, "status": 200}
{"id": "t000002247", "svc": "auth", "phase": "start", "ts": 6409000, "status": 200}
{"id": "t000002247", "svc": "auth", "phase": "end", "ts": 6409100, "status": 200}
{"id": "t000002248", "svc": "gateway", "phase": "start", "ts": 6410000, "status": 200}
{"id": "t000002248", "svc": "gateway", "phase": "end", "ts": 6410100, "status": 500}
{"id": "t000002249", "svc": "payment", "phase": "start", "ts": 6411000, "status": 200}
{"id": "t000002249", "svc": "payment", "phase": "end", "ts": 6411100, "status": 200}
{"id": "t000002250", "svc": "auth", "phase": "start", "ts": 6412000, "status": 200}
{"id": "t000002250", "svc": "auth", "phase": "end", "ts": 6412100, "status": 200}
{"id": "t000002251", "svc": "gateway", "phase": "start", "ts": 6413000, "status": 200}
{"id": "t000002251", "svc": "gateway", "phase": "end", "ts": 6413100, "status": 200}
{"id": "t000002252", "svc": "payment", "phase": "start", "ts": 6414000, "status": 200}
{"id": "t000002252", "svc": "payment", "phase": "end", "ts": 6414100, "status": 200}
{"id": "t000002253", "svc": "auth", "phase": "start", "ts": 6415000, "status": 200}
{"id": "t000002253", "svc": "auth", "phase": "end", "ts": 6415100, "status": 200}
{"id": "t000002254", "svc": "gateway", "phase": "start", "ts": 6416000, "status": 200}
{"id": "t000002254", "svc": "gateway", "phase": "end", "ts": 6416100, "status": 200}
{"id": "t000002255", "svc": "payment", "phase": "start", "ts": 6417000, "status": 200}
{"id": "t000002255", "svc": "payment", "phase": "end", "ts": 6417100, "status": 200}
{"id": "t000002256", "svc": "auth", "phase": "start", "ts": 6418000, "status": 200}
{"id": "t000002256", "svc": "auth", "phase": "end", "ts": 6418100, "status": 500}
{"id": "t000002257", "svc": "gateway", "phase": "start", "ts": 6419000, "status": 200}
{"id": "t000002257", "svc": "gateway", "phase": "end", "ts": 6419100, "status": 200}
{"id": "t000002258", "svc": "payment", "phase": "start", "ts": 6420000, "status": 200}
{"id": "t000002258", "svc": "payment", "phase": "end", "ts": 6420100, "status": 200}
{"id": "t000002259", "svc": "auth", "phase": "start", "ts": 6421000, "status": 200}
{"id": "t000002259", "svc": "auth", "phase": "end", "ts": 6421100, "status": 200}
{"id": "t000002260", "svc": "gateway", "phase": "start", "ts": 6422000, "status": 200}
{"id": "t000002260", "svc": "gateway", "phase": "end", "ts": 6422100, "status": 200}
{"id": "t000002261", "svc": "payment", "phase": "start", "ts": 6423000, "status": 200}
{"id": "t000002261", "svc": "payment", "phase": "end", "ts": 6423100, "status": 200}
{"id": "t000002262", "svc": "auth", "phase": "start", "ts": 6424000, "status": 200}
{"id": "t000002262", "svc": "auth", "phase": "end", "ts": 6424100, "status": 200}
{"id": "t000002263", "svc": "gateway", "phase": "start", "ts": 6425000, "status": 200}
{"id": "t000002263", "svc": "gateway", "phase": "end", "ts": 6425100, "status": 200}
{"id": "t000002264", "svc": "payment", "phase": "start", "ts": 6426000, "status": 200}
{"id": "t000002264", "svc": "payment", "phase": "end", "ts": 6426100, "status": 500}
{"id": "t000002265", "svc": "auth", "phase": "start", "ts": 6427000, "status": 200}
{"id": "t000002265", "svc": "auth", "phase": "end", "ts": 6427100, "status": 200}
{"id": "t000002266", "svc": "gateway", "phase": "start", "ts": 6428000, "status": 200}
{"id": "t000002266", "svc": "gateway", "phase": "end", "ts": 6428100, "status": 200}
{"id": "t000002267", "svc": "payment", "phase": "start", "ts": 6429000, "status": 200}
{"id": "t000002267", "svc": "payment", "phase": "end", "ts": 6429100, "status": 200}
{"id": "t000002268", "svc": "auth", "phase": "start", "ts": 6430000, "status": 200}
{"id": "t000002268", "svc": "auth", "phase": "end", "ts": 6430100, "status": 200}
{"id": "t000002269", "svc": "gateway", "phase": "start", "ts": 6431000, "status": 200}
{"id": "t000002269", "svc": "gateway", "phase": "end", "ts": 6431100, "status": 200}
{"id": "t000002270", "svc": "payment", "phase": "start", "ts": 6432000, "status": 200}
{"id": "t000002270", "svc": "payment", "phase": "end", "ts": 6432100, "status": 200}
{"id": "t000002271", "svc": "auth", "phase": "start", "ts": 6433000, "status": 200}
{"id": "t000002271", "svc": "auth", "phase": "end", "ts": 6433100, "status": 200}
{"id": "t000002272", "svc": "gateway", "phase": "start", "ts": 6434000, "status": 200}
{"id": "t000002272", "svc": "gateway", "phase": "end", "ts": 6434100, "status": 500}
{"id": "t000002273", "svc": "payment", "phase": "start", "ts": 6435000, "status": 200}
{"id": "t000002273", "svc": "payment", "phase": "end", "ts": 6435100, "status": 200}
{"id": "t000002274", "svc": "auth", "phase": "start", "ts": 6436000, "status": 200}
{"id": "t000002274", "svc": "auth", "phase": "end", "ts": 6436100, "status": 200}
{"id": "t000002275", "svc": "gateway", "phase": "start", "ts": 6437000, "status": 200}
{"id": "t000002275", "svc": "gateway", "phase": "end", "ts": 6437100, "status": 200}
{"id": "t000002276", "svc": "payment", "phase": "start", "ts": 6438000, "status": 200}
{"id": "t000002276", "svc": "payment", "phase": "end", "ts": 6438100, "status": 200}
{"id": "t000002277", "svc": "auth", "phase": "start", "ts": 6439000, "status": 200}
{"id": "t000002277", "svc": "auth", "phase": "end", "ts": 6439100, "status": 200}
{"id": "t000002278", "svc": "gateway", "phase": "start", "ts": 6440000, "status": 200}
{"id": "t000002278", "svc": "gateway", "phase": "end", "ts": 6440100, "status": 200}
{"id": "t000002279", "svc": "payment", "phase": "start", "ts": 6441000, "status": 200}
{"id": "t000002279", "svc": "payment", "phase": "end", "ts": 6441100, "status": 200}
{"id": "t000002280", "svc": "auth", "phase": "start", "ts": 6442000, "status": 200}
{"id": "t000002280", "svc": "auth", "phase": "end", "ts": 6442100, "status": 500}
{"id": "t000002281", "svc": "gateway", "phase": "start", "ts": 6443000, "status": 200}
{"id": "t000002281", "svc": "gateway", "phase": "end", "ts": 6443100, "status": 200}
{"id": "t000002282", "svc": "payment", "phase": "start", "ts": 6444000, "status": 200}
{"id": "t000002282", "svc": "payment", "phase": "end", "ts": 6444100, "status": 200}
{"id": "t000002283", "svc": "auth", "phase": "start", "ts": 6445000, "status": 200}
{"id": "t000002283", "svc": "auth", "phase": "end", "ts": 6445100, "status": 200}
{"id": "t000002284", "svc": "gateway", "phase": "start", "ts": 6446000, "status": 200}
{"id": "t000002284", "svc": "gateway", "phase": "end", "ts": 6446100, "status": 200}
{"id": "t000002285", "svc": "payment", "phase": "start", "ts": 6447000, "status": 200}
{"id": "t000002285", "svc": "payment", "phase": "end", "ts": 6447100, "status": 200}
{"id": "t000002286", "svc": "auth", "phase": "start", "ts": 6448000, "status": 200}
{"id": "t000002286", "svc": "auth", "phase": "end", "ts": 6448100, "status": 200}
{"id": "t000002287", "svc": "gateway", "phase": "start", "ts": 6449000, "status": 200}
{"id": "t000002287", "svc": "gateway", "phase": "end", "ts": 6449100, "status": 200}
{"id": "t000002288", "svc": "payment", "phase": "start", "ts": 6450000, "status": 200}
{"id": "t000002288", "svc": "payment", "phase": "end", "ts": 6450100, "status": 500}
{"id": "t000002289", "svc": "auth", "phase": "start", "ts": 6451000, "status": 200}
{"id": "t000002289", "svc": "auth", "phase": "end", "ts": 6451100, "status": 200}
{"id": "t000002290", "svc": "gateway", "phase": "start", "ts": 6452000, "status": 200}
{"id": "t000002290", "svc": "gateway", "phase": "end", "ts": 6452100, "status": 200}
{"id": "t000002291", "svc": "payment", "phase": "start", "ts": 6453000, "status": 200}
{"id": "t000002291", "svc": "payment", "phase": "end", "ts": 6453100, "status": 200}
{"id": "t000002292", "svc": "auth", "phase": "start", "ts": 6454000, "status": 200}
{"id": "t000002292", "svc": "auth", "phase": "end", "ts": 6454100, "status": 200}
{"id": "t000002293", "svc": "gateway", "phase": "start", "ts": 6455000, "status": 200}
{"id": "t000002293", "svc": "gateway", "phase": "end", "ts": 6455100, "status": 200}
{"id": "t000002294", "svc": "payment", "phase": "start", "ts": 6456000, "status": 200}
{"id": "t000002294", "svc": "payment", "phase": "end", "ts": 6456100, "status": 200}
{"id": "t000002295", "svc": "auth", "phase": "start", "ts": 6457000, "status": 200}
{"id": "t000002295", "svc": "auth", "phase": "end", "ts": 6457100, "status": 200}
{"id": "t000002296", "svc": "gateway", "phase": "start", "ts": 6458000, "status": 200}
{"id": "t000002296", "svc": "gateway", "phase": "end", "ts": 6458100, "status": 500}
{"id": "t000002297", "svc": "payment", "phase": "start", "ts": 6459000, "status": 200}
{"id": "t000002297", "svc": "payment", "phase": "end", "ts": 6459100, "status": 200}
{"id": "t000002298", "svc": "auth", "phase": "start", "ts": 6460000, "status": 200}
{"id": "t000002298", "svc": "auth", "phase": "end", "ts": 6460100, "status": 200}
{"id": "t000002299", "svc": "gateway", "phase": "start", "ts": 6461000, "status": 200}
{"id": "t000002299", "svc": "gateway", "phase": "end", "ts": 6461100, "status": 200}
{"id": "t000002300", "svc": "payment", "phase": "start", "ts": 6462000, "status": 200}
{"id": "t000002300", "svc": "payment", "phase": "end", "ts": 6462100, "status": 200}
{"id": "t000002301", "svc": "auth", "phase": "start", "ts": 6463000, "status": 200}
{"id": "t000002301", "svc": "auth", "phase": "end", "ts": 6463100, "status": 200}
{"id": "t000002302", "svc": "gateway", "phase": "start", "ts": 6464000, "status": 200}
{"id": "t000002302", "svc": "gateway", "phase": "end", "ts": 6464100, "status": 200}
{"id": "t000002303", "svc": "payment", "phase": "start", "ts": 6465000, "status": 200}
{"id": "t000002303", "svc": "payment", "phase": "end", "ts": 6465100, "status": 200}
{"id": "t000002304", "svc": "auth", "phase": "start", "ts": 6466000, "status": 200}
{"id": "t000002304", "svc": "auth", "phase": "end", "ts": 6466100, "status": 500}
{"id": "t000002305", "svc": "gateway", "phase": "start", "ts": 6467000, "status": 200}
{"id": "t000002305", "svc": "gateway", "phase": "end", "ts": 6467100, "status": 200}
{"id": "t000002306", "svc": "payment", "phase": "start", "ts": 6468000, "status": 200}
{"id": "t000002306", "svc": "payment", "phase": "end", "ts": 6468100, "status": 200}
{"id": "t000002307", "svc": "auth", "phase": "start", "ts": 6469000, "status": 200}
{"id": "t000002307", "svc": "auth", "phase": "end", "ts": 6469100, "status": 200}
{"id": "t000002308", "svc": "gateway", "phase": "start", "ts": 6470000, "status": 200}
{"id": "t000002308", "svc": "gateway", "phase": "end", "ts": 6470100, "status": 200}
{"id": "t000002309", "svc": "payment", "phase": "start", "ts": 6471000, "status": 200}
{"id": "t000002309", "svc": "payment", "phase": "end", "ts": 6471100, "status": 200}
{"id": "t000002310", "svc": "auth", "phase": "start", "ts": 6472000, "status": 200}
{"id": "t000002310", "svc": "auth", "phase": "end", "ts": 6472100, "status": 200}
{"id": "t000002311", "svc": "gateway", "phase": "start", "ts": 6473000, "status": 200}
{"id": "t000002311", "svc": "gateway", "phase": "end", "ts": 6473100, "status": 200}
{"id": "t000002312", "svc": "payment", "phase": "start", "ts": 6474000, "status": 200}
{"id": "t000002312", "svc": "payment", "phase": "end", "ts": 6474100, "status": 500}
{"id": "t000002313", "svc": "auth", "phase": "start", "ts": 6475000, "status": 200}
{"id": "t000002313", "svc": "auth", "phase": "end", "ts": 6475100, "status": 200}
{"id": "t000002314", "svc": "gateway", "phase": "start", "ts": 6476000, "status": 200}
{"id": "t000002314", "svc": "gateway", "phase": "end", "ts": 6476100, "status": 200}
{"id": "t000002315", "svc": "payment", "phase": "start", "ts": 6477000, "status": 200}
{"id": "t000002315", "svc": "payment", "phase": "end", "ts": 6477100, "status": 200}
{"id": "t000002316", "svc": "auth", "phase": "start", "ts": 6478000, "status": 200}
{"id": "t000002316", "svc": "auth", "phase": "end", "ts": 6478100, "status": 200}
{"id": "t000002317", "svc": "gateway", "phase": "start", "ts": 6479000, "status": 200}
{"id": "t000002317", "svc": "gateway", "phase": "end", "ts": 6479100, "status": 200}
{"id": "t000002318", "svc": "payment", "phase": "start", "ts": 6480000, "status": 200}
{"id": "t000002318", "svc": "payment", "phase": "end", "ts": 6480100, "status": 200}
{"id": "t000002319", "svc": "auth", "phase": "start", "ts": 6481000, "status": 200}
{"id": "t000002319", "svc": "auth", "phase": "end", "ts": 6481100, "status": 200}
{"id": "t000002320", "svc": "gateway", "phase": "start", "ts": 6482000, "status": 200}
{"id": "t000002320", "svc": "gateway", "phase": "end", "ts": 6482100, "status": 500}
{"id": "t000002321", "svc": "payment", "phase": "start", "ts": 6483000, "status": 200}
{"id": "t000002321", "svc": "payment", "phase": "end", "ts": 6483100, "status": 200}
{"id": "t000002322", "svc": "auth", "phase": "start", "ts": 6484000, "status": 200}
{"id": "t000002322", "svc": "auth", "phase": "end", "ts": 6484100, "status": 200}
{"id": "t000002323", "svc": "gateway", "phase": "start", "ts": 6485000, "status": 200}
{"id": "t000002323", "svc": "gateway", "phase": "end", "ts": 6485100, "status": 200}
{"id": "t000002324", "svc": "payment", "phase": "start", "ts": 6486000, "status": 200}
{"id": "t000002324", "svc": "payment", "phase": "end", "ts": 6486100, "status": 200}
{"id": "t000002325", "svc": "auth", "phase": "start", "ts": 6487000, "status": 200}
{"id": "t000002325", "svc": "auth", "phase": "end", "ts": 6487100, "status": 200}
{"id": "t000002326", "svc": "gateway", "phase": "start", "ts": 6488000, "status": 200}
{"id": "t000002326", "svc": "gateway", "phase": "end", "ts": 6488100, "status": 200}
{"id": "t000002327", "svc": "payment", "phase": "start", "ts": 6489000, "status": 200}
{"id": "t000002327", "svc": "payment", "phase": "end", "ts": 6489100, "status": 200}
{"id": "t000002328", "svc": "auth", "phase": "start", "ts": 6490000, "status": 200}
{"id": "t000002328", "svc": "auth", "phase": "end", "ts": 6490100, "status": 500}
{"id": "t000002329", "svc": "gateway", "phase": "start", "ts": 6491000, "status": 200}
{"id": "t000002329", "svc": "gateway", "phase": "end", "ts": 6491100, "status": 200}
{"id": "t000002330", "svc": "payment", "phase": "start", "ts": 6492000, "status": 200}
{"id": "t000002330", "svc": "payment", "phase": "end", "ts": 6492100, "status": 200}
{"id": "t000002331", "svc": "auth", "phase": "start", "ts": 6493000, "status": 200}
{"id": "t000002331", "svc": "auth", "phase": "end", "ts": 6493100, "status": 200}
{"id": "t000002332", "svc": "gateway", "phase": "start", "ts": 6494000, "status": 200}
{"id": "t000002332", "svc": "gateway", "phase": "end", "ts": 6494100, "status": 200}
{"id": "t000002333", "svc": "payment", "phase": "start", "ts": 6495000, "status": 200}
{"id": "t000002333", "svc": "payment", "phase": "end", "ts": 6495100, "status": 200}
{"id": "t000002334", "svc": "auth", "phase": "start", "ts": 6496000, "status": 200}
{"id": "t000002334", "svc": "auth", "phase": "end", "ts": 6496100, "status": 200}
{"id": "t000002335", "svc": "gateway", "phase": "start", "ts": 6497000, "status": 200}
{"id": "t000002335", "svc": "gateway", "phase": "end", "ts": 6497100, "status": 200}
{"id": "t000002336", "svc": "payment", "phase": "start", "ts": 6498000, "status": 200}
{"id": "t000002336", "svc": "payment", "phase": "end", "ts": 6498100, "status": 500}
{"id": "t000002337", "svc": "auth", "phase": "start", "ts": 6499000, "status": 200}
{"id": "t000002337", "svc": "auth", "phase": "end", "ts": 6499100, "status": 200}
{"id": "t000002338", "svc": "gateway", "phase": "start", "ts": 6500000, "status": 200}
{"id": "t000002338", "svc": "gateway", "phase": "end", "ts": 6500100, "status": 200}
{"id": "t000002339", "svc": "payment", "phase": "start", "ts": 6501000, "status": 200}
{"id": "t000002339", "svc": "payment", "phase": "end", "ts": 6501100, "status": 200}
{"id": "t000002340", "svc": "auth", "phase": "start", "ts": 6502000, "status": 200}
{"id": "t000002340", "svc": "auth", "phase": "end", "ts": 6502100, "status": 200}
{"id": "t000002341", "svc": "gateway", "phase": "start", "ts": 6503000, "status": 200}
{"id": "t000002341", "svc": "gateway", "phase": "end", "ts": 6503100, "status": 200}
{"id": "t000002342", "svc": "payment", "phase": "start", "ts": 6504000, "status": 200}
{"id": "t000002342", "svc": "payment", "phase": "end", "ts": 6504100, "status": 200}
{"id": "t000002343", "svc": "auth", "phase": "start", "ts": 6505000, "status": 200}
{"id": "t000002343", "svc": "auth", "phase": "end", "ts": 6505100, "status": 200}
{"id": "t000002344", "svc": "gateway", "phase": "start", "ts": 6506000, "status": 200}
{"id": "t000002344", "svc": "gateway", "phase": "end", "ts": 6506100, "status": 500}
{"id": "t000002345", "svc": "payment", "phase": "start", "ts": 6507000, "status": 200}
{"id": "t000002345", "svc": "payment", "phase": "end", "ts": 6507100, "status": 200}
{"id": "t000002346", "svc": "auth", "phase": "start", "ts": 6508000, "status": 200}
{"id": "t000002346", "svc": "auth", "phase": "end", "ts": 6508100, "status": 200}
{"id": "t000002347", "svc": "gateway", "phase": "start", "ts": 6509000, "status": 200}
{"id": "t000002347", "svc": "gateway", "phase": "end", "ts": 6509100, "status": 200}
{"id": "t000002348", "svc": "payment", "phase": "start", "ts": 6510000, "status": 200}
{"id": "t000002348", "svc": "payment", "phase": "end", "ts": 6510100, "status": 200}
{"id": "t000002349", "svc": "auth", "phase": "start", "ts": 6511000, "status": 200}
{"id": "t000002349", "svc": "auth", "phase": "end", "ts": 6511100, "status": 200}
{"id": "t000002350", "svc": "gateway", "phase": "start", "ts": 6512000, "status": 200}
{"id": "t000002350", "svc": "gateway", "phase": "end", "ts": 6512100, "status": 200}
{"id": "t000002351", "svc": "payment", "phase": "start", "ts": 6513000, "status": 200}
{"id": "t000002351", "svc": "payment", "phase": "end", "ts": 6513100, "status": 200}
{"id": "t000002352", "svc": "auth", "phase": "start", "ts": 6514000, "status": 200}
{"id": "t000002352", "svc": "auth", "phase": "end", "ts": 6514100, "status": 500}
{"id": "t000002353", "svc": "gateway", "phase": "start", "ts": 6515000, "status": 200}
{"id": "t000002353", "svc": "gateway", "phase": "end", "ts": 6515100, "status": 200}
{"id": "t000002354", "svc": "payment", "phase": "start", "ts": 6516000, "status": 200}
{"id": "t000002354", "svc": "payment", "phase": "end", "ts": 6516100, "status": 200}
{"id": "t000002355", "svc": "auth", "phase": "start", "ts": 6517000, "status": 200}
{"id": "t000002355", "svc": "auth", "phase": "end", "ts": 6517100, "status": 200}
{"id": "t000002356", "svc": "gateway", "phase": "start", "ts": 6518000, "status": 200}
{"id": "t000002356", "svc": "gateway", "phase": "end", "ts": 6518100, "status": 200}
{"id": "t000002357", "svc": "payment", "phase": "start", "ts": 6519000, "status": 200}
{"id": "t000002357", "svc": "payment", "phase": "end", "ts": 6519100, "status": 200}
{"id": "t000002358", "svc": "auth", "phase": "start", "ts": 6520000, "status": 200}
{"id": "t000002358", "svc": "auth", "phase": "end", "ts": 6520100, "status": 200}
{"id": "t000002359", "svc": "gateway", "phase": "start", "ts": 6521000, "status": 200}
{"id": "t000002359", "svc": "gateway", "phase": "end", "ts": 6521100, "status": 200}
{"id": "t000002360", "svc": "payment", "phase": "start", "ts": 6522000, "status": 200}
{"id": "t000002360", "svc": "payment", "phase": "end", "ts": 6522100, "status": 500}
{"id": "t000002361", "svc": "auth", "phase": "start", "ts": 6523000, "status": 200}
{"id": "t000002361", "svc": "auth", "phase": "end", "ts": 6523100, "status": 200}
{"id": "t000002362", "svc": "gateway", "phase": "start", "ts": 6524000, "status": 200}
{"id": "t000002362", "svc": "gateway", "phase": "end", "ts": 6524100, "status": 200}
{"id": "t000002363", "svc": "payment", "phase": "start", "ts": 6525000, "status": 200}
{"id": "t000002363", "svc": "payment", "phase": "end", "ts": 6525100, "status": 200}
{"id": "t000002364", "svc": "auth", "phase": "start", "ts": 6526000, "status": 200}
{"id": "t000002364", "svc": "auth", "phase": "end", "ts": 6526100, "status": 200}
{"id": "t000002365", "svc": "gateway", "phase": "start", "ts": 6527000, "status": 200}
{"id": "t000002365", "svc": "gateway", "phase": "end", "ts": 6527100, "status": 200}
{"id": "t000002366", "svc": "payment", "phase": "start", "ts": 6528000, "status": 200}
{"id": "t000002366", "svc": "payment", "phase": "end", "ts": 6528100, "status": 200}
{"id": "t000002367", "svc": "auth", "phase": "start", "ts": 6529000, "status": 200}
{"id": "t000002367", "svc": "auth", "phase": "end", "ts": 6529100, "status": 200}
{"id": "t000002368", "svc": "gateway", "phase": "start", "ts": 6530000, "status": 200}
{"id": "t000002368", "svc": "gateway", "phase": "end", "ts": 6530100, "status": 500}
{"id": "t000002369", "svc": "payment", "phase": "start", "ts": 6531000, "status": 200}
{"id": "t000002369", "svc": "payment", "phase": "end", "ts": 6531100, "status": 200}
{"id": "t000002370", "svc": "auth", "phase": "start", "ts": 6532000, "status": 200}
{"id": "t000002370", "svc": "auth", "phase": "end", "ts": 6532100, "status": 200}
{"id": "t000002371", "svc": "gateway", "phase": "start", "ts": 6533000, "status": 200}
{"id": "t000002371", "svc": "gateway", "phase": "end", "ts": 6533100, "status": 200}
{"id": "t000002372", "svc": "payment", "phase": "start", "ts": 6534000, "status": 200}
{"id": "t000002372", "svc": "payment", "phase": "end", "ts": 6534100, "status": 200}
{"id": "t000002373", "svc": "auth", "phase": "start", "ts": 6535000, "status": 200}
{"id": "t000002373", "svc": "auth", "phase": "end", "ts": 6535100, "status": 200}
{"id": "t000002374", "svc": "gateway", "phase": "start", "ts": 6536000, "status": 200}
{"id": "t000002374", "svc": "gateway", "phase": "end", "ts": 6536100, "status": 200}
{"id": "t000002375", "svc": "payment", "phase": "start", "ts": 6537000, "status": 200}
{"id": "t000002375", "svc": "payment", "phase": "end", "ts": 6537100, "status": 200}
{"id": "t000002376", "svc": "auth", "phase": "start", "ts": 6538000, "status": 200}
{"id": "t000002376", "svc": "auth", "phase": "end", "ts": 6538100, "status": 500}
{"id": "t000002377", "svc": "gateway", "phase": "start", "ts": 6539000, "status": 200}
{"id": "t000002377", "svc": "gateway", "phase": "end", "ts": 6539100, "status": 200}
{"id": "t000002378", "svc": "payment", "phase": "start", "ts": 6540000, "status": 200}
{"id": "t000002378", "svc": "payment", "phase": "end", "ts": 6540100, "status": 200}
{"id": "t000002379", "svc": "auth", "phase": "start", "ts": 6541000, "status": 200}
{"id": "t000002379", "svc": "auth", "phase": "end", "ts": 6541100, "status": 200}
{"id": "t000002380", "svc": "gateway", "phase": "start", "ts": 6542000, "status": 200}
{"id": "t000002380", "svc": "gateway", "phase": "end", "ts": 6542100, "status": 200}
{"id": "t000002381", "svc": "payment", "phase": "start", "ts": 6543000, "status": 200}
{"id": "t000002381", "svc": "payment", "phase": "end", "ts": 6543100, "status": 200}
{"id": "t000002382", "svc": "auth", "phase": "start", "ts": 6544000, "status": 200}
{"id": "t000002382", "svc": "auth", "phase": "end", "ts": 6544100, "status": 200}
{"id": "t000002383", "svc": "gateway", "phase": "start", "ts": 6545000, "status": 200}
{"id": "t000002383", "svc": "gateway", "phase": "end", "ts": 6545100, "status": 200}
{"id": "t000002384", "svc": "payment", "phase": "start", "ts": 6546000, "status": 200}
{"id": "t000002384", "svc": "payment", "phase": "end", "ts": 6546100, "status": 500}
{"id": "t000002385", "svc": "auth", "phase": "start", "ts": 6547000, "status": 200}
{"id": "t000002385", "svc": "auth", "phase": "end", "ts": 6547100, "status": 200}
{"id": "t000002386", "svc": "gateway", "phase": "start", "ts": 6548000, "status": 200}
{"id": "t000002386", "svc": "gateway", "phase": "end", "ts": 6548100, "status": 200}
{"id": "t000002387", "svc": "payment", "phase": "start", "ts": 6549000, "status": 200}
{"id": "t000002387", "svc": "payment", "phase": "end", "ts": 6549100, "status": 200}
{"id": "t000002388", "svc": "auth", "phase": "start", "ts": 6550000, "status": 200}
{"id": "t000002388", "svc": "auth", "phase": "end", "ts": 6550100, "status": 200}
{"id": "t000002389", "svc": "gateway", "phase": "start", "ts": 6551000, "status": 200}
{"id": "t000002389", "svc": "gateway", "phase": "end", "ts": 6551100, "status": 200}
{"id": "t000002390", "svc": "payment", "phase": "start", "ts": 6552000, "status": 200}
{"id": "t000002390", "svc": "payment", "phase": "end", "ts": 6552100, "status": 200}
{"id": "t000002391", "svc": "auth", "phase": "start", "ts": 6553000, "status": 200}
{"id": "t000002391", "svc": "auth", "phase": "end", "ts": 6553100, "status": 200}
{"id": "t000002392", "svc": "gateway", "phase": "start", "ts": 6554000, "status": 200}
{"id": "t000002392", "svc": "gateway", "phase": "end", "ts": 6554100, "status": 500}
{"id": "t000002393", "svc": "payment", "phase": "start", "ts": 6555000, "status": 200}
{"id": "t000002393", "svc": "payment", "phase": "end", "ts": 6555100, "status": 200}
{"id": "t000002394", "svc": "auth", "phase": "start", "ts": 6556000, "status": 200}
{"id": "t000002394", "svc": "auth", "phase": "end", "ts": 6556100, "status": 200}
{"id": "t000002395", "svc": "gateway", "phase": "start", "ts": 6557000, "status": 200}
{"id": "t000002395", "svc": "gateway", "phase": "end", "ts": 6557100, "status": 200}
{"id": "t000002396", "svc": "payment", "phase": "start", "ts": 6558000, "status": 200}
{"id": "t000002396", "svc": "payment", "phase": "end", "ts": 6558100, "status": 200}
{"id": "t000002397", "svc": "auth", "phase": "start", "ts": 6559000, "status": 200}
{"id": "t000002397", "svc": "auth", "phase": "end", "ts": 6559100, "status": 200}
{"id": "t000002398", "svc": "gateway", "phase": "start", "ts": 6560000, "status": 200}
{"id": "t000002398", "svc": "gateway", "phase": "end", "ts": 6560100, "status": 200}
{"id": "t000002399", "svc": "payment", "phase": "start", "ts": 6561000, "status": 200}
{"id": "t000002399", "svc": "payment", "phase": "end", "ts": 6561100, "status": 200}
{"id": "t000002400", "svc": "auth", "phase": "start", "ts": 6562000, "status": 200}
{"id": "t000002400", "svc": "auth", "phase": "end", "ts": 6562100, "status": 500}
{"id": "t000002401", "svc": "gateway", "phase": "start", "ts": 6563000, "status": 200}
{"id": "t000002401", "svc": "gateway", "phase": "end", "ts": 6563100, "status": 200}
{"id": "t000002402", "svc": "payment", "phase": "start", "ts": 6564000, "status": 200}
{"id": "t000002402", "svc": "payment", "phase": "end", "ts": 6564100, "status": 200}
{"id": "t000002403", "svc": "auth", "phase": "start", "ts": 6565000, "status": 200}
{"id": "t000002403", "svc": "auth", "phase": "end", "ts": 6565100, "status": 200}
{"id": "t000002404", "svc": "gateway", "phase": "start", "ts": 6566000, "status": 200}
{"id": "t000002404", "svc": "gateway", "phase": "end", "ts": 6566100, "status": 200}
{"id": "t000002405", "svc": "payment", "phase": "start", "ts": 6567000, "status": 200}
{"id": "t000002405", "svc": "payment", "phase": "end", "ts": 6567100, "status": 200}
{"id": "t000002406", "svc": "auth", "phase": "start", "ts": 6568000, "status": 200}
{"id": "t000002406", "svc": "auth", "phase": "end", "ts": 6568100, "status": 200}
{"id": "t000002407", "svc": "gateway", "phase": "start", "ts": 6569000, "status": 200}
{"id": "t000002407", "svc": "gateway", "phase": "end", "ts": 6569100, "status": 200}
{"id": "t000002408", "svc": "payment", "phase": "start", "ts": 6570000, "status": 200}
{"id": "t000002408", "svc": "payment", "phase": "end", "ts": 6570100, "status": 500}
{"id": "t000002409", "svc": "auth", "phase": "start", "ts": 6571000, "status": 200}
{"id": "t000002409", "svc": "auth", "phase": "end", "ts": 6571100, "status": 200}
{"id": "t000002410", "svc": "gateway", "phase": "start", "ts": 6572000, "status": 200}
{"id": "t000002410", "svc": "gateway", "phase": "end", "ts": 6572100, "status": 200}
{"id": "t000002411", "svc": "payment", "phase": "start", "ts": 6573000, "status": 200}
{"id": "t000002411", "svc": "payment", "phase": "end", "ts": 6573100, "status": 200}
{"id": "t000002412", "svc": "auth", "phase": "start", "ts": 6574000, "status": 200}
{"id": "t000002412", "svc": "auth", "phase": "end", "ts": 6574100, "status": 200}
{"id": "t000002413", "svc": "gateway", "phase": "start", "ts": 6575000, "status": 200}
{"id": "t000002413", "svc": "gateway", "phase": "end", "ts": 6575100, "status": 200}
{"id": "t000002414", "svc": "payment", "phase": "start", "ts": 6576000, "status": 200}
{"id": "t000002414", "svc": "payment", "phase": "end", "ts": 6576100, "status": 200}
{"id": "t000002415", "svc": "auth", "phase": "start", "ts": 6577000, "status": 200}
{"id": "t000002415", "svc": "auth", "phase": "end", "ts": 6577100, "status": 200}
{"id": "t000002416", "svc": "gateway", "phase": "start", "ts": 6578000, "status": 200}
{"id": "t000002416", "svc": "gateway", "phase": "end", "ts": 6578100, "status": 500}
{"id": "t000002417", "svc": "payment", "phase": "start", "ts": 6579000, "status": 200}
{"id": "t000002417", "svc": "payment", "phase": "end", "ts": 6579100, "status": 200}
{"id": "t000002418", "svc": "auth", "phase": "start", "ts": 6580000, "status": 200}
{"id": "t000002418", "svc": "auth", "phase": "end", "ts": 6580100, "status": 200}
{"id": "t000002419", "svc": "gateway", "phase": "start", "ts": 6581000, "status": 200}
{"id": "t000002419", "svc": "gateway", "phase": "end", "ts": 6581100, "status": 200}
{"id": "t000002420", "svc": "payment", "phase": "start", "ts": 6582000, "status": 200}
{"id": "t000002420", "svc": "payment", "phase": "end", "ts": 6582100, "status": 200}
{"id": "t000002421", "svc": "auth", "phase": "start", "ts": 6583000, "status": 200}
{"id": "t000002421", "svc": "auth", "phase": "end", "ts": 6583100, "status": 200}
{"id": "t000002422", "svc": "gateway", "phase": "start", "ts": 6584000, "status": 200}
{"id": "t000002422", "svc": "gateway", "phase": "end", "ts": 6584100, "status": 200}
{"id": "t000002423", "svc": "payment", "phase": "start", "ts": 6585000, "status": 200}
{"id": "t000002423", "svc": "payment", "phase": "end", "ts": 6585100, "status": 200}
{"id": "t000002424", "svc": "auth", "phase": "start", "ts": 6586000, "status": 200}
{"id": "t000002424", "svc": "auth", "phase": "end", "ts": 6586100, "status": 500}
{"id": "t000002425", "svc": "gateway", "phase": "start", "ts": 6587000, "status": 200}
{"id": "t000002425", "svc": "gateway", "phase": "end", "ts": 6587100, "status": 200}
{"id": "t000002426", "svc": "payment", "phase": "start", "ts": 6588000, "status": 200}
{"id": "t000002426", "svc": "payment", "phase": "end", "ts": 6588100, "status": 200}
{"id": "t000002427", "svc": "auth", "phase": "start", "ts": 6589000, "status": 200}
{"id": "t000002427", "svc": "auth", "phase": "end", "ts": 6589100, "status": 200}
{"id": "t000002428", "svc": "gateway", "phase": "start", "ts": 6590000, "status": 200}
{"id": "t000002428", "svc": "gateway", "phase": "end", "ts": 6590100, "status": 200}
{"id": "t000002429", "svc": "payment", "phase": "start", "ts": 6591000, "status": 200}
{"id": "t000002429", "svc": "payment", "phase": "end", "ts": 6591100, "status": 200}
{"id": "t000002430", "svc": "auth", "phase": "start", "ts": 6592000, "status": 200}
{"id": "t000002430", "svc": "auth", "phase": "end", "ts": 6592100, "status": 200}
{"id": "t000002431", "svc": "gateway", "phase": "start", "ts": 6593000, "status": 200}
{"id": "t000002431", "svc": "gateway", "phase": "end", "ts": 6593100, "status": 200}
{"id": "t000002432", "svc": "payment", "phase": "start", "ts": 6594000, "status": 200}
{"id": "t000002432", "svc": "payment", "phase": "end", "ts": 6594100, "status": 500}
{"id": "t000002433", "svc": "auth", "phase": "start", "ts": 6595000, "status": 200}
{"id": "t000002433", "svc": "auth", "phase": "end", "ts": 6595100, "status": 200}
{"id": "t000002434", "svc": "gateway", "phase": "start", "ts": 6596000, "status": 200}
{"id": "t000002434", "svc": "gateway", "phase": "end", "ts": 6596100, "status": 200}
{"id": "t000002435", "svc": "payment", "phase": "start", "ts": 6597000, "status": 200}
{"id": "t000002435", "svc": "payment", "phase": "end", "ts": 6597100, "status": 200}
{"id": "t000002436", "svc": "auth", "phase": "start", "ts": 6598000, "status": 200}
{"id": "t000002436", "svc": "auth", "phase": "end", "ts": 6598100, "status": 200}
{"id": "t000002437", "svc": "gateway", "phase": "start", "ts": 6599000, "status": 200}
{"id": "t000002437", "svc": "gateway", "phase": "end", "ts": 6599100, "status": 200}
{"id": "t000002438", "svc": "payment", "phase": "start", "ts": 6600000, "status": 200}
{"id": "t000002438", "svc": "payment", "phase": "end", "ts": 6600100, "status": 200}
{"id": "t000002439", "svc": "auth", "phase": "start", "ts": 6601000, "status": 200}
{"id": "t000002439", "svc": "auth", "phase": "end", "ts": 6601100, "status": 200}
{"id": "t000002440", "svc": "gateway", "phase": "start", "ts": 6602000, "status": 200}
{"id": "t000002440", "svc": "gateway", "phase": "end", "ts": 6602100, "status": 500}
{"id": "t000002441", "svc": "payment", "phase": "start", "ts": 6603000, "status": 200}
{"id": "t000002441", "svc": "payment", "phase": "end", "ts": 6603100, "status": 200}
{"id": "t000002442", "svc": "auth", "phase": "start", "ts": 6604000, "status": 200}
{"id": "t000002442", "svc": "auth", "phase": "end", "ts": 6604100, "status": 200}
{"id": "t000002443", "svc": "gateway", "phase": "start", "ts": 6605000, "status": 200}
{"id": "t000002443", "svc": "gateway", "phase": "end", "ts": 6605100, "status": 200}
{"id": "t000002444", "svc": "payment", "phase": "start", "ts": 6606000, "status": 200}
{"id": "t000002444", "svc": "payment", "phase": "end", "ts": 6606100, "status": 200}
{"id": "t000002445", "svc": "auth", "phase": "start", "ts": 6607000, "status": 200}
{"id": "t000002445", "svc": "auth", "phase": "end", "ts": 6607100, "status": 200}
{"id": "t000002446", "svc": "gateway", "phase": "start", "ts": 6608000, "status": 200}
{"id": "t000002446", "svc": "gateway", "phase": "end", "ts": 6608100, "status": 200}
{"id": "t000002447", "svc": "payment", "phase": "start", "ts": 6609000, "status": 200}
{"id": "t000002447", "svc": "payment", "phase": "end", "ts": 6609100, "status": 200}
{"id": "t000002448", "svc": "auth", "phase": "start", "ts": 6610000, "status": 200}
{"id": "t000002448", "svc": "auth", "phase": "end", "ts": 6610100, "status": 500}
{"id": "t000002449", "svc": "gateway", "phase": "start", "ts": 6611000, "status": 200}
{"id": "t000002449", "svc": "gateway", "phase": "end", "ts": 6611100, "status": 200}
{"id": "t000002450", "svc": "payment", "phase": "start", "ts": 6612000, "status": 200}
{"id": "t000002450", "svc": "payment", "phase": "end", "ts": 6612100, "status": 200}
{"id": "t000002451", "svc": "auth", "phase": "start", "ts": 6613000, "status": 200}
{"id": "t000002451", "svc": "auth", "phase": "end", "ts": 6613100, "status": 200}
{"id": "t000002452", "svc": "gateway", "phase": "start", "ts": 6614000, "status": 200}
{"id": "t000002452", "svc": "gateway", "phase": "end", "ts": 6614100, "status": 200}
{"id": "t000002453", "svc": "payment", "phase": "start", "ts": 6615000, "status": 200}
{"id": "t000002453", "svc": "payment", "phase": "end", "ts": 6615100, "status": 200}
{"id": "t000002454", "svc": "auth", "phase": "start", "ts": 6616000, "status": 200}
{"id": "t000002454", "svc": "auth", "phase": "end", "ts": 6616100, "status": 200}
{"id": "t000002455", "svc": "gateway", "phase": "start", "ts": 6617000, "status": 200}
{"id": "t000002455", "svc": "gateway", "phase": "end", "ts": 6617100, "status": 200}
{"id": "t000002456", "svc": "payment", "phase": "start", "ts": 6618000, "status": 200}
{"id": "t000002456", "svc": "payment", "phase": "end", "ts": 6618100, "status": 500}
{"id": "t000002457", "svc": "auth", "phase": "start", "ts": 6619000, "status": 200}
{"id": "t000002457", "svc": "auth", "phase": "end", "ts": 6619100, "status": 200}
{"id": "t000002458", "svc": "gateway", "phase": "start", "ts": 6620000, "status": 200}
{"id": "t000002458", "svc": "gateway", "phase": "end", "ts": 6620100, "status": 200}
{"id": "t000002459", "svc": "payment", "phase": "start", "ts": 6621000, "status": 200}
{"id": "t000002459", "svc": "payment", "phase": "end", "ts": 6621100, "status": 200}
{"id": "t000002460", "svc": "auth", "phase": "start", "ts": 6622000, "status": 200}
{"id": "t000002460", "svc": "auth", "phase": "end", "ts": 6622100, "status": 200}
{"id": "t000002461", "svc": "gateway", "phase": "start", "ts": 6623000, "status": 200}
{"id": "t000002461", "svc": "gateway", "phase": "end", "ts": 6623100, "status": 200}
{"id": "t000002462", "svc": "payment", "phase": "start", "ts": 6624000, "status": 200}
{"id": "t000002462", "svc": "payment", "phase": "end", "ts": 6624100, "status": 200}
{"id": "t000002463", "svc": "auth", "phase": "start", "ts": 6625000, "status": 200}
{"id": "t000002463", "svc": "auth", "phase": "end", "ts": 6625100, "status": 200}
{"id": "t000002464", "svc": "gateway", "phase": "start", "ts": 6626000, "status": 200}
{"id": "t000002464", "svc": "gateway", "phase": "end", "ts": 6626100, "status": 500}
{"id": "t000002465", "svc": "payment", "phase": "start", "ts": 6627000, "status": 200}
{"id": "t000002465", "svc": "payment", "phase": "end", "ts": 6627100, "status": 200}
{"id": "t000002466", "svc": "auth", "phase": "start", "ts": 6628000, "status": 200}
{"id": "t000002466", "svc": "auth", "phase": "end", "ts": 6628100, "status": 200}
{"id": "t000002467", "svc": "gateway", "phase": "start", "ts": 6629000, "status": 200}
{"id": "t000002467", "svc": "gateway", "phase": "end", "ts": 6629100, "status": 200}
{"id": "t000002468", "svc": "payment", "phase": "start", "ts": 6630000, "status": 200}
{"id": "t000002468", "svc": "payment", "phase": "end", "ts": 6630100, "status": 200}
{"id": "t000002469", "svc": "auth", "phase": "start", "ts": 6631000, "status": 200}
{"id": "t000002469", "svc": "auth", "phase": "end", "ts": 6631100, "status": 200}
{"id": "t000002470", "svc": "gateway", "phase": "start", "ts": 6632000, "status": 200}
{"id": "t000002470", "svc": "gateway", "phase": "end", "ts": 6632100, "status": 200}
{"id": "t000002471", "svc": "payment", "phase": "start", "ts": 6633000, "status": 200}
{"id": "t000002471", "svc": "payment", "phase": "end", "ts": 6633100, "status": 200}
{"id": "t000002472", "svc": "auth", "phase": "start", "ts": 6634000, "status": 200}
{"id": "t000002472", "svc": "auth", "phase": "end", "ts": 6634100, "status": 500}
{"id": "t000002473", "svc": "gateway", "phase": "start", "ts": 6635000, "status": 200}
{"id": "t000002473", "svc": "gateway", "phase": "end", "ts": 6635100, "status": 200}
{"id": "t000002474", "svc": "payment", "phase": "start", "ts": 6636000, "status": 200}
{"id": "t000002474", "svc": "payment", "phase": "end", "ts": 6636100, "status": 200}
{"id": "t000002475", "svc": "auth", "phase": "start", "ts": 6637000, "status": 200}
{"id": "t000002475", "svc": "auth", "phase": "end", "ts": 6637100, "status": 200}
{"id": "t000002476", "svc": "gateway", "phase": "start", "ts": 6638000, "status": 200}
{"id": "t000002476", "svc": "gateway", "phase": "end", "ts": 6638100, "status": 200}
{"id": "t000002477", "svc": "payment", "phase": "start", "ts": 6639000, "status": 200}
{"id": "t000002477", "svc": "payment", "phase": "end", "ts": 6639100, "status": 200}
{"id": "t000002478", "svc": "auth", "phase": "start", "ts": 6640000, "status": 200}
{"id": "t000002478", "svc": "auth", "phase": "end", "ts": 6640100, "status": 200}
{"id": "t000002479", "svc": "gateway", "phase": "start", "ts": 6641000, "status": 200}
{"id": "t000002479", "svc": "gateway", "phase": "end", "ts": 6641100, "status": 200}
{"id": "t000002480", "svc": "payment", "phase": "start", "ts": 6642000, "status": 200}
{"id": "t000002480", "svc": "payment", "phase": "end", "ts": 6642100, "status": 500}
{"id": "t000002481", "svc": "auth", "phase": "start", "ts": 6643000, "status": 200}
{"id": "t000002481", "svc": "auth", "phase": "end", "ts": 6643100, "status": 200}
{"id": "t000002482", "svc": "gateway", "phase": "start", "ts": 6644000, "status": 200}
{"id": "t000002482", "svc": "gateway", "phase": "end", "ts": 6644100, "status": 200}
{"id": "t000002483", "svc": "payment", "phase": "start", "ts": 6645000, "status": 200}
{"id": "t000002483", "svc": "payment", "phase": "end", "ts": 6645100, "status": 200}
{"id": "t000002484", "svc": "auth", "phase": "start", "ts": 6646000, "status": 200}
{"id": "t000002484", "svc": "auth", "phase": "end", "ts": 6646100, "status": 200}
{"id": "t000002485", "svc": "gateway", "phase": "start", "ts": 6647000, "status": 200}
{"id": "t000002485", "svc": "gateway", "phase": "end", "ts": 6647100, "status": 200}
{"id": "t000002486", "svc": "payment", "phase": "start", "ts": 6648000, "status": 200}
{"id": "t000002486", "svc": "payment", "phase": "end", "ts": 6648100, "status": 200}
{"id": "t000002487", "svc": "auth", "phase": "start", "ts": 6649000, "status": 200}
{"id": "t000002487", "svc": "auth", "phase": "end", "ts": 6649100, "status": 200}
{"id": "t000002488", "svc": "gateway", "phase": "start", "ts": 6650000, "status": 200}
{"id": "t000002488", "svc": "gateway", "phase": "end", "ts": 6650100, "status": 500}
{"id": "t000002489", "svc": "payment", "phase": "start", "ts": 6651000, "status": 200}
{"id": "t000002489", "svc": "payment", "phase": "end", "ts": 6651100, "status": 200}
{"id": "t000002490", "svc": "auth", "phase": "start", "ts": 6652000, "status": 200}
{"id": "t000002490", "svc": "auth", "phase": "end", "ts": 6652100, "status": 200}
{"id": "t000002491", "svc": "gateway", "phase": "start", "ts": 6653000, "status": 200}
{"id": "t000002491", "svc": "gateway", "phase": "end", "ts": 6653100, "status": 200}
{"id": "t000002492", "svc": "payment", "phase": "start", "ts": 6654000, "status": 200}
{"id": "t000002492", "svc": "payment", "phase": "end", "ts": 6654100, "status": 200}
{"id": "t000002493", "svc": "auth", "phase": "start", "ts": 6655000, "status": 200}
{"id": "t000002493", "svc": "auth", "phase": "end", "ts": 6655100, "status": 200}
{"id": "t000002494", "svc": "gateway", "phase": "start", "ts": 6656000, "status": 200}
{"id": "t000002494", "svc": "gateway", "phase": "end", "ts": 6656100, "status": 200}
{"id": "t000002495", "svc": "payment", "phase": "start", "ts": 6657000, "status": 200}
{"id": "t000002495", "svc": "payment", "phase": "end", "ts": 6657100, "status": 200}
{"id": "t000002496", "svc": "auth", "phase": "start", "ts": 6658000, "status": 200}
{"id": "t000002496", "svc": "auth", "phase": "end", "ts": 6658100, "status": 500}
{"id": "t000002497", "svc": "gateway", "phase": "start", "ts": 6659000, "status": 200}
{"id": "t000002497", "svc": "gateway", "phase": "end", "ts": 6659100, "status": 200}
{"id": "t000002498", "svc": "payment", "phase": "start", "ts": 6660000, "status": 200}
{"id": "t000002498", "svc": "payment", "phase": "end", "ts": 6660100, "status": 200}
{"id": "t000002499", "svc": "auth", "phase": "start", "ts": 6661000, "status": 200}
{"id": "t000002499", "svc": "auth", "phase": "end", "ts": 6661100, "status": 200}
{"id": "t000002500", "svc": "gateway", "phase": "start", "ts": 6662000, "status": 200}
{"id": "t000002500", "svc": "gateway", "phase": "end", "ts": 6662100, "status": 200}
{"id": "t000002501", "svc": "payment", "phase": "start", "ts": 6663000, "status": 200}
{"id": "t000002501", "svc": "payment", "phase": "end", "ts": 6663100, "status": 200}
{"id": "t000002502", "svc": "auth", "phase": "start", "ts": 6664000, "status": 200}
{"id": "t000002502", "svc": "auth", "phase": "end", "ts": 6664100, "status": 200}
{"id": "t000002503", "svc": "gateway", "phase": "start", "ts": 6665000, "status": 200}
{"id": "t000002503", "svc": "gateway", "phase": "end", "ts": 6665100, "status": 200}
{"id": "t000002504", "svc": "payment", "phase": "start", "ts": 6666000, "status": 200}
{"id": "t000002504", "svc": "payment", "phase": "end", "ts": 6666100, "status": 500}
{"id": "t000002505", "svc": "auth", "phase": "start", "ts": 6667000, "status": 200}
{"id": "t000002505", "svc": "auth", "phase": "end", "ts": 6667100, "status": 200}
{"id": "t000002506", "svc": "gateway", "phase": "start", "ts": 6668000, "status": 200}
{"id": "t000002506", "svc": "gateway", "phase": "end", "ts": 6668100, "status": 200}
{"id": "t000002507", "svc": "payment", "phase": "start", "ts": 6669000, "status": 200}
{"id": "t000002507", "svc": "payment", "phase": "end", "ts": 6669100, "status": 200}
{"id": "t000002508", "svc": "auth", "phase": "start", "ts": 6670000, "status": 200}
{"id": "t000002508", "svc": "auth", "phase": "end", "ts": 6670100, "status": 200}
{"id": "t000002509", "svc": "gateway", "phase": "start", "ts": 6671000, "status": 200}
{"id": "t000002509", "svc": "gateway", "phase": "end", "ts": 6671100, "status": 200}
{"id": "t000002510", "svc": "payment", "phase": "start", "ts": 6672000, "status": 200}
{"id": "t000002510", "svc": "payment", "phase": "end", "ts": 6672100, "status": 200}
{"id": "t000002511", "svc": "auth", "phase": "start", "ts": 6673000, "status": 200}
{"id": "t000002511", "svc": "auth", "phase": "end", "ts": 6673100, "status": 200}
{"id": "t000002512", "svc": "gateway", "phase": "start", "ts": 6674000, "status": 200}
{"id": "t000002512", "svc": "gateway", "phase": "end", "ts": 6674100, "status": 500}
{"id": "t000002513", "svc": "payment", "phase": "start", "ts": 6675000, "status": 200}
{"id": "t000002513", "svc": "payment", "phase": "end", "ts": 6675100, "status": 200}
{"id": "t000002514", "svc": "auth", "phase": "start", "ts": 6676000, "status": 200}
{"id": "t000002514", "svc": "auth", "phase": "end", "ts": 6676100, "status": 200}
{"id": "t000002515", "svc": "gateway", "phase": "start", "ts": 6677000, "status": 200}
{"id": "t000002515", "svc": "gateway", "phase": "end", "ts": 6677100, "status": 200}
{"id": "t000002516", "svc": "payment", "phase": "start", "ts": 6678000, "status": 200}
{"id": "t000002516", "svc": "payment", "phase": "end", "ts": 6678100, "status": 200}
{"id": "t000002517", "svc": "auth", "phase": "start", "ts": 6679000, "status": 200}
{"id": "t000002517", "svc": "auth", "phase": "end", "ts": 6679100, "status": 200}
{"id": "t000002518", "svc": "gateway", "phase": "start", "ts": 6680000, "status": 200}
{"id": "t000002518", "svc": "gateway", "phase": "end", "ts": 6680100, "status": 200}
{"id": "t000002519", "svc": "payment", "phase": "start", "ts": 6681000, "status": 200}
{"id": "t000002519", "svc": "payment", "phase": "end", "ts": 6681100, "status": 200}
{"id": "t000002520", "svc": "auth", "phase": "start", "ts": 6682000, "status": 200}
{"id": "t000002520", "svc": "auth", "phase": "end", "ts": 6682100, "status": 500}
{"id": "t000002521", "svc": "gateway", "phase": "start", "ts": 6683000, "status": 200}
{"id": "t000002521", "svc": "gateway", "phase": "end", "ts": 6683100, "status": 200}
{"id": "t000002522", "svc": "payment", "phase": "start", "ts": 6684000, "status": 200}
{"id": "t000002522", "svc": "payment", "phase": "end", "ts": 6684100, "status": 200}
{"id": "t000002523", "svc": "auth", "phase": "start", "ts": 6685000, "status": 200}
{"id": "t000002523", "svc": "auth", "phase": "end", "ts": 6685100, "status": 200}
{"id": "t000002524", "svc": "gateway", "phase": "start", "ts": 6686000, "status": 200}
{"id": "t000002524", "svc": "gateway", "phase": "end", "ts": 6686100, "status": 200}
{"id": "t000002525", "svc": "payment", "phase": "start", "ts": 6687000, "status": 200}
{"id": "t000002525", "svc": "payment", "phase": "end", "ts": 6687100, "status": 200}
{"id": "t000002526", "svc": "auth", "phase": "start", "ts": 6688000, "status": 200}
{"id": "t000002526", "svc": "auth", "phase": "end", "ts": 6688100, "status": 200}
{"id": "t000002527", "svc": "gateway", "phase": "start", "ts": 6689000, "status": 200}
{"id": "t000002527", "svc": "gateway", "phase": "end", "ts": 6689100, "status": 200}
{"id": "t000002528", "svc": "payment", "phase": "start", "ts": 6690000, "status": 200}
{"id": "t000002528", "svc": "payment", "phase": "end", "ts": 6690100, "status": 500}
{"id": "t000002529", "svc": "auth", "phase": "start", "ts": 6691000, "status": 200}
{"id": "t000002529", "svc": "auth", "phase": "end", "ts": 6691100, "status": 200}
{"id": "t000002530", "svc": "gateway", "phase": "start", "ts": 6692000, "status": 200}
{"id": "t000002530", "svc": "gateway", "phase": "end", "ts": 6692100, "status": 200}
{"id": "t000002531", "svc": "payment", "phase": "start", "ts": 6693000, "status": 200}
{"id": "t000002531", "svc": "payment", "phase": "end", "ts": 6693100, "status": 200}
{"id": "t000002532", "svc": "auth", "phase": "start", "ts": 6694000, "status": 200}
{"id": "t000002532", "svc": "auth", "phase": "end", "ts": 6694100, "status": 200}
{"id": "t000002533", "svc": "gateway", "phase": "start", "ts": 6695000, "status": 200}
{"id": "t000002533", "svc": "gateway", "phase": "end", "ts": 6695100, "status": 200}
{"id": "t000002534", "svc": "payment", "phase": "start", "ts": 6696000, "status": 200}
{"id": "t000002534", "svc": "payment", "phase": "end", "ts": 6696100, "status": 200}
{"id": "t000002535", "svc": "auth", "phase": "start", "ts": 6697000, "status": 200}
{"id": "t000002535", "svc": "auth", "phase": "end", "ts": 6697100, "status": 200}
{"id": "t000002536", "svc": "gateway", "phase": "start", "ts": 6698000, "status": 200}
{"id": "t000002536", "svc": "gateway", "phase": "end", "ts": 6698100, "status": 500}
{"id": "t000002537", "svc": "payment", "phase": "start", "ts": 6699000, "status": 200}
{"id": "t000002537", "svc": "payment", "phase": "end", "ts": 6699100, "status": 200}
{"id": "t000002538", "svc": "auth", "phase": "start", "ts": 6700000, "status": 200}
{"id": "t000002538", "svc": "auth", "phase": "end", "ts": 6700100, "status": 200}
{"id": "t000002539", "svc": "gateway", "phase": "start", "ts": 6701000, "status": 200}
{"id": "t000002539", "svc": "gateway", "phase": "end", "ts": 6701100, "status": 200}
{"id": "t000002540", "svc": "payment", "phase": "start", "ts": 6702000, "status": 200}
{"id": "t000002540", "svc": "payment", "phase": "end", "ts": 6702100, "status": 200}
{"id": "t000002541", "svc": "auth", "phase": "start", "ts": 6703000, "status": 200}
{"id": "t000002541", "svc": "auth", "phase": "end", "ts": 6703100, "status": 200}
{"id": "t000002542", "svc": "gateway", "phase": "start", "ts": 6704000, "status": 200}
{"id": "t000002542", "svc": "gateway", "phase": "end", "ts": 6704100, "status": 200}
{"id": "t000002543", "svc": "payment", "phase": "start", "ts": 6705000, "status": 200}
{"id": "t000002543", "svc": "payment", "phase": "end", "ts": 6705100, "status": 200}
{"id": "t000002544", "svc": "auth", "phase": "start", "ts": 6706000, "status": 200}
{"id": "t000002544", "svc": "auth", "phase": "end", "ts": 6706100, "status": 500}
{"id": "t000002545", "svc": "gateway", "phase": "start", "ts": 6707000, "status": 200}
{"id": "t000002545", "svc": "gateway", "phase": "end", "ts": 6707100, "status": 200}
{"id": "t000002546", "svc": "payment", "phase": "start", "ts": 6708000, "status": 200}
{"id": "t000002546", "svc": "payment", "phase": "end", "ts": 6708100, "status": 200}
{"id": "t000002547", "svc": "auth", "phase": "start", "ts": 6709000, "status": 200}
{"id": "t000002547", "svc": "auth", "phase": "end", "ts": 6709100, "status": 200}
{"id": "t000002548", "svc": "gateway", "phase": "start", "ts": 6710000, "status": 200}
{"id": "t000002548", "svc": "gateway", "phase": "end", "ts": 6710100, "status": 200}
{"id": "t000002549", "svc": "payment", "phase": "start", "ts": 6711000, "status": 200}
{"id": "t000002549", "svc": "payment", "phase": "end", "ts": 6711100, "status": 200}
{"id": "t000002550", "svc": "auth", "phase": "start", "ts": 6712000, "status": 200}
{"id": "t000002550", "svc": "auth", "phase": "end", "ts": 6712100, "status": 200}
{"id": "t000002551", "svc": "gateway", "phase": "start", "ts": 6713000, "status": 200}
{"id": "t000002551", "svc": "gateway", "phase": "end", "ts": 6713100, "status": 200}
{"id": "t000002552", "svc": "payment", "phase": "start", "ts": 6714000, "status": 200}
{"id": "t000002552", "svc": "payment", "phase": "end", "ts": 6714100, "status": 500}
{"id": "t000002553", "svc": "auth", "phase": "start", "ts": 6715000, "status": 200}
{"id": "t000002553", "svc": "auth", "phase": "end", "ts": 6715100, "status": 200}
{"id": "t000002554", "svc": "gateway", "phase": "start", "ts": 6716000, "status": 200}
{"id": "t000002554", "svc": "gateway", "phase": "end", "ts": 6716100, "status": 200}
{"id": "t000002555", "svc": "payment", "phase": "start", "ts": 6717000, "status": 200}
{"id": "t000002555", "svc": "payment", "phase": "end", "ts": 6717100, "status": 200}
{"id": "t000002556", "svc": "auth", "phase": "start", "ts": 6718000, "status": 200}
{"id": "t000002556", "svc": "auth", "phase": "end", "ts": 6718100, "status": 200}
{"id": "t000002557", "svc": "gateway", "phase": "start", "ts": 6719000, "status": 200}
{"id": "t000002557", "svc": "gateway", "phase": "end", "ts": 6719100, "status": 200}
{"id": "t000002558", "svc": "payment", "phase": "start", "ts": 6720000, "status": 200}
{"id": "t000002558", "svc": "payment", "phase": "end", "ts": 6720100, "status": 200}
{"id": "t000002559", "svc": "auth", "phase": "start", "ts": 6721000, "status": 200}
{"id": "t000002559", "svc": "auth", "phase": "end", "ts": 6721100, "status": 200}
{"id": "t000002560", "svc": "gateway", "phase": "start", "ts": 6722000, "status": 200}
{"id": "t000002560", "svc": "gateway", "phase": "end", "ts": 6722100, "status": 500}
{"id": "t000002561", "svc": "payment", "phase": "start", "ts": 6723000, "status": 200}
{"id": "t000002561", "svc": "payment", "phase": "end", "ts": 6723100, "status": 200}
{"id": "t000002562", "svc": "auth", "phase": "start", "ts": 6724000, "status": 200}
{"id": "t000002562", "svc": "auth", "phase": "end", "ts": 6724100, "status": 200}
{"id": "t000002563", "svc": "gateway", "phase": "start", "ts": 6725000, "status": 200}
{"id": "t000002563", "svc": "gateway", "phase": "end", "ts": 6725100, "status": 200}
{"id": "t000002564", "svc": "payment", "phase": "start", "ts": 6726000, "status": 200}
{"id": "t000002564", "svc": "payment", "phase": "end", "ts": 6726100, "status": 200}
{"id": "t000002565", "svc": "auth", "phase": "start", "ts": 6727000, "status": 200}
{"id": "t000002565", "svc": "auth", "phase": "end", "ts": 6727100, "status": 200}
{"id": "t000002566", "svc": "gateway", "phase": "start", "ts": 6728000, "status": 200}
{"id": "t000002566", "svc": "gateway", "phase": "end", "ts": 6728100, "status": 200}
{"id": "t000002567", "svc": "payment", "phase": "start", "ts": 6729000, "status": 200}
{"id": "t000002567", "svc": "payment", "phase": "end", "ts": 6729100, "status": 200}
{"id": "t000002568", "svc": "auth", "phase": "start", "ts": 6730000, "status": 200}
{"id": "t000002568", "svc": "auth", "phase": "end", "ts": 6730100, "status": 500}
{"id": "t000002569", "svc": "gateway", "phase": "start", "ts": 6731000, "status": 200}
{"id": "t000002569", "svc": "gateway", "phase": "end", "ts": 6731100, "status": 200}
{"id": "t000002570", "svc": "payment", "phase": "start", "ts": 6732000, "status": 200}
{"id": "t000002570", "svc": "payment", "phase": "end", "ts": 6732100, "status": 200}
{"id": "t000002571", "svc": "auth", "phase": "start", "ts": 6733000, "status": 200}
{"id": "t000002571", "svc": "auth", "phase": "end", "ts": 6733100, "status": 200}
{"id": "t000002572", "svc": "gateway", "phase": "start", "ts": 6734000, "status": 200}
{"id": "t000002572", "svc": "gateway", "phase": "end", "ts": 6734100, "status": 200}
{"id": "t000002573", "svc": "payment", "phase": "start", "ts": 6735000, "status": 200}
{"id": "t000002573", "svc": "payment", "phase": "end", "ts": 6735100, "status": 200}
{"id": "t000002574", "svc": "auth", "phase": "start", "ts": 6736000, "status": 200}
{"id": "t000002574", "svc": "auth", "phase": "end", "ts": 6736100, "status": 200}
{"id": "t000002575", "svc": "gateway", "phase": "start", "ts": 6737000, "status": 200}
{"id": "t000002575", "svc": "gateway", "phase": "end", "ts": 6737100, "status": 200}
{"id": "t000002576", "svc": "payment", "phase": "start", "ts": 6738000, "status": 200}
{"id": "t000002576", "svc": "payment", "phase": "end", "ts": 6738100, "status": 500}
{"id": "t000002577", "svc": "auth", "phase": "start", "ts": 6739000, "status": 200}
{"id": "t000002577", "svc": "auth", "phase": "end", "ts": 6739100, "status": 200}
{"id": "t000002578", "svc": "gateway", "phase": "start", "ts": 6740000, "status": 200}
{"id": "t000002578", "svc": "gateway", "phase": "end", "ts": 6740100, "status": 200}
{"id": "t000002579", "svc": "payment", "phase": "start", "ts": 6741000, "status": 200}
{"id": "t000002579", "svc": "payment", "phase": "end", "ts": 6741100, "status": 200}
{"id": "t000002580", "svc": "auth", "phase": "start", "ts": 6742000, "status": 200}
{"id": "t000002580", "svc": "auth", "phase": "end", "ts": 6742100, "status": 200}
{"id": "t000002581", "svc": "gateway", "phase": "start", "ts": 6743000, "status": 200}
{"id": "t000002581", "svc": "gateway", "phase": "end", "ts": 6743100, "status": 200}
{"id": "t000002582", "svc": "payment", "phase": "start", "ts": 6744000, "status": 200}
{"id": "t000002582", "svc": "payment", "phase": "end", "ts": 6744100, "status": 200}
{"id": "t000002583", "svc": "auth", "phase": "start", "ts": 6745000, "status": 200}
{"id": "t000002583", "svc": "auth", "phase": "end", "ts": 6745100, "status": 200}
{"id": "t000002584", "svc": "gateway", "phase": "start", "ts": 6746000, "status": 200}
{"id": "t000002584", "svc": "gateway", "phase": "end", "ts": 6746100, "status": 500}
{"id": "t000002585", "svc": "payment", "phase": "start", "ts": 6747000, "status": 200}
{"id": "t000002585", "svc": "payment", "phase": "end", "ts": 6747100, "status": 200}
{"id": "t000002586", "svc": "auth", "phase": "start", "ts": 6748000, "status": 200}
{"id": "t000002586", "svc": "auth", "phase": "end", "ts": 6748100, "status": 200}
{"id": "t000002587", "svc": "gateway", "phase": "start", "ts": 6749000, "status": 200}
{"id": "t000002587", "svc": "gateway", "phase": "end", "ts": 6749100, "status": 200}
{"id": "t000002588", "svc": "payment", "phase": "start", "ts": 6750000, "status": 200}
{"id": "t000002588", "svc": "payment", "phase": "end", "ts": 6750100, "status": 200}
{"id": "t000002589", "svc": "auth", "phase": "start", "ts": 6751000, "status": 200}
{"id": "t000002589", "svc": "auth", "phase": "end", "ts": 6751100, "status": 200}
{"id": "t000002590", "svc": "gateway", "phase": "start", "ts": 6752000, "status": 200}
{"id": "t000002590", "svc": "gateway", "phase": "end", "ts": 6752100, "status": 200}
{"id": "t000002591", "svc": "payment", "phase": "start", "ts": 6753000, "status": 200}
{"id": "t000002591", "svc": "payment", "phase": "end", "ts": 6753100, "status": 200}
{"id": "t000002592", "svc": "auth", "phase": "start", "ts": 6754000, "status": 200}
{"id": "t000002592", "svc": "auth", "phase": "end", "ts": 6754100, "status": 500}
{"id": "t000002593", "svc": "gateway", "phase": "start", "ts": 6755000, "status": 200}
{"id": "t000002593", "svc": "gateway", "phase": "end", "ts": 6755100, "status": 200}
{"id": "t000002594", "svc": "payment", "phase": "start", "ts": 6756000, "status": 200}
{"id": "t000002594", "svc": "payment", "phase": "end", "ts": 6756100, "status": 200}
{"id": "t000002595", "svc": "auth", "phase": "start", "ts": 6757000, "status": 200}
{"id": "t000002595", "svc": "auth", "phase": "end", "ts": 6757100, "status": 200}
{"id": "t000002596", "svc": "gateway", "phase": "start", "ts": 6758000, "status": 200}
{"id": "t000002596", "svc": "gateway", "phase": "end", "ts": 6758100, "status": 200}
{"id": "t000002597", "svc": "payment", "phase": "start", "ts": 6759000, "status": 200}
{"id": "t000002597", "svc": "payment", "phase": "end", "ts": 6759100, "status": 200}
{"id": "t000002598", "svc": "auth", "phase": "start", "ts": 6760000, "status": 200}
{"id": "t000002598", "svc": "auth", "phase": "end", "ts": 6760100, "status": 200}
{"id": "t000002599", "svc": "gateway", "phase": "start", "ts": 6761000, "status": 200}
{"id": "t000002599", "svc": "gateway", "phase": "end", "ts": 6761100, "status": 200}
{"id": "t000002600", "svc": "payment", "phase": "start", "ts": 6762000, "status": 200}
{"id": "t000002600", "svc": "payment", "phase": "end", "ts": 6762100, "status": 500}
{"id": "t000002601", "svc": "auth", "phase": "start", "ts": 6763000, "status": 200}
{"id": "t000002601", "svc": "auth", "phase": "end", "ts": 6763100, "status": 200}
{"id": "t000002602", "svc": "gateway", "phase": "start", "ts": 6764000, "status": 200}
{"id": "t000002602", "svc": "gateway", "phase": "end", "ts": 6764100, "status": 200}
{"id": "t000002603", "svc": "payment", "phase": "start", "ts": 6765000, "status": 200}
{"id": "t000002603", "svc": "payment", "phase": "end", "ts": 6765100, "status": 200}
{"id": "t000002604", "svc": "auth", "phase": "start", "ts": 6766000, "status": 200}
{"id": "t000002604", "svc": "auth", "phase": "end", "ts": 6766100, "status": 200}
{"id": "t000002605", "svc": "gateway", "phase": "start", "ts": 6767000, "status": 200}
{"id": "t000002605", "svc": "gateway", "phase": "end", "ts": 6767100, "status": 200}
{"id": "t000002606", "svc": "payment", "phase": "start", "ts": 6768000, "status": 200}
{"id": "t000002606", "svc": "payment", "phase": "end", "ts": 6768100, "status": 200}
{"id": "t000002607", "svc": "auth", "phase": "start", "ts": 6769000, "status": 200}
{"id": "t000002607", "svc": "auth", "phase": "end", "ts": 6769100, "status": 200}
{"id": "t000002608", "svc": "gateway", "phase": "start", "ts": 6770000, "status": 200}
{"id": "t000002608", "svc": "gateway", "phase": "end", "ts": 6770100, "status": 500}
{"id": "t000002609", "svc": "payment", "phase": "start", "ts": 6771000, "status": 200}
{"id": "t000002609", "svc": "payment", "phase": "end", "ts": 6771100, "status": 200}
{"id": "t000002610", "svc": "auth", "phase": "start", "ts": 6772000, "status": 200}
{"id": "t000002610", "svc": "auth", "phase": "end", "ts": 6772100, "status": 200}
{"id": "t000002611", "svc": "gateway", "phase": "start", "ts": 6773000, "status": 200}
{"id": "t000002611", "svc": "gateway", "phase": "end", "ts": 6773100, "status": 200}
{"id": "t000002612", "svc": "payment", "phase": "start", "ts": 6774000, "status": 200}
{"id": "t000002612", "svc": "payment", "phase": "end", "ts": 6774100, "status": 200}
{"id": "t000002613", "svc": "auth", "phase": "start", "ts": 6775000, "status": 200}
{"id": "t000002613", "svc": "auth", "phase": "end", "ts": 6775100, "status": 200}
{"id": "t000002614", "svc": "gateway", "phase": "start", "ts": 6776000, "status": 200}
{"id": "t000002614", "svc": "gateway", "phase": "end", "ts": 6776100, "status": 200}
{"id": "t000002615", "svc": "payment", "phase": "start", "ts": 6777000, "status": 200}
{"id": "t000002615", "svc": "payment", "phase": "end", "ts": 6777100, "status": 200}
{"id": "t000002616", "svc": "auth", "phase": "start", "ts": 6778000, "status": 200}
{"id": "t000002616", "svc": "auth", "phase": "end", "ts": 6778100, "status": 500}
{"id": "t000002617", "svc": "gateway", "phase": "start", "ts": 6779000, "status": 200}
{"id": "t000002617", "svc": "gateway", "phase": "end", "ts": 6779100, "status": 200}
{"id": "t000002618", "svc": "payment", "phase": "start", "ts": 6780000, "status": 200}
{"id": "t000002618", "svc": "payment", "phase": "end", "ts": 6780100, "status": 200}
{"id": "t000002619", "svc": "auth", "phase": "start", "ts": 6781000, "status": 200}
{"id": "t000002619", "svc": "auth", "phase": "end", "ts": 6781100, "status": 200}
{"id": "t000002620", "svc": "gateway", "phase": "start", "ts": 6782000, "status": 200}
{"id": "t000002620", "svc": "gateway", "phase": "end", "ts": 6782100, "status": 200}
{"id": "t000002621", "svc": "payment", "phase": "start", "ts": 6783000, "status": 200}
{"id": "t000002621", "svc": "payment", "phase": "end", "ts": 6783100, "status": 200}
{"id": "t000002622", "svc": "auth", "phase": "start", "ts": 6784000, "status": 200}
{"id": "t000002622", "svc": "auth", "phase": "end", "ts": 6784100, "status": 200}
{"id": "t000002623", "svc": "gateway", "phase": "start", "ts": 6785000, "status": 200}
{"id": "t000002623", "svc": "gateway", "phase": "end", "ts": 6785100, "status": 200}
{"id": "t000002624", "svc": "payment", "phase": "start", "ts": 6786000, "status": 200}
{"id": "t000002624", "svc": "payment", "phase": "end", "ts": 6786100, "status": 500}
{"id": "t000002625", "svc": "auth", "phase": "start", "ts": 6787000, "status": 200}
{"id": "t000002625", "svc": "auth", "phase": "end", "ts": 6787100, "status": 200}
{"id": "t000002626", "svc": "gateway", "phase": "start", "ts": 6788000, "status": 200}
{"id": "t000002626", "svc": "gateway", "phase": "end", "ts": 6788100, "status": 200}
{"id": "t000002627", "svc": "payment", "phase": "start", "ts": 6789000, "status": 200}
{"id": "t000002627", "svc": "payment", "phase": "end", "ts": 6789100, "status": 200}
{"id": "t000002628", "svc": "auth", "phase": "start", "ts": 6790000, "status": 200}
{"id": "t000002628", "svc": "auth", "phase": "end", "ts": 6790100, "status": 200}
{"id": "t000002629", "svc": "gateway", "phase": "start", "ts": 6791000, "status": 200}
{"id": "t000002629", "svc": "gateway", "phase": "end", "ts": 6791100, "status": 200}
{"id": "t000002630", "svc": "payment", "phase": "start", "ts": 6792000, "status": 200}
{"id": "t000002630", "svc": "payment", "phase": "end", "ts": 6792100, "status": 200}
{"id": "t000002631", "svc": "auth", "phase": "start", "ts": 6793000, "status": 200}
{"id": "t000002631", "svc": "auth", "phase": "end", "ts": 6793100, "status": 200}
{"id": "t000002632", "svc": "gateway", "phase": "start", "ts": 6794000, "status": 200}
{"id": "t000002632", "svc": "gateway", "phase": "end", "ts": 6794100, "status": 500}
{"id": "t000002633", "svc": "payment", "phase": "start", "ts": 6795000, "status": 200}
{"id": "t000002633", "svc": "payment", "phase": "end", "ts": 6795100, "status": 200}
{"id": "t000002634", "svc": "auth", "phase": "start", "ts": 6796000, "status": 200}
{"id": "t000002634", "svc": "auth", "phase": "end", "ts": 6796100, "status": 200}
{"id": "t000002635", "svc": "gateway", "phase": "start", "ts": 6797000, "status": 200}
{"id": "t000002635", "svc": "gateway", "phase": "end", "ts": 6797100, "status": 200}
{"id": "t000002636", "svc": "payment", "phase": "start", "ts": 6798000, "status": 200}
{"id": "t000002636", "svc": "payment", "phase": "end", "ts": 6798100, "status": 200}
{"id": "t000002637", "svc": "auth", "phase": "start", "ts": 6799000, "status": 200}
{"id": "t000002637", "svc": "auth", "phase": "end", "ts": 6799100, "status": 200}
{"id": "t000002638", "svc": "gateway", "phase": "start", "ts": 6800000, "status": 200}
{"id": "t000002638", "svc": "gateway", "phase": "end", "ts": 6800100, "status": 200}
{"id": "t000002639", "svc": "payment", "phase": "start", "ts": 6801000, "status": 200}
{"id": "t000002639", "svc": "payment", "phase": "end", "ts": 6801100, "status": 200}
{"id": "t000002640", "svc": "auth", "phase": "start", "ts": 6802000, "status": 200}
{"id": "t000002640", "svc": "auth", "phase": "end", "ts": 6802100, "status": 500}
{"id": "t000002641", "svc": "gateway", "phase": "start", "ts": 6803000, "status": 200}
{"id": "t000002641", "svc": "gateway", "phase": "end", "ts": 6803100, "status": 200}
{"id": "t000002642", "svc": "payment", "phase": "start", "ts": 6804000, "status": 200}
{"id": "t000002642", "svc": "payment", "phase": "end", "ts": 6804100, "status": 200}
{"id": "t000002643", "svc": "auth", "phase": "start", "ts": 6805000, "status": 200}
{"id": "t000002643", "svc": "auth", "phase": "end", "ts": 6805100, "status": 200}
{"id": "t000002644", "svc": "gateway", "phase": "start", "ts": 6806000, "status": 200}
{"id": "t000002644", "svc": "gateway", "phase": "end", "ts": 6806100, "status": 200}
{"id": "t000002645", "svc": "payment", "phase": "start", "ts": 6807000, "status": 200}
{"id": "t000002645", "svc": "payment", "phase": "end", "ts": 6807100, "status": 200}
{"id": "t000002646", "svc": "auth", "phase": "start", "ts": 6808000, "status": 200}
{"id": "t000002646", "svc": "auth", "phase": "end", "ts": 6808100, "status": 200}
{"id": "t000002647", "svc": "gateway", "phase": "start", "ts": 6809000, "status": 200}
{"id": "t000002647", "svc": "gateway", "phase": "end", "ts": 6809100, "status": 200}
{"id": "t000002648", "svc": "payment", "phase": "start", "ts": 6810000, "status": 200}
{"id": "t000002648", "svc": "payment", "phase": "end", "ts": 6810100, "status": 500}
{"id": "t000002649", "svc": "auth", "phase": "start", "ts": 6811000, "status": 200}
{"id": "t000002649", "svc": "auth", "phase": "end", "ts": 6811100, "status": 200}
{"id": "t000002650", "svc": "gateway", "phase": "start", "ts": 6812000, "status": 200}
{"id": "t000002650", "svc": "gateway", "phase": "end", "ts": 6812100, "status": 200}
{"id": "t000002651", "svc": "payment", "phase": "start", "ts": 6813000, "status": 200}
{"id": "t000002651", "svc": "payment", "phase": "end", "ts": 6813100, "status": 200}
{"id": "t000002652", "svc": "auth", "phase": "start", "ts": 6814000, "status": 200}
{"id": "t000002652", "svc": "auth", "phase": "end", "ts": 6814100, "status": 200}
{"id": "t000002653", "svc": "gateway", "phase": "start", "ts": 6815000, "status": 200}
{"id": "t000002653", "svc": "gateway", "phase": "end", "ts": 6815100, "status": 200}
{"id": "t000002654", "svc": "payment", "phase": "start", "ts": 6816000, "status": 200}
{"id": "t000002654", "svc": "payment", "phase": "end", "ts": 6816100, "status": 200}
{"id": "t000002655", "svc": "auth", "phase": "start", "ts": 6817000, "status": 200}
{"id": "t000002655", "svc": "auth", "phase": "end", "ts": 6817100, "status": 200}
{"id": "t000002656", "svc": "gateway", "phase": "start", "ts": 6818000, "status": 200}
{"id": "t000002656", "svc": "gateway", "phase": "end", "ts": 6818100, "status": 500}
{"id": "t000002657", "svc": "payment", "phase": "start", "ts": 6819000, "status": 200}
{"id": "t000002657", "svc": "payment", "phase": "end", "ts": 6819100, "status": 200}
{"id": "t000002658", "svc": "auth", "phase": "start", "ts": 6820000, "status": 200}
{"id": "t000002658", "svc": "auth", "phase": "end", "ts": 6820100, "status": 200}
{"id": "t000002659", "svc": "gateway", "phase": "start", "ts": 6821000, "status": 200}
{"id": "t000002659", "svc": "gateway", "phase": "end", "ts": 6821100, "status": 200}
{"id": "t000002660", "svc": "payment", "phase": "start", "ts": 6822000, "status": 200}
{"id": "t000002660", "svc": "payment", "phase": "end", "ts": 6822100, "status": 200}
{"id": "t000002661", "svc": "auth", "phase": "start", "ts": 6823000, "status": 200}
{"id": "t000002661", "svc": "auth", "phase": "end", "ts": 6823100, "status": 200}
{"id": "t000002662", "svc": "gateway", "phase": "start", "ts": 6824000, "status": 200}
{"id": "t000002662", "svc": "gateway", "phase": "end", "ts": 6824100, "status": 200}
{"id": "t000002663", "svc": "payment", "phase": "start", "ts": 6825000, "status": 200}
{"id": "t000002663", "svc": "payment", "phase": "end", "ts": 6825100, "status": 200}
{"id": "t000002664", "svc": "auth", "phase": "start", "ts": 6826000, "status": 200}
{"id": "t000002664", "svc": "auth", "phase": "end", "ts": 6826100, "status": 500}
{"id": "t000002665", "svc": "gateway", "phase": "start", "ts": 6827000, "status": 200}
{"id": "t000002665", "svc": "gateway", "phase": "end", "ts": 6827100, "status": 200}
{"id": "t000002666", "svc": "payment", "phase": "start", "ts": 6828000, "status": 200}
{"id": "t000002666", "svc": "payment", "phase": "end", "ts": 6828100, "status": 200}
{"id": "t000002667", "svc": "auth", "phase": "start", "ts": 6829000, "status": 200}
{"id": "t000002667", "svc": "auth", "phase": "end", "ts": 6829100, "status": 200}
{"id": "t000002668", "svc": "gateway", "phase": "start", "ts": 6830000, "status": 200}
{"id": "t000002668", "svc": "gateway", "phase": "end", "ts": 6830100, "status": 200}
{"id": "t000002669", "svc": "payment", "phase": "start", "ts": 6831000, "status": 200}
{"id": "t000002669", "svc": "payment", "phase": "end", "ts": 6831100, "status": 200}
{"id": "t000002670", "svc": "auth", "phase": "start", "ts": 6832000, "status": 200}
{"id": "t000002670", "svc": "auth", "phase": "end", "ts": 6832100, "status": 200}
{"id": "t000002671", "svc": "gateway", "phase": "start", "ts": 6833000, "status": 200}
{"id": "t000002671", "svc": "gateway", "phase": "end", "ts": 6833100, "status": 200}
{"id": "t000002672", "svc": "payment", "phase": "start", "ts": 6834000, "status": 200}
{"id": "t000002672", "svc": "payment", "phase": "end", "ts": 6834100, "status": 500}
{"id": "t000002673", "svc": "auth", "phase": "start", "ts": 6835000, "status": 200}
{"id": "t000002673", "svc": "auth", "phase": "end", "ts": 6835100, "status": 200}
{"id": "t000002674", "svc": "gateway", "phase": "start", "ts": 6836000, "status": 200}
{"id": "t000002674", "svc": "gateway", "phase": "end", "ts": 6836100, "status": 200}
{"id": "t000002675", "svc": "payment", "phase": "start", "ts": 6837000, "status": 200}
{"id": "t000002675", "svc": "payment", "phase": "end", "ts": 6837100, "status": 200}
{"id": "t000002676", "svc": "auth", "phase": "start", "ts": 6838000, "status": 200}
{"id": "t000002676", "svc": "auth", "phase": "end", "ts": 6838100, "status": 200}
{"id": "t000002677", "svc": "gateway", "phase": "start", "ts": 6839000, "status": 200}
{"id": "t000002677", "svc": "gateway", "phase": "end", "ts": 6839100, "status": 200}
{"id": "t000002678", "svc": "payment", "phase": "start", "ts": 6840000, "status": 200}
{"id": "t000002678", "svc": "payment", "phase": "end", "ts": 6840100, "status": 200}
{"id": "t000002679", "svc": "auth", "phase": "start", "ts": 6841000, "status": 200}
{"id": "t000002679", "svc": "auth", "phase": "end", "ts": 6841100, "status": 200}
{"id": "t000002680", "svc": "gateway", "phase": "start", "ts": 6842000, "status": 200}
{"id": "t000002680", "svc": "gateway", "phase": "end", "ts": 6842100, "status": 500}
{"id": "t000002681", "svc": "payment", "phase": "start", "ts": 6843000, "status": 200}
{"id": "t000002681", "svc": "payment", "phase": "end", "ts": 6843100, "status": 200}
{"id": "t000002682", "svc": "auth", "phase": "start", "ts": 6844000, "status": 200}
{"id": "t000002682", "svc": "auth", "phase": "end", "ts": 6844100, "status": 200}
{"id": "t000002683", "svc": "gateway", "phase": "start", "ts": 6845000, "status": 200}
{"id": "t000002683", "svc": "gateway", "phase": "end", "ts": 6845100, "status": 200}
{"id": "t000002684", "svc": "payment", "phase": "start", "ts": 6846000, "status": 200}
{"id": "t000002684", "svc": "payment", "phase": "end", "ts": 6846100, "status": 200}
{"id": "t000002685", "svc": "auth", "phase": "start", "ts": 6847000, "status": 200}
{"id": "t000002685", "svc": "auth", "phase": "end", "ts": 6847100, "status": 200}
{"id": "t000002686", "svc": "gateway", "phase": "start", "ts": 6848000, "status": 200}
{"id": "t000002686", "svc": "gateway", "phase": "end", "ts": 6848100, "status": 200}
{"id": "t000002687", "svc": "payment", "phase": "start", "ts": 6849000, "status": 200}
{"id": "t000002687", "svc": "payment", "phase": "end", "ts": 6849100, "status": 200}
{"id": "t000002688", "svc": "auth", "phase": "start", "ts": 6850000, "status": 200}
{"id": "t000002688", "svc": "auth", "phase": "end", "ts": 6850100, "status": 500}
{"id": "t000002689", "svc": "gateway", "phase": "start", "ts": 6851000, "status": 200}
{"id": "t000002689", "svc": "gateway", "phase": "end", "ts": 6851100, "status": 200}
{"id": "t000002690", "svc": "payment", "phase": "start", "ts": 6852000, "status": 200}
{"id": "t000002690", "svc": "payment", "phase": "end", "ts": 6852100, "status": 200}
{"id": "t000002691", "svc": "auth", "phase": "start", "ts": 6853000, "status": 200}
{"id": "t000002691", "svc": "auth", "phase": "end", "ts": 6853100, "status": 200}
{"id": "t000002692", "svc": "gateway", "phase": "start", "ts": 6854000, "status": 200}
{"id": "t000002692", "svc": "gateway", "phase": "end", "ts": 6854100, "status": 200}
{"id": "t000002693", "svc": "payment", "phase": "start", "ts": 6855000, "status": 200}
{"id": "t000002693", "svc": "payment", "phase": "end", "ts": 6855100, "status": 200}
{"id": "t000002694", "svc": "auth", "phase": "start", "ts": 6856000, "status": 200}
{"id": "t000002694", "svc": "auth", "phase": "end", "ts": 6856100, "status": 200}
{"id": "t000002695", "svc": "gateway", "phase": "start", "ts": 6857000, "status": 200}
{"id": "t000002695", "svc": "gateway", "phase": "end", "ts": 6857100, "status": 200}
{"id": "t000002696", "svc": "payment", "phase": "start", "ts": 6858000, "status": 200}
{"id": "t000002696", "svc": "payment", "phase": "end", "ts": 6858100, "status": 500}
{"id": "t000002697", "svc": "auth", "phase": "start", "ts": 6859000, "status": 200}
{"id": "t000002697", "svc": "auth", "phase": "end", "ts": 6859100, "status": 200}
{"id": "t000002698", "svc": "gateway", "phase": "start", "ts": 6860000, "status": 200}
{"id": "t000002698", "svc": "gateway", "phase": "end", "ts": 6860100, "status": 200}
{"id": "t000002699", "svc": "payment", "phase": "start", "ts": 6861000, "status": 200}
{"id": "t000002699", "svc": "payment", "phase": "end", "ts": 6861100, "status": 200}
{"id": "t000002700", "svc": "auth", "phase": "start", "ts": 6862000, "status": 200}
{"id": "t000002700", "svc": "auth", "phase": "end", "ts": 6862100, "status": 200}
{"id": "t000002701", "svc": "gateway", "phase": "start", "ts": 6863000, "status": 200}
{"id": "t000002701", "svc": "gateway", "phase": "end", "ts": 6863100, "status": 200}
{"id": "t000002702", "svc": "payment", "phase": "start", "ts": 6864000, "status": 200}
{"id": "t000002702", "svc": "payment", "phase": "end", "ts": 6864100, "status": 200}
{"id": "t000002703", "svc": "auth", "phase": "start", "ts": 6865000, "status": 200}
{"id": "t000002703", "svc": "auth", "phase": "end", "ts": 6865100, "status": 200}
{"id": "t000002704", "svc": "gateway", "phase": "start", "ts": 6866000, "status": 200}
{"id": "t000002704", "svc": "gateway", "phase": "end", "ts": 6866100, "status": 500}
{"id": "t000002705", "svc": "payment", "phase": "start", "ts": 6867000, "status": 200}
{"id": "t000002705", "svc": "payment", "phase": "end", "ts": 6867100, "status": 200}
{"id": "t000002706", "svc": "auth", "phase": "start", "ts": 6868000, "status": 200}
{"id": "t000002706", "svc": "auth", "phase": "end", "ts": 6868100, "status": 200}
{"id": "t000002707", "svc": "gateway", "phase": "start", "ts": 6869000, "status": 200}
{"id": "t000002707", "svc": "gateway", "phase": "end", "ts": 6869100, "status": 200}
{"id": "t000002708", "svc": "payment", "phase": "start", "ts": 6870000, "status": 200}
{"id": "t000002708", "svc": "payment", "phase": "end", "ts": 6870100, "status": 200}
{"id": "t000002709", "svc": "auth", "phase": "start", "ts": 6871000, "status": 200}
{"id": "t000002709", "svc": "auth", "phase": "end", "ts": 6871100, "status": 200}
{"id": "t000002710", "svc": "gateway", "phase": "start", "ts": 6872000, "status": 200}
{"id": "t000002710", "svc": "gateway", "phase": "end", "ts": 6872100, "status": 200}
{"id": "t000002711", "svc": "payment", "phase": "start", "ts": 6873000, "status": 200}
{"id": "t000002711", "svc": "payment", "phase": "end", "ts": 6873100, "status": 200}
{"id": "t000002712", "svc": "auth", "phase": "start", "ts": 6874000, "status": 200}
{"id": "t000002712", "svc": "auth", "phase": "end", "ts": 6874100, "status": 500}
{"id": "t000002713", "svc": "gateway", "phase": "start", "ts": 6875000, "status": 200}
{"id": "t000002713", "svc": "gateway", "phase": "end", "ts": 6875100, "status": 200}
{"id": "t000002714", "svc": "payment", "phase": "start", "ts": 6876000, "status": 200}
{"id": "t000002714", "svc": "payment", "phase": "end", "ts": 6876100, "status": 200}
{"id": "t000002715", "svc": "auth", "phase": "start", "ts": 6877000, "status": 200}
{"id": "t000002715", "svc": "auth", "phase": "end", "ts": 6877100, "status": 200}
{"id": "t000002716", "svc": "gateway", "phase": "start", "ts": 6878000, "status": 200}
{"id": "t000002716", "svc": "gateway", "phase": "end", "ts": 6878100, "status": 200}
{"id": "t000002717", "svc": "payment", "phase": "start", "ts": 6879000, "status": 200}
{"id": "t000002717", "svc": "payment", "phase": "end", "ts": 6879100, "status": 200}
{"id": "t000002718", "svc": "auth", "phase": "start", "ts": 6880000, "status": 200}
{"id": "t000002718", "svc": "auth", "phase": "end", "ts": 6880100, "status": 200}
{"id": "t000002719", "svc": "gateway", "phase": "start", "ts": 6881000, "status": 200}
{"id": "t000002719", "svc": "gateway", "phase": "end", "ts": 6881100, "status": 200}
{"id": "t000002720", "svc": "payment", "phase": "start", "ts": 6882000, "status": 200}
{"id": "t000002720", "svc": "payment", "phase": "end", "ts": 6882100, "status": 500}
{"id": "t000002721", "svc": "auth", "phase": "start", "ts": 6883000, "status": 200}
{"id": "t000002721", "svc": "auth", "phase": "end", "ts": 6883100, "status": 200}
{"id": "t000002722", "svc": "gateway", "phase": "start", "ts": 6884000, "status": 200}
{"id": "t000002722", "svc": "gateway", "phase": "end", "ts": 6884100, "status": 200}
{"id": "t000002723", "svc": "payment", "phase": "start", "ts": 6885000, "status": 200}
{"id": "t000002723", "svc": "payment", "phase": "end", "ts": 6885100, "status": 200}
{"id": "t000002724", "svc": "auth", "phase": "start", "ts": 6886000, "status": 200}
{"id": "t000002724", "svc": "auth", "phase": "end", "ts": 6886100, "status": 200}
{"id": "t000002725", "svc": "gateway", "phase": "start", "ts": 6887000, "status": 200}
{"id": "t000002725", "svc": "gateway", "phase": "end", "ts": 6887100, "status": 200}
{"id": "t000002726", "svc": "payment", "phase": "start", "ts": 6888000, "status": 200}
{"id": "t000002726", "svc": "payment", "phase": "end", "ts": 6888100, "status": 200}
{"id": "t000002727", "svc": "auth", "phase": "start", "ts": 6889000, "status": 200}
{"id": "t000002727", "svc": "auth", "phase": "end", "ts": 6889100, "status": 200}
{"id": "t000002728", "svc": "gateway", "phase": "start", "ts": 6890000, "status": 200}
{"id": "t000002728", "svc": "gateway", "phase": "end", "ts": 6890100, "status": 500}
{"id": "t000002729", "svc": "payment", "phase": "start", "ts": 6891000, "status": 200}
{"id": "t000002729", "svc": "payment", "phase": "end", "ts": 6891100, "status": 200}
{"id": "t000002730", "svc": "auth", "phase": "start", "ts": 6892000, "status": 200}
{"id": "t000002730", "svc": "auth", "phase": "end", "ts": 6892100, "status": 200}
{"id": "t000002731", "svc": "gateway", "phase": "start", "ts": 6893000, "status": 200}
{"id": "t000002731", "svc": "gateway", "phase": "end", "ts": 6893100, "status": 200}
{"id": "t000002732", "svc": "payment", "phase": "start", "ts": 6894000, "status": 200}
{"id": "t000002732", "svc": "payment", "phase": "end", "ts": 6894100, "status": 200}
{"id": "t000002733", "svc": "auth", "phase": "start", "ts": 6895000, "status": 200}
{"id": "t000002733", "svc": "auth", "phase": "end", "ts": 6895100, "status": 200}
{"id": "t000002734", "svc": "gateway", "phase": "start", "ts": 6896000, "status": 200}
{"id": "t000002734", "svc": "gateway", "phase": "end", "ts": 6896100, "status": 200}
{"id": "t000002735", "svc": "payment", "phase": "start", "ts": 6897000, "status": 200}
{"id": "t000002735", "svc": "payment", "phase": "end", "ts": 6897100, "status": 200}
{"id": "t000002736", "svc": "auth", "phase": "start", "ts": 6898000, "status": 200}
{"id": "t000002736", "svc": "auth", "phase": "end", "ts": 6898100, "status": 500}
{"id": "t000002737", "svc": "gateway", "phase": "start", "ts": 6899000, "status": 200}
{"id": "t000002737", "svc": "gateway", "phase": "end", "ts": 6899100, "status": 200}
{"id": "t000002738", "svc": "payment", "phase": "start", "ts": 6900000, "status": 200}
{"id": "t000002738", "svc": "payment", "phase": "end", "ts": 6900100, "status": 200}
{"id": "t000002739", "svc": "auth", "phase": "start", "ts": 6901000, "status": 200}
{"id": "t000002739", "svc": "auth", "phase": "end", "ts": 6901100, "status": 200}
{"id": "t000002740", "svc": "gateway", "phase": "start", "ts": 6902000, "status": 200}
{"id": "t000002740", "svc": "gateway", "phase": "end", "ts": 6902100, "status": 200}
{"id": "t000002741", "svc": "payment", "phase": "start", "ts": 6903000, "status": 200}
{"id": "t000002741", "svc": "payment", "phase": "end", "ts": 6903100, "status": 200}
{"id": "t000002742", "svc": "auth", "phase": "start", "ts": 6904000, "status": 200}
{"id": "t000002742", "svc": "auth", "phase": "end", "ts": 6904100, "status": 200}
{"id": "t000002743", "svc": "gateway", "phase": "start", "ts": 6905000, "status": 200}
{"id": "t000002743", "svc": "gateway", "phase": "end", "ts": 6905100, "status": 200}
{"id": "t000002744", "svc": "payment", "phase": "start", "ts": 6906000, "status": 200}
{"id": "t000002744", "svc": "payment", "phase": "end", "ts": 6906100, "status": 500}
{"id": "t000002745", "svc": "auth", "phase": "start", "ts": 6907000, "status": 200}
{"id": "t000002745", "svc": "auth", "phase": "end", "ts": 6907100, "status": 200}
{"id": "t000002746", "svc": "gateway", "phase": "start", "ts": 6908000, "status": 200}
{"id": "t000002746", "svc": "gateway", "phase": "end", "ts": 6908100, "status": 200}
{"id": "t000002747", "svc": "payment", "phase": "start", "ts": 6909000, "status": 200}
{"id": "t000002747", "svc": "payment", "phase": "end", "ts": 6909100, "status": 200}
{"id": "t000002748", "svc": "auth", "phase": "start", "ts": 6910000, "status": 200}
{"id": "t000002748", "svc": "auth", "phase": "end", "ts": 6910100, "status": 200}
{"id": "t000002749", "svc": "gateway", "phase": "start", "ts": 6911000, "status": 200}
{"id": "t000002749", "svc": "gateway", "phase": "end", "ts": 6911100, "status": 200}
{"id": "t000002750", "svc": "payment", "phase": "start", "ts": 6912000, "status": 200}
{"id": "t000002750", "svc": "payment", "phase": "end", "ts": 6912100, "status": 200}
{"id": "t000002751", "svc": "auth", "phase": "start", "ts": 6913000, "status": 200}
{"id": "t000002751", "svc": "auth", "phase": "end", "ts": 6913100, "status": 200}
{"id": "t000002752", "svc": "gateway", "phase": "start", "ts": 6914000, "status": 200}
{"id": "t000002752", "svc": "gateway", "phase": "end", "ts": 6914100, "status": 500}
{"id": "t000002753", "svc": "payment", "phase": "start", "ts": 6915000, "status": 200}
{"id": "t000002753", "svc": "payment", "phase": "end", "ts": 6915100, "status": 200}
{"id": "t000002754", "svc": "auth", "phase": "start", "ts": 6916000, "status": 200}
{"id": "t000002754", "svc": "auth", "phase": "end", "ts": 6916100, "status": 200}
{"id": "t000002755", "svc": "gateway", "phase": "start", "ts": 6917000, "status": 200}
{"id": "t000002755", "svc": "gateway", "phase": "end", "ts": 6917100, "status": 200}
{"id": "t000002756", "svc": "payment", "phase": "start", "ts": 6918000, "status": 200}
{"id": "t000002756", "svc": "payment", "phase": "end", "ts": 6918100, "status": 200}
{"id": "t000002757", "svc": "auth", "phase": "start", "ts": 6919000, "status": 200}
{"id": "t000002757", "svc": "auth", "phase": "end", "ts": 6919100, "status": 200}
{"id": "t000002758", "svc": "gateway", "phase": "start", "ts": 6920000, "status": 200}
{"id": "t000002758", "svc": "gateway", "phase": "end", "ts": 6920100, "status": 200}
{"id": "t000002759", "svc": "payment", "phase": "start", "ts": 6921000, "status": 200}
{"id": "t000002759", "svc": "payment", "phase": "end", "ts": 6921100, "status": 200}
{"id": "t000002760", "svc": "auth", "phase": "start", "ts": 6922000, "status": 200}
{"id": "t000002760", "svc": "auth", "phase": "end", "ts": 6922100, "status": 500}
{"id": "t000002761", "svc": "gateway", "phase": "start", "ts": 6923000, "status": 200}
{"id": "t000002761", "svc": "gateway", "phase": "end", "ts": 6923100, "status": 200}
{"id": "t000002762", "svc": "payment", "phase": "start", "ts": 6924000, "status": 200}
{"id": "t000002762", "svc": "payment", "phase": "end", "ts": 6924100, "status": 200}
{"id": "t000002763", "svc": "auth", "phase": "start", "ts": 6925000, "status": 200}
{"id": "t000002763", "svc": "auth", "phase": "end", "ts": 6925100, "status": 200}
{"id": "t000002764", "svc": "gateway", "phase": "start", "ts": 6926000, "status": 200}
{"id": "t000002764", "svc": "gateway", "phase": "end", "ts": 6926100, "status": 200}
{"id": "t000002765", "svc": "payment", "phase": "start", "ts": 6927000, "status": 200}
{"id": "t000002765", "svc": "payment", "phase": "end", "ts": 6927100, "status": 200}
{"id": "t000002766", "svc": "auth", "phase": "start", "ts": 6928000, "status": 200}
{"id": "t000002766", "svc": "auth", "phase": "end", "ts": 6928100, "status": 200}
{"id": "t000002767", "svc": "gateway", "phase": "start", "ts": 6929000, "status": 200}
{"id": "t000002767", "svc": "gateway", "phase": "end", "ts": 6929100, "status": 200}
{"id": "t000002768", "svc": "payment", "phase": "start", "ts": 6930000, "status": 200}
{"id": "t000002768", "svc": "payment", "phase": "end", "ts": 6930100, "status": 500}
{"id": "t000002769", "svc": "auth", "phase": "start", "ts": 6931000, "status": 200}
{"id": "t000002769", "svc": "auth", "phase": "end", "ts": 6931100, "status": 200}
{"id": "t000002770", "svc": "gateway", "phase": "start", "ts": 6932000, "status": 200}
{"id": "t000002770", "svc": "gateway", "phase": "end", "ts": 6932100, "status": 200}
{"id": "t000002771", "svc": "payment", "phase": "start", "ts": 6933000, "status": 200}
{"id": "t000002771", "svc": "payment", "phase": "end", "ts": 6933100, "status": 200}
{"id": "t000002772", "svc": "auth", "phase": "start", "ts": 6934000, "status": 200}
{"id": "t000002772", "svc": "auth", "phase": "end", "ts": 6934100, "status": 200}
{"id": "t000002773", "svc": "gateway", "phase": "start", "ts": 6935000, "status": 200}
{"id": "t000002773", "svc": "gateway", "phase": "end", "ts": 6935100, "status": 200}
{"id": "t000002774", "svc": "payment", "phase": "start", "ts": 6936000, "status": 200}
{"id": "t000002774", "svc": "payment", "phase": "end", "ts": 6936100, "status": 200}
{"id": "t000002775", "svc": "auth", "phase": "start", "ts": 6937000, "status": 200}
{"id": "t000002775", "svc": "auth", "phase": "end", "ts": 6937100, "status": 200}
{"id": "t000002776", "svc": "gateway", "phase": "start", "ts": 6938000, "status": 200}
{"id": "t000002776", "svc": "gateway", "phase": "end", "ts": 6938100, "status": 500}
{"id": "t000002777", "svc": "payment", "phase": "start", "ts": 6939000, "status": 200}
{"id": "t000002777", "svc": "payment", "phase": "end", "ts": 6939100, "status": 200}
{"id": "t000002778", "svc": "auth", "phase": "start", "ts": 6940000, "status": 200}
{"id": "t000002778", "svc": "auth", "phase": "end", "ts": 6940100, "status": 200}
{"id": "t000002779", "svc": "gateway", "phase": "start", "ts": 6941000, "status": 200}
{"id": "t000002779", "svc": "gateway", "phase": "end", "ts": 6941100, "status": 200}
{"id": "t000002780", "svc": "payment", "phase": "start", "ts": 6942000, "status": 200}
{"id": "t000002780", "svc": "payment", "phase": "end", "ts": 6942100, "status": 200}
{"id": "t000002781", "svc": "auth", "phase": "start", "ts": 6943000, "status": 200}
{"id": "t000002781", "svc": "auth", "phase": "end", "ts": 6943100, "status": 200}
{"id": "t000002782", "svc": "gateway", "phase": "start", "ts": 6944000, "status": 200}
{"id": "t000002782", "svc": "gateway", "phase": "end", "ts": 6944100, "status": 200}
{"id": "t000002783", "svc": "payment", "phase": "start", "ts": 6945000, "status": 200}
{"id": "t000002783", "svc": "payment", "phase": "end", "ts": 6945100, "status": 200}
{"id": "t000002784", "svc": "auth", "phase": "start", "ts": 6946000, "status": 200}
{"id": "t000002784", "svc": "auth", "phase": "end", "ts": 6946100, "status": 500}
{"id": "t000002785", "svc": "gateway", "phase": "start", "ts": 6947000, "status": 200}
{"id": "t000002785", "svc": "gateway", "phase": "end", "ts": 6947100, "status": 200}
{"id": "t000002786", "svc": "payment", "phase": "start", "ts": 6948000, "status": 200}
{"id": "t000002786", "svc": "payment", "phase": "end", "ts": 6948100, "status": 200}
{"id": "t000002787", "svc": "auth", "phase": "start", "ts": 6949000, "status": 200}
{"id": "t000002787", "svc": "auth", "phase": "end", "ts": 6949100, "status": 200}
{"id": "t000002788", "svc": "gateway", "phase": "start", "ts": 6950000, "status": 200}
{"id": "t000002788", "svc": "gateway", "phase": "end", "ts": 6950100, "status": 200}
{"id": "t000002789", "svc": "payment", "phase": "start", "ts": 6951000, "status": 200}
{"id": "t000002789", "svc": "payment", "phase": "end", "ts": 6951100, "status": 200}
{"id": "t000002790", "svc": "auth", "phase": "start", "ts": 6952000, "status": 200}
{"id": "t000002790", "svc": "auth", "phase": "end", "ts": 6952100, "status": 200}
{"id": "t000002791", "svc": "gateway", "phase": "start", "ts": 6953000, "status": 200}
{"id": "t000002791", "svc": "gateway", "phase": "end", "ts": 6953100, "status": 200}
{"id": "t000002792", "svc": "payment", "phase": "start", "ts": 6954000, "status": 200}
{"id": "t000002792", "svc": "payment", "phase": "end", "ts": 6954100, "status": 500}
{"id": "t000002793", "svc": "auth", "phase": "start", "ts": 6955000, "status": 200}
{"id": "t000002793", "svc": "auth", "phase": "end", "ts": 6955100, "status": 200}
{"id": "t000002794", "svc": "gateway", "phase": "start", "ts": 6956000, "status": 200}
{"id": "t000002794", "svc": "gateway", "phase": "end", "ts": 6956100, "status": 200}
{"id": "t000002795", "svc": "payment", "phase": "start", "ts": 6957000, "status": 200}
{"id": "t000002795", "svc": "payment", "phase": "end", "ts": 6957100, "status": 200}
{"id": "t000002796", "svc": "auth", "phase": "start", "ts": 6958000, "status": 200}
{"id": "t000002796", "svc": "auth", "phase": "end", "ts": 6958100, "status": 200}
{"id": "t000002797", "svc": "gateway", "phase": "start", "ts": 6959000, "status": 200}
{"id": "t000002797", "svc": "gateway", "phase": "end", "ts": 6959100, "status": 200}
{"id": "t000002798", "svc": "payment", "phase": "start", "ts": 6960000, "status": 200}
{"id": "t000002798", "svc": "payment", "phase": "end", "ts": 6960100, "status": 200}
{"id": "t000002799", "svc": "auth", "phase": "start", "ts": 6961000, "status": 200}
{"id": "t000002799", "svc": "auth", "phase": "end", "ts": 6961100, "status": 200}
{"id": "t000002800", "svc": "gateway", "phase": "start", "ts": 6962000, "status": 200}
{"id": "t000002800", "svc": "gateway", "phase": "end", "ts": 6962100, "status": 500}
{"id": "t000002801", "svc": "payment", "phase": "start", "ts": 6963000, "status": 200}
{"id": "t000002801", "svc": "payment", "phase": "end", "ts": 6963100, "status": 200}
{"id": "t000002802", "svc": "auth", "phase": "start", "ts": 6964000, "status": 200}
{"id": "t000002802", "svc": "auth", "phase": "end", "ts": 6964100, "status": 200}
{"id": "t000002803", "svc": "gateway", "phase": "start", "ts": 6965000, "status": 200}
{"id": "t000002803", "svc": "gateway", "phase": "end", "ts": 6965100, "status": 200}
{"id": "t000002804", "svc": "payment", "phase": "start", "ts": 6966000, "status": 200}
{"id": "t000002804", "svc": "payment", "phase": "end", "ts": 6966100, "status": 200}
{"id": "t000002805", "svc": "auth", "phase": "start", "ts": 6967000, "status": 200}
{"id": "t000002805", "svc": "auth", "phase": "end", "ts": 6967100, "status": 200}
{"id": "t000002806", "svc": "gateway", "phase": "start", "ts": 6968000, "status": 200}
{"id": "t000002806", "svc": "gateway", "phase": "end", "ts": 6968100, "status": 200}
{"id": "t000002807", "svc": "payment", "phase": "start", "ts": 6969000, "status": 200}
{"id": "t000002807", "svc": "payment", "phase": "end", "ts": 6969100, "status": 200}
{"id": "t000002808", "svc": "auth", "phase": "start", "ts": 6970000, "status": 200}
{"id": "t000002808", "svc": "auth", "phase": "end", "ts": 6970100, "status": 500}
{"id": "t000002809", "svc": "gateway", "phase": "start", "ts": 6971000, "status": 200}
{"id": "t000002809", "svc": "gateway", "phase": "end", "ts": 6971100, "status": 200}
{"id": "t000002810", "svc": "payment", "phase": "start", "ts": 6972000, "status": 200}
{"id": "t000002810", "svc": "payment", "phase": "end", "ts": 6972100, "status": 200}
{"id": "t000002811", "svc": "auth", "phase": "start", "ts": 6973000, "status": 200}
{"id": "t000002811", "svc": "auth", "phase": "end", "ts": 6973100, "status": 200}
{"id": "t000002812", "svc": "gateway", "phase": "start", "ts": 6974000, "status": 200}
{"id": "t000002812", "svc": "gateway", "phase": "end", "ts": 6974100, "status": 200}
{"id": "t000002813", "svc": "payment", "phase": "start", "ts": 6975000, "status": 200}
{"id": "t000002813", "svc": "payment", "phase": "end", "ts": 6975100, "status": 200}
{"id": "t000002814", "svc": "auth", "phase": "start", "ts": 6976000, "status": 200}
{"id": "t000002814", "svc": "auth", "phase": "end", "ts": 6976100, "status": 200}
{"id": "t000002815", "svc": "gateway", "phase": "start", "ts": 6977000, "status": 200}
{"id": "t000002815", "svc": "gateway", "phase": "end", "ts": 6977100, "status": 200}
{"id": "t000002816", "svc": "payment", "phase": "start", "ts": 6978000, "status": 200}
{"id": "t000002816", "svc": "payment", "phase": "end", "ts": 6978100, "status": 500}
{"id": "t000002817", "svc": "auth", "phase": "start", "ts": 6979000, "status": 200}
{"id": "t000002817", "svc": "auth", "phase": "end", "ts": 6979100, "status": 200}
{"id": "t000002818", "svc": "gateway", "phase": "start", "ts": 6980000, "status": 200}
{"id": "t000002818", "svc": "gateway", "phase": "end", "ts": 6980100, "status": 200}
{"id": "t000002819", "svc": "payment", "phase": "start", "ts": 6981000, "status": 200}
{"id": "t000002819", "svc": "payment", "phase": "end", "ts": 6981100, "status": 200}
{"id": "t000002820", "svc": "auth", "phase": "start", "ts": 6982000, "status": 200}
{"id": "t000002820", "svc": "auth", "phase": "end", "ts": 6982100, "status": 200}
{"id": "t000002821", "svc": "gateway", "phase": "start", "ts": 6983000, "status": 200}
{"id": "t000002821", "svc": "gateway", "phase": "end", "ts": 6983100, "status": 200}
{"id": "t000002822", "svc": "payment", "phase": "start", "ts": 6984000, "status": 200}
{"id": "t000002822", "svc": "payment", "phase": "end", "ts": 6984100, "status": 200}
{"id": "t000002823", "svc": "auth", "phase": "start", "ts": 6985000, "status": 200}
{"id": "t000002823", "svc": "auth", "phase": "end", "ts": 6985100, "status": 200}
{"id": "t000002824", "svc": "gateway", "phase": "start", "ts": 6986000, "status": 200}
{"id": "t000002824", "svc": "gateway", "phase": "end", "ts": 6986100, "status": 500}
{"id": "t000002825", "svc": "payment", "phase": "start", "ts": 6987000, "status": 200}
{"id": "t000002825", "svc": "payment", "phase": "end", "ts": 6987100, "status": 200}
{"id": "t000002826", "svc": "auth", "phase": "start", "ts": 6988000, "status": 200}
{"id": "t000002826", "svc": "auth", "phase": "end", "ts": 6988100, "status": 200}
{"id": "t000002827", "svc": "gateway", "phase": "start", "ts": 6989000, "status": 200}
{"id": "t000002827", "svc": "gateway", "phase": "end", "ts": 6989100, "status": 200}
{"id": "t000002828", "svc": "payment", "phase": "start", "ts": 6990000, "status": 200}
{"id": "t000002828", "svc": "payment", "phase": "end", "ts": 6990100, "status": 200}
{"id": "t000002829", "svc": "auth", "phase": "start", "ts": 6991000, "status": 200}
{"id": "t000002829", "svc": "auth", "phase": "end", "ts": 6991100, "status": 200}
{"id": "t000002830", "svc": "gateway", "phase": "start", "ts": 6992000, "status": 200}
{"id": "t000002830", "svc": "gateway", "phase": "end", "ts": 6992100, "status": 200}
{"id": "t000002831", "svc": "payment", "phase": "start", "ts": 6993000, "status": 200}
{"id": "t000002831", "svc": "payment", "phase": "end", "ts": 6993100, "status": 200}
{"id": "t000002832", "svc": "auth", "phase": "start", "ts": 6994000, "status": 200}
{"id": "t000002832", "svc": "auth", "phase": "end", "ts": 6994100, "status": 500}
{"id": "t000002833", "svc": "gateway", "phase": "start", "ts": 6995000, "status": 200}
{"id": "t000002833", "svc": "gateway", "phase": "end", "ts": 6995100, "status": 200}
{"id": "t000002834", "svc": "payment", "phase": "start", "ts": 6996000, "status": 200}
{"id": "t000002834", "svc": "payment", "phase": "end", "ts": 6996100, "status": 200}
{"id": "t000002835", "svc": "auth", "phase": "start", "ts": 6997000, "status": 200}
{"id": "t000002835", "svc": "auth", "phase": "end", "ts": 6997100, "status": 200}
{"id": "t000002836", "svc": "gateway", "phase": "start", "ts": 6998000, "status": 200}
{"id": "t000002836", "svc": "gateway", "phase": "end", "ts": 6998100, "status": 200}
{"id": "t000002837", "svc": "payment", "phase": "start", "ts": 6999000, "status": 200}
{"id": "t000002837", "svc": "payment", "phase": "end", "ts": 6999100, "status": 200}
{"id": "t000002838", "svc": "auth", "phase": "start", "ts": 7000000, "status": 200}
{"id": "t000002838", "svc": "auth", "phase": "end", "ts": 7000100, "status": 200}
{"id": "t000002839", "svc": "gateway", "phase": "start", "ts": 7001000, "status": 200}
{"id": "t000002839", "svc": "gateway", "phase": "end", "ts": 7001100, "status": 200}
{"id": "t000002840", "svc": "payment", "phase": "start", "ts": 7002000, "status": 200}
{"id": "t000002840", "svc": "payment", "phase": "end", "ts": 7002100, "status": 500}
{"id": "t000002841", "svc": "auth", "phase": "start", "ts": 7003000, "status": 200}
{"id": "t000002841", "svc": "auth", "phase": "end", "ts": 7003100, "status": 200}
{"id": "t000002842", "svc": "gateway", "phase": "start", "ts": 7004000, "status": 200}
{"id": "t000002842", "svc": "gateway", "phase": "end", "ts": 7004100, "status": 200}
{"id": "t000002843", "svc": "payment", "phase": "start", "ts": 7005000, "status": 200}
{"id": "t000002843", "svc": "payment", "phase": "end", "ts": 7005100, "status": 200}
{"id": "t000002844", "svc": "auth", "phase": "start", "ts": 7006000, "status": 200}
{"id": "t000002844", "svc": "auth", "phase": "end", "ts": 7006100, "status": 200}
{"id": "t000002845", "svc": "gateway", "phase": "start", "ts": 7007000, "status": 200}
{"id": "t000002845", "svc": "gateway", "phase": "end", "ts": 7007100, "status": 200}
{"id": "t000002846", "svc": "payment", "phase": "start", "ts": 7008000, "status": 200}
{"id": "t000002846", "svc": "payment", "phase": "end", "ts": 7008100, "status": 200}
{"id": "t000002847", "svc": "auth", "phase": "start", "ts": 7009000, "status": 200}
{"id": "t000002847", "svc": "auth", "phase": "end", "ts": 7009100, "status": 200}
{"id": "t000002848", "svc": "gateway", "phase": "start", "ts": 7010000, "status": 200}
{"id": "t000002848", "svc": "gateway", "phase": "end", "ts": 7010100, "status": 500}
{"id": "t000002849", "svc": "payment", "phase": "start", "ts": 7011000, "status": 200}
{"id": "t000002849", "svc": "payment", "phase": "end", "ts": 7011100, "status": 200}
{"id": "t000002850", "svc": "auth", "phase": "start", "ts": 7012000, "status": 200}
{"id": "t000002850", "svc": "auth", "phase": "end", "ts": 7012100, "status": 200}
{"id": "t000002851", "svc": "gateway", "phase": "start", "ts": 7013000, "status": 200}
{"id": "t000002851", "svc": "gateway", "phase": "end", "ts": 7013100, "status": 200}
{"id": "t000002852", "svc": "payment", "phase": "start", "ts": 7014000, "status": 200}
{"id": "t000002852", "svc": "payment", "phase": "end", "ts": 7014100, "status": 200}
{"id": "t000002853", "svc": "auth", "phase": "start", "ts": 7015000, "status": 200}
{"id": "t000002853", "svc": "auth", "phase": "end", "ts": 7015100, "status": 200}
{"id": "t000002854", "svc": "gateway", "phase": "start", "ts": 7016000, "status": 200}
{"id": "t000002854", "svc": "gateway", "phase": "end", "ts": 7016100, "status": 200}
{"id": "t000002855", "svc": "payment", "phase": "start", "ts": 7017000, "status": 200}
{"id": "t000002855", "svc": "payment", "phase": "end", "ts": 7017100, "status": 200}
{"id": "t000002856", "svc": "auth", "phase": "start", "ts": 7018000, "status": 200}
{"id": "t000002856", "svc": "auth", "phase": "end", "ts": 7018100, "status": 500}
{"id": "t000002857", "svc": "gateway", "phase": "start", "ts": 7019000, "status": 200}
{"id": "t000002857", "svc": "gateway", "phase": "end", "ts": 7019100, "status": 200}
{"id": "t000002858", "svc": "payment", "phase": "start", "ts": 7020000, "status": 200}
{"id": "t000002858", "svc": "payment", "phase": "end", "ts": 7020100, "status": 200}
{"id": "t000002859", "svc": "auth", "phase": "start", "ts": 7021000, "status": 200}
{"id": "t000002859", "svc": "auth", "phase": "end", "ts": 7021100, "status": 200}
{"id": "t000002860", "svc": "gateway", "phase": "start", "ts": 7022000, "status": 200}
{"id": "t000002860", "svc": "gateway", "phase": "end", "ts": 7022100, "status": 200}
{"id": "t000002861", "svc": "payment", "phase": "start", "ts": 7023000, "status": 200}
{"id": "t000002861", "svc": "payment", "phase": "end", "ts": 7023100, "status": 200}
{"id": "t000002862", "svc": "auth", "phase": "start", "ts": 7024000, "status": 200}
{"id": "t000002862", "svc": "auth", "phase": "end", "ts": 7024100, "status": 200}
{"id": "t000002863", "svc": "gateway", "phase": "start", "ts": 7025000, "status": 200}
{"id": "t000002863", "svc": "gateway", "phase": "end", "ts": 7025100, "status": 200}
{"id": "t000002864", "svc": "payment", "phase": "start", "ts": 7026000, "status": 200}
{"id": "t000002864", "svc": "payment", "phase": "end", "ts": 7026100, "status": 500}
{"id": "t000002865", "svc": "auth", "phase": "start", "ts": 7027000, "status": 200}
{"id": "t000002865", "svc": "auth", "phase": "end", "ts": 7027100, "status": 200}
{"id": "t000002866", "svc": "gateway", "phase": "start", "ts": 7028000, "status": 200}
{"id": "t000002866", "svc": "gateway", "phase": "end", "ts": 7028100, "status": 200}
{"id": "t000002867", "svc": "payment", "phase": "start", "ts": 7029000, "status": 200}
{"id": "t000002867", "svc": "payment", "phase": "end", "ts": 7029100, "status": 200}
{"id": "t000002868", "svc": "auth", "phase": "start", "ts": 7030000, "status": 200}
{"id": "t000002868", "svc": "auth", "phase": "end", "ts": 7030100, "status": 200}
{"id": "t000002869", "svc": "gateway", "phase": "start", "ts": 7031000, "status": 200}
{"id": "t000002869", "svc": "gateway", "phase": "end", "ts": 7031100, "status": 200}
{"id": "t000002870", "svc": "payment", "phase": "start", "ts": 7032000, "status": 200}
{"id": "t000002870", "svc": "payment", "phase": "end", "ts": 7032100, "status": 200}
{"id": "t000002871", "svc": "auth", "phase": "start", "ts": 7033000, "status": 200}
{"id": "t000002871", "svc": "auth", "phase": "end", "ts": 7033100, "status": 200}
{"id": "t000002872", "svc": "gateway", "phase": "start", "ts": 7034000, "status": 200}
{"id": "t000002872", "svc": "gateway", "phase": "end", "ts": 7034100, "status": 500}
{"id": "t000002873", "svc": "payment", "phase": "start", "ts": 7035000, "status": 200}
{"id": "t000002873", "svc": "payment", "phase": "end", "ts": 7035100, "status": 200}
{"id": "t000002874", "svc": "auth", "phase": "start", "ts": 7036000, "status": 200}
{"id": "t000002874", "svc": "auth", "phase": "end", "ts": 7036100, "status": 200}
{"id": "t000002875", "svc": "gateway", "phase": "start", "ts": 7037000, "status": 200}
{"id": "t000002875", "svc": "gateway", "phase": "end", "ts": 7037100, "status": 200}
{"id": "t000002876", "svc": "payment", "phase": "start", "ts": 7038000, "status": 200}
{"id": "t000002876", "svc": "payment", "phase": "end", "ts": 7038100, "status": 200}
{"id": "t000002877", "svc": "auth", "phase": "start", "ts": 7039000, "status": 200}
{"id": "t000002877", "svc": "auth", "phase": "end", "ts": 7039100, "status": 200}
{"id": "t000002878", "svc": "gateway", "phase": "start", "ts": 7040000, "status": 200}
{"id": "t000002878", "svc": "gateway", "phase": "end", "ts": 7040100, "status": 200}
{"id": "t000002879", "svc": "payment", "phase": "start", "ts": 7041000, "status": 200}
{"id": "t000002879", "svc": "payment", "phase": "end", "ts": 7041100, "status": 200}
{"id": "t000002880", "svc": "auth", "phase": "start", "ts": 7042000, "status": 200}
{"id": "t000002880", "svc": "auth", "phase": "end", "ts": 7042100, "status": 500}
{"id": "t000002881", "svc": "gateway", "phase": "start", "ts": 7043000, "status": 200}
{"id": "t000002881", "svc": "gateway", "phase": "end", "ts": 7043100, "status": 200}
{"id": "t000002882", "svc": "payment", "phase": "start", "ts": 7044000, "status": 200}
{"id": "t000002882", "svc": "payment", "phase": "end", "ts": 7044100, "status": 200}
{"id": "t000002883", "svc": "auth", "phase": "start", "ts": 7045000, "status": 200}
{"id": "t000002883", "svc": "auth", "phase": "end", "ts": 7045100, "status": 200}
{"id": "t000002884", "svc": "gateway", "phase": "start", "ts": 7046000, "status": 200}
{"id": "t000002884", "svc": "gateway", "phase": "end", "ts": 7046100, "status": 200}
{"id": "t000002885", "svc": "payment", "phase": "start", "ts": 7047000, "status": 200}
{"id": "t000002885", "svc": "payment", "phase": "end", "ts": 7047100, "status": 200}
{"id": "t000002886", "svc": "auth", "phase": "start", "ts": 7048000, "status": 200}
{"id": "t000002886", "svc": "auth", "phase": "end", "ts": 7048100, "status": 200}
{"id": "t000002887", "svc": "gateway", "phase": "start", "ts": 7049000, "status": 200}
{"id": "t000002887", "svc": "gateway", "phase": "end", "ts": 7049100, "status": 200}
{"id": "t000002888", "svc": "payment", "phase": "start", "ts": 7050000, "status": 200}
{"id": "t000002888", "svc": "payment", "phase": "end", "ts": 7050100, "status": 500}
{"id": "t000002889", "svc": "auth", "phase": "start", "ts": 7051000, "status": 200}
{"id": "t000002889", "svc": "auth", "phase": "end", "ts": 7051100, "status": 200}
{"id": "t000002890", "svc": "gateway", "phase": "start", "ts": 7052000, "status": 200}
{"id": "t000002890", "svc": "gateway", "phase": "end", "ts": 7052100, "status": 200}
{"id": "t000002891", "svc": "payment", "phase": "start", "ts": 7053000, "status": 200}
{"id": "t000002891", "svc": "payment", "phase": "end", "ts": 7053100, "status": 200}
{"id": "t000002892", "svc": "auth", "phase": "start", "ts": 7054000, "status": 200}
{"id": "t000002892", "svc": "auth", "phase": "end", "ts": 7054100, "status": 200}
{"id": "t000002893", "svc": "gateway", "phase": "start", "ts": 7055000, "status": 200}
{"id": "t000002893", "svc": "gateway", "phase": "end", "ts": 7055100, "status": 200}
{"id": "t000002894", "svc": "payment", "phase": "start", "ts": 7056000, "status": 200}
{"id": "t000002894", "svc": "payment", "phase": "end", "ts": 7056100, "status": 200}
{"id": "t000002895", "svc": "auth", "phase": "start", "ts": 7057000, "status": 200}
{"id": "t000002895", "svc": "auth", "phase": "end", "ts": 7057100, "status": 200}
{"id": "t000002896", "svc": "gateway", "phase": "start", "ts": 7058000, "status": 200}
{"id": "t000002896", "svc": "gateway", "phase": "end", "ts": 7058100, "status": 500}
