{"id": "t000005949", "svc": "auth", "phase": "start", "ts": 10111000, "status": 200}
{"id": "t000005949", "svc": "auth", "phase": "end", "ts": 10111100, "status": 200}
{"id": "t000005950", "svc": "gateway", "phase": "start", "ts": 10112000, "status": 200}
{"id": "t000005950", "svc": "gateway", "phase": "end", "ts": 10112100, "status": 200}
{"id": "t000005951", "svc": "payment", "phase": "start", "ts": 10113000, "status": 200}
{"id": "t000005951", "svc": "payment", "phase": "end", "ts": 10113100, "status": 200}
{"id": "t000005952", "svc": "auth", "phase": "start", "ts": 10114000, "status": 200}
{"id": "t000005952", "svc": "auth", "phase": "end", "ts": 10114100, "status": 500}
{"id": "t000005953", "svc": "gateway", "phase": "start", "ts": 10115000, "status": 200}
{"id": "t000005953", "svc": "gateway", "phase": "end", "ts": 10115100, "status": 200}
{"id": "t000005954", "svc": "payment", "phase": "start", "ts": 10116000, "status": 200}
{"id": "t000005954", "svc": "payment", "phase": "end", "ts": 10116100, "status": 200}
{"id": "t000005955", "svc": "auth", "phase": "start", "ts": 10117000, "status": 200}
{"id": "t000005955", "svc": "auth", "phase": "end", "ts": 10117100, "status": 200}
{"id": "t000005956", "svc": "gateway", "phase": "start", "ts": 10118000, "status": 200}
{"id": "t000005956", "svc": "gateway", "phase": "end", "ts": 10118100, "status": 200}
{"id": "t000005957", "svc": "payment", "phase": "start", "ts": 10119000, "status": 200}
{"id": "t000005957", "svc": "payment", "phase": "end", "ts": 10119100, "status": 200}
{"id": "t000005958", "svc": "auth", "phase": "start", "ts": 10120000, "status": 200}
{"id": "t000005958", "svc": "auth", "phase": "end", "ts": 10120100, "status": 200}
{"id": "t000005959", "svc": "gateway", "phase": "start", "ts": 10121000, "status": 200}
{"id": "t000005959", "svc": "gateway", "phase": "end", "ts": 10121100, "status": 200}
{"id": "t000005960", "svc": "payment", "phase": "start", "ts": 10122000, "status": 200}
{"id": "t000005960", "svc": "payment", "phase": "end", "ts": 10122100, "status": 500}
{"id": "t000005961", "svc": "auth", "phase": "start", "ts": 10123000, "status": 200}
{"id": "t000005961", "svc": "auth", "phase": "end", "ts": 10123100, "status": 200}
{"id": "t000005962", "svc": "gateway", "phase": "start", "ts": 10124000, "status": 200}
{"id": "t000005962", "svc": "gateway", "phase": "end", "ts": 10124100, "status": 200}
{"id": "t000005963", "svc": "payment", "phase": "start", "ts": 10125000, "status": 200}
{"id": "t000005963", "svc": "payment", "phase": "end", "ts": 10125100, "status": 200}
{"id": "t000005964", "svc": "auth", "phase": "start", "ts": 10126000, "status": 200}
{"id": "t000005964", "svc": "auth", "phase": "end", "ts": 10126100, "status": 200}
{"id": "t000005965", "svc": "gateway", "phase": "start", "ts": 10127000, "status": 200}
{"id": "t000005965", "svc": "gateway", "phase": "end", "ts": 10127100, "status": 200}
{"id": "t000005966", "svc": "payment", "phase": "start", "ts": 10128000, "status": 200}
{"id": "t000005966", "svc": "payment", "phase": "end", "ts": 10128100, "status": 200}
{"id": "t000005967", "svc": "auth", "phase": "start", "ts": 10129000, "status": 200}
{"id": "t000005967", "svc": "auth", "phase": "end", "ts": 10129100, "status": 200}
{"id": "t000005968", "svc": "gateway", "phase": "start", "ts": 10130000, "status": 200}
{"id": "t000005968", "svc": "gateway", "phase": "end", "ts": 10130100, "status": 500}
{"id": "t000005969", "svc": "payment", "phase": "start", "ts": 10131000, "status": 200}
{"id": "t000005969", "svc": "payment", "phase": "end", "ts": 10131100, "status": 200}
{"id": "t000005970", "svc": "auth", "phase": "start", "ts": 10132000, "status": 200}
{"id": "t000005970", "svc": "auth", "phase": "end", "ts": 10132100, "status": 200}
{"id": "t000005971", "svc": "gateway", "phase": "start", "ts": 10133000, "status": 200}
{"id": "t000005971", "svc": "gateway", "phase": "end", "ts": 10133100, "status": 200}
{"id": "t000005972", "svc": "payment", "phase": "start", "ts": 10134000, "status": 200}
{"id": "t000005972", "svc": "payment", "phase": "end", "ts": 10134100, "status": 200}
{"id": "t000005973", "svc": "auth", "phase": "start", "ts": 10135000, "status": 200}
{"id": "t000005973", "svc": "auth", "phase": "end", "ts": 10135100, "status": 200}
{"id": "t000005974", "svc": "gateway", "phase": "start", "ts": 10136000, "status": 200}
{"id": "t000005974", "svc": "gateway", "phase": "end", "ts": 10136100, "status": 200}
{"id": "t000005975", "svc": "payment", "phase": "start", "ts": 10137000, "status": 200}
{"id": "t000005975", "svc": "payment", "phase": "end", "ts": 10137100, "status": 200}
{"id": "t000005976", "svc": "auth", "phase": "start", "ts": 10138000, "status": 200}
{"id": "t000005976", "svc": "auth", "phase": "end", "ts": 10138100, "status": 500}
{"id": "t000005977", "svc": "gateway", "phase": "start", "ts": 10139000, "status": 200}
{"id": "t000005977", "svc": "gateway", "phase": "end", "ts": 10139100, "status": 200}
{"id": "t000005978", "svc": "payment", "phase": "start", "ts": 10140000, "status": 200}
{"id": "t000005978", "svc": "payment", "phase": "end", "ts": 10140100, "status": 200}
{"id": "t000005979", "svc": "auth", "phase": "start", "ts": 10141000, "status": 200}
{"id": "t000005979", "svc": "auth", "phase": "end", "ts": 10141100, "status": 200}
{"id": "t000005980", "svc": "gateway", "phase": "start", "ts": 10142000, "status": 200}
{"id": "t000005980", "svc": "gateway", "phase": "end", "ts": 10142100, "status": 200}
{"id": "t000005981", "svc": "payment", "phase": "start", "ts": 10143000, "status": 200}
{"id": "t000005981", "svc": "payment", "phase": "end", "ts": 10143100, "status": 200}
{"id": "t000005982", "svc": "auth", "phase": "start", "ts": 10144000, "status": 200}
{"id": "t000005982", "svc": "auth", "phase": "end", "ts": 10144100, "status": 200}
{"id": "t000005983", "svc": "gateway", "phase": "start", "ts": 10145000, "status": 200}
{"id": "t000005983", "svc": "gateway", "phase": "end", "ts": 10145100, "status": 200}
{"id": "t000005984", "svc": "payment", "phase": "start", "ts": 10146000, "status": 200}
{"id": "t000005984", "svc": "payment", "phase": "end", "ts": 10146100, "status": 500}
{"id": "t000005985", "svc": "auth", "phase": "start", "ts": 10147000, "status": 200}
{"id": "t000005985", "svc": "auth", "phase": "end", "ts": 10147100, "status": 200}
{"id": "t000005986", "svc": "gateway", "phase": "start", "ts": 10148000, "status": 200}
{"id": "t000005986", "svc": "gateway", "phase": "end", "ts": 10148100, "status": 200}
{"id": "t000005987", "svc": "payment", "phase": "start", "ts": 10149000, "status": 200}
{"id": "t000005987", "svc": "payment", "phase": "end", "ts": 10149100, "status": 200}
{"id": "t000005988", "svc": "auth", "phase": "start", "ts": 10150000, "status": 200}
{"id": "t000005988", "svc": "auth", "phase": "end", "ts": 10150100, "status": 200}
{"id": "t000005989", "svc": "gateway", "phase": "start", "ts": 10151000, "status": 200}
{"id": "t000005989", "svc": "gateway", "phase": "end", "ts": 10151100, "status": 200}
{"id": "t000005990", "svc": "payment", "phase": "start", "ts": 10152000, "status": 200}
{"id": "t000005990", "svc": "payment", "phase": "end", "ts": 10152100, "status": 200}
{"id": "t000005991", "svc": "auth", "phase": "start", "ts": 10153000, "status": 200}
{"id": "t000005991", "svc": "auth", "phase": "end", "ts": 10153100, "status": 200}
{"id": "t000005992", "svc": "gateway", "phase": "start", "ts": 10154000, "status": 200}
{"id": "t000005992", "svc": "gateway", "phase": "end", "ts": 10154100, "status": 500}
{"id": "t000005993", "svc": "payment", "phase": "start", "ts": 10155000, "status": 200}
{"id": "t000005993", "svc": "payment", "phase": "end", "ts": 10155100, "status": 200}
{"id": "t000005994", "svc": "auth", "phase": "start", "ts": 10156000, "status": 200}
{"id": "t000005994", "svc": "auth", "phase": "end", "ts": 10156100, "status": 200}
{"id": "t000005995", "svc": "gateway", "phase": "start", "ts": 10157000, "status": 200}
{"id": "t000005995", "svc": "gateway", "phase": "end", "ts": 10157100, "status": 200}
{"id": "t000005996", "svc": "payment", "phase": "start", "ts": 10158000, "status": 200}
{"id": "t000005996", "svc": "payment", "phase": "end", "ts": 10158100, "status": 200}
{"id": "t000005997", "svc": "auth", "phase": "start", "ts": 10159000, "status": 200}
{"id": "t000005997", "svc": "auth", "phase": "end", "ts": 10159100, "status": 200}
{"id": "t000005998", "svc": "gateway", "phase": "start", "ts": 10160000, "status": 200}
{"id": "t000005998", "svc": "gateway", "phase": "end", "ts": 10160100, "status": 200}
{"id": "t000005999", "svc": "payment", "phase": "start", "ts": 10161000, "status": 200}
{"id": "t000005999", "svc": "payment", "phase": "end", "ts": 10161100, "status": 200}
{"id": "t000006000", "svc": "auth", "phase": "start", "ts": 10162000, "status": 200}
{"id": "t000006000", "svc": "auth", "phase": "end", "ts": 10162100, "status": 500}
{"id": "t000006001", "svc": "gateway", "phase": "start", "ts": 10163000, "status": 200}
{"id": "t000006001", "svc": "gateway", "phase": "end", "ts": 10163100, "status": 200}
{"id": "t000006002", "svc": "payment", "phase": "start", "ts": 10164000, "status": 200}
{"id": "t000006002", "svc": "payment", "phase": "end", "ts": 10164100, "status": 200}
{"id": "t000006003", "svc": "auth", "phase": "start", "ts": 10165000, "status": 200}
{"id": "t000006003", "svc": "auth", "phase": "end", "ts": 10165100, "status": 200}
{"id": "t000006004", "svc": "gateway", "phase": "start", "ts": 10166000, "status": 200}
{"id": "t000006004", "svc": "gateway", "phase": "end", "ts": 10166100, "status": 200}
{"id": "t000006005", "svc": "payment", "phase": "start", "ts": 10167000, "status": 200}
{"id": "t000006005", "svc": "payment", "phase": "end", "ts": 10167100, "status": 200}
{"id": "t000006006", "svc": "auth", "phase": "start", "ts": 10168000, "status": 200}
{"id": "t000006006", "svc": "auth", "phase": "end", "ts": 10168100, "status": 200}
{"id": "t000006007", "svc": "gateway", "phase": "start", "ts": 10169000, "status": 200}
{"id": "t000006007", "svc": "gateway", "phase": "end", "ts": 10169100, "status": 200}
{"id": "t000006008", "svc": "payment", "phase": "start", "ts": 10170000, "status": 200}
{"id": "t000006008", "svc": "payment", "phase": "end", "ts": 10170100, "status": 500}
{"id": "t000006009", "svc": "auth", "phase": "start", "ts": 10171000, "status": 200}
{"id": "t000006009", "svc": "auth", "phase": "end", "ts": 10171100, "status": 200}
{"id": "t000006010", "svc": "gateway", "phase": "start", "ts": 10172000, "status": 200}
{"id": "t000006010", "svc": "gateway", "phase": "end", "ts": 10172100, "status": 200}
{"id": "t000006011", "svc": "payment", "phase": "start", "ts": 10173000, "status": 200}
{"id": "t000006011", "svc": "payment", "phase": "end", "ts": 10173100, "status": 200}
{"id": "t000006012", "svc": "auth", "phase": "start", "ts": 10174000, "status": 200}
{"id": "t000006012", "svc": "auth", "phase": "end", "ts": 10174100, "status": 200}
{"id": "t000006013", "svc": "gateway", "phase": "start", "ts": 10175000, "status": 200}
{"id": "t000006013", "svc": "gateway", "phase": "end", "ts": 10175100, "status": 200}
{"id": "t000006014", "svc": "payment", "phase": "start", "ts": 10176000, "status": 200}
{"id": "t000006014", "svc": "payment", "phase": "end", "ts": 10176100, "status": 200}
{"id": "t000006015", "svc": "auth", "phase": "start", "ts": 10177000, "status": 200}
{"id": "t000006015", "svc": "auth", "phase": "end", "ts": 10177100, "status": 200}
{"id": "t000006016", "svc": "gateway", "phase": "start", "ts": 10178000, "status": 200}
{"id": "t000006016", "svc": "gateway", "phase": "end", "ts": 10178100, "status": 500}
{"id": "t000006017", "svc": "payment", "phase": "start", "ts": 10179000, "status": 200}
{"id": "t000006017", "svc": "payment", "phase": "end", "ts": 10179100, "status": 200}
{"id": "t000006018", "svc": "auth", "phase": "start", "ts": 10180000, "status": 200}
{"id": "t000006018", "svc": "auth", "phase": "end", "ts": 10180100, "status": 200}
{"id": "t000006019", "svc": "gateway", "phase": "start", "ts": 10181000, "status": 200}
{"id": "t000006019", "svc": "gateway", "phase": "end", "ts": 10181100, "status": 200}
{"id": "t000006020", "svc": "payment", "phase": "start", "ts": 10182000, "status": 200}
{"id": "t000006020", "svc": "payment", "phase": "end", "ts": 10182100, "status": 200}
{"id": "t000006021", "svc": "auth", "phase": "start", "ts": 10183000, "status": 200}
{"id": "t000006021", "svc": "auth", "phase": "end", "ts": 10183100, "status": 200}
{"id": "t000006022", "svc": "gateway", "phase": "start", "ts": 10184000, "status": 200}
{"id": "t000006022", "svc": "gateway", "phase": "end", "ts": 10184100, "status": 200}
{"id": "t000006023", "svc": "payment", "phase": "start", "ts": 10185000, "status": 200}
{"id": "t000006023", "svc": "payment", "phase": "end", "ts": 10185100, "status": 200}
{"id": "t000006024", "svc": "auth", "phase": "start", "ts": 10186000, "status": 200}
{"id": "t000006024", "svc": "auth", "phase": "end", "ts": 10186100, "status": 500}
{"id": "t000006025", "svc": "gateway", "phase": "start", "ts": 10187000, "status": 200}
{"id": "t000006025", "svc": "gateway", "phase": "end", "ts": 10187100, "status": 200}
{"id": "t000006026", "svc": "payment", "phase": "start", "ts": 10188000, "status": 200}
{"id": "t000006026", "svc": "payment", "phase": "end", "ts": 10188100, "status": 200}
{"id": "t000006027", "svc": "auth", "phase": "start", "ts": 10189000, "status": 200}
{"id": "t000006027", "svc": "auth", "phase": "end", "ts": 10189100, "status": 200}
{"id": "t000006028", "svc": "gateway", "phase": "start", "ts": 10190000, "status": 200}
{"id": "t000006028", "svc": "gateway", "phase": "end", "ts": 10190100, "status": 200}
{"id": "t000006029", "svc": "payment", "phase": "start", "ts": 10191000, "status": 200}
{"id": "t000006029", "svc": "payment", "phase": "end", "ts": 10191100, "status": 200}
{"id": "t000006030", "svc": "auth", "phase": "start", "ts": 10192000, "status": 200}
{"id": "t000006030", "svc": "auth", "phase": "end", "ts": 10192100, "status": 200}
{"id": "t000006031", "svc": "gateway", "phase": "start", "ts": 10193000, "status": 200}
{"id": "t000006031", "svc": "gateway", "phase": "end", "ts": 10193100, "status": 200}
{"id": "t000006032", "svc": "payment", "phase": "start", "ts": 10194000, "status": 200}
{"id": "t000006032", "svc": "payment", "phase": "end", "ts": 10194100, "status": 500}
{"id": "t000006033", "svc": "auth", "phase": "start", "ts": 10195000, "status": 200}
{"id": "t000006033", "svc": "auth", "phase": "end", "ts": 10195100, "status": 200}
{"id": "t000006034", "svc": "gateway", "phase": "start", "ts": 10196000, "status": 200}
{"id": "t000006034", "svc": "gateway", "phase": "end", "ts": 10196100, "status": 200}
{"id": "t000006035", "svc": "payment", "phase": "start", "ts": 10197000, "status": 200}
{"id": "t000006035", "svc": "payment", "phase": "end", "ts": 10197100, "status": 200}
{"id": "t000006036", "svc": "auth", "phase": "start", "ts": 10198000, "status": 200}
{"id": "t000006036", "svc": "auth", "phase": "end", "ts": 10198100, "status": 200}
{"id": "t000006037", "svc": "gateway", "phase": "start", "ts": 10199000, "status": 200}
{"id": "t000006037", "svc": "gateway", "phase": "end", "ts": 10199100, "status": 200}
{"id": "t000006038", "svc": "payment", "phase": "start", "ts": 10200000, "status": 200}
{"id": "t000006038", "svc": "payment", "phase": "end", "ts": 10200100, "status": 200}
{"id": "t000006039", "svc": "auth", "phase": "start", "ts": 10201000, "status": 200}
{"id": "t000006039", "svc": "auth", "phase": "end", "ts": 10201100, "status": 200}
{"id": "t000006040", "svc": "gateway", "phase": "start", "ts": 10202000, "status": 200}
{"id": "t000006040", "svc": "gateway", "phase": "end", "ts": 10202100, "status": 500}
{"id": "t000006041", "svc": "payment", "phase": "start", "ts": 10203000, "status": 200}
{"id": "t000006041", "svc": "payment", "phase": "end", "ts": 10203100, "status": 200}
{"id": "t000006042", "svc": "auth", "phase": "start", "ts": 10204000, "status": 200}
{"id": "t000006042", "svc": "auth", "phase": "end", "ts": 10204100, "status": 200}
{"id": "t000006043", "svc": "gateway", "phase": "start", "ts": 10205000, "status": 200}
{"id": "t000006043", "svc": "gateway", "phase": "end", "ts": 10205100, "status": 200}
{"id": "t000006044", "svc": "payment", "phase": "start", "ts": 10206000, "status": 200}
{"id": "t000006044", "svc": "payment", "phase": "end", "ts": 10206100, "status": 200}
{"id": "t000006045", "svc": "auth", "phase": "start", "ts": 10207000, "status": 200}
{"id": "t000006045", "svc": "auth", "phase": "end", "ts": 10207100, "status": 200}
{"id": "t000006046", "svc": "gateway", "phase": "start", "ts": 10208000, "status": 200}
{"id": "t000006046", "svc": "gateway", "phase": "end", "ts": 10208100, "status": 200}
{"id": "t000006047", "svc": "payment", "phase": "start", "ts": 10209000, "status": 200}
{"id": "t000006047", "svc": "payment", "phase": "end", "ts": 10209100, "status": 200}
{"id": "t000006048", "svc": "auth", "phase": "start", "ts": 10210000, "status": 200}
{"id": "t000006048", "svc": "auth", "phase": "end", "ts": 10210100, "status": 500}
{"id": "t000006049", "svc": "gateway", "phase": "start", "ts": 10211000, "status": 200}
{"id": "t000006049", "svc": "gateway", "phase": "end", "ts": 10211100, "status": 200}
{"id": "t000006050", "svc": "payment", "phase": "start", "ts": 10212000, "status": 200}
{"id": "t000006050", "svc": "payment", "phase": "end", "ts": 10212100, "status": 200}
{"id": "t000006051", "svc": "auth", "phase": "start", "ts": 10213000, "status": 200}
{"id": "t000006051", "svc": "auth", "phase": "end", "ts": 10213100, "status": 200}
{"id": "t000006052", "svc": "gateway", "phase": "start", "ts": 10214000, "status": 200}
{"id": "t000006052", "svc": "gateway", "phase": "end", "ts": 10214100, "status": 200}
{"id": "t000006053", "svc": "payment", "phase": "start", "ts": 10215000, "status": 200}
{"id": "t000006053", "svc": "payment", "phase": "end", "ts": 10215100, "status": 200}
{"id": "t000006054", "svc": "auth", "phase": "start", "ts": 10216000, "status": 200}
{"id": "t000006054", "svc": "auth", "phase": "end", "ts": 10216100, "status": 200}
{"id": "t000006055", "svc": "gateway", "phase": "start", "ts": 10217000, "status": 200}
{"id": "t000006055", "svc": "gateway", "phase": "end", "ts": 10217100, "status": 200}
{"id": "t000006056", "svc": "payment", "phase": "start", "ts": 10218000, "status": 200}
{"id": "t000006056", "svc": "payment", "phase": "end", "ts": 10218100, "status": 500}
{"id": "t000006057", "svc": "auth", "phase": "start", "ts": 10219000, "status": 200}
{"id": "t000006057", "svc": "auth", "phase": "end", "ts": 10219100, "status": 200}
{"id": "t000006058", "svc": "gateway", "phase": "start", "ts": 10220000, "status": 200}
{"id": "t000006058", "svc": "gateway", "phase": "end", "ts": 10220100, "status": 200}
{"id": "t000006059", "svc": "payment", "phase": "start", "ts": 10221000, "status": 200}
{"id": "t000006059", "svc": "payment", "phase": "end", "ts": 10221100, "status": 200}
{"id": "t000006060", "svc": "auth", "phase": "start", "ts": 10222000, "status": 200}
{"id": "t000006060", "svc": "auth", "phase": "end", "ts": 10222100, "status": 200}
{"id": "t000006061", "svc": "gateway", "phase": "start", "ts": 10223000, "status": 200}
{"id": "t000006061", "svc": "gateway", "phase": "end", "ts": 10223100, "status": 200}
{"id": "t000006062", "svc": "payment", "phase": "start", "ts": 10224000, "status": 200}
{"id": "t000006062", "svc": "payment", "phase": "end", "ts": 10224100, "status": 200}
{"id": "t000006063", "svc": "auth", "phase": "start", "ts": 10225000, "status": 200}
{"id": "t000006063", "svc": "auth", "phase": "end", "ts": 10225100, "status": 200}
{"id": "t000006064", "svc": "gateway", "phase": "start", "ts": 10226000, "status": 200}
{"id": "t000006064", "svc": "gateway", "phase": "end", "ts": 10226100, "status": 500}
{"id": "t000006065", "svc": "payment", "phase": "start", "ts": 10227000, "status": 200}
{"id": "t000006065", "svc": "payment", "phase": "end", "ts": 10227100, "status": 200}
{"id": "t000006066", "svc": "auth", "phase": "start", "ts": 10228000, "status": 200}
{"id": "t000006066", "svc": "auth", "phase": "end", "ts": 10228100, "status": 200}
{"id": "t000006067", "svc": "gateway", "phase": "start", "ts": 10229000, "status": 200}
{"id": "t000006067", "svc": "gateway", "phase": "end", "ts": 10229100, "status": 200}
{"id": "t000006068", "svc": "payment", "phase": "start", "ts": 10230000, "status": 200}
{"id": "t000006068", "svc": "payment", "phase": "end", "ts": 10230100, "status": 200}
{"id": "t000006069", "svc": "auth", "phase": "start", "ts": 10231000, "status": 200}
{"id": "t000006069", "svc": "auth", "phase": "end", "ts": 10231100, "status": 200}
{"id": "t000006070", "svc": "gateway", "phase": "start", "ts": 10232000, "status": 200}
{"id": "t000006070", "svc": "gateway", "phase": "end", "ts": 10232100, "status": 200}
{"id": "t000006071", "svc": "payment", "phase": "start", "ts": 10233000, "status": 200}
{"id": "t000006071", "svc": "payment", "phase": "end", "ts": 10233100, "status": 200}
{"id": "t000006072", "svc": "auth", "phase": "start", "ts": 10234000, "status": 200}
{"id": "t000006072", "svc": "auth", "phase": "end", "ts": 10234100, "status": 500}
{"id": "t000006073", "svc": "gateway", "phase": "start", "ts": 10235000, "status": 200}
{"id": "t000006073", "svc": "gateway", "phase": "end", "ts": 10235100, "status": 200}
{"id": "t000006074", "svc": "payment", "phase": "start", "ts": 10236000, "status": 200}
{"id": "t000006074", "svc": "payment", "phase": "end", "ts": 10236100, "status": 200}
{"id": "t000006075", "svc": "auth", "phase": "start", "ts": 10237000, "status": 200}
{"id": "t000006075", "svc": "auth", "phase": "end", "ts": 10237100, "status": 200}
{"id": "t000006076", "svc": "gateway", "phase": "start", "ts": 10238000, "status": 200}
{"id": "t000006076", "svc": "gateway", "phase": "end", "ts": 10238100, "status": 200}
{"id": "t000006077", "svc": "payment", "phase": "start", "ts": 10239000, "status": 200}
{"id": "t000006077", "svc": "payment", "phase": "end", "ts": 10239100, "status": 200}
{"id": "t000006078", "svc": "auth", "phase": "start", "ts": 10240000, "status": 200}
{"id": "t000006078", "svc": "auth", "phase": "end", "ts": 10240100, "status": 200}
{"id": "t000006079", "svc": "gateway", "phase": "start", "ts": 10241000, "status": 200}
{"id": "t000006079", "svc": "gateway", "phase": "end", "ts": 10241100, "status": 200}
{"id": "t000006080", "svc": "payment", "phase": "start", "ts": 10242000, "status": 200}
{"id": "t000006080", "svc": "payment", "phase": "end", "ts": 10242100, "status": 500}
{"id": "t000006081", "svc": "auth", "phase": "start", "ts": 10243000, "status": 200}
{"id": "t000006081", "svc": "auth", "phase": "end", "ts": 10243100, "status": 200}
{"id": "t000006082", "svc": "gateway", "phase": "start", "ts": 10244000, "status": 200}
{"id": "t000006082", "svc": "gateway", "phase": "end", "ts": 10244100, "status": 200}
{"id": "t000006083", "svc": "payment", "phase": "start", "ts": 10245000, "status": 200}
{"id": "t000006083", "svc": "payment", "phase": "end", "ts": 10245100, "status": 200}
{"id": "t000006084", "svc": "auth", "phase": "start", "ts": 10246000, "status": 200}
{"id": "t000006084", "svc": "auth", "phase": "end", "ts": 10246100, "status": 200}
{"id": "t000006085", "svc": "gateway", "phase": "start", "ts": 10247000, "status": 200}
{"id": "t000006085", "svc": "gateway", "phase": "end", "ts": 10247100, "status": 200}
{"id": "t000006086", "svc": "payment", "phase": "start", "ts": 10248000, "status": 200}
{"id": "t000006086", "svc": "payment", "phase": "end", "ts": 10248100, "status": 200}
{"id": "t000006087", "svc": "auth", "phase": "start", "ts": 10249000, "status": 200}
{"id": "t000006087", "svc": "auth", "phase": "end", "ts": 10249100, "status": 200}
{"id": "t000006088", "svc": "gateway", "phase": "start", "ts": 10250000, "status": 200}
{"id": "t000006088", "svc": "gateway", "phase": "end", "ts": 10250100, "status": 500}
{"id": "t000006089", "svc": "payment", "phase": "start", "ts": 10251000, "status": 200}
{"id": "t000006089", "svc": "payment", "phase": "end", "ts": 10251100, "status": 200}
{"id": "t000006090", "svc": "auth", "phase": "start", "ts": 10252000, "status": 200}
{"id": "t000006090", "svc": "auth", "phase": "end", "ts": 10252100, "status": 200}
{"id": "t000006091", "svc": "gateway", "phase": "start", "ts": 10253000, "status": 200}
{"id": "t000006091", "svc": "gateway", "phase": "end", "ts": 10253100, "status": 200}
{"id": "t000006092", "svc": "payment", "phase": "start", "ts": 10254000, "status": 200}
{"id": "t000006092", "svc": "payment", "phase": "end", "ts": 10254100, "status": 200}
{"id": "t000006093", "svc": "auth", "phase": "start", "ts": 10255000, "status": 200}
{"id": "t000006093", "svc": "auth", "phase": "end", "ts": 10255100, "status": 200}
{"id": "t000006094", "svc": "gateway", "phase": "start", "ts": 10256000, "status": 200}
{"id": "t000006094", "svc": "gateway", "phase": "end", "ts": 10256100, "status": 200}
{"id": "t000006095", "svc": "payment", "phase": "start", "ts": 10257000, "status": 200}
{"id": "t000006095", "svc": "payment", "phase": "end", "ts": 10257100, "status": 200}
{"id": "t000006096", "svc": "auth", "phase": "start", "ts": 10258000, "status": 200}
{"id": "t000006096", "svc": "auth", "phase": "end", "ts": 10258100, "status": 500}
{"id": "t000006097", "svc": "gateway", "phase": "start", "ts": 10259000, "status": 200}
{"id": "t000006097", "svc": "gateway", "phase": "end", "ts": 10259100, "status": 200}
{"id": "t000006098", "svc": "payment", "phase": "start", "ts": 10260000, "status": 200}
{"id": "t000006098", "svc": "payment", "phase": "end", "ts": 10260100, "status": 200}
{"id": "t000006099", "svc": "auth", "phase": "start", "ts": 10261000, "status": 200}
{"id": "t000006099", "svc": "auth", "phase": "end", "ts": 10261100, "status": 200}
{"id": "t000006100", "svc": "gateway", "phase": "start", "ts": 10262000, "status": 200}
{"id": "t000006100", "svc": "gateway", "phase": "end", "ts": 10262100, "status": 200}
{"id": "t000006101", "svc": "payment", "phase": "start", "ts": 10263000, "status": 200}
{"id": "t000006101", "svc": "payment", "phase": "end", "ts": 10263100, "status": 200}
{"id": "t000006102", "svc": "auth", "phase": "start", "ts": 10264000, "status": 200}
{"id": "t000006102", "svc": "auth", "phase": "end", "ts": 10264100, "status": 200}
{"id": "t000006103", "svc": "gateway", "phase": "start", "ts": 10265000, "status": 200}
{"id": "t000006103", "svc": "gateway", "phase": "end", "ts": 10265100, "status": 200}
{"id": "t000006104", "svc": "payment", "phase": "start", "ts": 10266000, "status": 200}
{"id": "t000006104", "svc": "payment", "phase": "end", "ts": 10266100, "status": 500}
{"id": "t000006105", "svc": "auth", "phase": "start", "ts": 10267000, "status": 200}
{"id": "t000006105", "svc": "auth", "phase": "end", "ts": 10267100, "status": 200}
{"id": "t000006106", "svc": "gateway", "phase": "start", "ts": 10268000, "status": 200}
{"id": "t000006106", "svc": "gateway", "phase": "end", "ts": 10268100, "status": 200}
{"id": "t000006107", "svc": "payment", "phase": "start", "ts": 10269000, "status": 200}
{"id": "t000006107", "svc": "payment", "phase": "end", "ts": 10269100, "status": 200}
{"id": "t000006108", "svc": "auth", "phase": "start", "ts": 10270000, "status": 200}
{"id": "t000006108", "svc": "auth", "phase": "end", "ts": 10270100, "status": 200}
{"id": "t000006109", "svc": "gateway", "phase": "start", "ts": 10271000, "status": 200}
{"id": "t000006109", "svc": "gateway", "phase": "end", "ts": 10271100, "status": 200}
{"id": "t000006110", "svc": "payment", "phase": "start", "ts": 10272000, "status": 200}
{"id": "t000006110", "svc": "payment", "phase": "end", "ts": 10272100, "status": 200}
{"id": "t000006111", "svc": "auth", "phase": "start", "ts": 10273000, "status": 200}
{"id": "t000006111", "svc": "auth", "phase": "end", "ts": 10273100, "status": 200}
{"id": "t000006112", "svc": "gateway", "phase": "start", "ts": 10274000, "status": 200}
{"id": "t000006112", "svc": "gateway", "phase": "end", "ts": 10274100, "status": 500}
{"id": "t000006113", "svc": "payment", "phase": "start", "ts": 10275000, "status": 200}
{"id": "t000006113", "svc": "payment", "phase": "end", "ts": 10275100, "status": 200}
{"id": "t000006114", "svc": "auth", "phase": "start", "ts": 10276000, "status": 200}
{"id": "t000006114", "svc": "auth", "phase": "end", "ts": 10276100, "status": 200}
{"id": "t000006115", "svc": "gateway", "phase": "start", "ts": 10277000, "status": 200}
{"id": "t000006115", "svc": "gateway", "phase": "end", "ts": 10277100, "status": 200}
{"id": "t000006116", "svc": "payment", "phase": "start", "ts": 10278000, "status": 200}
{"id": "t000006116", "svc": "payment", "phase": "end", "ts": 10278100, "status": 200}
{"id": "t000006117", "svc": "auth", "phase": "start", "ts": 10279000, "status": 200}
{"id": "t000006117", "svc": "auth", "phase": "end", "ts": 10279100, "status": 200}
{"id": "t000006118", "svc": "gateway", "phase": "start", "ts": 10280000, "status": 200}
{"id": "t000006118", "svc": "gateway", "phase": "end", "ts": 10280100, "status": 200}
{"id": "t000006119", "svc": "payment", "phase": "start", "ts": 10281000, "status": 200}
{"id": "t000006119", "svc": "payment", "phase": "end", "ts": 10281100, "status": 200}
{"id": "t000006120", "svc": "auth", "phase": "start", "ts": 10282000, "status": 200}
{"id": "t000006120", "svc": "auth", "phase": "end", "ts": 10282100, "status": 500}
{"id": "t000006121", "svc": "gateway", "phase": "start", "ts": 10283000, "status": 200}
{"id": "t000006121", "svc": "gateway", "phase": "end", "ts": 10283100, "status": 200}
{"id": "t000006122", "svc": "payment", "phase": "start", "ts": 10284000, "status": 200}
{"id": "t000006122", "svc": "payment", "phase": "end", "ts": 10284100, "status": 200}
{"id": "t000006123", "svc": "auth", "phase": "start", "ts": 10285000, "status": 200}
{"id": "t000006123", "svc": "auth", "phase": "end", "ts": 10285100, "status": 200}
{"id": "t000006124", "svc": "gateway", "phase": "start", "ts": 10286000, "status": 200}
{"id": "t000006124", "svc": "gateway", "phase": "end", "ts": 10286100, "status": 200}
{"id": "t000006125", "svc": "payment", "phase": "start", "ts": 10287000, "status": 200}
{"id": "t000006125", "svc": "payment", "phase": "end", "ts": 10287100, "status": 200}
{"id": "t000006126", "svc": "auth", "phase": "start", "ts": 10288000, "status": 200}
{"id": "t000006126", "svc": "auth", "phase": "end", "ts": 10288100, "status": 200}
{"id": "t000006127", "svc": "gateway", "phase": "start", "ts": 10289000, "status": 200}
{"id": "t000006127", "svc": "gateway", "phase": "end", "ts": 10289100, "status": 200}
{"id": "t000006128", "svc": "payment", "phase": "start", "ts": 10290000, "status": 200}
{"id": "t000006128", "svc": "payment", "phase": "end", "ts": 10290100, "status": 500}
{"id": "t000006129", "svc": "auth", "phase": "start", "ts": 10291000, "status": 200}
{"id": "t000006129", "svc": "auth", "phase": "end", "ts": 10291100, "status": 200}
{"id": "t000006130", "svc": "gateway", "phase": "start", "ts": 10292000, "status": 200}
{"id": "t000006130", "svc": "gateway", "phase": "end", "ts": 10292100, "status": 200}
{"id": "t000006131", "svc": "payment", "phase": "start", "ts": 10293000, "status": 200}
{"id": "t000006131", "svc": "payment", "phase": "end", "ts": 10293100, "status": 200}
{"id": "t000006132", "svc": "auth", "phase": "start", "ts": 10294000, "status": 200}
{"id": "t000006132", "svc": "auth", "phase": "end", "ts": 10294100, "status": 200}
{"id": "t000006133", "svc": "gateway", "phase": "start", "ts": 10295000, "status": 200}
{"id": "t000006133", "svc": "gateway", "phase": "end", "ts": 10295100, "status": 200}
{"id": "t000006134", "svc": "payment", "phase": "start", "ts": 10296000, "status": 200}
{"id": "t000006134", "svc": "payment", "phase": "end", "ts": 10296100, "status": 200}
{"id": "t000006135", "svc": "auth", "phase": "start", "ts": 10297000, "status": 200}
{"id": "t000006135", "svc": "auth", "phase": "end", "ts": 10297100, "status": 200}
{"id": "t000006136", "svc": "gateway", "phase": "start", "ts": 10298000, "status": 200}
{"id": "t000006136", "svc": "gateway", "phase": "end", "ts": 10298100, "status": 500}
{"id": "t000006137", "svc": "payment", "phase": "start", "ts": 10299000, "status": 200}
{"id": "t000006137", "svc": "payment", "phase": "end", "ts": 10299100, "status": 200}
{"id": "t000006138", "svc": "auth", "phase": "start", "ts": 10300000, "status": 200}
{"id": "t000006138", "svc": "auth", "phase": "end", "ts": 10300100, "status": 200}
{"id": "t000006139", "svc": "gateway", "phase": "start", "ts": 10301000, "status": 200}
{"id": "t000006139", "svc": "gateway", "phase": "end", "ts": 10301100, "status": 200}
{"id": "t000006140", "svc": "payment", "phase": "start", "ts": 10302000, "status": 200}
{"id": "t000006140", "svc": "payment", "phase": "end", "ts": 10302100, "status": 200}
{"id": "t000006141", "svc": "auth", "phase": "start", "ts": 10303000, "status": 200}
{"id": "t000006141", "svc": "auth", "phase": "end", "ts": 10303100, "status": 200}
{"id": "t000006142", "svc": "gateway", "phase": "start", "ts": 10304000, "status": 200}
{"id": "t000006142", "svc": "gateway", "phase": "end", "ts": 10304100, "status": 200}
{"id": "t000006143", "svc": "payment", "phase": "start", "ts": 10305000, "status": 200}
{"id": "t000006143", "svc": "payment", "phase": "end", "ts": 10305100, "status": 200}
{"id": "t000006144", "svc": "auth", "phase": "start", "ts": 10306000, "status": 200}
{"id": "t000006144", "svc": "auth", "phase": "end", "ts": 10306100, "status": 500}
{"id": "t000006145", "svc": "gateway", "phase": "start", "ts": 10307000, "status": 200}
{"id": "t000006145", "svc": "gateway", "phase": "end", "ts": 10307100, "status": 200}
{"id": "t000006146", "svc": "payment", "phase": "start", "ts": 10308000, "status": 200}
{"id": "t000006146", "svc": "payment", "phase": "end", "ts": 10308100, "status": 200}
{"id": "t000006147", "svc": "auth", "phase": "start", "ts": 10309000, "status": 200}
{"id": "t000006147", "svc": "auth", "phase": "end", "ts": 10309100, "status": 200}
{"id": "t000006148", "svc": "gateway", "phase": "start", "ts": 10310000, "status": 200}
{"id": "t000006148", "svc": "gateway", "phase": "end", "ts": 10310100, "status": 200}
{"id": "t000006149", "svc": "payment", "phase": "start", "ts": 10311000, "status": 200}
{"id": "t000006149", "svc": "payment", "phase": "end", "ts": 10311100, "status": 200}
{"id": "t000006150", "svc": "auth", "phase": "start", "ts": 10312000, "status": 200}
{"id": "t000006150", "svc": "auth", "phase": "end", "ts": 10312100, "status": 200}
{"id": "t000006151", "svc": "gateway", "phase": "start", "ts": 10313000, "status": 200}
{"id": "t000006151", "svc": "gateway", "phase": "end", "ts": 10313100, "status": 200}
{"id": "t000006152", "svc": "payment", "phase": "start", "ts": 10314000, "status": 200}
{"id": "t000006152", "svc": "payment", "phase": "end", "ts": 10314100, "status": 500}
{"id": "t000006153", "svc": "auth", "phase": "start", "ts": 10315000, "status": 200}
{"id": "t000006153", "svc": "auth", "phase": "end", "ts": 10315100, "status": 200}
{"id": "t000006154", "svc": "gateway", "phase": "start", "ts": 10316000, "status": 200}
{"id": "t000006154", "svc": "gateway", "phase": "end", "ts": 10316100, "status": 200}
{"id": "t000006155", "svc": "payment", "phase": "start", "ts": 10317000, "status": 200}
{"id": "t000006155", "svc": "payment", "phase": "end", "ts": 10317100, "status": 200}
{"id": "t000006156", "svc": "auth", "phase": "start", "ts": 10318000, "status": 200}
{"id": "t000006156", "svc": "auth", "phase": "end", "ts": 10318100, "status": 200}
{"id": "t000006157", "svc": "gateway", "phase": "start", "ts": 10319000, "status": 200}
{"id": "t000006157", "svc": "gateway", "phase": "end", "ts": 10319100, "status": 200}
{"id": "t000006158", "svc": "payment", "phase": "start", "ts": 10320000, "status": 200}
{"id": "t000006158", "svc": "payment", "phase": "end", "ts": 10320100, "status": 200}
{"id": "t000006159", "svc": "auth", "phase": "start", "ts": 10321000, "status": 200}
{"id": "t000006159", "svc": "auth", "phase": "end", "ts": 10321100, "status": 200}
{"id": "t000006160", "svc": "gateway", "phase": "start", "ts": 10322000, "status": 200}
{"id": "t000006160", "svc": "gateway", "phase": "end", "ts": 10322100, "status": 500}
{"id": "t000006161", "svc": "payment", "phase": "start", "ts": 10323000, "status": 200}
{"id": "t000006161", "svc": "payment", "phase": "end", "ts": 10323100, "status": 200}
{"id": "t000006162", "svc": "auth", "phase": "start", "ts": 10324000, "status": 200}
{"id": "t000006162", "svc": "auth", "phase": "end", "ts": 10324100, "status": 200}
{"id": "t000006163", "svc": "gateway", "phase": "start", "ts": 10325000, "status": 200}
{"id": "t000006163", "svc": "gateway", "phase": "end", "ts": 10325100, "status": 200}
{"id": "t000006164", "svc": "payment", "phase": "start", "ts": 10326000, "status": 200}
{"id": "t000006164", "svc": "payment", "phase": "end", "ts": 10326100, "status": 200}
{"id": "t000006165", "svc": "auth", "phase": "start", "ts": 10327000, "status": 200}
{"id": "t000006165", "svc": "auth", "phase": "end", "ts": 10327100, "status": 200}
{"id": "t000006166", "svc": "gateway", "phase": "start", "ts": 10328000, "status": 200}
{"id": "t000006166", "svc": "gateway", "phase": "end", "ts": 10328100, "status": 200}
{"id": "t000006167", "svc": "payment", "phase": "start", "ts": 10329000, "status": 200}
{"id": "t000006167", "svc": "payment", "phase": "end", "ts": 10329100, "status": 200}
{"id": "t000006168", "svc": "auth", "phase": "start", "ts": 10330000, "status": 200}
{"id": "t000006168", "svc": "auth", "phase": "end", "ts": 10330100, "status": 500}
{"id": "t000006169", "svc": "gateway", "phase": "start", "ts": 10331000, "status": 200}
{"id": "t000006169", "svc": "gateway", "phase": "end", "ts": 10331100, "status": 200}
{"id": "t000006170", "svc": "payment", "phase": "start", "ts": 10332000, "status": 200}
{"id": "t000006170", "svc": "payment", "phase": "end", "ts": 10332100, "status": 200}
{"id": "t000006171", "svc": "auth", "phase": "start", "ts": 10333000, "status": 200}
{"id": "t000006171", "svc": "auth", "phase": "end", "ts": 10333100, "status": 200}
{"id": "t000006172", "svc": "gateway", "phase": "start", "ts": 10334000, "status": 200}
{"id": "t000006172", "svc": "gateway", "phase": "end", "ts": 10334100, "status": 200}
{"id": "t000006173", "svc": "payment", "phase": "start", "ts": 10335000, "status": 200}
{"id": "t000006173", "svc": "payment", "phase": "end", "ts": 10335100, "status": 200}
{"id": "t000006174", "svc": "auth", "phase": "start", "ts": 10336000, "status": 200}
{"id": "t000006174", "svc": "auth", "phase": "end", "ts": 10336100, "status": 200}
{"id": "t000006175", "svc": "gateway", "phase": "start", "ts": 10337000, "status": 200}
{"id": "t000006175", "svc": "gateway", "phase": "end", "ts": 10337100, "status": 200}
{"id": "t000006176", "svc": "payment", "phase": "start", "ts": 10338000, "status": 200}
{"id": "t000006176", "svc": "payment", "phase": "end", "ts": 10338100, "status": 500}
{"id": "t000006177", "svc": "auth", "phase": "start", "ts": 10339000, "status": 200}
{"id": "t000006177", "svc": "auth", "phase": "end", "ts": 10339100, "status": 200}
{"id": "t000006178", "svc": "gateway", "phase": "start", "ts": 10340000, "status": 200}
{"id": "t000006178", "svc": "gateway", "phase": "end", "ts": 10340100, "status": 200}
{"id": "t000006179", "svc": "payment", "phase": "start", "ts": 10341000, "status": 200}
{"id": "t000006179", "svc": "payment", "phase": "end", "ts": 10341100, "status": 200}
{"id": "t000006180", "svc": "auth", "phase": "start", "ts": 10342000, "status": 200}
{"id": "t000006180", "svc": "auth", "phase": "end", "ts": 10342100, "status": 200}
{"id": "t000006181", "svc": "gateway", "phase": "start", "ts": 10343000, "status": 200}
{"id": "t000006181", "svc": "gateway", "phase": "end", "ts": 10343100, "status": 200}
{"id": "t000006182", "svc": "payment", "phase": "start", "ts": 10344000, "status": 200}
{"id": "t000006182", "svc": "payment", "phase": "end", "ts": 10344100, "status": 200}
{"id": "t000006183", "svc": "auth", "phase": "start", "ts": 10345000, "status": 200}
{"id": "t000006183", "svc": "auth", "phase": "end", "ts": 10345100, "status": 200}
{"id": "t000006184", "svc": "gateway", "phase": "start", "ts": 10346000, "status": 200}
{"id": "t000006184", "svc": "gateway", "phase": "end", "ts": 10346100, "status": 500}
{"id": "t000006185", "svc": "payment", "phase": "start", "ts": 10347000, "status": 200}
{"id": "t000006185", "svc": "payment", "phase": "end", "ts": 10347100, "status": 200}
{"id": "t000006186", "svc": "auth", "phase": "start", "ts": 10348000, "status": 200}
{"id": "t000006186", "svc": "auth", "phase": "end", "ts": 10348100, "status": 200}
{"id": "t000006187", "svc": "gateway", "phase": "start", "ts": 10349000, "status": 200}
{"id": "t000006187", "svc": "gateway", "phase": "end", "ts": 10349100, "status": 200}
{"id": "t000006188", "svc": "payment", "phase": "start", "ts": 10350000, "status": 200}
{"id": "t000006188", "svc": "payment", "phase": "end", "ts": 10350100, "status": 200}
{"id": "t000006189", "svc": "auth", "phase": "start", "ts": 10351000, "status": 200}
{"id": "t000006189", "svc": "auth", "phase": "end", "ts": 10351100, "status": 200}
{"id": "t000006190", "svc": "gateway", "phase": "start", "ts": 10352000, "status": 200}
{"id": "t000006190", "svc": "gateway", "phase": "end", "ts": 10352100, "status": 200}
{"id": "t000006191", "svc": "payment", "phase": "start", "ts": 10353000, "status": 200}
{"id": "t000006191", "svc": "payment", "phase": "end", "ts": 10353100, "status": 200}
{"id": "t000006192", "svc": "auth", "phase": "start", "ts": 10354000, "status": 200}
{"id": "t000006192", "svc": "auth", "phase": "end", "ts": 10354100, "status": 500}
{"id": "t000006193", "svc": "gateway", "phase": "start", "ts": 10355000, "status": 200}
{"id": "t000006193", "svc": "gateway", "phase": "end", "ts": 10355100, "status": 200}
{"id": "t000006194", "svc": "payment", "phase": "start", "ts": 10356000, "status": 200}
{"id": "t000006194", "svc": "payment", "phase": "end", "ts": 10356100, "status": 200}
{"id": "t000006195", "svc": "auth", "phase": "start", "ts": 10357000, "status": 200}
{"id": "t000006195", "svc": "auth", "phase": "end", "ts": 10357100, "status": 200}
{"id": "t000006196", "svc": "gateway", "phase": "start", "ts": 10358000, "status": 200}
{"id": "t000006196", "svc": "gateway", "phase": "end", "ts": 10358100, "status": 200}
{"id": "t000006197", "svc": "payment", "phase": "start", "ts": 10359000, "status": 200}
{"id": "t000006197", "svc": "payment", "phase": "end", "ts": 10359100, "status": 200}
{"id": "t000006198", "svc": "auth", "phase": "start", "ts": 10360000, "status": 200}
{"id": "t000006198", "svc": "auth", "phase": "end", "ts": 10360100, "status": 200}
{"id": "t000006199", "svc": "gateway", "phase": "start", "ts": 10361000, "status": 200}
{"id": "t000006199", "svc": "gateway", "phase": "end", "ts": 10361100, "status": 200}
{"id": "t000006200", "svc": "payment", "phase": "start", "ts": 10362000, "status": 200}
{"id": "t000006200", "svc": "payment", "phase": "end", "ts": 10362100, "status": 500}
{"id": "t000006201", "svc": "auth", "phase": "start", "ts": 10363000, "status": 200}
{"id": "t000006201", "svc": "auth", "phase": "end", "ts": 10363100, "status": 200}
{"id": "t000006202", "svc": "gateway", "phase": "start", "ts": 10364000, "status": 200}
{"id": "t000006202", "svc": "gateway", "phase": "end", "ts": 10364100, "status": 200}
{"id": "t000006203", "svc": "payment", "phase": "start", "ts": 10365000, "status": 200}
{"id": "t000006203", "svc": "payment", "phase": "end", "ts": 10365100, "status": 200}
{"id": "t000006204", "svc": "auth", "phase": "start", "ts": 10366000, "status": 200}
{"id": "t000006204", "svc": "auth", "phase": "end", "ts": 10366100, "status": 200}
{"id": "t000006205", "svc": "gateway", "phase": "start", "ts": 10367000, "status": 200}
{"id": "t000006205", "svc": "gateway", "phase": "end", "ts": 10367100, "status": 200}
{"id": "t000006206", "svc": "payment", "phase": "start", "ts": 10368000, "status": 200}
{"id": "t000006206", "svc": "payment", "phase": "end", "ts": 10368100, "status": 200}
{"id": "t000006207", "svc": "auth", "phase": "start", "ts": 10369000, "status": 200}
{"id": "t000006207", "svc": "auth", "phase": "end", "ts": 10369100, "status": 200}
{"id": "t000006208", "svc": "gateway", "phase": "start", "ts": 10370000, "status": 200}
{"id": "t000006208", "svc": "gateway", "phase": "end", "ts": 10370100, "status": 500}
{"id": "t000006209", "svc": "payment", "phase": "start", "ts": 10371000, "status": 200}
{"id": "t000006209", "svc": "payment", "phase": "end", "ts": 10371100, "status": 200}
{"id": "t000006210", "svc": "auth", "phase": "start", "ts": 10372000, "status": 200}
{"id": "t000006210", "svc": "auth", "phase": "end", "ts": 10372100, "status": 200}
{"id": "t000006211", "svc": "gateway", "phase": "start", "ts": 10373000, "status": 200}
{"id": "t000006211", "svc": "gateway", "phase": "end", "ts": 10373100, "status": 200}
{"id": "t000006212", "svc": "payment", "phase": "start", "ts": 10374000, "status": 200}
{"id": "t000006212", "svc": "payment", "phase": "end", "ts": 10374100, "status": 200}
{"id": "t000006213", "svc": "auth", "phase": "start", "ts": 10375000, "status": 200}
{"id": "t000006213", "svc": "auth", "phase": "end", "ts": 10375100, "status": 200}
{"id": "t000006214", "svc": "gateway", "phase": "start", "ts": 10376000, "status": 200}
{"id": "t000006214", "svc": "gateway", "phase": "end", "ts": 10376100, "status": 200}
{"id": "t000006215", "svc": "payment", "phase": "start", "ts": 10377000, "status": 200}
{"id": "t000006215", "svc": "payment", "phase": "end", "ts": 10377100, "status": 200}
{"id": "t000006216", "svc": "auth", "phase": "start", "ts": 10378000, "status": 200}
{"id": "t000006216", "svc": "auth", "phase": "end", "ts": 10378100, "status": 500}
{"id": "t000006217", "svc": "gateway", "phase": "start", "ts": 10379000, "status": 200}
{"id": "t000006217", "svc": "gateway", "phase": "end", "ts": 10379100, "status": 200}
{"id": "t000006218", "svc": "payment", "phase": "start", "ts": 10380000, "status": 200}
{"id": "t000006218", "svc": "payment", "phase": "end", "ts": 10380100, "status": 200}
{"id": "t000006219", "svc": "auth", "phase": "start", "ts": 10381000, "status": 200}
{"id": "t000006219", "svc": "auth", "phase": "end", "ts": 10381100, "status": 200}
{"id": "t000006220", "svc": "gateway", "phase": "start", "ts": 10382000, "status": 200}
{"id": "t000006220", "svc": "gateway", "phase": "end", "ts": 10382100, "status": 200}
{"id": "t000006221", "svc": "payment", "phase": "start", "ts": 10383000, "status": 200}
{"id": "t000006221", "svc": "payment", "phase": "end", "ts": 10383100, "status": 200}
{"id": "t000006222", "svc": "auth", "phase": "start", "ts": 10384000, "status": 200}
{"id": "t000006222", "svc": "auth", "phase": "end", "ts": 10384100, "status": 200}
{"id": "t000006223", "svc": "gateway", "phase": "start", "ts": 10385000, "status": 200}
{"id": "t000006223", "svc": "gateway", "phase": "end", "ts": 10385100, "status": 200}
{"id": "t000006224", "svc": "payment", "phase": "start", "ts": 10386000, "status": 200}
{"id": "t000006224", "svc": "payment", "phase": "end", "ts": 10386100, "status": 500}
{"id": "t000006225", "svc": "auth", "phase": "start", "ts": 10387000, "status": 200}
{"id": "t000006225", "svc": "auth", "phase": "end", "ts": 10387100, "status": 200}
{"id": "t000006226", "svc": "gateway", "phase": "start", "ts": 10388000, "status": 200}
{"id": "t000006226", "svc": "gateway", "phase": "end", "ts": 10388100, "status": 200}
{"id": "t000006227", "svc": "payment", "phase": "start", "ts": 10389000, "status": 200}
{"id": "t000006227", "svc": "payment", "phase": "end", "ts": 10389100, "status": 200}
{"id": "t000006228", "svc": "auth", "phase": "start", "ts": 10390000, "status": 200}
{"id": "t000006228", "svc": "auth", "phase": "end", "ts": 10390100, "status": 200}
{"id": "t000006229", "svc": "gateway", "phase": "start", "ts": 10391000, "status": 200}
{"id": "t000006229", "svc": "gateway", "phase": "end", "ts": 10391100, "status": 200}
{"id": "t000006230", "svc": "payment", "phase": "start", "ts": 10392000, "status": 200}
{"id": "t000006230", "svc": "payment", "phase": "end", "ts": 10392100, "status": 200}
{"id": "t000006231", "svc": "auth", "phase": "start", "ts": 10393000, "status": 200}
{"id": "t000006231", "svc": "auth", "phase": "end", "ts": 10393100, "status": 200}
{"id": "t000006232", "svc": "gateway", "phase": "start", "ts": 10394000, "status": 200}
{"id": "t000006232", "svc": "gateway", "phase": "end", "ts": 10394100, "status": 500}
{"id": "t000006233", "svc": "payment", "phase": "start", "ts": 10395000, "status": 200}
{"id": "t000006233", "svc": "payment", "phase": "end", "ts": 10395100, "status": 200}
{"id": "t000006234", "svc": "auth", "phase": "start", "ts": 10396000, "status": 200}
{"id": "t000006234", "svc": "auth", "phase": "end", "ts": 10396100, "status": 200}
{"id": "t000006235", "svc": "gateway", "phase": "start", "ts": 10397000, "status": 200}
{"id": "t000006235", "svc": "gateway", "phase": "end", "ts": 10397100, "status": 200}
{"id": "t000006236", "svc": "payment", "phase": "start", "ts": 10398000, "status": 200}
{"id": "t000006236", "svc": "payment", "phase": "end", "ts": 10398100, "status": 200}
{"id": "t000006237", "svc": "auth", "phase": "start", "ts": 10399000, "status": 200}
{"id": "t000006237", "svc": "auth", "phase": "end", "ts": 10399100, "status": 200}
{"id": "t000006238", "svc": "gateway", "phase": "start", "ts": 10400000, "status": 200}
{"id": "t000006238", "svc": "gateway", "phase": "end", "ts": 10400100, "status": 200}
{"id": "t000006239", "svc": "payment", "phase": "start", "ts": 10401000, "status": 200}
{"id": "t000006239", "svc": "payment", "phase": "end", "ts": 10401100, "status": 200}
{"id": "t000006240", "svc": "auth", "phase": "start", "ts": 10402000, "status": 200}
{"id": "t000006240", "svc": "auth", "phase": "end", "ts": 10402100, "status": 500}
{"id": "t000006241", "svc": "gateway", "phase": "start", "ts": 10403000, "status": 200}
{"id": "t000006241", "svc": "gateway", "phase": "end", "ts": 10403100, "status": 200}
{"id": "t000006242", "svc": "payment", "phase": "start", "ts": 10404000, "status": 200}
{"id": "t000006242", "svc": "payment", "phase": "end", "ts": 10404100, "status": 200}
{"id": "t000006243", "svc": "auth", "phase": "start", "ts": 10405000, "status": 200}
{"id": "t000006243", "svc": "auth", "phase": "end", "ts": 10405100, "status": 200}
{"id": "t000006244", "svc": "gateway", "phase": "start", "ts": 10406000, "status": 200}
{"id": "t000006244", "svc": "gateway", "phase": "end", "ts": 10406100, "status": 200}
{"id": "t000006245", "svc": "payment", "phase": "start", "ts": 10407000, "status": 200}
{"id": "t000006245", "svc": "payment", "phase": "end", "ts": 10407100, "status": 200}
{"id": "t000006246", "svc": "auth", "phase": "start", "ts": 10408000, "status": 200}
{"id": "t000006246", "svc": "auth", "phase": "end", "ts": 10408100, "status": 200}
{"id": "t000006247", "svc": "gateway", "phase": "start", "ts": 10409000, "status": 200}
{"id": "t000006247", "svc": "gateway", "phase": "end", "ts": 10409100, "status": 200}
{"id": "t000006248", "svc": "payment", "phase": "start", "ts": 10410000, "status": 200}
{"id": "t000006248", "svc": "payment", "phase": "end", "ts": 10410100, "status": 500}
{"id": "t000006249", "svc": "auth", "phase": "start", "ts": 10411000, "status": 200}
{"id": "t000006249", "svc": "auth", "phase": "end", "ts": 10411100, "status": 200}
{"id": "t000006250", "svc": "gateway", "phase": "start", "ts": 10412000, "status": 200}
{"id": "t000006250", "svc": "gateway", "phase": "end", "ts": 10412100, "status": 200}
{"id": "t000006251", "svc": "payment", "phase": "start", "ts": 10413000, "status": 200}
{"id": "t000006251", "svc": "payment", "phase": "end", "ts": 10413100, "status": 200}
{"id": "t000006252", "svc": "auth", "phase": "start", "ts": 10414000, "status": 200}
{"id": "t000006252", "svc": "auth", "phase": "end", "ts": 10414100, "status": 200}
{"id": "t000006253", "svc": "gateway", "phase": "start", "ts": 10415000, "status": 200}
{"id": "t000006253", "svc": "gateway", "phase": "end", "ts": 10415100, "status": 200}
{"id": "t000006254", "svc": "payment", "phase": "start", "ts": 10416000, "status": 200}
{"id": "t000006254", "svc": "payment", "phase": "end", "ts": 10416100, "status": 200}
{"id": "t000006255", "svc": "auth", "phase": "start", "ts": 10417000, "status": 200}
{"id": "t000006255", "svc": "auth", "phase": "end", "ts": 10417100, "status": 200}
{"id": "t000006256", "svc": "gateway", "phase": "start", "ts": 10418000, "status": 200}
{"id": "t000006256", "svc": "gateway", "phase": "end", "ts": 10418100, "status": 500}
{"id": "t000006257", "svc": "payment", "phase": "start", "ts": 10419000, "status": 200}
{"id": "t000006257", "svc": "payment", "phase": "end", "ts": 10419100, "status": 200}
{"id": "t000006258", "svc": "auth", "phase": "start", "ts": 10420000, "status": 200}
{"id": "t000006258", "svc": "auth", "phase": "end", "ts": 10420100, "status": 200}
{"id": "t000006259", "svc": "gateway", "phase": "start", "ts": 10421000, "status": 200}
{"id": "t000006259", "svc": "gateway", "phase": "end", "ts": 10421100, "status": 200}
{"id": "t000006260", "svc": "payment", "phase": "start", "ts": 10422000, "status": 200}
{"id": "t000006260", "svc": "payment", "phase": "end", "ts": 10422100, "status": 200}
{"id": "t000006261", "svc": "auth", "phase": "start", "ts": 10423000, "status": 200}
{"id": "t000006261", "svc": "auth", "phase": "end", "ts": 10423100, "status": 200}
{"id": "t000006262", "svc": "gateway", "phase": "start", "ts": 10424000, "status": 200}
{"id": "t000006262", "svc": "gateway", "phase": "end", "ts": 10424100, "status": 200}
{"id": "t000006263", "svc": "payment", "phase": "start", "ts": 10425000, "status": 200}
{"id": "t000006263", "svc": "payment", "phase": "end", "ts": 10425100, "status": 200}
{"id": "t000006264", "svc": "auth", "phase": "start", "ts": 10426000, "status": 200}
{"id": "t000006264", "svc": "auth", "phase": "end", "ts": 10426100, "status": 500}
{"id": "t000006265", "svc": "gateway", "phase": "start", "ts": 10427000, "status": 200}
{"id": "t000006265", "svc": "gateway", "phase": "end", "ts": 10427100, "status": 200}
{"id": "t000006266", "svc": "payment", "phase": "start", "ts": 10428000, "status": 200}
{"id": "t000006266", "svc": "payment", "phase": "end", "ts": 10428100, "status": 200}
{"id": "t000006267", "svc": "auth", "phase": "start", "ts": 10429000, "status": 200}
{"id": "t000006267", "svc": "auth", "phase": "end", "ts": 10429100, "status": 200}
{"id": "t000006268", "svc": "gateway", "phase": "start", "ts": 10430000, "status": 200}
{"id": "t000006268", "svc": "gateway", "phase": "end", "ts": 10430100, "status": 200}
{"id": "t000006269", "svc": "payment", "phase": "start", "ts": 10431000, "status": 200}
{"id": "t000006269", "svc": "payment", "phase": "end", "ts": 10431100, "status": 200}
{"id": "t000006270", "svc": "auth", "phase": "start", "ts": 10432000, "status": 200}
{"id": "t000006270", "svc": "auth", "phase": "end", "ts": 10432100, "status": 200}
{"id": "t000006271", "svc": "gateway", "phase": "start", "ts": 10433000, "status": 200}
{"id": "t000006271", "svc": "gateway", "phase": "end", "ts": 10433100, "status": 200}
{"id": "t000006272", "svc": "payment", "phase": "start", "ts": 10434000, "status": 200}
{"id": "t000006272", "svc": "payment", "phase": "end", "ts": 10434100, "status": 500}
{"id": "t000006273", "svc": "auth", "phase": "start", "ts": 10435000, "status": 200}
{"id": "t000006273", "svc": "auth", "phase": "end", "ts": 10435100, "status": 200}
{"id": "t000006274", "svc": "gateway", "phase": "start", "ts": 10436000, "status": 200}
{"id": "t000006274", "svc": "gateway", "phase": "end", "ts": 10436100, "status": 200}
{"id": "t000006275", "svc": "payment", "phase": "start", "ts": 10437000, "status": 200}
{"id": "t000006275", "svc": "payment", "phase": "end", "ts": 10437100, "status": 200}
{"id": "t000006276", "svc": "auth", "phase": "start", "ts": 10438000, "status": 200}
{"id": "t000006276", "svc": "auth", "phase": "end", "ts": 10438100, "status": 200}
{"id": "t000006277", "svc": "gateway", "phase": "start", "ts": 10439000, "status": 200}
{"id": "t000006277", "svc": "gateway", "phase": "end", "ts": 10439100, "status": 200}
{"id": "t000006278", "svc": "payment", "phase": "start", "ts": 10440000, "status": 200}
{"id": "t000006278", "svc": "payment", "phase": "end", "ts": 10440100, "status": 200}
{"id": "t000006279", "svc": "auth", "phase": "start", "ts": 10441000, "status": 200}
{"id": "t000006279", "svc": "auth", "phase": "end", "ts": 10441100, "status": 200}
{"id": "t000006280", "svc": "gateway", "phase": "start", "ts": 10442000, "status": 200}
{"id": "t000006280", "svc": "gateway", "phase": "end", "ts": 10442100, "status": 500}
{"id": "t000006281", "svc": "payment", "phase": "start", "ts": 10443000, "status": 200}
{"id": "t000006281", "svc": "payment", "phase": "end", "ts": 10443100, "status": 200}
{"id": "t000006282", "svc": "auth", "phase": "start", "ts": 10444000, "status": 200}
{"id": "t000006282", "svc": "auth", "phase": "end", "ts": 10444100, "status": 200}
{"id": "t000006283", "svc": "gateway", "phase": "start", "ts": 10445000, "status": 200}
{"id": "t000006283", "svc": "gateway", "phase": "end", "ts": 10445100, "status": 200}
{"id": "t000006284", "svc": "payment", "phase": "start", "ts": 10446000, "status": 200}
{"id": "t000006284", "svc": "payment", "phase": "end", "ts": 10446100, "status": 200}
{"id": "t000006285", "svc": "auth", "phase": "start", "ts": 10447000, "status": 200}
{"id": "t000006285", "svc": "auth", "phase": "end", "ts": 10447100, "status": 200}
{"id": "t000006286", "svc": "gateway", "phase": "start", "ts": 10448000, "status": 200}
{"id": "t000006286", "svc": "gateway", "phase": "end", "ts": 10448100, "status": 200}
{"id": "t000006287", "svc": "payment", "phase": "start", "ts": 10449000, "status": 200}
{"id": "t000006287", "svc": "payment", "phase": "end", "ts": 10449100, "status": 200}
{"id": "t000006288", "svc": "auth", "phase": "start", "ts": 10450000, "status": 200}
{"id": "t000006288", "svc": "auth", "phase": "end", "ts": 10450100, "status": 500}
{"id": "t000006289", "svc": "gateway", "phase": "start", "ts": 10451000, "status": 200}
{"id": "t000006289", "svc": "gateway", "phase": "end", "ts": 10451100, "status": 200}
{"id": "t000006290", "svc": "payment", "phase": "start", "ts": 10452000, "status": 200}
{"id": "t000006290", "svc": "payment", "phase": "end", "ts": 10452100, "status": 200}
{"id": "t000006291", "svc": "auth", "phase": "start", "ts": 10453000, "status": 200}
{"id": "t000006291", "svc": "auth", "phase": "end", "ts": 10453100, "status": 200}
{"id": "t000006292", "svc": "gateway", "phase": "start", "ts": 10454000, "status": 200}
{"id": "t000006292", "svc": "gateway", "phase": "end", "ts": 10454100, "status": 200}
{"id": "t000006293", "svc": "payment", "phase": "start", "ts": 10455000, "status": 200}
{"id": "t000006293", "svc": "payment", "phase": "end", "ts": 10455100, "status": 200}
{"id": "t000006294", "svc": "auth", "phase": "start", "ts": 10456000, "status": 200}
{"id": "t000006294", "svc": "auth", "phase": "end", "ts": 10456100, "status": 200}
{"id": "t000006295", "svc": "gateway", "phase": "start", "ts": 10457000, "status": 200}
{"id": "t000006295", "svc": "gateway", "phase": "end", "ts": 10457100, "status": 200}
{"id": "t000006296", "svc": "payment", "phase": "start", "ts": 10458000, "status": 200}
{"id": "t000006296", "svc": "payment", "phase": "end", "ts": 10458100, "status": 500}
{"id": "t000006297", "svc": "auth", "phase": "start", "ts": 10459000, "status": 200}
{"id": "t000006297", "svc": "auth", "phase": "end", "ts": 10459100, "status": 200}
{"id": "t000006298", "svc": "gateway", "phase": "start", "ts": 10460000, "status": 200}
{"id": "t000006298", "svc": "gateway", "phase": "end", "ts": 10460100, "status": 200}
{"id": "t000006299", "svc": "payment", "phase": "start", "ts": 10461000, "status": 200}
{"id": "t000006299", "svc": "payment", "phase": "end", "ts": 10461100, "status": 200}
{"id": "t000006300", "svc": "auth", "phase": "start", "ts": 10462000, "status": 200}
{"id": "t000006300", "svc": "auth", "phase": "end", "ts": 10462100, "status": 200}
{"id": "t000006301", "svc": "gateway", "phase": "start", "ts": 10463000, "status": 200}
{"id": "t000006301", "svc": "gateway", "phase": "end", "ts": 10463100, "status": 200}
{"id": "t000006302", "svc": "payment", "phase": "start", "ts": 10464000, "status": 200}
{"id": "t000006302", "svc": "payment", "phase": "end", "ts": 10464100, "status": 200}
{"id": "t000006303", "svc": "auth", "phase": "start", "ts": 10465000, "status": 200}
{"id": "t000006303", "svc": "auth", "phase": "end", "ts": 10465100, "status": 200}
{"id": "t000006304", "svc": "gateway", "phase": "start", "ts": 10466000, "status": 200}
{"id": "t000006304", "svc": "gateway", "phase": "end", "ts": 10466100, "status": 500}
{"id": "t000006305", "svc": "payment", "phase": "start", "ts": 10467000, "status": 200}
{"id": "t000006305", "svc": "payment", "phase": "end", "ts": 10467100, "status": 200}
{"id": "t000006306", "svc": "auth", "phase": "start", "ts": 10468000, "status": 200}
{"id": "t000006306", "svc": "auth", "phase": "end", "ts": 10468100, "status": 200}
{"id": "t000006307", "svc": "gateway", "phase": "start", "ts": 10469000, "status": 200}
{"id": "t000006307", "svc": "gateway", "phase": "end", "ts": 10469100, "status": 200}
{"id": "t000006308", "svc": "payment", "phase": "start", "ts": 10470000, "status": 200}
{"id": "t000006308", "svc": "payment", "phase": "end", "ts": 10470100, "status": 200}
{"id": "t000006309", "svc": "auth", "phase": "start", "ts": 10471000, "status": 200}
{"id": "t000006309", "svc": "auth", "phase": "end", "ts": 10471100, "status": 200}
{"id": "t000006310", "svc": "gateway", "phase": "start", "ts": 10472000, "status": 200}
{"id": "t000006310", "svc": "gateway", "phase": "end", "ts": 10472100, "status": 200}
{"id": "t000006311", "svc": "payment", "phase": "start", "ts": 10473000, "status": 200}
{"id": "t000006311", "svc": "payment", "phase": "end", "ts": 10473100, "status": 200}
{"id": "t000006312", "svc": "auth", "phase": "start", "ts": 10474000, "status": 200}
{"id": "t000006312", "svc": "auth", "phase": "end", "ts": 10474100, "status": 500}
{"id": "t000006313", "svc": "gateway", "phase": "start", "ts": 10475000, "status": 200}
{"id": "t000006313", "svc": "gateway", "phase": "end", "ts": 10475100, "status": 200}
{"id": "t000006314", "svc": "payment", "phase": "start", "ts": 10476000, "status": 200}
{"id": "t000006314", "svc": "payment", "phase": "end", "ts": 10476100, "status": 200}
{"id": "t000006315", "svc": "auth", "phase": "start", "ts": 10477000, "status": 200}
{"id": "t000006315", "svc": "auth", "phase": "end", "ts": 10477100, "status": 200}
{"id": "t000006316", "svc": "gateway", "phase": "start", "ts": 10478000, "status": 200}
{"id": "t000006316", "svc": "gateway", "phase": "end", "ts": 10478100, "status": 200}
{"id": "t000006317", "svc": "payment", "phase": "start", "ts": 10479000, "status": 200}
{"id": "t000006317", "svc": "payment", "phase": "end", "ts": 10479100, "status": 200}
{"id": "t000006318", "svc": "auth", "phase": "start", "ts": 10480000, "status": 200}
{"id": "t000006318", "svc": "auth", "phase": "end", "ts": 10480100, "status": 200}
{"id": "t000006319", "svc": "gateway", "phase": "start", "ts": 10481000, "status": 200}
{"id": "t000006319", "svc": "gateway", "phase": "end", "ts": 10481100, "status": 200}
{"id": "t000006320", "svc": "payment", "phase": "start", "ts": 10482000, "status": 200}
{"id": "t000006320", "svc": "payment", "phase": "end", "ts": 10482100, "status": 500}
{"id": "t000006321", "svc": "auth", "phase": "start", "ts": 10483000, "status": 200}
{"id": "t000006321", "svc": "auth", "phase": "end", "ts": 10483100, "status": 200}
{"id": "t000006322", "svc": "gateway", "phase": "start", "ts": 10484000, "status": 200}
{"id": "t000006322", "svc": "gateway", "phase": "end", "ts": 10484100, "status": 200}
{"id": "t000006323", "svc": "payment", "phase": "start", "ts": 10485000, "status": 200}
{"id": "t000006323", "svc": "payment", "phase": "end", "ts": 10485100, "status": 200}
{"id": "t000006324", "svc": "auth", "phase": "start", "ts": 10486000, "status": 200}
{"id": "t000006324", "svc": "auth", "phase": "end", "ts": 10486100, "status": 200}
{"id": "t000006325", "svc": "gateway", "phase": "start", "ts": 10487000, "status": 200}
{"id": "t000006325", "svc": "gateway", "phase": "end", "ts": 10487100, "status": 200}
{"id": "t000006326", "svc": "payment", "phase": "start", "ts": 10488000, "status": 200}
{"id": "t000006326", "svc": "payment", "phase": "end", "ts": 10488100, "status": 200}
{"id": "t000006327", "svc": "auth", "phase": "start", "ts": 10489000, "status": 200}
{"id": "t000006327", "svc": "auth", "phase": "end", "ts": 10489100, "status": 200}
{"id": "t000006328", "svc": "gateway", "phase": "start", "ts": 10490000, "status": 200}
{"id": "t000006328", "svc": "gateway", "phase": "end", "ts": 10490100, "status": 500}
{"id": "t000006329", "svc": "payment", "phase": "start", "ts": 10491000, "status": 200}
{"id": "t000006329", "svc": "payment", "phase": "end", "ts": 10491100, "status": 200}
{"id": "t000006330", "svc": "auth", "phase": "start", "ts": 10492000, "status": 200}
{"id": "t000006330", "svc": "auth", "phase": "end", "ts": 10492100, "status": 200}
{"id": "t000006331", "svc": "gateway", "phase": "start", "ts": 10493000, "status": 200}
{"id": "t000006331", "svc": "gateway", "phase": "end", "ts": 10493100, "status": 200}
{"id": "t000006332", "svc": "payment", "phase": "start", "ts": 10494000, "status": 200}
{"id": "t000006332", "svc": "payment", "phase": "end", "ts": 10494100, "status": 200}
{"id": "t000006333", "svc": "auth", "phase": "start", "ts": 10495000, "status": 200}
{"id": "t000006333", "svc": "auth", "phase": "end", "ts": 10495100, "status": 200}
{"id": "t000006334", "svc": "gateway", "phase": "start", "ts": 10496000, "status": 200}
{"id": "t000006334", "svc": "gateway", "phase": "end", "ts": 10496100, "status": 200}
{"id": "t000006335", "svc": "payment", "phase": "start", "ts": 10497000, "status": 200}
{"id": "t000006335", "svc": "payment", "phase": "end", "ts": 10497100, "status": 200}
{"id": "t000006336", "svc": "auth", "phase": "start", "ts": 10498000, "status": 200}
{"id": "t000006336", "svc": "auth", "phase": "end", "ts": 10498100, "status": 500}
{"id": "t000006337", "svc": "gateway", "phase": "start", "ts": 10499000, "status": 200}
{"id": "t000006337", "svc": "gateway", "phase": "end", "ts": 10499100, "status": 200}
{"id": "t000006338", "svc": "payment", "phase": "start", "ts": 10500000, "status": 200}
{"id": "t000006338", "svc": "payment", "phase": "end", "ts": 10500100, "status": 200}
{"id": "t000006339", "svc": "auth", "phase": "start", "ts": 10501000, "status": 200}
{"id": "t000006339", "svc": "auth", "phase": "end", "ts": 10501100, "status": 200}
{"id": "t000006340", "svc": "gateway", "phase": "start", "ts": 10502000, "status": 200}
{"id": "t000006340", "svc": "gateway", "phase": "end", "ts": 10502100, "status": 200}
{"id": "t000006341", "svc": "payment", "phase": "start", "ts": 10503000, "status": 200}
{"id": "t000006341", "svc": "payment", "phase": "end", "ts": 10503100, "status": 200}
{"id": "t000006342", "svc": "auth", "phase": "start", "ts": 10504000, "status": 200}
{"id": "t000006342", "svc": "auth", "phase": "end", "ts": 10504100, "status": 200}
{"id": "t000006343", "svc": "gateway", "phase": "start", "ts": 10505000, "status": 200}
{"id": "t000006343", "svc": "gateway", "phase": "end", "ts": 10505100, "status": 200}
{"id": "t000006344", "svc": "payment", "phase": "start", "ts": 10506000, "status": 200}
{"id": "t000006344", "svc": "payment", "phase": "end", "ts": 10506100, "status": 500}
{"id": "t000006345", "svc": "auth", "phase": "start", "ts": 10507000, "status": 200}
{"id": "t000006345", "svc": "auth", "phase": "end", "ts": 10507100, "status": 200}
{"id": "t000006346", "svc": "gateway", "phase": "start", "ts": 10508000, "status": 200}
{"id": "t000006346", "svc": "gateway", "phase": "end", "ts": 10508100, "status": 200}
{"id": "t000006347", "svc": "payment", "phase": "start", "ts": 10509000, "status": 200}
{"id": "t000006347", "svc": "payment", "phase": "end", "ts": 10509100, "status": 200}
{"id": "t000006348", "svc": "auth", "phase": "start", "ts": 10510000, "status": 200}
{"id": "t000006348", "svc": "auth", "phase": "end", "ts": 10510100, "status": 200}
{"id": "t000006349", "svc": "gateway", "phase": "start", "ts": 10511000, "status": 200}
{"id": "t000006349", "svc": "gateway", "phase": "end", "ts": 10511100, "status": 200}
{"id": "t000006350", "svc": "payment", "phase": "start", "ts": 10512000, "status": 200}
{"id": "t000006350", "svc": "payment", "phase": "end", "ts": 10512100, "status": 200}
{"id": "t000006351", "svc": "auth", "phase": "start", "ts": 10513000, "status": 200}
{"id": "t000006351", "svc": "auth", "phase": "end", "ts": 10513100, "status": 200}
{"id": "t000006352", "svc": "gateway", "phase": "start", "ts": 10514000, "status": 200}
{"id": "t000006352", "svc": "gateway", "phase": "end", "ts": 10514100, "status": 500}
{"id": "t000006353", "svc": "payment", "phase": "start", "ts": 10515000, "status": 200}
{"id": "t000006353", "svc": "payment", "phase": "end", "ts": 10515100, "status": 200}
{"id": "t000006354", "svc": "auth", "phase": "start", "ts": 10516000, "status": 200}
{"id": "t000006354", "svc": "auth", "phase": "end", "ts": 10516100, "status": 200}
{"id": "t000006355", "svc": "gateway", "phase": "start", "ts": 10517000, "status": 200}
{"id": "t000006355", "svc": "gateway", "phase": "end", "ts": 10517100, "status": 200}
{"id": "t000006356", "svc": "payment", "phase": "start", "ts": 10518000, "status": 200}
{"id": "t000006356", "svc": "payment", "phase": "end", "ts": 10518100, "status": 200}
{"id": "t000006357", "svc": "auth", "phase": "start", "ts": 10519000, "status": 200}
{"id": "t000006357", "svc": "auth", "phase": "end", "ts": 10519100, "status": 200}
{"id": "t000006358", "svc": "gateway", "phase": "start", "ts": 10520000, "status": 200}
{"id": "t000006358", "svc": "gateway", "phase": "end", "ts": 10520100, "status": 200}
{"id": "t000006359", "svc": "payment", "phase": "start", "ts": 10521000, "status": 200}
{"id": "t000006359", "svc": "payment", "phase": "end", "ts": 10521100, "status": 200}
{"id": "t000006360", "svc": "auth", "phase": "start", "ts": 10522000, "status": 200}
{"id": "t000006360", "svc": "auth", "phase": "end", "ts": 10522100, "status": 500}
{"id": "t000006361", "svc": "gateway", "phase": "start", "ts": 10523000, "status": 200}
{"id": "t000006361", "svc": "gateway", "phase": "end", "ts": 10523100, "status": 200}
{"id": "t000006362", "svc": "payment", "phase": "start", "ts": 10524000, "status": 200}
{"id": "t000006362", "svc": "payment", "phase": "end", "ts": 10524100, "status": 200}
{"id": "t000006363", "svc": "auth", "phase": "start", "ts": 10525000, "status": 200}
{"id": "t000006363", "svc": "auth", "phase": "end", "ts": 10525100, "status": 200}
{"id": "t000006364", "svc": "gateway", "phase": "start", "ts": 10526000, "status": 200}
{"id": "t000006364", "svc": "gateway", "phase": "end", "ts": 10526100, "status": 200}
{"id": "t000006365", "svc": "payment", "phase": "start", "ts": 10527000, "status": 200}
{"id": "t000006365", "svc": "payment", "phase": "end", "ts": 10527100, "status": 200}
{"id": "t000006366", "svc": "auth", "phase": "start", "ts": 10528000, "status": 200}
{"id": "t000006366", "svc": "auth", "phase": "end", "ts": 10528100, "status": 200}
{"id": "t000006367", "svc": "gateway", "phase": "start", "ts": 10529000, "status": 200}
{"id": "t000006367", "svc": "gateway", "phase": "end", "ts": 10529100, "status": 200}
{"id": "t000006368", "svc": "payment", "phase": "start", "ts": 10530000, "status": 200}
{"id": "t000006368", "svc": "payment", "phase": "end", "ts": 10530100, "status": 500}
{"id": "t000006369", "svc": "auth", "phase": "start", "ts": 10531000, "status": 200}
{"id": "t000006369", "svc": "auth", "phase": "end", "ts": 10531100, "status": 200}
{"id": "t000006370", "svc": "gateway", "phase": "start", "ts": 10532000, "status": 200}
{"id": "t000006370", "svc": "gateway", "phase": "end", "ts": 10532100, "status": 200}
{"id": "t000006371", "svc": "payment", "phase": "start", "ts": 10533000, "status": 200}
{"id": "t000006371", "svc": "payment", "phase": "end", "ts": 10533100, "status": 200}
{"id": "t000006372", "svc": "auth", "phase": "start", "ts": 10534000, "status": 200}
{"id": "t000006372", "svc": "auth", "phase": "end", "ts": 10534100, "status": 200}
{"id": "t000006373", "svc": "gateway", "phase": "start", "ts": 10535000, "status": 200}
{"id": "t000006373", "svc": "gateway", "phase": "end", "ts": 10535100, "status": 200}
{"id": "t000006374", "svc": "payment", "phase": "start", "ts": 10536000, "status": 200}
{"id": "t000006374", "svc": "payment", "phase": "end", "ts": 10536100, "status": 200}
{"id": "t000006375", "svc": "auth", "phase": "start", "ts": 10537000, "status": 200}
{"id": "t000006375", "svc": "auth", "phase": "end", "ts": 10537100, "status": 200}
{"id": "t000006376", "svc": "gateway", "phase": "start", "ts": 10538000, "status": 200}
{"id": "t000006376", "svc": "gateway", "phase": "end", "ts": 10538100, "status": 500}
{"id": "t000006377", "svc": "payment", "phase": "start", "ts": 10539000, "status": 200}
{"id": "t000006377", "svc": "payment", "phase": "end", "ts": 10539100, "status": 200}
{"id": "t000006378", "svc": "auth", "phase": "start", "ts": 10540000, "status": 200}
{"id": "t000006378", "svc": "auth", "phase": "end", "ts": 10540100, "status": 200}
{"id": "t000006379", "svc": "gateway", "phase": "start", "ts": 10541000, "status": 200}
{"id": "t000006379", "svc": "gateway", "phase": "end", "ts": 10541100, "status": 200}
{"id": "t000006380", "svc": "payment", "phase": "start", "ts": 10542000, "status": 200}
{"id": "t000006380", "svc": "payment", "phase": "end", "ts": 10542100, "status": 200}
{"id": "t000006381", "svc": "auth", "phase": "start", "ts": 10543000, "status": 200}
{"id": "t000006381", "svc": "auth", "phase": "end", "ts": 10543100, "status": 200}
{"id": "t000006382", "svc": "gateway", "phase": "start", "ts": 10544000, "status": 200}
{"id": "t000006382", "svc": "gateway", "phase": "end", "ts": 10544100, "status": 200}
{"id": "t000006383", "svc": "payment", "phase": "start", "ts": 10545000, "status": 200}
{"id": "t000006383", "svc": "payment", "phase": "end", "ts": 10545100, "status": 200}
{"id": "t000006384", "svc": "auth", "phase": "start", "ts": 10546000, "status": 200}
{"id": "t000006384", "svc": "auth", "phase": "end", "ts": 10546100, "status": 500}
{"id": "t000006385", "svc": "gateway", "phase": "start", "ts": 10547000, "status": 200}
{"id": "t000006385", "svc": "gateway", "phase": "end", "ts": 10547100, "status": 200}
{"id": "t000006386", "svc": "payment", "phase": "start", "ts": 10548000, "status": 200}
{"id": "t000006386", "svc": "payment", "phase": "end", "ts": 10548100, "status": 200}
{"id": "t000006387", "svc": "auth", "phase": "start", "ts": 10549000, "status": 200}
{"id": "t000006387", "svc": "auth", "phase": "end", "ts": 10549100, "status": 200}
{"id": "t000006388", "svc": "gateway", "phase": "start", "ts": 10550000, "status": 200}
{"id": "t000006388", "svc": "gateway", "phase": "end", "ts": 10550100, "status": 200}
{"id": "t000006389", "svc": "payment", "phase": "start", "ts": 10551000, "status": 200}
{"id": "t000006389", "svc": "payment", "phase": "end", "ts": 10551100, "status": 200}
{"id": "t000006390", "svc": "auth", "phase": "start", "ts": 10552000, "status": 200}
{"id": "t000006390", "svc": "auth", "phase": "end", "ts": 10552100, "status": 200}
{"id": "t000006391", "svc": "gateway", "phase": "start", "ts": 10553000, "status": 200}
{"id": "t000006391", "svc": "gateway", "phase": "end", "ts": 10553100, "status": 200}
{"id": "t000006392", "svc": "payment", "phase": "start", "ts": 10554000, "status": 200}
{"id": "t000006392", "svc": "payment", "phase": "end", "ts": 10554100, "status": 500}
{"id": "t000006393", "svc": "auth", "phase": "start", "ts": 10555000, "status": 200}
{"id": "t000006393", "svc": "auth", "phase": "end", "ts": 10555100, "status": 200}
{"id": "t000006394", "svc": "gateway", "phase": "start", "ts": 10556000, "status": 200}
{"id": "t000006394", "svc": "gateway", "phase": "end", "ts": 10556100, "status": 200}
{"id": "t000006395", "svc": "payment", "phase": "start", "ts": 10557000, "status": 200}
{"id": "t000006395", "svc": "payment", "phase": "end", "ts": 10557100, "status": 200}
{"id": "t000006396", "svc": "auth", "phase": "start", "ts": 10558000, "status": 200}
{"id": "t000006396", "svc": "auth", "phase": "end", "ts": 10558100, "status": 200}
{"id": "t000006397", "svc": "gateway", "phase": "start", "ts": 10559000, "status": 200}
{"id": "t000006397", "svc": "gateway", "phase": "end", "ts": 10559100, "status": 200}
{"id": "t000006398", "svc": "payment", "phase": "start", "ts": 10560000, "status": 200}
{"id": "t000006398", "svc": "payment", "phase": "end", "ts": 10560100, "status": 200}
{"id": "t000006399", "svc": "auth", "phase": "start", "ts": 10561000, "status": 200}
{"id": "t000006399", "svc": "auth", "phase": "end", "ts": 10561100, "status": 200}
{"id": "t000006400", "svc": "gateway", "phase": "start", "ts": 10562000, "status": 200}
{"id": "t000006400", "svc": "gateway", "phase": "end", "ts": 10562100, "status": 500}
{"id": "t000006401", "svc": "payment", "phase": "start", "ts": 10563000, "status": 200}
{"id": "t000006401", "svc": "payment", "phase": "end", "ts": 10563100, "status": 200}
{"id": "t000006402", "svc": "auth", "phase": "start", "ts": 10564000, "status": 200}
{"id": "t000006402", "svc": "auth", "phase": "end", "ts": 10564100, "status": 200}
{"id": "t000006403", "svc": "gateway", "phase": "start", "ts": 10565000, "status": 200}
{"id": "t000006403", "svc": "gateway", "phase": "end", "ts": 10565100, "status": 200}
{"id": "t000006404", "svc": "payment", "phase": "start", "ts": 10566000, "status": 200}
{"id": "t000006404", "svc": "payment", "phase": "end", "ts": 10566100, "status": 200}
{"id": "t000006405", "svc": "auth", "phase": "start", "ts": 10567000, "status": 200}
{"id": "t000006405", "svc": "auth", "phase": "end", "ts": 10567100, "status": 200}
{"id": "t000006406", "svc": "gateway", "phase": "start", "ts": 10568000, "status": 200}
{"id": "t000006406", "svc": "gateway", "phase": "end", "ts": 10568100, "status": 200}
{"id": "t000006407", "svc": "payment", "phase": "start", "ts": 10569000, "status": 200}
{"id": "t000006407", "svc": "payment", "phase": "end", "ts": 10569100, "status": 200}
{"id": "t000006408", "svc": "auth", "phase": "start", "ts": 10570000, "status": 200}
{"id": "t000006408", "svc": "auth", "phase": "end", "ts": 10570100, "status": 500}
{"id": "t000006409", "svc": "gateway", "phase": "start", "ts": 10571000, "status": 200}
{"id": "t000006409", "svc": "gateway", "phase": "end", "ts": 10571100, "status": 200}
{"id": "t000006410", "svc": "payment", "phase": "start", "ts": 10572000, "status": 200}
{"id": "t000006410", "svc": "payment", "phase": "end", "ts": 10572100, "status": 200}
{"id": "t000006411", "svc": "auth", "phase": "start", "ts": 10573000, "status": 200}
{"id": "t000006411", "svc": "auth", "phase": "end", "ts": 10573100, "status": 200}
{"id": "t000006412", "svc": "gateway", "phase": "start", "ts": 10574000, "status": 200}
{"id": "t000006412", "svc": "gateway", "phase": "end", "ts": 10574100, "status": 200}
{"id": "t000006413", "svc": "payment", "phase": "start", "ts": 10575000, "status": 200}
{"id": "t000006413", "svc": "payment", "phase": "end", "ts": 10575100, "status": 200}
{"id": "t000006414", "svc": "auth", "phase": "start", "ts": 10576000, "status": 200}
{"id": "t000006414", "svc": "auth", "phase": "end", "ts": 10576100, "status": 200}
{"id": "t000006415", "svc": "gateway", "phase": "start", "ts": 10577000, "status": 200}
{"id": "t000006415", "svc": "gateway", "phase": "end", "ts": 10577100, "status": 200}
{"id": "t000006416", "svc": "payment", "phase": "start", "ts": 10578000, "status": 200}
{"id": "t000006416", "svc": "payment", "phase": "end", "ts": 10578100, "status": 500}
{"id": "t000006417", "svc": "auth", "phase": "start", "ts": 10579000, "status": 200}
{"id": "t000006417", "svc": "auth", "phase": "end", "ts": 10579100, "status": 200}
{"id": "t000006418", "svc": "gateway", "phase": "start", "ts": 10580000, "status": 200}
{"id": "t000006418", "svc": "gateway", "phase": "end", "ts": 10580100, "status": 200}
{"id": "t000006419", "svc": "payment", "phase": "start", "ts": 10581000, "status": 200}
{"id": "t000006419", "svc": "payment", "phase": "end", "ts": 10581100, "status": 200}
{"id": "t000006420", "svc": "auth", "phase": "start", "ts": 10582000, "status": 200}
{"id": "t000006420", "svc": "auth", "phase": "end", "ts": 10582100, "status": 200}
{"id": "t000006421", "svc": "gateway", "phase": "start", "ts": 10583000, "status": 200}
{"id": "t000006421", "svc": "gateway", "phase": "end", "ts": 10583100, "status": 200}
{"id": "t000006422", "svc": "payment", "phase": "start", "ts": 10584000, "status": 200}
{"id": "t000006422", "svc": "payment", "phase": "end", "ts": 10584100, "status": 200}
{"id": "t000006423", "svc": "auth", "phase": "start", "ts": 10585000, "status": 200}
{"id": "t000006423", "svc": "auth", "phase": "end", "ts": 10585100, "status": 200}
{"id": "t000006424", "svc": "gateway", "phase": "start", "ts": 10586000, "status": 200}
{"id": "t000006424", "svc": "gateway", "phase": "end", "ts": 10586100, "status": 500}
{"id": "t000006425", "svc": "payment", "phase": "start", "ts": 10587000, "status": 200}
{"id": "t000006425", "svc": "payment", "phase": "end", "ts": 10587100, "status": 200}
{"id": "t000006426", "svc": "auth", "phase": "start", "ts": 10588000, "status": 200}
{"id": "t000006426", "svc": "auth", "phase": "end", "ts": 10588100, "status": 200}
{"id": "t000006427", "svc": "gateway", "phase": "start", "ts": 10589000, "status": 200}
{"id": "t000006427", "svc": "gateway", "phase": "end", "ts": 10589100, "status": 200}
{"id": "t000006428", "svc": "payment", "phase": "start", "ts": 10590000, "status": 200}
{"id": "t000006428", "svc": "payment", "phase": "end", "ts": 10590100, "status": 200}
{"id": "t000006429", "svc": "auth", "phase": "start", "ts": 10591000, "status": 200}
{"id": "t000006429", "svc": "auth", "phase": "end", "ts": 10591100, "status": 200}
{"id": "t000006430", "svc": "gateway", "phase": "start", "ts": 10592000, "status": 200}
{"id": "t000006430", "svc": "gateway", "phase": "end", "ts": 10592100, "status": 200}
{"id": "t000006431", "svc": "payment", "phase": "start", "ts": 10593000, "status": 200}
{"id": "t000006431", "svc": "payment", "phase": "end", "ts": 10593100, "status": 200}
{"id": "t000006432", "svc": "auth", "phase": "start", "ts": 10594000, "status": 200}
{"id": "t000006432", "svc": "auth", "phase": "end", "ts": 10594100, "status": 500}
{"id": "t000006433", "svc": "gateway", "phase": "start", "ts": 10595000, "status": 200}
{"id": "t000006433", "svc": "gateway", "phase": "end", "ts": 10595100, "status": 200}
{"id": "t000006434", "svc": "payment", "phase": "start", "ts": 10596000, "status": 200}
{"id": "t000006434", "svc": "payment", "phase": "end", "ts": 10596100, "status": 200}
{"id": "t000006435", "svc": "auth", "phase": "start", "ts": 10597000, "status": 200}
{"id": "t000006435", "svc": "auth", "phase": "end", "ts": 10597100, "status": 200}
{"id": "t000006436", "svc": "gateway", "phase": "start", "ts": 10598000, "status": 200}
{"id": "t000006436", "svc": "gateway", "phase": "end", "ts": 10598100, "status": 200}
{"id": "t000006437", "svc": "payment", "phase": "start", "ts": 10599000, "status": 200}
{"id": "t000006437", "svc": "payment", "phase": "end", "ts": 10599100, "status": 200}
{"id": "t000006438", "svc": "auth", "phase": "start", "ts": 10600000, "status": 200}
{"id": "t000006438", "svc": "auth", "phase": "end", "ts": 10600100, "status": 200}
{"id": "t000006439", "svc": "gateway", "phase": "start", "ts": 10601000, "status": 200}
{"id": "t000006439", "svc": "gateway", "phase": "end", "ts": 10601100, "status": 200}
{"id": "t000006440", "svc": "payment", "phase": "start", "ts": 10602000, "status": 200}
{"id": "t000006440", "svc": "payment", "phase": "end", "ts": 10602100, "status": 500}
{"id": "t000006441", "svc": "auth", "phase": "start", "ts": 10603000, "status": 200}
{"id": "t000006441", "svc": "auth", "phase": "end", "ts": 10603100, "status": 200}
{"id": "t000006442", "svc": "gateway", "phase": "start", "ts": 10604000, "status": 200}
{"id": "t000006442", "svc": "gateway", "phase": "end", "ts": 10604100, "status": 200}
{"id": "t000006443", "svc": "payment", "phase": "start", "ts": 10605000, "status": 200}
{"id": "t000006443", "svc": "payment", "phase": "end", "ts": 10605100, "status": 200}
{"id": "t000006444", "svc": "auth", "phase": "start", "ts": 10606000, "status": 200}
{"id": "t000006444", "svc": "auth", "phase": "end", "ts": 10606100, "status": 200}
{"id": "t000006445", "svc": "gateway", "phase": "start", "ts": 10607000, "status": 200}
{"id": "t000006445", "svc": "gateway", "phase": "end", "ts": 10607100, "status": 200}
{"id": "t000006446", "svc": "payment", "phase": "start", "ts": 10608000, "status": 200}
{"id": "t000006446", "svc": "payment", "phase": "end", "ts": 10608100, "status": 200}
{"id": "t000006447", "svc": "auth", "phase": "start", "ts": 10609000, "status": 200}
{"id": "t000006447", "svc": "auth", "phase": "end", "ts": 10609100, "status": 200}
{"id": "t000006448", "svc": "gateway", "phase": "start", "ts": 10610000, "status": 200}
{"id": "t000006448", "svc": "gateway", "phase": "end", "ts": 10610100, "status": 500}
{"id": "t000006449", "svc": "payment", "phase": "start", "ts": 10611000, "status": 200}
{"id": "t000006449", "svc": "payment", "phase": "end", "ts": 10611100, "status": 200}
{"id": "t000006450", "svc": "auth", "phase": "start", "ts": 10612000, "status": 200}
{"id": "t000006450", "svc": "auth", "phase": "end", "ts": 10612100, "status": 200}
{"id": "t000006451", "svc": "gateway", "phase": "start", "ts": 10613000, "status": 200}
{"id": "t000006451", "svc": "gateway", "phase": "end", "ts": 10613100, "status": 200}
{"id": "t000006452", "svc": "payment", "phase": "start", "ts": 10614000, "status": 200}
{"id": "t000006452", "svc": "payment", "phase": "end", "ts": 10614100, "status": 200}
{"id": "t000006453", "svc": "auth", "phase": "start", "ts": 10615000, "status": 200}
{"id": "t000006453", "svc": "auth", "phase": "end", "ts": 10615100, "status": 200}
{"id": "t000006454", "svc": "gateway", "phase": "start", "ts": 10616000, "status": 200}
{"id": "t000006454", "svc": "gateway", "phase": "end", "ts": 10616100, "status": 200}
{"id": "t000006455", "svc": "payment", "phase": "start", "ts": 10617000, "status": 200}
{"id": "t000006455", "svc": "payment", "phase": "end", "ts": 10617100, "status": 200}
{"id": "t000006456", "svc": "auth", "phase": "start", "ts": 10618000, "status": 200}
{"id": "t000006456", "svc": "auth", "phase": "end", "ts": 10618100, "status": 500}
{"id": "t000006457", "svc": "gateway", "phase": "start", "ts": 10619000, "status": 200}
{"id": "t000006457", "svc": "gateway", "phase": "end", "ts": 10619100, "status": 200}
{"id": "t000006458", "svc": "payment", "phase": "start", "ts": 10620000, "status": 200}
{"id": "t000006458", "svc": "payment", "phase": "end", "ts": 10620100, "status": 200}
{"id": "t000006459", "svc": "auth", "phase": "start", "ts": 10621000, "status": 200}
{"id": "t000006459", "svc": "auth", "phase": "end", "ts": 10621100, "status": 200}
{"id": "t000006460", "svc": "gateway", "phase": "start", "ts": 10622000, "status": 200}
{"id": "t000006460", "svc": "gateway", "phase": "end", "ts": 10622100, "status": 200}
{"id": "t000006461", "svc": "payment", "phase": "start", "ts": 10623000, "status": 200}
{"id": "t000006461", "svc": "payment", "phase": "end", "ts": 10623100, "status": 200}
{"id": "t000006462", "svc": "auth", "phase": "start", "ts": 10624000, "status": 200}
{"id": "t000006462", "svc": "auth", "phase": "end", "ts": 10624100, "status": 200}
{"id": "t000006463", "svc": "gateway", "phase": "start", "ts": 10625000, "status": 200}
{"id": "t000006463", "svc": "gateway", "phase": "end", "ts": 10625100, "status": 200}
{"id": "t000006464", "svc": "payment", "phase": "start", "ts": 10626000, "status": 200}
{"id": "t000006464", "svc": "payment", "phase": "end", "ts": 10626100, "status": 500}
{"id": "t000006465", "svc": "auth", "phase": "start", "ts": 10627000, "status": 200}
{"id": "t000006465", "svc": "auth", "phase": "end", "ts": 10627100, "status": 200}
{"id": "t000006466", "svc": "gateway", "phase": "start", "ts": 10628000, "status": 200}
{"id": "t000006466", "svc": "gateway", "phase": "end", "ts": 10628100, "status": 200}
{"id": "t000006467", "svc": "payment", "phase": "start", "ts": 10629000, "status": 200}
{"id": "t000006467", "svc": "payment", "phase": "end", "ts": 10629100, "status": 200}
{"id": "t000006468", "svc": "auth", "phase": "start", "ts": 10630000, "status": 200}
{"id": "t000006468", "svc": "auth", "phase": "end", "ts": 10630100, "status": 200}
{"id": "t000006469", "svc": "gateway", "phase": "start", "ts": 10631000, "status": 200}
{"id": "t000006469", "svc": "gateway", "phase": "end", "ts": 10631100, "status": 200}
{"id": "t000006470", "svc": "payment", "phase": "start", "ts": 10632000, "status": 200}
{"id": "t000006470", "svc": "payment", "phase": "end", "ts": 10632100, "status": 200}
{"id": "t000006471", "svc": "auth", "phase": "start", "ts": 10633000, "status": 200}
{"id": "t000006471", "svc": "auth", "phase": "end", "ts": 10633100, "status": 200}
{"id": "t000006472", "svc": "gateway", "phase": "start", "ts": 10634000, "status": 200}
{"id": "t000006472", "svc": "gateway", "phase": "end", "ts": 10634100, "status": 500}
{"id": "t000006473", "svc": "payment", "phase": "start", "ts": 10635000, "status": 200}
{"id": "t000006473", "svc": "payment", "phase": "end", "ts": 10635100, "status": 200}
{"id": "t000006474", "svc": "auth", "phase": "start", "ts": 10636000, "status": 200}
{"id": "t000006474", "svc": "auth", "phase": "end", "ts": 10636100, "status": 200}
{"id": "t000006475", "svc": "gateway", "phase": "start", "ts": 10637000, "status": 200}
{"id": "t000006475", "svc": "gateway", "phase": "end", "ts": 10637100, "status": 200}
{"id": "t000006476", "svc": "payment", "phase": "start", "ts": 10638000, "status": 200}
{"id": "t000006476", "svc": "payment", "phase": "end", "ts": 10638100, "status": 200}
{"id": "t000006477", "svc": "auth", "phase": "start", "ts": 10639000, "status": 200}
{"id": "t000006477", "svc": "auth", "phase": "end", "ts": 10639100, "status": 200}
{"id": "t000006478", "svc": "gateway", "phase": "start", "ts": 10640000, "status": 200}
{"id": "t000006478", "svc": "gateway", "phase": "end", "ts": 10640100, "status": 200}
{"id": "t000006479", "svc": "payment", "phase": "start", "ts": 10641000, "status": 200}
{"id": "t000006479", "svc": "payment", "phase": "end", "ts": 10641100, "status": 200}
{"id": "t000006480", "svc": "auth", "phase": "start", "ts": 10642000, "status": 200}
{"id": "t000006480", "svc": "auth", "phase": "end", "ts": 10642100, "status": 500}
{"id": "t000006481", "svc": "gateway", "phase": "start", "ts": 10643000, "status": 200}
{"id": "t000006481", "svc": "gateway", "phase": "end", "ts": 10643100, "status": 200}
{"id": "t000006482", "svc": "payment", "phase": "start", "ts": 10644000, "status": 200}
{"id": "t000006482", "svc": "payment", "phase": "end", "ts": 10644100, "status": 200}
{"id": "t000006483", "svc": "auth", "phase": "start", "ts": 10645000, "status": 200}
{"id": "t000006483", "svc": "auth", "phase": "end", "ts": 10645100, "status": 200}
{"id": "t000006484", "svc": "gateway", "phase": "start", "ts": 10646000, "status": 200}
{"id": "t000006484", "svc": "gateway", "phase": "end", "ts": 10646100, "status": 200}
{"id": "t000006485", "svc": "payment", "phase": "start", "ts": 10647000, "status": 200}
{"id": "t000006485", "svc": "payment", "phase": "end", "ts": 10647100, "status": 200}
{"id": "t000006486", "svc": "auth", "phase": "start", "ts": 10648000, "status": 200}
{"id": "t000006486", "svc": "auth", "phase": "end", "ts": 10648100, "status": 200}
{"id": "t000006487", "svc": "gateway", "phase": "start", "ts": 10649000, "status": 200}
{"id": "t000006487", "svc": "gateway", "phase": "end", "ts": 10649100, "status": 200}
{"id": "t000006488", "svc": "payment", "phase": "start", "ts": 10650000, "status": 200}
{"id": "t000006488", "svc": "payment", "phase": "end", "ts": 10650100, "status": 500}
{"id": "t000006489", "svc": "auth", "phase": "start", "ts": 10651000, "status": 200}
{"id": "t000006489", "svc": "auth", "phase": "end", "ts": 10651100, "status": 200}
{"id": "t000006490", "svc": "gateway", "phase": "start", "ts": 10652000, "status": 200}
{"id": "t000006490", "svc": "gateway", "phase": "end", "ts": 10652100, "status": 200}
{"id": "t000006491", "svc": "payment", "phase": "start", "ts": 10653000, "status": 200}
{"id": "t000006491", "svc": "payment", "phase": "end", "ts": 10653100, "status": 200}
{"id": "t000006492", "svc": "auth", "phase": "start", "ts": 10654000, "status": 200}
{"id": "t000006492", "svc": "auth", "phase": "end", "ts": 10654100, "status": 200}
{"id": "t000006493", "svc": "gateway", "phase": "start", "ts": 10655000, "status": 200}
{"id": "t000006493", "svc": "gateway", "phase": "end", "ts": 10655100, "status": 200}
{"id": "t000006494", "svc": "payment", "phase": "start", "ts": 10656000, "status": 200}
{"id": "t000006494", "svc": "payment", "phase": "end", "ts": 10656100, "status": 200}
{"id": "t000006495", "svc": "auth", "phase": "start", "ts": 10657000, "status": 200}
{"id": "t000006495", "svc": "auth", "phase": "end", "ts": 10657100, "status": 200}
{"id": "t000006496", "svc": "gateway", "phase": "start", "ts": 10658000, "status": 200}
{"id": "t000006496", "svc": "gateway", "phase": "end", "ts": 10658100, "status": 500}
{"id": "t000006497", "svc": "payment", "phase": "start", "ts": 10659000, "status": 200}
{"id": "t000006497", "svc": "payment", "phase": "end", "ts": 10659100, "status": 200}
{"id": "t000006498", "svc": "auth", "phase": "start", "ts": 10660000, "status": 200}
{"id": "t000006498", "svc": "auth", "phase": "end", "ts": 10660100, "status": 200}
{"id": "t000006499", "svc": "gateway", "phase": "start", "ts": 10661000, "status": 200}
{"id": "t000006499", "svc": "gateway", "phase": "end", "ts": 10661100, "status": 200}
{"id": "t000006500", "svc": "payment", "phase": "start", "ts": 10662000, "status": 200}
{"id": "t000006500", "svc": "payment", "phase": "end", "ts": 10662100, "status": 200}
{"id": "t000006501", "svc": "auth", "phase": "start", "ts": 10663000, "status": 200}
{"id": "t000006501", "svc": "auth", "phase": "end", "ts": 10663100, "status": 200}
{"id": "t000006502", "svc": "gateway", "phase": "start", "ts": 10664000, "status": 200}
{"id": "t000006502", "svc": "gateway", "phase": "end", "ts": 10664100, "status": 200}
{"id": "t000006503", "svc": "payment", "phase": "start", "ts": 10665000, "status": 200}
{"id": "t000006503", "svc": "payment", "phase": "end", "ts": 10665100, "status": 200}
{"id": "t000006504", "svc": "auth", "phase": "start", "ts": 10666000, "status": 200}
{"id": "t000006504", "svc": "auth", "phase": "end", "ts": 10666100, "status": 500}
{"id": "t000006505", "svc": "gateway", "phase": "start", "ts": 10667000, "status": 200}
{"id": "t000006505", "svc": "gateway", "phase": "end", "ts": 10667100, "status": 200}
{"id": "t000006506", "svc": "payment", "phase": "start", "ts": 10668000, "status": 200}
{"id": "t000006506", "svc": "payment", "phase": "end", "ts": 10668100, "status": 200}
{"id": "t000006507", "svc": "auth", "phase": "start", "ts": 10669000, "status": 200}
{"id": "t000006507", "svc": "auth", "phase": "end", "ts": 10669100, "status": 200}
{"id": "t000006508", "svc": "gateway", "phase": "start", "ts": 10670000, "status": 200}
{"id": "t000006508", "svc": "gateway", "phase": "end", "ts": 10670100, "status": 200}
{"id": "t000006509", "svc": "payment", "phase": "start", "ts": 10671000, "status": 200}
{"id": "t000006509", "svc": "payment", "phase": "end", "ts": 10671100, "status": 200}
{"id": "t000006510", "svc": "auth", "phase": "start", "ts": 10672000, "status": 200}
{"id": "t000006510", "svc": "auth", "phase": "end", "ts": 10672100, "status": 200}
{"id": "t000006511", "svc": "gateway", "phase": "start", "ts": 10673000, "status": 200}
{"id": "t000006511", "svc": "gateway", "phase": "end", "ts": 10673100, "status": 200}
{"id": "t000006512", "svc": "payment", "phase": "start", "ts": 10674000, "status": 200}
{"id": "t000006512", "svc": "payment", "phase": "end", "ts": 10674100, "status": 500}
{"id": "t000006513", "svc": "auth", "phase": "start", "ts": 10675000, "status": 200}
{"id": "t000006513", "svc": "auth", "phase": "end", "ts": 10675100, "status": 200}
{"id": "t000006514", "svc": "gateway", "phase": "start", "ts": 10676000, "status": 200}
{"id": "t000006514", "svc": "gateway", "phase": "end", "ts": 10676100, "status": 200}
{"id": "t000006515", "svc": "payment", "phase": "start", "ts": 10677000, "status": 200}
{"id": "t000006515", "svc": "payment", "phase": "end", "ts": 10677100, "status": 200}
{"id": "t000006516", "svc": "auth", "phase": "start", "ts": 10678000, "status": 200}
{"id": "t000006516", "svc": "auth", "phase": "end", "ts": 10678100, "status": 200}
{"id": "t000006517", "svc": "gateway", "phase": "start", "ts": 10679000, "status": 200}
{"id": "t000006517", "svc": "gateway", "phase": "end", "ts": 10679100, "status": 200}
{"id": "t000006518", "svc": "payment", "phase": "start", "ts": 10680000, "status": 200}
{"id": "t000006518", "svc": "payment", "phase": "end", "ts": 10680100, "status": 200}
{"id": "t000006519", "svc": "auth", "phase": "start", "ts": 10681000, "status": 200}
{"id": "t000006519", "svc": "auth", "phase": "end", "ts": 10681100, "status": 200}
{"id": "t000006520", "svc": "gateway", "phase": "start", "ts": 10682000, "status": 200}
{"id": "t000006520", "svc": "gateway", "phase": "end", "ts": 10682100, "status": 500}
{"id": "t000006521", "svc": "payment", "phase": "start", "ts": 10683000, "status": 200}
{"id": "t000006521", "svc": "payment", "phase": "end", "ts": 10683100, "status": 200}
{"id": "t000006522", "svc": "auth", "phase": "start", "ts": 10684000, "status": 200}
{"id": "t000006522", "svc": "auth", "phase": "end", "ts": 10684100, "status": 200}
{"id": "t000006523", "svc": "gateway", "phase": "start", "ts": 10685000, "status": 200}
{"id": "t000006523", "svc": "gateway", "phase": "end", "ts": 10685100, "status": 200}
{"id": "t000006524", "svc": "payment", "phase": "start", "ts": 10686000, "status": 200}
{"id": "t000006524", "svc": "payment", "phase": "end", "ts": 10686100, "status": 200}
{"id": "t000006525", "svc": "auth", "phase": "start", "ts": 10687000, "status": 200}
{"id": "t000006525", "svc": "auth", "phase": "end", "ts": 10687100, "status": 200}
{"id": "t000006526", "svc": "gateway", "phase": "start", "ts": 10688000, "status": 200}
{"id": "t000006526", "svc": "gateway", "phase": "end", "ts": 10688100, "status": 200}
{"id": "t000006527", "svc": "payment", "phase": "start", "ts": 10689000, "status": 200}
{"id": "t000006527", "svc": "payment", "phase": "end", "ts": 10689100, "status": 200}
{"id": "t000006528", "svc": "auth", "phase": "start", "ts": 10690000, "status": 200}
{"id": "t000006528", "svc": "auth", "phase": "end", "ts": 10690100, "status": 500}
{"id": "t000006529", "svc": "gateway", "phase": "start", "ts": 10691000, "status": 200}
{"id": "t000006529", "svc": "gateway", "phase": "end", "ts": 10691100, "status": 200}
{"id": "t000006530", "svc": "payment", "phase": "start", "ts": 10692000, "status": 200}
{"id": "t000006530", "svc": "payment", "phase": "end", "ts": 10692100, "status": 200}
{"id": "t000006531", "svc": "auth", "phase": "start", "ts": 10693000, "status": 200}
{"id": "t000006531", "svc": "auth", "phase": "end", "ts": 10693100, "status": 200}
{"id": "t000006532", "svc": "gateway", "phase": "start", "ts": 10694000, "status": 200}
{"id": "t000006532", "svc": "gateway", "phase": "end", "ts": 10694100, "status": 200}
{"id": "t000006533", "svc": "payment", "phase": "start", "ts": 10695000, "status": 200}
{"id": "t000006533", "svc": "payment", "phase": "end", "ts": 10695100, "status": 200}
{"id": "t000006534", "svc": "auth", "phase": "start", "ts": 10696000, "status": 200}
{"id": "t000006534", "svc": "auth", "phase": "end", "ts": 10696100, "status": 200}
{"id": "t000006535", "svc": "gateway", "phase": "start", "ts": 10697000, "status": 200}
{"id": "t000006535", "svc": "gateway", "phase": "end", "ts": 10697100, "status": 200}
{"id": "t000006536", "svc": "payment", "phase": "start", "ts": 10698000, "status": 200}
{"id": "t000006536", "svc": "payment", "phase": "end", "ts": 10698100, "status": 500}
{"id": "t000006537", "svc": "auth", "phase": "start", "ts": 10699000, "status": 200}
{"id": "t000006537", "svc": "auth", "phase": "end", "ts": 10699100, "status": 200}
{"id": "t000006538", "svc": "gateway", "phase": "start", "ts": 10700000, "status": 200}
{"id": "t000006538", "svc": "gateway", "phase": "end", "ts": 10700100, "status": 200}
{"id": "t000006539", "svc": "payment", "phase": "start", "ts": 10701000, "status": 200}
{"id": "t000006539", "svc": "payment", "phase": "end", "ts": 10701100, "status": 200}
{"id": "t000006540", "svc": "auth", "phase": "start", "ts": 10702000, "status": 200}
{"id": "t000006540", "svc": "auth", "phase": "end", "ts": 10702100, "status": 200}
{"id": "t000006541", "svc": "gateway", "phase": "start", "ts": 10703000, "status": 200}
{"id": "t000006541", "svc": "gateway", "phase": "end", "ts": 10703100, "status": 200}
{"id": "t000006542", "svc": "payment", "phase": "start", "ts": 10704000, "status": 200}
{"id": "t000006542", "svc": "payment", "phase": "end", "ts": 10704100, "status": 200}
{"id": "t000006543", "svc": "auth", "phase": "start", "ts": 10705000, "status": 200}
{"id": "t000006543", "svc": "auth", "phase": "end", "ts": 10705100, "status": 200}
{"id": "t000006544", "svc": "gateway", "phase": "start", "ts": 10706000, "status": 200}
{"id": "t000006544", "svc": "gateway", "phase": "end", "ts": 10706100, "status": 500}
{"id": "t000006545", "svc": "payment", "phase": "start", "ts": 10707000, "status": 200}
{"id": "t000006545", "svc": "payment", "phase": "end", "ts": 10707100, "status": 200}
{"id": "t000006546", "svc": "auth", "phase": "start", "ts": 10708000, "status": 200}
{"id": "t000006546", "svc": "auth", "phase": "end", "ts": 10708100, "status": 200}
{"id": "t000006547", "svc": "gateway", "phase": "start", "ts": 10709000, "status": 200}
{"id": "t000006547", "svc": "gateway", "phase": "end", "ts": 10709100, "status": 200}
{"id": "t000006548", "svc": "payment", "phase": "start", "ts": 10710000, "status": 200}
{"id": "t000006548", "svc": "payment", "phase": "end", "ts": 10710100, "status": 200}
{"id": "t000006549", "svc": "auth", "phase": "start", "ts": 10711000, "status": 200}
{"id": "t000006549", "svc": "auth", "phase": "end", "ts": 10711100, "status": 200}
{"id": "t000006550", "svc": "gateway", "phase": "start", "ts": 10712000, "status": 200}
{"id": "t000006550", "svc": "gateway", "phase": "end", "ts": 10712100, "status": 200}
{"id": "t000006551", "svc": "payment", "phase": "start", "ts": 10713000, "status": 200}
{"id": "t000006551", "svc": "payment", "phase": "end", "ts": 10713100, "status": 200}
{"id": "t000006552", "svc": "auth", "phase": "start", "ts": 10714000, "status": 200}
{"id": "t000006552", "svc": "auth", "phase": "end", "ts": 10714100, "status": 500}
{"id": "t000006553", "svc": "gateway", "phase": "start", "ts": 10715000, "status": 200}
{"id": "t000006553", "svc": "gateway", "phase": "end", "ts": 10715100, "status": 200}
{"id": "t000006554", "svc": "payment", "phase": "start", "ts": 10716000, "status": 200}
{"id": "t000006554", "svc": "payment", "phase": "end", "ts": 10716100, "status": 200}
{"id": "t000006555", "svc": "auth", "phase": "start", "ts": 10717000, "status": 200}
{"id": "t000006555", "svc": "auth", "phase": "end", "ts": 10717100, "status": 200}
{"id": "t000006556", "svc": "gateway", "phase": "start", "ts": 10718000, "status": 200}
{"id": "t000006556", "svc": "gateway", "phase": "end", "ts": 10718100, "status": 200}
{"id": "t000006557", "svc": "payment", "phase": "start", "ts": 10719000, "status": 200}
{"id": "t000006557", "svc": "payment", "phase": "end", "ts": 10719100, "status": 200}
{"id": "t000006558", "svc": "auth", "phase": "start", "ts": 10720000, "status": 200}
{"id": "t000006558", "svc": "auth", "phase": "end", "ts": 10720100, "status": 200}
{"id": "t000006559", "svc": "gateway", "phase": "start", "ts": 10721000, "status": 200}
{"id": "t000006559", "svc": "gateway", "phase": "end", "ts": 10721100, "status": 200}
{"id": "t000006560", "svc": "payment", "phase": "start", "ts": 10722000, "status": 200}
{"id": "t000006560", "svc": "payment", "phase": "end", "ts": 10722100, "status": 500}
{"id": "t000006561", "svc": "auth", "phase": "start", "ts": 10723000, "status": 200}
{"id": "t000006561", "svc": "auth", "phase": "end", "ts": 10723100, "status": 200}
{"id": "t000006562", "svc": "gateway", "phase": "start", "ts": 10724000, "status": 200}
{"id": "t000006562", "svc": "gateway", "phase": "end", "ts": 10724100, "status": 200}
{"id": "t000006563", "svc": "payment", "phase": "start", "ts": 10725000, "status": 200}
{"id": "t000006563", "svc": "payment", "phase": "end", "ts": 10725100, "status": 200}
{"id": "t000006564", "svc": "auth", "phase": "start", "ts": 10726000, "status": 200}
{"id": "t000006564", "svc": "auth", "phase": "end", "ts": 10726100, "status": 200}
{"id": "t000006565", "svc": "gateway", "phase": "start", "ts": 10727000, "status": 200}
{"id": "t000006565", "svc": "gateway", "phase": "end", "ts": 10727100, "status": 200}
{"id": "t000006566", "svc": "payment", "phase": "start", "ts": 10728000, "status": 200}
{"id": "t000006566", "svc": "payment", "phase": "end", "ts": 10728100, "status": 200}
{"id": "t000006567", "svc": "auth", "phase": "start", "ts": 10729000, "status": 200}
{"id": "t000006567", "svc": "auth", "phase": "end", "ts": 10729100, "status": 200}
{"id": "t000006568", "svc": "gateway", "phase": "start", "ts": 10730000, "status": 200}
{"id": "t000006568", "svc": "gateway", "phase": "end", "ts": 10730100, "status": 500}
{"id": "t000006569", "svc": "payment", "phase": "start", "ts": 10731000, "status": 200}
{"id": "t000006569", "svc": "payment", "phase": "end", "ts": 10731100, "status": 200}
{"id": "t000006570", "svc": "auth", "phase": "start", "ts": 10732000, "status": 200}
{"id": "t000006570", "svc": "auth", "phase": "end", "ts": 10732100, "status": 200}
{"id": "t000006571", "svc": "gateway", "phase": "start", "ts": 10733000, "status": 200}
{"id": "t000006571", "svc": "gateway", "phase": "end", "ts": 10733100, "status": 200}
{"id": "t000006572", "svc": "payment", "phase": "start", "ts": 10734000, "status": 200}
{"id": "t000006572", "svc": "payment", "phase": "end", "ts": 10734100, "status": 200}
{"id": "t000006573", "svc": "auth", "phase": "start", "ts": 10735000, "status": 200}
{"id": "t000006573", "svc": "auth", "phase": "end", "ts": 10735100, "status": 200}
{"id": "t000006574", "svc": "gateway", "phase": "start", "ts": 10736000, "status": 200}
{"id": "t000006574", "svc": "gateway", "phase": "end", "ts": 10736100, "status": 200}
{"id": "t000006575", "svc": "payment", "phase": "start", "ts": 10737000, "status": 200}
{"id": "t000006575", "svc": "payment", "phase": "end", "ts": 10737100, "status": 200}
{"id": "t000006576", "svc": "auth", "phase": "start", "ts": 10738000, "status": 200}
{"id": "t000006576", "svc": "auth", "phase": "end", "ts": 10738100, "status": 500}
{"id": "t000006577", "svc": "gateway", "phase": "start", "ts": 10739000, "status": 200}
{"id": "t000006577", "svc": "gateway", "phase": "end", "ts": 10739100, "status": 200}
{"id": "t000006578", "svc": "payment", "phase": "start", "ts": 10740000, "status": 200}
{"id": "t000006578", "svc": "payment", "phase": "end", "ts": 10740100, "status": 200}
{"id": "t000006579", "svc": "auth", "phase": "start", "ts": 10741000, "status": 200}
{"id": "t000006579", "svc": "auth", "phase": "end", "ts": 10741100, "status": 200}
{"id": "t000006580", "svc": "gateway", "phase": "start", "ts": 10742000, "status": 200}
{"id": "t000006580", "svc": "gateway", "phase": "end", "ts": 10742100, "status": 200}
{"id": "t000006581", "svc": "payment", "phase": "start", "ts": 10743000, "status": 200}
{"id": "t000006581", "svc": "payment", "phase": "end", "ts": 10743100, "status": 200}
{"id": "t000006582", "svc": "auth", "phase": "start", "ts": 10744000, "status": 200}
{"id": "t000006582", "svc": "auth", "phase": "end", "ts": 10744100, "status": 200}
{"id": "t000006583", "svc": "gateway", "phase": "start", "ts": 10745000, "status": 200}
{"id": "t000006583", "svc": "gateway", "phase": "end", "ts": 10745100, "status": 200}
{"id": "t000006584", "svc": "payment", "phase": "start", "ts": 10746000, "status": 200}
{"id": "t000006584", "svc": "payment", "phase": "end", "ts": 10746100, "status": 500}
{"id": "t000006585", "svc": "auth", "phase": "start", "ts": 10747000, "status": 200}
{"id": "t000006585", "svc": "auth", "phase": "end", "ts": 10747100, "status": 200}
{"id": "t000006586", "svc": "gateway", "phase": "start", "ts": 10748000, "status": 200}
{"id": "t000006586", "svc": "gateway", "phase": "end", "ts": 10748100, "status": 200}
{"id": "t000006587", "svc": "payment", "phase": "start", "ts": 10749000, "status": 200}
{"id": "t000006587", "svc": "payment", "phase": "end", "ts": 10749100, "status": 200}
{"id": "t000006588", "svc": "auth", "phase": "start", "ts": 10750000, "status": 200}
{"id": "t000006588", "svc": "auth", "phase": "end", "ts": 10750100, "status": 200}
{"id": "t000006589", "svc": "gateway", "phase": "start", "ts": 10751000, "status": 200}
{"id": "t000006589", "svc": "gateway", "phase": "end", "ts": 10751100, "status": 200}
{"id": "t000006590", "svc": "payment", "phase": "start", "ts": 10752000, "status": 200}
{"id": "t000006590", "svc": "payment", "phase": "end", "ts": 10752100, "status": 200}
{"id": "t000006591", "svc": "auth", "phase": "start", "ts": 10753000, "status": 200}
{"id": "t000006591", "svc": "auth", "phase": "end", "ts": 10753100, "status": 200}
{"id": "t000006592", "svc": "gateway", "phase": "start", "ts": 10754000, "status": 200}
{"id": "t000006592", "svc": "gateway", "phase": "end", "ts": 10754100, "status": 500}
{"id": "t000006593", "svc": "payment", "phase": "start", "ts": 10755000, "status": 200}
{"id": "t000006593", "svc": "payment", "phase": "end", "ts": 10755100, "status": 200}
{"id": "t000006594", "svc": "auth", "phase": "start", "ts": 10756000, "status": 200}
{"id": "t000006594", "svc": "auth", "phase": "end", "ts": 10756100, "status": 200}
{"id": "t000006595", "svc": "gateway", "phase": "start", "ts": 10757000, "status": 200}
{"id": "t000006595", "svc": "gateway", "phase": "end", "ts": 10757100, "status": 200}
{"id": "t000006596", "svc": "payment", "phase": "start", "ts": 10758000, "status": 200}
{"id": "t000006596", "svc": "payment", "phase": "end", "ts": 10758100, "status": 200}
{"id": "t000006597", "svc": "auth", "phase": "start", "ts": 10759000, "status": 200}
{"id": "t000006597", "svc": "auth", "phase": "end", "ts": 10759100, "status": 200}
{"id": "t000006598", "svc": "gateway", "phase": "start", "ts": 10760000, "status": 200}
{"id": "t000006598", "svc": "gateway", "phase": "end", "ts": 10760100, "status": 200}
{"id": "t000006599", "svc": "payment", "phase": "start", "ts": 10761000, "status": 200}
{"id": "t000006599", "svc": "payment", "phase": "end", "ts": 10761100, "status": 200}
{"id": "t000006600", "svc": "auth", "phase": "start", "ts": 10762000, "status": 200}
{"id": "t000006600", "svc": "auth", "phase": "end", "ts": 10762100, "status": 500}
{"id": "t000006601", "svc": "gateway", "phase": "start", "ts": 10763000, "status": 200}
{"id": "t000006601", "svc": "gateway", "phase": "end", "ts": 10763100, "status": 200}
{"id": "t000006602", "svc": "payment", "phase": "start", "ts": 10764000, "status": 200}
{"id": "t000006602", "svc": "payment", "phase": "end", "ts": 10764100, "status": 200}
{"id": "t000006603", "svc": "auth", "phase": "start", "ts": 10765000, "status": 200}
{"id": "t000006603", "svc": "auth", "phase": "end", "ts": 10765100, "status": 200}
{"id": "t000006604", "svc": "gateway", "phase": "start", "ts": 10766000, "status": 200}
{"id": "t000006604", "svc": "gateway", "phase": "end", "ts": 10766100, "status": 200}
{"id": "t000006605", "svc": "payment", "phase": "start", "ts": 10767000, "status": 200}
{"id": "t000006605", "svc": "payment", "phase": "end", "ts": 10767100, "status": 200}
{"id": "t000006606", "svc": "auth", "phase": "start", "ts": 10768000, "status": 200}
{"id": "t000006606", "svc": "auth", "phase": "end", "ts": 10768100, "status": 200}
{"id": "t000006607", "svc": "gateway", "phase": "start", "ts": 10769000, "status": 200}
{"id": "t000006607", "svc": "gateway", "phase": "end", "ts": 10769100, "status": 200}
{"id": "t000006608", "svc": "payment", "phase": "start", "ts": 10770000, "status": 200}
{"id": "t000006608", "svc": "payment", "phase": "end", "ts": 10770100, "status": 500}
{"id": "t000006609", "svc": "auth", "phase": "start", "ts": 10771000, "status": 200}
{"id": "t000006609", "svc": "auth", "phase": "end", "ts": 10771100, "status": 200}
{"id": "t000006610", "svc": "gateway", "phase": "start", "ts": 10772000, "status": 200}
{"id": "t000006610", "svc": "gateway", "phase": "end", "ts": 10772100, "status": 200}
{"id": "t000006611", "svc": "payment", "phase": "start", "ts": 10773000, "status": 200}
{"id": "t000006611", "svc": "payment", "phase": "end", "ts": 10773100, "status": 200}
{"id": "t000006612", "svc": "auth", "phase": "start", "ts": 10774000, "status": 200}
{"id": "t000006612", "svc": "auth", "phase": "end", "ts": 10774100, "status": 200}
{"id": "t000006613", "svc": "gateway", "phase": "start", "ts": 10775000, "status": 200}
{"id": "t000006613", "svc": "gateway", "phase": "end", "ts": 10775100, "status": 200}
{"id": "t000006614", "svc": "payment", "phase": "start", "ts": 10776000, "status": 200}
{"id": "t000006614", "svc": "payment", "phase": "end", "ts": 10776100, "status": 200}
{"id": "t000006615", "svc": "auth", "phase": "start", "ts": 10777000, "status": 200}
{"id": "t000006615", "svc": "auth", "phase": "end", "ts": 10777100, "status": 200}
{"id": "t000006616", "svc": "gateway", "phase": "start", "ts": 10778000, "status": 200}
{"id": "t000006616", "svc": "gateway", "phase": "end", "ts": 10778100, "status": 500}
{"id": "t000006617", "svc": "payment", "phase": "start", "ts": 10779000, "status": 200}
{"id": "t000006617", "svc": "payment", "phase": "end", "ts": 10779100, "status": 200}
{"id": "t000006618", "svc": "auth", "phase": "start", "ts": 10780000, "status": 200}
{"id": "t000006618", "svc": "auth", "phase": "end", "ts": 10780100, "status": 200}
{"id": "t000006619", "svc": "gateway", "phase": "start", "ts": 10781000, "status": 200}
{"id": "t000006619", "svc": "gateway", "phase": "end", "ts": 10781100, "status": 200}
{"id": "t000006620", "svc": "payment", "phase": "start", "ts": 10782000, "status": 200}
{"id": "t000006620", "svc": "payment", "phase": "end", "ts": 10782100, "status": 200}
{"id": "t000006621", "svc": "auth", "phase": "start", "ts": 10783000, "status": 200}
{"id": "t000006621", "svc": "auth", "phase": "end", "ts": 10783100, "status": 200}
{"id": "t000006622", "svc": "gateway", "phase": "start", "ts": 10784000, "status": 200}
{"id": "t000006622", "svc": "gateway", "phase": "end", "ts": 10784100, "status": 200}
{"id": "t000006623", "svc": "payment", "phase": "start", "ts": 10785000, "status": 200}
{"id": "t000006623", "svc": "payment", "phase": "end", "ts": 10785100, "status": 200}
{"id": "t000006624", "svc": "auth", "phase": "start", "ts": 10786000, "status": 200}
{"id": "t000006624", "svc": "auth", "phase": "end", "ts": 10786100, "status": 500}
{"id": "t000006625", "svc": "gateway", "phase": "start", "ts": 10787000, "status": 200}
{"id": "t000006625", "svc": "gateway", "phase": "end", "ts": 10787100, "status": 200}
{"id": "t000006626", "svc": "payment", "phase": "start", "ts": 10788000, "status": 200}
{"id": "t000006626", "svc": "payment", "phase": "end", "ts": 10788100, "status": 200}
{"id": "t000006627", "svc": "auth", "phase": "start", "ts": 10789000, "status": 200}
{"id": "t000006627", "svc": "auth", "phase": "end", "ts": 10789100, "status": 200}
{"id": "t000006628", "svc": "gateway", "phase": "start", "ts": 10790000, "status": 200}
{"id": "t000006628", "svc": "gateway", "phase": "end", "ts": 10790100, "status": 200}
{"id": "t000006629", "svc": "payment", "phase": "start", "ts": 10791000, "status": 200}
{"id": "t000006629", "svc": "payment", "phase": "end", "ts": 10791100, "status": 200}
{"id": "t000006630", "svc": "auth", "phase": "start", "ts": 10792000, "status": 200}
{"id": "t000006630", "svc": "auth", "phase": "end", "ts": 10792100, "status": 200}
{"id": "t000006631", "svc": "gateway", "phase": "start", "ts": 10793000, "status": 200}
{"id": "t000006631", "svc": "gateway", "phase": "end", "ts": 10793100, "status": 200}
{"id": "t000006632", "svc": "payment", "phase": "start", "ts": 10794000, "status": 200}
{"id": "t000006632", "svc": "payment", "phase": "end", "ts": 10794100, "status": 500}
{"id": "t000006633", "svc": "auth", "phase": "start", "ts": 10795000, "status": 200}
{"id": "t000006633", "svc": "auth", "phase": "end", "ts": 10795100, "status": 200}
{"id": "t000006634", "svc": "gateway", "phase": "start", "ts": 10796000, "status": 200}
{"id": "t000006634", "svc": "gateway", "phase": "end", "ts": 10796100, "status": 200}
{"id": "t000006635", "svc": "payment", "phase": "start", "ts": 10797000, "status": 200}
{"id": "t000006635", "svc": "payment", "phase": "end", "ts": 10797100, "status": 200}
{"id": "t000006636", "svc": "auth", "phase": "start", "ts": 10798000, "status": 200}
{"id": "t000006636", "svc": "auth", "phase": "end", "ts": 10798100, "status": 200}
{"id": "t000006637", "svc": "gateway", "phase": "start", "ts": 10799000, "status": 200}
{"id": "t000006637", "svc": "gateway", "phase": "end", "ts": 10799100, "status": 200}
{"id": "t000006638", "svc": "payment", "phase": "start", "ts": 10800000, "status": 200}
{"id": "t000006638", "svc": "payment", "phase": "end", "ts": 10800100, "status": 200}
{"id": "t000006639", "svc": "auth", "phase": "start", "ts": 10801000, "status": 200}
{"id": "t000006639", "svc": "auth", "phase": "end", "ts": 10801100, "status": 200}
{"id": "t000006640", "svc": "gateway", "phase": "start", "ts": 10802000, "status": 200}
{"id": "t000006640", "svc": "gateway", "phase": "end", "ts": 10802100, "status": 500}
{"id": "t000006641", "svc": "payment", "phase": "start", "ts": 10803000, "status": 200}
{"id": "t000006641", "svc": "payment", "phase": "end", "ts": 10803100, "status": 200}
{"id": "t000006642", "svc": "auth", "phase": "start", "ts": 10804000, "status": 200}
{"id": "t000006642", "svc": "auth", "phase": "end", "ts": 10804100, "status": 200}
{"id": "t000006643", "svc": "gateway", "phase": "start", "ts": 10805000, "status": 200}
{"id": "t000006643", "svc": "gateway", "phase": "end", "ts": 10805100, "status": 200}
{"id": "t000006644", "svc": "payment", "phase": "start", "ts": 10806000, "status": 200}
{"id": "t000006644", "svc": "payment", "phase": "end", "ts": 10806100, "status": 200}
{"id": "t000006645", "svc": "auth", "phase": "start", "ts": 10807000, "status": 200}
{"id": "t000006645", "svc": "auth", "phase": "end", "ts": 10807100, "status": 200}
{"id": "t000006646", "svc": "gateway", "phase": "start", "ts": 10808000, "status": 200}
{"id": "t000006646", "svc": "gateway", "phase": "end", "ts": 10808100, "status": 200}
{"id": "t000006647", "svc": "payment", "phase": "start", "ts": 10809000, "status": 200}
{"id": "t000006647", "svc": "payment", "phase": "end", "ts": 10809100, "status": 200}
{"id": "t000006648", "svc": "auth", "phase": "start", "ts": 10810000, "status": 200}
{"id": "t000006648", "svc": "auth", "phase": "end", "ts": 10810100, "status": 500}
{"id": "t000006649", "svc": "gateway", "phase": "start", "ts": 10811000, "status": 200}
{"id": "t000006649", "svc": "gateway", "phase": "end", "ts": 10811100, "status": 200}
{"id": "t000006650", "svc": "payment", "phase": "start", "ts": 10812000, "status": 200}
{"id": "t000006650", "svc": "payment", "phase": "end", "ts": 10812100, "status": 200}
{"id": "t000006651", "svc": "auth", "phase": "start", "ts": 10813000, "status": 200}
{"id": "t000006651", "svc": "auth", "phase": "end", "ts": 10813100, "status": 200}
{"id": "t000006652", "svc": "gateway", "phase": "start", "ts": 10814000, "status": 200}
{"id": "t000006652", "svc": "gateway", "phase": "end", "ts": 10814100, "status": 200}
{"id": "t000006653", "svc": "payment", "phase": "start", "ts": 10815000, "status": 200}
{"id": "t000006653", "svc": "payment", "phase": "end", "ts": 10815100, "status": 200}
{"id": "t000006654", "svc": "auth", "phase": "start", "ts": 10816000, "status": 200}
{"id": "t000006654", "svc": "auth", "phase": "end", "ts": 10816100, "status": 200}
{"id": "t000006655", "svc": "gateway", "phase": "start", "ts": 10817000, "status": 200}
{"id": "t000006655", "svc": "gateway", "phase": "end", "ts": 10817100, "status": 200}
{"id": "t000006656", "svc": "payment", "phase": "start", "ts": 10818000, "status": 200}
{"id": "t000006656", "svc": "payment", "phase": "end", "ts": 10818100, "status": 500}
{"id": "t000006657", "svc": "auth", "phase": "start", "ts": 10819000, "status": 200}
{"id": "t000006657", "svc": "auth", "phase": "end", "ts": 10819100, "status": 200}
{"id": "t000006658", "svc": "gateway", "phase": "start", "ts": 10820000, "status": 200}
{"id": "t000006658", "svc": "gateway", "phase": "end", "ts": 10820100, "status": 200}
{"id": "t000006659", "svc": "payment", "phase": "start", "ts": 10821000, "status": 200}
{"id": "t000006659", "svc": "payment", "phase": "end", "ts": 10821100, "status": 200}
{"id": "t000006660", "svc": "auth", "phase": "start", "ts": 10822000, "status": 200}
{"id": "t000006660", "svc": "auth", "phase": "end", "ts": 10822100, "status": 200}
{"id": "t000006661", "svc": "gateway", "phase": "start", "ts": 10823000, "status": 200}
{"id": "t000006661", "svc": "gateway", "phase": "end", "ts": 10823100, "status": 200}
{"id": "t000006662", "svc": "payment", "phase": "start", "ts": 10824000, "status": 200}
{"id": "t000006662", "svc": "payment", "phase": "end", "ts": 10824100, "status": 200}
{"id": "t000006663", "svc": "auth", "phase": "start", "ts": 10825000, "status": 200}
{"id": "t000006663", "svc": "auth", "phase": "end", "ts": 10825100, "status": 200}
{"id": "t000006664", "svc": "gateway", "phase": "start", "ts": 10826000, "status": 200}
{"id": "t000006664", "svc": "gateway", "phase": "end", "ts": 10826100, "status": 500}
{"id": "t000006665", "svc": "payment", "phase": "start", "ts": 10827000, "status": 200}
{"id": "t000006665", "svc": "payment", "phase": "end", "ts": 10827100, "status": 200}
{"id": "t000006666", "svc": "auth", "phase": "start", "ts": 10828000, "status": 200}
{"id": "t000006666", "svc": "auth", "phase": "end", "ts": 10828100, "status": 200}
{"id": "t000006667", "svc": "gateway", "phase": "start", "ts": 10829000, "status": 200}
{"id": "t000006667", "svc": "gateway", "phase": "end", "ts": 10829100, "status": 200}
{"id": "t000006668", "svc": "payment", "phase": "start", "ts": 10830000, "status": 200}
{"id": "t000006668", "svc": "payment", "phase": "end", "ts": 10830100, "status": 200}
{"id": "t000006669", "svc": "auth", "phase": "start", "ts": 10831000, "status": 200}
{"id": "t000006669", "svc": "auth", "phase": "end", "ts": 10831100, "status": 200}
{"id": "t000006670", "svc": "gateway", "phase": "start", "ts": 10832000, "status": 200}
{"id": "t000006670", "svc": "gateway", "phase": "end", "ts": 10832100, "status": 200}
{"id": "t000006671", "svc": "payment", "phase": "start", "ts": 10833000, "status": 200}
{"id": "t000006671", "svc": "payment", "phase": "end", "ts": 10833100, "status": 200}
{"id": "t000006672", "svc": "auth", "phase": "start", "ts": 10834000, "status": 200}
{"id": "t000006672", "svc": "auth", "phase": "end", "ts": 10834100, "status": 500}
{"id": "t000006673", "svc": "gateway", "phase": "start", "ts": 10835000, "status": 200}
{"id": "t000006673", "svc": "gateway", "phase": "end", "ts": 10835100, "status": 200}
{"id": "t000006674", "svc": "payment", "phase": "start", "ts": 10836000, "status": 200}
{"id": "t000006674", "svc": "payment", "phase": "end", "ts": 10836100, "status": 200}
{"id": "t000006675", "svc": "auth", "phase": "start", "ts": 10837000, "status": 200}
{"id": "t000006675", "svc": "auth", "phase": "end", "ts": 10837100, "status": 200}
{"id": "t000006676", "svc": "gateway", "phase": "start", "ts": 10838000, "status": 200}
{"id": "t000006676", "svc": "gateway", "phase": "end", "ts": 10838100, "status": 200}
{"id": "t000006677", "svc": "payment", "phase": "start", "ts": 10839000, "status": 200}
{"id": "t000006677", "svc": "payment", "phase": "end", "ts": 10839100, "status": 200}
{"id": "t000006678", "svc": "auth", "phase": "start", "ts": 10840000, "status": 200}
{"id": "t000006678", "svc": "auth", "phase": "end", "ts": 10840100, "status": 200}
{"id": "t000006679", "svc": "gateway", "phase": "start", "ts": 10841000, "status": 200}
{"id": "t000006679", "svc": "gateway", "phase": "end", "ts": 10841100, "status": 200}
{"id": "t000006680", "svc": "payment", "phase": "start", "ts": 10842000, "status": 200}
{"id": "t000006680", "svc": "payment", "phase": "end", "ts": 10842100, "status": 500}
{"id": "t000006681", "svc": "auth", "phase": "start", "ts": 10843000, "status": 200}
{"id": "t000006681", "svc": "auth", "phase": "end", "ts": 10843100, "status": 200}
{"id": "t000006682", "svc": "gateway", "phase": "start", "ts": 10844000, "status": 200}
{"id": "t000006682", "svc": "gateway", "phase": "end", "ts": 10844100, "status": 200}
{"id": "t000006683", "svc": "payment", "phase": "start", "ts": 10845000, "status": 200}
{"id": "t000006683", "svc": "payment", "phase": "end", "ts": 10845100, "status": 200}
{"id": "t000006684", "svc": "auth", "phase": "start", "ts": 10846000, "status": 200}
{"id": "t000006684", "svc": "auth", "phase": "end", "ts": 10846100, "status": 200}
{"id": "t000006685", "svc": "gateway", "phase": "start", "ts": 10847000, "status": 200}
{"id": "t000006685", "svc": "gateway", "phase": "end", "ts": 10847100, "status": 200}
{"id": "t000006686", "svc": "payment", "phase": "start", "ts": 10848000, "status": 200}
{"id": "t000006686", "svc": "payment", "phase": "end", "ts": 10848100, "status": 200}
{"id": "t000006687", "svc": "auth", "phase": "start", "ts": 10849000, "status": 200}
{"id": "t000006687", "svc": "auth", "phase": "end", "ts": 10849100, "status": 200}
{"id": "t000006688", "svc": "gateway", "phase": "start", "ts": 10850000, "status": 200}
{"id": "t000006688", "svc": "gateway", "phase": "end", "ts": 10850100, "status": 500}
{"id": "t000006689", "svc": "payment", "phase": "start", "ts": 10851000, "status": 200}
{"id": "t000006689", "svc": "payment", "phase": "end", "ts": 10851100, "status": 200}
{"id": "t000006690", "svc": "auth", "phase": "start", "ts": 10852000, "status": 200}
{"id": "t000006690", "svc": "auth", "phase": "end", "ts": 10852100, "status": 200}
{"id": "t000006691", "svc": "gateway", "phase": "start", "ts": 10853000, "status": 200}
{"id": "t000006691", "svc": "gateway", "phase": "end", "ts": 10853100, "status": 200}
{"id": "t000006692", "svc": "payment", "phase": "start", "ts": 10854000, "status": 200}
{"id": "t000006692", "svc": "payment", "phase": "end", "ts": 10854100, "status": 200}
{"id": "t000006693", "svc": "auth", "phase": "start", "ts": 10855000, "status": 200}
{"id": "t000006693", "svc": "auth", "phase": "end", "ts": 10855100, "status": 200}
{"id": "t000006694", "svc": "gateway", "phase": "start", "ts": 10856000, "status": 200}
{"id": "t000006694", "svc": "gateway", "phase": "end", "ts": 10856100, "status": 200}
{"id": "t000006695", "svc": "payment", "phase": "start", "ts": 10857000, "status": 200}
{"id": "t000006695", "svc": "payment", "phase": "end", "ts": 10857100, "status": 200}
{"id": "t000006696", "svc": "auth", "phase": "start", "ts": 10858000, "status": 200}
{"id": "t000006696", "svc": "auth", "phase": "end", "ts": 10858100, "status": 500}
{"id": "t000006697", "svc": "gateway", "phase": "start", "ts": 10859000, "status": 200}
{"id": "t000006697", "svc": "gateway", "phase": "end", "ts": 10859100, "status": 200}
{"id": "t000006698", "svc": "payment", "phase": "start", "ts": 10860000, "status": 200}
{"id": "t000006698", "svc": "payment", "phase": "end", "ts": 10860100, "status": 200}
{"id": "t000006699", "svc": "auth", "phase": "start", "ts": 10861000, "status": 200}
{"id": "t000006699", "svc": "auth", "phase": "end", "ts": 10861100, "status": 200}
{"id": "t000006700", "svc": "gateway", "phase": "start", "ts": 10862000, "status": 200}
{"id": "t000006700", "svc": "gateway", "phase": "end", "ts": 10862100, "status": 200}
{"id": "t000006701", "svc": "payment", "phase": "start", "ts": 10863000, "status": 200}
{"id": "t000006701", "svc": "payment", "phase": "end", "ts": 10863100, "status": 200}
{"id": "t000006702", "svc": "auth", "phase": "start", "ts": 10864000, "status": 200}
{"id": "t000006702", "svc": "auth", "phase": "end", "ts": 10864100, "status": 200}
{"id": "t000006703", "svc": "gateway", "phase": "start", "ts": 10865000, "status": 200}
{"id": "t000006703", "svc": "gateway", "phase": "end", "ts": 10865100, "status": 200}
{"id": "t000006704", "svc": "payment", "phase": "start", "ts": 10866000, "status": 200}
{"id": "t000006704", "svc": "payment", "phase": "end", "ts": 10866100, "status": 500}
{"id": "t000006705", "svc": "auth", "phase": "start", "ts": 10867000, "status": 200}
{"id": "t000006705", "svc": "auth", "phase": "end", "ts": 10867100, "status": 200}
{"id": "t000006706", "svc": "gateway", "phase": "start", "ts": 10868000, "status": 200}
{"id": "t000006706", "svc": "gateway", "phase": "end", "ts": 10868100, "status": 200}
{"id": "t000006707", "svc": "payment", "phase": "start", "ts": 10869000, "status": 200}
{"id": "t000006707", "svc": "payment", "phase": "end", "ts": 10869100, "status": 200}
{"id": "t000006708", "svc": "auth", "phase": "start", "ts": 10870000, "status": 200}
{"id": "t000006708", "svc": "auth", "phase": "end", "ts": 10870100, "status": 200}
{"id": "t000006709", "svc": "gateway", "phase": "start", "ts": 10871000, "status": 200}
{"id": "t000006709", "svc": "gateway", "phase": "end", "ts": 10871100, "status": 200}
{"id": "t000006710", "svc": "payment", "phase": "start", "ts": 10872000, "status": 200}
{"id": "t000006710", "svc": "payment", "phase": "end", "ts": 10872100, "status": 200}
{"id": "t000006711", "svc": "auth", "phase": "start", "ts": 10873000, "status": 200}
{"id": "t000006711", "svc": "auth", "phase": "end", "ts": 10873100, "status": 200}
{"id": "t000006712", "svc": "gateway", "phase": "start", "ts": 10874000, "status": 200}
{"id": "t000006712", "svc": "gateway", "phase": "end", "ts": 10874100, "status": 500}
{"id": "t000006713", "svc": "payment", "phase": "start", "ts": 10875000, "status": 200}
{"id": "t000006713", "svc": "payment", "phase": "end", "ts": 10875100, "status": 200}
{"id": "t000006714", "svc": "auth", "phase": "start", "ts": 10876000, "status": 200}
{"id": "t000006714", "svc": "auth", "phase": "end", "ts": 10876100, "status": 200}
{"id": "t000006715", "svc": "gateway", "phase": "start", "ts": 10877000, "status": 200}
{"id": "t000006715", "svc": "gateway", "phase": "end", "ts": 10877100, "status": 200}
{"id": "t000006716", "svc": "payment", "phase": "start", "ts": 10878000, "status": 200}
{"id": "t000006716", "svc": "payment", "phase": "end", "ts": 10878100, "status": 200}
{"id": "t000006717", "svc": "auth", "phase": "start", "ts": 10879000, "status": 200}
{"id": "t000006717", "svc": "auth", "phase": "end", "ts": 10879100, "status": 200}
{"id": "t000006718", "svc": "gateway", "phase": "start", "ts": 10880000, "status": 200}
{"id": "t000006718", "svc": "gateway", "phase": "end", "ts": 10880100, "status": 200}
{"id": "t000006719", "svc": "payment", "phase": "start", "ts": 10881000, "status": 200}
{"id": "t000006719", "svc": "payment", "phase": "end", "ts": 10881100, "status": 200}
{"id": "t000006720", "svc": "auth", "phase": "start", "ts": 10882000, "status": 200}
{"id": "t000006720", "svc": "auth", "phase": "end", "ts": 10882100, "status": 500}
{"id": "t000006721", "svc": "gateway", "phase": "start", "ts": 10883000, "status": 200}
{"id": "t000006721", "svc": "gateway", "phase": "end", "ts": 10883100, "status": 200}
{"id": "t000006722", "svc": "payment", "phase": "start", "ts": 10884000, "status": 200}
{"id": "t000006722", "svc": "payment", "phase": "end", "ts": 10884100, "status": 200}
{"id": "t000006723", "svc": "auth", "phase": "start", "ts": 10885000, "status": 200}
{"id": "t000006723", "svc": "auth", "phase": "end", "ts": 10885100, "status": 200}
{"id": "t000006724", "svc": "gateway", "phase": "start", "ts": 10886000, "status": 200}
{"id": "t000006724", "svc": "gateway", "phase": "end", "ts": 10886100, "status": 200}
{"id": "t000006725", "svc": "payment", "phase": "start", "ts": 10887000, "status": 200}
{"id": "t000006725", "svc": "payment", "phase": "end", "ts": 10887100, "status": 200}
{"id": "t000006726", "svc": "auth", "phase": "start", "ts": 10888000, "status": 200}
{"id": "t000006726", "svc": "auth", "phase": "end", "ts": 10888100, "status": 200}
{"id": "t000006727", "svc": "gateway", "phase": "start", "ts": 10889000, "status": 200}
{"id": "t000006727", "svc": "gateway", "phase": "end", "ts": 10889100, "status": 200}
{"id": "t000006728", "svc": "payment", "phase": "start", "ts": 10890000, "status": 200}
{"id": "t000006728", "svc": "payment", "phase": "end", "ts": 10890100, "status": 500}
{"id": "t000006729", "svc": "auth", "phase": "start", "ts": 10891000, "status": 200}
{"id": "t000006729", "svc": "auth", "phase": "end", "ts": 10891100, "status": 200}
{"id": "t000006730", "svc": "gateway", "phase": "start", "ts": 10892000, "status": 200}
{"id": "t000006730", "svc": "gateway", "phase": "end", "ts": 10892100, "status": 200}
{"id": "t000006731", "svc": "payment", "phase": "start", "ts": 10893000, "status": 200}
{"id": "t000006731", "svc": "payment", "phase": "end", "ts": 10893100, "status": 200}
{"id": "t000006732", "svc": "auth", "phase": "start", "ts": 10894000, "status": 200}
{"id": "t000006732", "svc": "auth", "phase": "end", "ts": 10894100, "status": 200}
{"id": "t000006733", "svc": "gateway", "phase": "start", "ts": 10895000, "status": 200}
{"id": "t000006733", "svc": "gateway", "phase": "end", "ts": 10895100, "status": 200}
{"id": "t000006734", "svc": "payment", "phase": "start", "ts": 10896000, "status": 200}
{"id": "t000006734", "svc": "payment", "phase": "end", "ts": 10896100, "status": 200}
{"id": "t000006735", "svc": "auth", "phase": "start", "ts": 10897000, "status": 200}
{"id": "t000006735", "svc": "auth", "phase": "end", "ts": 10897100, "status": 200}
{"id": "t000006736", "svc": "gateway", "phase": "start", "ts": 10898000, "status": 200}
{"id": "t000006736", "svc": "gateway", "phase": "end", "ts": 10898100, "status": 500}
{"id": "t000006737", "svc": "payment", "phase": "start", "ts": 10899000, "status": 200}
{"id": "t000006737", "svc": "payment", "phase": "end", "ts": 10899100, "status": 200}
{"id": "t000006738", "svc": "auth", "phase": "start", "ts": 10900000, "status": 200}
{"id": "t000006738", "svc": "auth", "phase": "end", "ts": 10900100, "status": 200}
{"id": "t000006739", "svc": "gateway", "phase": "start", "ts": 10901000, "status": 200}
{"id": "t000006739", "svc": "gateway", "phase": "end", "ts": 10901100, "status": 200}
{"id": "t000006740", "svc": "payment", "phase": "start", "ts": 10902000, "status": 200}
{"id": "t000006740", "svc": "payment", "phase": "end", "ts": 10902100, "status": 200}
{"id": "t000006741", "svc": "auth", "phase": "start", "ts": 10903000, "status": 200}
{"id": "t000006741", "svc": "auth", "phase": "end", "ts": 10903100, "status": 200}
{"id": "t000006742", "svc": "gateway", "phase": "start", "ts": 10904000, "status": 200}
{"id": "t000006742", "svc": "gateway", "phase": "end", "ts": 10904100, "status": 200}
{"id": "t000006743", "svc": "payment", "phase": "start", "ts": 10905000, "status": 200}
{"id": "t000006743", "svc": "payment", "phase": "end", "ts": 10905100, "status": 200}
{"id": "t000006744", "svc": "auth", "phase": "start", "ts": 10906000, "status": 200}
{"id": "t000006744", "svc": "auth", "phase": "end", "ts": 10906100, "status": 500}
{"id": "t000006745", "svc": "gateway", "phase": "start", "ts": 10907000, "status": 200}
{"id": "t000006745", "svc": "gateway", "phase": "end", "ts": 10907100, "status": 200}
{"id": "t000006746", "svc": "payment", "phase": "start", "ts": 10908000, "status": 200}
{"id": "t000006746", "svc": "payment", "phase": "end", "ts": 10908100, "status": 200}
{"id": "t000006747", "svc": "auth", "phase": "start", "ts": 10909000, "status": 200}
{"id": "t000006747", "svc": "auth", "phase": "end", "ts": 10909100, "status": 200}
{"id": "t000006748", "svc": "gateway", "phase": "start", "ts": 10910000, "status": 200}
{"id": "t000006748", "svc": "gateway", "phase": "end", "ts": 10910100, "status": 200}
{"id": "t000006749", "svc": "payment", "phase": "start", "ts": 10911000, "status": 200}
{"id": "t000006749", "svc": "payment", "phase": "end", "ts": 10911100, "status": 200}
{"id": "t000006750", "svc": "auth", "phase": "start", "ts": 10912000, "status": 200}
{"id": "t000006750", "svc": "auth", "phase": "end", "ts": 10912100, "status": 200}
{"id": "t000006751", "svc": "gateway", "phase": "start", "ts": 10913000, "status": 200}
{"id": "t000006751", "svc": "gateway", "phase": "end", "ts": 10913100, "status": 200}
{"id": "t000006752", "svc": "payment", "phase": "start", "ts": 10914000, "status": 200}
{"id": "t000006752", "svc": "payment", "phase": "end", "ts": 10914100, "status": 500}
{"id": "t000006753", "svc": "auth", "phase": "start", "ts": 10915000, "status": 200}
{"id": "t000006753", "svc": "auth", "phase": "end", "ts": 10915100, "status": 200}
{"id": "t000006754", "svc": "gateway", "phase": "start", "ts": 10916000, "status": 200}
{"id": "t000006754", "svc": "gateway", "phase": "end", "ts": 10916100, "status": 200}
{"id": "t000006755", "svc": "payment", "phase": "start", "ts": 10917000, "status": 200}
{"id": "t000006755", "svc": "payment", "phase": "end", "ts": 10917100, "status": 200}
{"id": "t000006756", "svc": "auth", "phase": "start", "ts": 10918000, "status": 200}
{"id": "t000006756", "svc": "auth", "phase": "end", "ts": 10918100, "status": 200}
{"id": "t000006757", "svc": "gateway", "phase": "start", "ts": 10919000, "status": 200}
{"id": "t000006757", "svc": "gateway", "phase": "end", "ts": 10919100, "status": 200}
{"id": "t000006758", "svc": "payment", "phase": "start", "ts": 10920000, "status": 200}
{"id": "t000006758", "svc": "payment", "phase": "end", "ts": 10920100, "status": 200}
{"id": "t000006759", "svc": "auth", "phase": "start", "ts": 10921000, "status": 200}
{"id": "t000006759", "svc": "auth", "phase": "end", "ts": 10921100, "status": 200}
{"id": "t000006760", "svc": "gateway", "phase": "start", "ts": 10922000, "status": 200}
{"id": "t000006760", "svc": "gateway", "phase": "end", "ts": 10922100, "status": 500}
{"id": "t000006761", "svc": "payment", "phase": "start", "ts": 10923000, "status": 200}
{"id": "t000006761", "svc": "payment", "phase": "end", "ts": 10923100, "status": 200}
{"id": "t000006762", "svc": "auth", "phase": "start", "ts": 10924000, "status": 200}
{"id": "t000006762", "svc": "auth", "phase": "end", "ts": 10924100, "status": 200}
{"id": "t000006763", "svc": "gateway", "phase": "start", "ts": 10925000, "status": 200}
{"id": "t000006763", "svc": "gateway", "phase": "end", "ts": 10925100, "status": 200}
{"id": "t000006764", "svc": "payment", "phase": "start", "ts": 10926000, "status": 200}
{"id": "t000006764", "svc": "payment", "phase": "end", "ts": 10926100, "status": 200}
{"id": "t000006765", "svc": "auth", "phase": "start", "ts": 10927000, "status": 200}
{"id": "t000006765", "svc": "auth", "phase": "end", "ts": 10927100, "status": 200}
{"id": "t000006766", "svc": "gateway", "phase": "start", "ts": 10928000, "status": 200}
{"id": "t000006766", "svc": "gateway", "phase": "end", "ts": 10928100, "status": 200}
{"id": "t000006767", "svc": "payment", "phase": "start", "ts": 10929000, "status": 200}
{"id": "t000006767", "svc": "payment", "phase": "end", "ts": 10929100, "status": 200}
{"id": "t000006768", "svc": "auth", "phase": "start", "ts": 10930000, "status": 200}
{"id": "t000006768", "svc": "auth", "phase": "end", "ts": 10930100, "status": 500}
{"id": "t000006769", "svc": "gateway", "phase": "start", "ts": 10931000, "status": 200}
{"id": "t000006769", "svc": "gateway", "phase": "end", "ts": 10931100, "status": 200}
{"id": "t000006770", "svc": "payment", "phase": "start", "ts": 10932000, "status": 200}
{"id": "t000006770", "svc": "payment", "phase": "end", "ts": 10932100, "status": 200}
{"id": "t000006771", "svc": "auth", "phase": "start", "ts": 10933000, "status": 200}
{"id": "t000006771", "svc": "auth", "phase": "end", "ts": 10933100, "status": 200}
{"id": "t000006772", "svc": "gateway", "phase": "start", "ts": 10934000, "status": 200}
{"id": "t000006772", "svc": "gateway", "phase": "end", "ts": 10934100, "status": 200}
{"id": "t000006773", "svc": "payment", "phase": "start", "ts": 10935000, "status": 200}
{"id": "t000006773", "svc": "payment", "phase": "end", "ts": 10935100, "status": 200}
{"id": "t000006774", "svc": "auth", "phase": "start", "ts": 10936000, "status": 200}
{"id": "t000006774", "svc": "auth", "phase": "end", "ts": 10936100, "status": 200}
{"id": "t000006775", "svc": "gateway", "phase": "start", "ts": 10937000, "status": 200}
{"id": "t000006775", "svc": "gateway", "phase": "end", "ts": 10937100, "status": 200}
{"id": "t000006776", "svc": "payment", "phase": "start", "ts": 10938000, "status": 200}
{"id": "t000006776", "svc": "payment", "phase": "end", "ts": 10938100, "status": 500}
{"id": "t000006777", "svc": "auth", "phase": "start", "ts": 10939000, "status": 200}
{"id": "t000006777", "svc": "auth", "phase": "end", "ts": 10939100, "status": 200}
{"id": "t000006778", "svc": "gateway", "phase": "start", "ts": 10940000, "status": 200}
{"id": "t000006778", "svc": "gateway", "phase": "end", "ts": 10940100, "status": 200}
{"id": "t000006779", "svc": "payment", "phase": "start", "ts": 10941000, "status": 200}
{"id": "t000006779", "svc": "payment", "phase": "end", "ts": 10941100, "status": 200}
{"id": "t000006780", "svc": "auth", "phase": "start", "ts": 10942000, "status": 200}
{"id": "t000006780", "svc": "auth", "phase": "end", "ts": 10942100, "status": 200}
{"id": "t000006781", "svc": "gateway", "phase": "start", "ts": 10943000, "status": 200}
{"id": "t000006781", "svc": "gateway", "phase": "end", "ts": 10943100, "status": 200}
{"id": "t000006782", "svc": "payment", "phase": "start", "ts": 10944000, "status": 200}
{"id": "t000006782", "svc": "payment", "phase": "end", "ts": 10944100, "status": 200}
{"id": "t000006783", "svc": "auth", "phase": "start", "ts": 10945000, "status": 200}
{"id": "t000006783", "svc": "auth", "phase": "end", "ts": 10945100, "status": 200}
{"id": "t000006784", "svc": "gateway", "phase": "start", "ts": 10946000, "status": 200}
{"id": "t000006784", "svc": "gateway", "phase": "end", "ts": 10946100, "status": 500}
{"id": "t000006785", "svc": "payment", "phase": "start", "ts": 10947000, "status": 200}
{"id": "t000006785", "svc": "payment", "phase": "end", "ts": 10947100, "status": 200}
{"id": "t000006786", "svc": "auth", "phase": "start", "ts": 10948000, "status": 200}
{"id": "t000006786", "svc": "auth", "phase": "end", "ts": 10948100, "status": 200}
{"id": "t000006787", "svc": "gateway", "phase": "start", "ts": 10949000, "status": 200}
{"id": "t000006787", "svc": "gateway", "phase": "end", "ts": 10949100, "status": 200}
{"id": "t000006788", "svc": "payment", "phase": "start", "ts": 10950000, "status": 200}
{"id": "t000006788", "svc": "payment", "phase": "end", "ts": 10950100, "status": 200}
{"id": "t000006789", "svc": "auth", "phase": "start", "ts": 10951000, "status": 200}
{"id": "t000006789", "svc": "auth", "phase": "end", "ts": 10951100, "status": 200}
{"id": "t000006790", "svc": "gateway", "phase": "start", "ts": 10952000, "status": 200}
{"id": "t000006790", "svc": "gateway", "phase": "end", "ts": 10952100, "status": 200}
{"id": "t000006791", "svc": "payment", "phase": "start", "ts": 10953000, "status": 200}
{"id": "t000006791", "svc": "payment", "phase": "end", "ts": 10953100, "status": 200}
{"id": "t000006792", "svc": "auth", "phase": "start", "ts": 10954000, "status": 200}
{"id": "t000006792", "svc": "auth", "phase": "end", "ts": 10954100, "status": 500}
{"id": "t000006793", "svc": "gateway", "phase": "start", "ts": 10955000, "status": 200}
{"id": "t000006793", "svc": "gateway", "phase": "end", "ts": 10955100, "status": 200}
{"id": "t000006794", "svc": "payment", "phase": "start", "ts": 10956000, "status": 200}
{"id": "t000006794", "svc": "payment", "phase": "end", "ts": 10956100, "status": 200}
{"id": "t000006795", "svc": "auth", "phase": "start", "ts": 10957000, "status": 200}
{"id": "t000006795", "svc": "auth", "phase": "end", "ts": 10957100, "status": 200}
{"id": "t000006796", "svc": "gateway", "phase": "start", "ts": 10958000, "status": 200}
{"id": "t000006796", "svc": "gateway", "phase": "end", "ts": 10958100, "status": 200}
{"id": "t000006797", "svc": "payment", "phase": "start", "ts": 10959000, "status": 200}
{"id": "t000006797", "svc": "payment", "phase": "end", "ts": 10959100, "status": 200}
{"id": "t000006798", "svc": "auth", "phase": "start", "ts": 10960000, "status": 200}
{"id": "t000006798", "svc": "auth", "phase": "end", "ts": 10960100, "status": 200}
{"id": "t000006799", "svc": "gateway", "phase": "start", "ts": 10961000, "status": 200}
{"id": "t000006799", "svc": "gateway", "phase": "end", "ts": 10961100, "status": 200}
{"id": "t000006800", "svc": "payment", "phase": "start", "ts": 10962000, "status": 200}
{"id": "t000006800", "svc": "payment", "phase": "end", "ts": 10962100, "status": 500}
{"id": "t000006801", "svc": "auth", "phase": "start", "ts": 10963000, "status": 200}
{"id": "t000006801", "svc": "auth", "phase": "end", "ts": 10963100, "status": 200}
{"id": "t000006802", "svc": "gateway", "phase": "start", "ts": 10964000, "status": 200}
{"id": "t000006802", "svc": "gateway", "phase": "end", "ts": 10964100, "status": 200}
{"id": "t000006803", "svc": "payment", "phase": "start", "ts": 10965000, "status": 200}
{"id": "t000006803", "svc": "payment", "phase": "end", "ts": 10965100, "status": 200}
{"id": "t000006804", "svc": "auth", "phase": "start", "ts": 10966000, "status": 200}
{"id": "t000006804", "svc": "auth", "phase": "end", "ts": 10966100, "status": 200}
{"id": "t000006805", "svc": "gateway", "phase": "start", "ts": 10967000, "status": 200}
{"id": "t000006805", "svc": "gateway", "phase": "end", "ts": 10967100, "status": 200}
{"id": "t000006806", "svc": "payment", "phase": "start", "ts": 10968000, "status": 200}
{"id": "t000006806", "svc": "payment", "phase": "end", "ts": 10968100, "status": 200}
{"id": "t000006807", "svc": "auth", "phase": "start", "ts": 10969000, "status": 200}
{"id": "t000006807", "svc": "auth", "phase": "end", "ts": 10969100, "status": 200}
{"id": "t000006808", "svc": "gateway", "phase": "start", "ts": 10970000, "status": 200}
{"id": "t000006808", "svc": "gateway", "phase": "end", "ts": 10970100, "status": 500}
{"id": "t000006809", "svc": "payment", "phase": "start", "ts": 10971000, "status": 200}
{"id": "t000006809", "svc": "payment", "phase": "end", "ts": 10971100, "status": 200}
{"id": "t000006810", "svc": "auth", "phase": "start", "ts": 10972000, "status": 200}
{"id": "t000006810", "svc": "auth", "phase": "end", "ts": 10972100, "status": 200}
{"id": "t000006811", "svc": "gateway", "phase": "start", "ts": 10973000, "status": 200}
{"id": "t000006811", "svc": "gateway", "phase": "end", "ts": 10973100, "status": 200}
{"id": "t000006812", "svc": "payment", "phase": "start", "ts": 10974000, "status": 200}
{"id": "t000006812", "svc": "payment", "phase": "end", "ts": 10974100, "status": 200}
{"id": "t000006813", "svc": "auth", "phase": "start", "ts": 10975000, "status": 200}
{"id": "t000006813", "svc": "auth", "phase": "end", "ts": 10975100, "status": 200}
{"id": "t000006814", "svc": "gateway", "phase": "start", "ts": 10976000, "status": 200}
{"id": "t000006814", "svc": "gateway", "phase": "end", "ts": 10976100, "status": 200}
{"id": "t000006815", "svc": "payment", "phase": "start", "ts": 10977000, "status": 200}
{"id": "t000006815", "svc": "payment", "phase": "end", "ts": 10977100, "status": 200}
{"id": "t000006816", "svc": "auth", "phase": "start", "ts": 10978000, "status": 200}
{"id": "t000006816", "svc": "auth", "phase": "end", "ts": 10978100, "status": 500}
{"id": "t000006817", "svc": "gateway", "phase": "start", "ts": 10979000, "status": 200}
{"id": "t000006817", "svc": "gateway", "phase": "end", "ts": 10979100, "status": 200}
{"id": "t000006818", "svc": "payment", "phase": "start", "ts": 10980000, "status": 200}
{"id": "t000006818", "svc": "payment", "phase": "end", "ts": 10980100, "status": 200}
{"id": "t000006819", "svc": "auth", "phase": "start", "ts": 10981000, "status": 200}
{"id": "t000006819", "svc": "auth", "phase": "end", "ts": 10981100, "status": 200}
{"id": "t000006820", "svc": "gateway", "phase": "start", "ts": 10982000, "status": 200}
{"id": "t000006820", "svc": "gateway", "phase": "end", "ts": 10982100, "status": 200}
{"id": "t000006821", "svc": "payment", "phase": "start", "ts": 10983000, "status": 200}
{"id": "t000006821", "svc": "payment", "phase": "end", "ts": 10983100, "status": 200}
{"id": "t000006822", "svc": "auth", "phase": "start", "ts": 10984000, "status": 200}
{"id": "t000006822", "svc": "auth", "phase": "end", "ts": 10984100, "status": 200}
{"id": "t000006823", "svc": "gateway", "phase": "start", "ts": 10985000, "status": 200}
{"id": "t000006823", "svc": "gateway", "phase": "end", "ts": 10985100, "status": 200}
{"id": "t000006824", "svc": "payment", "phase": "start", "ts": 10986000, "status": 200}
{"id": "t000006824", "svc": "payment", "phase": "end", "ts": 10986100, "status": 500}
{"id": "t000006825", "svc": "auth", "phase": "start", "ts": 10987000, "status": 200}
{"id": "t000006825", "svc": "auth", "phase": "end", "ts": 10987100, "status": 200}
{"id": "t000006826", "svc": "gateway", "phase": "start", "ts": 10988000, "status": 200}
{"id": "t000006826", "svc": "gateway", "phase": "end", "ts": 10988100, "status": 200}
{"id": "t000006827", "svc": "payment", "phase": "start", "ts": 10989000, "status": 200}
{"id": "t000006827", "svc": "payment", "phase": "end", "ts": 10989100, "status": 200}
{"id": "t000006828", "svc": "auth", "phase": "start", "ts": 10990000, "status": 200}
{"id": "t000006828", "svc": "auth", "phase": "end", "ts": 10990100, "status": 200}
{"id": "t000006829", "svc": "gateway", "phase": "start", "ts": 10991000, "status": 200}
{"id": "t000006829", "svc": "gateway", "phase": "end", "ts": 10991100, "status": 200}
{"id": "t000006830", "svc": "payment", "phase": "start", "ts": 10992000, "status": 200}
{"id": "t000006830", "svc": "payment", "phase": "end", "ts": 10992100, "status": 200}
{"id": "t000006831", "svc": "auth", "phase": "start", "ts": 10993000, "status": 200}
{"id": "t000006831", "svc": "auth", "phase": "end", "ts": 10993100, "status": 200}
{"id": "t000006832", "svc": "gateway", "phase": "start", "ts": 10994000, "status": 200}
{"id": "t000006832", "svc": "gateway", "phase": "end", "ts": 10994100, "status": 500}
{"id": "t000006833", "svc": "payment", "phase": "start", "ts": 10995000, "status": 200}
{"id": "t000006833", "svc": "payment", "phase": "end", "ts": 10995100, "status": 200}
{"id": "t000006834", "svc": "auth", "phase": "start", "ts": 10996000, "status": 200}
{"id": "t000006834", "svc": "auth", "phase": "end", "ts": 10996100, "status": 200}
{"id": "t000006835", "svc": "gateway", "phase": "start", "ts": 10997000, "status": 200}
{"id": "t000006835", "svc": "gateway", "phase": "end", "ts": 10997100, "status": 200}
{"id": "t000006836", "svc": "payment", "phase": "start", "ts": 10998000, "status": 200}
{"id": "t000006836", "svc": "payment", "phase": "end", "ts": 10998100, "status": 200}
{"id": "t000006837", "svc": "auth", "phase": "start", "ts": 10999000, "status": 200}
{"id": "t000006837", "svc": "auth", "phase": "end", "ts": 10999100, "status": 200}
{"id": "t000006838", "svc": "gateway", "phase": "start", "ts": 11000000, "status": 200}
{"id": "t000006838", "svc": "gateway", "phase": "end", "ts": 11000100, "status": 200}
{"id": "t000006839", "svc": "payment", "phase": "start", "ts": 11001000, "status": 200}
{"id": "t000006839", "svc": "payment", "phase": "end", "ts": 11001100, "status": 200}
{"id": "t000006840", "svc": "auth", "phase": "start", "ts": 11002000, "status": 200}
{"id": "t000006840", "svc": "auth", "phase": "end", "ts": 11002100, "status": 500}
{"id": "t000006841", "svc": "gateway", "phase": "start", "ts": 11003000, "status": 200}
{"id": "t000006841", "svc": "gateway", "phase": "end", "ts": 11003100, "status": 200}
{"id": "t000006842", "svc": "payment", "phase": "start", "ts": 11004000, "status": 200}
{"id": "t000006842", "svc": "payment", "phase": "end", "ts": 11004100, "status": 200}
{"id": "t000006843", "svc": "auth", "phase": "start", "ts": 11005000, "status": 200}
{"id": "t000006843", "svc": "auth", "phase": "end", "ts": 11005100, "status": 200}
{"id": "t000006844", "svc": "gateway", "phase": "start", "ts": 11006000, "status": 200}
{"id": "t000006844", "svc": "gateway", "phase": "end", "ts": 11006100, "status": 200}
{"id": "t000006845", "svc": "payment", "phase": "start", "ts": 11007000, "status": 200}
{"id": "t000006845", "svc": "payment", "phase": "end", "ts": 11007100, "status": 200}
{"id": "t000006846", "svc": "auth", "phase": "start", "ts": 11008000, "status": 200}
{"id": "t000006846", "svc": "auth", "phase": "end", "ts": 11008100, "status": 200}
{"id": "t000006847", "svc": "gateway", "phase": "start", "ts": 11009000, "status": 200}
{"id": "t000006847", "svc": "gateway", "phase": "end", "ts": 11009100, "status": 200}
{"id": "t000006848", "svc": "payment", "phase": "start", "ts": 11010000, "status": 200}
{"id": "t000006848", "svc": "payment", "phase": "end", "ts": 11010100, "status": 500}
{"id": "t000006849", "svc": "auth", "phase": "start", "ts": 11011000, "status": 200}
{"id": "t000006849", "svc": "auth", "phase": "end", "ts": 11011100, "status": 200}
{"id": "t000006850", "svc": "gateway", "phase": "start", "ts": 11012000, "status": 200}
{"id": "t000006850", "svc": "gateway", "phase": "end", "ts": 11012100, "status": 200}
{"id": "t000006851", "svc": "payment", "phase": "start", "ts": 11013000, "status": 200}
{"id": "t000006851", "svc": "payment", "phase": "end", "ts": 11013100, "status": 200}
{"id": "t000006852", "svc": "auth", "phase": "start", "ts": 11014000, "status": 200}
{"id": "t000006852", "svc": "auth", "phase": "end", "ts": 11014100, "status": 200}
{"id": "t000006853", "svc": "gateway", "phase": "start", "ts": 11015000, "status": 200}
{"id": "t000006853", "svc": "gateway", "phase": "end", "ts": 11015100, "status": 200}
{"id": "t000006854", "svc": "payment", "phase": "start", "ts": 11016000, "status": 200}
{"id": "t000006854", "svc": "payment", "phase": "end", "ts": 11016100, "status": 200}
{"id": "t000006855", "svc": "auth", "phase": "start", "ts": 11017000, "status": 200}
{"id": "t000006855", "svc": "auth", "phase": "end", "ts": 11017100, "status": 200}
{"id": "t000006856", "svc": "gateway", "phase": "start", "ts": 11018000, "status": 200}
{"id": "t000006856", "svc": "gateway", "phase": "end", "ts": 11018100, "status": 500}
{"id": "t000006857", "svc": "payment", "phase": "start", "ts": 11019000, "status": 200}
{"id": "t000006857", "svc": "payment", "phase": "end", "ts": 11019100, "status": 200}
{"id": "t000006858", "svc": "auth", "phase": "start", "ts": 11020000, "status": 200}
{"id": "t000006858", "svc": "auth", "phase": "end", "ts": 11020100, "status": 200}
{"id": "t000006859", "svc": "gateway", "phase": "start", "ts": 11021000, "status": 200}
{"id": "t000006859", "svc": "gateway", "phase": "end", "ts": 11021100, "status": 200}
{"id": "t000006860", "svc": "payment", "phase": "start", "ts": 11022000, "status": 200}
{"id": "t000006860", "svc": "payment", "phase": "end", "ts": 11022100, "status": 200}
{"id": "t000006861", "svc": "auth", "phase": "start", "ts": 11023000, "status": 200}
{"id": "t000006861", "svc": "auth", "phase": "end", "ts": 11023100, "status": 200}
{"id": "t000006862", "svc": "gateway", "phase": "start", "ts": 11024000, "status": 200}
{"id": "t000006862", "svc": "gateway", "phase": "end", "ts": 11024100, "status": 200}
{"id": "t000006863", "svc": "payment", "phase": "start", "ts": 11025000, "status": 200}
{"id": "t000006863", "svc": "payment", "phase": "end", "ts": 11025100, "status": 200}
{"id": "t000006864", "svc": "auth", "phase": "start", "ts": 11026000, "status": 200}
{"id": "t000006864", "svc": "auth", "phase": "end", "ts": 11026100, "status": 500}
{"id": "t000006865", "svc": "gateway", "phase": "start", "ts": 11027000, "status": 200}
{"id": "t000006865", "svc": "gateway", "phase": "end", "ts": 11027100, "status": 200}
{"id": "t000006866", "svc": "payment", "phase": "start", "ts": 11028000, "status": 200}
{"id": "t000006866", "svc": "payment", "phase": "end", "ts": 11028100, "status": 200}
{"id": "t000006867", "svc": "auth", "phase": "start", "ts": 11029000, "status": 200}
{"id": "t000006867", "svc": "auth", "phase": "end", "ts": 11029100, "status": 200}
{"id": "t000006868", "svc": "gateway", "phase": "start", "ts": 11030000, "status": 200}
{"id": "t000006868", "svc": "gateway", "phase": "end", "ts": 11030100, "status": 200}
{"id": "t000006869", "svc": "payment", "phase": "start", "ts": 11031000, "status": 200}
{"id": "t000006869", "svc": "payment", "phase": "end", "ts": 11031100, "status": 200}
{"id": "t000006870", "svc": "auth", "phase": "start", "ts": 11032000, "status": 200}
{"id": "t000006870", "svc": "auth", "phase": "end", "ts": 11032100, "status": 200}
{"id": "t000006871", "svc": "gateway", "phase": "start", "ts": 11033000, "status": 200}
{"id": "t000006871", "svc": "gateway", "phase": "end", "ts": 11033100, "status": 200}
{"id": "t000006872", "svc": "payment", "phase": "start", "ts": 11034000, "status": 200}
{"id": "t000006872", "svc": "payment", "phase": "end", "ts": 11034100, "status": 500}
{"id": "t000006873", "svc": "auth", "phase": "start", "ts": 11035000, "status": 200}
{"id": "t000006873", "svc": "auth", "phase": "end", "ts": 11035100, "status": 200}
{"id": "t000006874", "svc": "gateway", "phase": "start", "ts": 11036000, "status": 200}
{"id": "t000006874", "svc": "gateway", "phase": "end", "ts": 11036100, "status": 200}
{"id": "t000006875", "svc": "payment", "phase": "start", "ts": 11037000, "status": 200}
{"id": "t000006875", "svc": "payment", "phase": "end", "ts": 11037100, "status": 200}
{"id": "t000006876", "svc": "auth", "phase": "start", "ts": 11038000, "status": 200}
{"id": "t000006876", "svc": "auth", "phase": "end", "ts": 11038100, "status": 200}
{"id": "t000006877", "svc": "gateway", "phase": "start", "ts": 11039000, "status": 200}
{"id": "t000006877", "svc": "gateway", "phase": "end", "ts": 11039100, "status": 200}
{"id": "t000006878", "svc": "payment", "phase": "start", "ts": 11040000, "status": 200}
{"id": "t000006878", "svc": "payment", "phase": "end", "ts": 11040100, "status": 200}
{"id": "t000006879", "svc": "auth", "phase": "start", "ts": 11041000, "status": 200}
{"id": "t000006879", "svc": "auth", "phase": "end", "ts": 11041100, "status": 200}
{"id": "t000006880", "svc": "gateway", "phase": "start", "ts": 11042000, "status": 200}
{"id": "t000006880", "svc": "gateway", "phase": "end", "ts": 11042100, "status": 500}
{"id": "t000006881", "svc": "payment", "phase": "start", "ts": 11043000, "status": 200}
{"id": "t000006881", "svc": "payment", "phase": "end", "ts": 11043100, "status": 200}
{"id": "t000006882", "svc": "auth", "phase": "start", "ts": 11044000, "status": 200}
{"id": "t000006882", "svc": "auth", "phase": "end", "ts": 11044100, "status": 200}
{"id": "t000006883", "svc": "gateway", "phase": "start", "ts": 11045000, "status": 200}
{"id": "t000006883", "svc": "gateway", "phase": "end", "ts": 11045100, "status": 200}
{"id": "t000006884", "svc": "payment", "phase": "start", "ts": 11046000, "status": 200}
{"id": "t000006884", "svc": "payment", "phase": "end", "ts": 11046100, "status": 200}
{"id": "t000006885", "svc": "auth", "phase": "start", "ts": 11047000, "status": 200}
{"id": "t000006885", "svc": "auth", "phase": "end", "ts": 11047100, "status": 200}
{"id": "t000006886", "svc": "gateway", "phase": "start", "ts": 11048000, "status": 200}
{"id": "t000006886", "svc": "gateway", "phase": "end", "ts": 11048100, "status": 200}
{"id": "t000006887", "svc": "payment", "phase": "start", "ts": 11049000, "status": 200}
{"id": "t000006887", "svc": "payment", "phase": "end", "ts": 11049100, "status": 200}
{"id": "t000006888", "svc": "auth", "phase": "start", "ts": 11050000, "status": 200}
{"id": "t000006888", "svc": "auth", "phase": "end", "ts": 11050100, "status": 500}
{"id": "t000006889", "svc": "gateway", "phase": "start", "ts": 11051000, "status": 200}
{"id": "t000006889", "svc": "gateway", "phase": "end", "ts": 11051100, "status": 200}
{"id": "t000006890", "svc": "payment", "phase": "start", "ts": 11052000, "status": 200}
{"id": "t000006890", "svc": "payment", "phase": "end", "ts": 11052100, "status": 200}
{"id": "t000006891", "svc": "auth", "phase": "start", "ts": 11053000, "status": 200}
{"id": "t000006891", "svc": "auth", "phase": "end", "ts": 11053100, "status": 200}
{"id": "t000006892", "svc": "gateway", "phase": "start", "ts": 11054000, "status": 200}
{"id": "t000006892", "svc": "gateway", "phase": "end", "ts": 11054100, "status": 200}
{"id": "t000006893", "svc": "payment", "phase": "start", "ts": 11055000, "status": 200}
{"id": "t000006893", "svc": "payment", "phase": "end", "ts": 11055100, "status": 200}
{"id": "t000006894", "svc": "auth", "phase": "start", "ts": 11056000, "status": 200}
{"id": "t000006894", "svc": "auth", "phase": "end", "ts": 11056100, "status": 200}
{"id": "t000006895", "svc": "gateway", "phase": "start", "ts": 11057000, "status": 200}
{"id": "t000006895", "svc": "gateway", "phase": "end", "ts": 11057100, "status": 200}
{"id": "t000006896", "svc": "payment", "phase": "start", "ts": 11058000, "status": 200}
{"id": "t000006896", "svc": "payment", "phase": "end", "ts": 11058100, "status": 500}
{"id": "t000006897", "svc": "auth", "phase": "start", "ts": 11059000, "status": 200}
{"id": "t000006897", "svc": "auth", "phase": "end", "ts": 11059100, "status": 200}
{"id": "t000006898", "svc": "gateway", "phase": "start", "ts": 11060000, "status": 200}
{"id": "t000006898", "svc": "gateway", "phase": "end", "ts": 11060100, "status": 200}
{"id": "t000006899", "svc": "payment", "phase": "start", "ts": 11061000, "status": 200}
{"id": "t000006899", "svc": "payment", "phase": "end", "ts": 11061100, "status": 200}
{"id": "t000006900", "svc": "auth", "phase": "start", "ts": 11062000, "status": 200}
{"id": "t000006900", "svc": "auth", "phase": "end", "ts": 11062100, "status": 200}
{"id": "t000006901", "svc": "gateway", "phase": "start", "ts": 11063000, "status": 200}
{"id": "t000006901", "svc": "gateway", "phase": "end", "ts": 11063100, "status": 200}
{"id": "t000006902", "svc": "payment", "phase": "start", "ts": 11064000, "status": 200}
{"id": "t000006902", "svc": "payment", "phase": "end", "ts": 11064100, "status": 200}
{"id": "t000006903", "svc": "auth", "phase": "start", "ts": 11065000, "status": 200}
{"id": "t000006903", "svc": "auth", "phase": "end", "ts": 11065100, "status": 200}
{"id": "t000006904", "svc": "gateway", "phase": "start", "ts": 11066000, "status": 200}
{"id": "t000006904", "svc": "gateway", "phase": "end", "ts": 11066100, "status": 500}
{"id": "t000006905", "svc": "payment", "phase": "start", "ts": 11067000, "status": 200}
{"id": "t000006905", "svc": "payment", "phase": "end", "ts": 11067100, "status": 200}
{"id": "t000006906", "svc": "auth", "phase": "start", "ts": 11068000, "status": 200}
{"id": "t000006906", "svc": "auth", "phase": "end", "ts": 11068100, "status": 200}
{"id": "t000006907", "svc": "gateway", "phase": "start", "ts": 11069000, "status": 200}
{"id": "t000006907", "svc": "gateway", "phase": "end", "ts": 11069100, "status": 200}
{"id": "t000006908", "svc": "payment", "phase": "start", "ts": 11070000, "status": 200}
{"id": "t000006908", "svc": "payment", "phase": "end", "ts": 11070100, "status": 200}
{"id": "t000006909", "svc": "auth", "phase": "start", "ts": 11071000, "status": 200}
{"id": "t000006909", "svc": "auth", "phase": "end", "ts": 11071100, "status": 200}
{"id": "t000006910", "svc": "gateway", "phase": "start", "ts": 11072000, "status": 200}
{"id": "t000006910", "svc": "gateway", "phase": "end", "ts": 11072100, "status": 200}
{"id": "t000006911", "svc": "payment", "phase": "start", "ts": 11073000, "status": 200}
{"id": "t000006911", "svc": "payment", "phase": "end", "ts": 11073100, "status": 200}
{"id": "t000006912", "svc": "auth", "phase": "start", "ts": 11074000, "status": 200}
{"id": "t000006912", "svc": "auth", "phase": "end", "ts": 11074100, "status": 500}
{"id": "t000006913", "svc": "gateway", "phase": "start", "ts": 11075000, "status": 200}
{"id": "t000006913", "svc": "gateway", "phase": "end", "ts": 11075100, "status": 200}
{"id": "t000006914", "svc": "payment", "phase": "start", "ts": 11076000, "status": 200}
{"id": "t000006914", "svc": "payment", "phase": "end", "ts": 11076100, "status": 200}
{"id": "t000006915", "svc": "auth", "phase": "start", "ts": 11077000, "status": 200}
{"id": "t000006915", "svc": "auth", "phase": "end", "ts": 11077100, "status": 200}
{"id": "t000006916", "svc": "gateway", "phase": "start", "ts": 11078000, "status": 200}
{"id": "t000006916", "svc": "gateway", "phase": "end", "ts": 11078100, "status": 200}
{"id": "t000006917", "svc": "payment", "phase": "start", "ts": 11079000, "status": 200}
{"id": "t000006917", "svc": "payment", "phase": "end", "ts": 11079100, "status": 200}
{"id": "t000006918", "svc": "auth", "phase": "start", "ts": 11080000, "status": 200}
{"id": "t000006918", "svc": "auth", "phase": "end", "ts": 11080100, "status": 200}
{"id": "t000006919", "svc": "gateway", "phase": "start", "ts": 11081000, "status": 200}
{"id": "t000006919", "svc": "gateway", "phase": "end", "ts": 11081100, "status": 200}
{"id": "t000006920", "svc": "payment", "phase": "start", "ts": 11082000, "status": 200}
{"id": "t000006920", "svc": "payment", "phase": "end", "ts": 11082100, "status": 500}
{"id": "t000006921", "svc": "auth", "phase": "start", "ts": 11083000, "status": 200}
{"id": "t000006921", "svc": "auth", "phase": "end", "ts": 11083100, "status": 200}
{"id": "t000006922", "svc": "gateway", "phase": "start", "ts": 11084000, "status": 200}
{"id": "t000006922", "svc": "gateway", "phase": "end", "ts": 11084100, "status": 200}
{"id": "t000006923", "svc": "payment", "phase": "start", "ts": 11085000, "status": 200}
{"id": "t000006923", "svc": "payment", "phase": "end", "ts": 11085100, "status": 200}
{"id": "t000006924", "svc": "auth", "phase": "start", "ts": 11086000, "status": 200}
{"id": "t000006924", "svc": "auth", "phase": "end", "ts": 11086100, "status": 200}
{"id": "t000006925", "svc": "gateway", "phase": "start", "ts": 11087000, "status": 200}
{"id": "t000006925", "svc": "gateway", "phase": "end", "ts": 11087100, "status": 200}
{"id": "t000006926", "svc": "payment", "phase": "start", "ts": 11088000, "status": 200}
{"id": "t000006926", "svc": "payment", "phase": "end", "ts": 11088100, "status": 200}
{"id": "t000006927", "svc": "auth", "phase": "start", "ts": 11089000, "status": 200}
{"id": "t000006927", "svc": "auth", "phase": "end", "ts": 11089100, "status": 200}
{"id": "t000006928", "svc": "gateway", "phase": "start", "ts": 11090000, "status": 200}
{"id": "t000006928", "svc": "gateway", "phase": "end", "ts": 11090100, "status": 500}
{"id": "t000006929", "svc": "payment", "phase": "start", "ts": 11091000, "status": 200}
{"id": "t000006929", "svc": "payment", "phase": "end", "ts": 11091100, "status": 200}
{"id": "t000006930", "svc": "auth", "phase": "start", "ts": 11092000, "status": 200}
{"id": "t000006930", "svc": "auth", "phase": "end", "ts": 11092100, "status": 200}
{"id": "t000006931", "svc": "gateway", "phase": "start", "ts": 11093000, "status": 200}
{"id": "t000006931", "svc": "gateway", "phase": "end", "ts": 11093100, "status": 200}
{"id": "t000006932", "svc": "payment", "phase": "start", "ts": 11094000, "status": 200}
{"id": "t000006932", "svc": "payment", "phase": "end", "ts": 11094100, "status": 200}
{"id": "t000006933", "svc": "auth", "phase": "start", "ts": 11095000, "status": 200}
{"id": "t000006933", "svc": "auth", "phase": "end", "ts": 11095100, "status": 200}
{"id": "t000006934", "svc": "gateway", "phase": "start", "ts": 11096000, "status": 200}
{"id": "t000006934", "svc": "gateway", "phase": "end", "ts": 11096100, "status": 200}
{"id": "t000006935", "svc": "payment", "phase": "start", "ts": 11097000, "status": 200}
{"id": "t000006935", "svc": "payment", "phase": "end", "ts": 11097100, "status": 200}
{"id": "t000006936", "svc": "auth", "phase": "start", "ts": 11098000, "status": 200}
{"id": "t000006936", "svc": "auth", "phase": "end", "ts": 11098100, "status": 500}
{"id": "t000006937", "svc": "gateway", "phase": "start", "ts": 11099000, "status": 200}
{"id": "t000006937", "svc": "gateway", "phase": "end", "ts": 11099100, "status": 200}
{"id": "t000006938", "svc": "payment", "phase": "start", "ts": 11100000, "status": 200}
{"id": "t000006938", "svc": "payment", "phase": "end", "ts": 11100100, "status": 200}
{"id": "t000006939", "svc": "auth", "phase": "start", "ts": 11101000, "status": 200}
{"id": "t000006939", "svc": "auth", "phase": "end", "ts": 11101100, "status": 200}
{"id": "t000006940", "svc": "gateway", "phase": "start", "ts": 11102000, "status": 200}
{"id": "t000006940", "svc": "gateway", "phase": "end", "ts": 11102100, "status": 200}
{"id": "t000006941", "svc": "payment", "phase": "start", "ts": 11103000, "status": 200}
{"id": "t000006941", "svc": "payment", "phase": "end", "ts": 11103100, "status": 200}
{"id": "t000006942", "svc": "auth", "phase": "start", "ts": 11104000, "status": 200}
{"id": "t000006942", "svc": "auth", "phase": "end", "ts": 11104100, "status": 200}
{"id": "t000006943", "svc": "gateway", "phase": "start", "ts": 11105000, "status": 200}
{"id": "t000006943", "svc": "gateway", "phase": "end", "ts": 11105100, "status": 200}
{"id": "t000006944", "svc": "payment", "phase": "start", "ts": 11106000, "status": 200}
{"id": "t000006944", "svc": "payment", "phase": "end", "ts": 11106100, "status": 500}
{"id": "t000006945", "svc": "auth", "phase": "start", "ts": 11107000, "status": 200}
{"id": "t000006945", "svc": "auth", "phase": "end", "ts": 11107100, "status": 200}
{"id": "t000006946", "svc": "gateway", "phase": "start", "ts": 11108000, "status": 200}
{"id": "t000006946", "svc": "gateway", "phase": "end", "ts": 11108100, "status": 200}
{"id": "t000006947", "svc": "payment", "phase": "start", "ts": 11109000, "status": 200}
{"id": "t000006947", "svc": "payment", "phase": "end", "ts": 11109100, "status": 200}
{"id": "t000006948", "svc": "auth", "phase": "start", "ts": 11110000, "status": 200}
{"id": "t000006948", "svc": "auth", "phase": "end", "ts": 11110100, "status": 200}
{"id": "t000006949", "svc": "gateway", "phase": "start", "ts": 11111000, "status": 200}
{"id": "t000006949", "svc": "gateway", "phase": "end", "ts": 11111100, "status": 200}
{"id": "t000006950", "svc": "payment", "phase": "start", "ts": 11112000, "status": 200}
{"id": "t000006950", "svc": "payment", "phase": "end", "ts": 11112100, "status": 200}
{"id": "t000006951", "svc": "auth", "phase": "start", "ts": 11113000, "status": 200}
{"id": "t000006951", "svc": "auth", "phase": "end", "ts": 11113100, "status": 200}
{"id": "t000006952", "svc": "gateway", "phase": "start", "ts": 11114000, "status": 200}
{"id": "t000006952", "svc": "gateway", "phase": "end", "ts": 11114100, "status": 500}
{"id": "t000006953", "svc": "payment", "phase": "start", "ts": 11115000, "status": 200}
{"id": "t000006953", "svc": "payment", "phase": "end", "ts": 11115100, "status": 200}
{"id": "t000006954", "svc": "auth", "phase": "start", "ts": 11116000, "status": 200}
{"id": "t000006954", "svc": "auth", "phase": "end", "ts": 11116100, "status": 200}
{"id": "t000006955", "svc": "gateway", "phase": "start", "ts": 11117000, "status": 200}
{"id": "t000006955", "svc": "gateway", "phase": "end", "ts": 11117100, "status": 200}
{"id": "t000006956", "svc": "payment", "phase": "start", "ts": 11118000, "status": 200}
{"id": "t000006956", "svc": "payment", "phase": "end", "ts": 11118100, "status": 200}
{"id": "t000006957", "svc": "auth", "phase": "start", "ts": 11119000, "status": 200}
{"id": "t000006957", "svc": "auth", "phase": "end", "ts": 11119100, "status": 200}
{"id": "t000006958", "svc": "gateway", "phase": "start", "ts": 11120000, "status": 200}
{"id": "t000006958", "svc": "gateway", "phase": "end", "ts": 11120100, "status": 200}
{"id": "t000006959", "svc": "payment", "phase": "start", "ts": 11121000, "status": 200}
{"id": "t000006959", "svc": "payment", "phase": "end", "ts": 11121100, "status": 200}
{"id": "t000006960", "svc": "auth", "phase": "start", "ts": 11122000, "status": 200}
{"id": "t000006960", "svc": "auth", "phase": "end", "ts": 11122100, "status": 500}
{"id": "t000006961", "svc": "gateway", "phase": "start", "ts": 11123000, "status": 200}
{"id": "t000006961", "svc": "gateway", "phase": "end", "ts": 11123100, "status": 200}
{"id": "t000006962", "svc": "payment", "phase": "start", "ts": 11124000, "status": 200}
{"id": "t000006962", "svc": "payment", "phase": "end", "ts": 11124100, "status": 200}
{"id": "t000006963", "svc": "auth", "phase": "start", "ts": 11125000, "status": 200}
{"id": "t000006963", "svc": "auth", "phase": "end", "ts": 11125100, "status": 200}
{"id": "t000006964", "svc": "gateway", "phase": "start", "ts": 11126000, "status": 200}
{"id": "t000006964", "svc": "gateway", "phase": "end", "ts": 11126100, "status": 200}
{"id": "t000006965", "svc": "payment", "phase": "start", "ts": 11127000, "status": 200}
{"id": "t000006965", "svc": "payment", "phase": "end", "ts": 11127100, "status": 200}
{"id": "t000006966", "svc": "auth", "phase": "start", "ts": 11128000, "status": 200}
{"id": "t000006966", "svc": "auth", "phase": "end", "ts": 11128100, "status": 200}
{"id": "t000006967", "svc": "gateway", "phase": "start", "ts": 11129000, "status": 200}
{"id": "t000006967", "svc": "gateway", "phase": "end", "ts": 11129100, "status": 200}
{"id": "t000006968", "svc": "payment", "phase": "start", "ts": 11130000, "status": 200}
{"id": "t000006968", "svc": "payment", "phase": "end", "ts": 11130100, "status": 500}
{"id": "t000006969", "svc": "auth", "phase": "start", "ts": 11131000, "status": 200}
{"id": "t000006969", "svc": "auth", "phase": "end", "ts": 11131100, "status": 200}
{"id": "t000006970", "svc": "gateway", "phase": "start", "ts": 11132000, "status": 200}
{"id": "t000006970", "svc": "gateway", "phase": "end", "ts": 11132100, "status": 200}
{"id": "t000006971", "svc": "payment", "phase": "start", "ts": 11133000, "status": 200}
{"id": "t000006971", "svc": "payment", "phase": "end", "ts": 11133100, "status": 200}
{"id": "t000006972", "svc": "auth", "phase": "start", "ts": 11134000, "status": 200}
{"id": "t000006972", "svc": "auth", "phase": "end", "ts": 11134100, "status": 200}
{"id": "t000006973", "svc": "gateway", "phase": "start", "ts": 11135000, "status": 200}
{"id": "t000006973", "svc": "gateway", "phase": "end", "ts": 11135100, "status": 200}
{"id": "t000006974", "svc": "payment", "phase": "start", "ts": 11136000, "status": 200}
{"id": "t000006974", "svc": "payment", "phase": "end", "ts": 11136100, "status": 200}
{"id": "t000006975", "svc": "auth", "phase": "start", "ts": 11137000, "status": 200}
{"id": "t000006975", "svc": "auth", "phase": "end", "ts": 11137100, "status": 200}
{"id": "t000006976", "svc": "gateway", "phase": "start", "ts": 11138000, "status": 200}
{"id": "t000006976", "svc": "gateway", "phase": "end", "ts": 11138100, "status": 500}
{"id": "t000006977", "svc": "payment", "phase": "start", "ts": 11139000, "status": 200}
{"id": "t000006977", "svc": "payment", "phase": "end", "ts": 11139100, "status": 200}
{"id": "t000006978", "svc": "auth", "phase": "start", "ts": 11140000, "status": 200}
{"id": "t000006978", "svc": "auth", "phase": "end", "ts": 11140100, "status": 200}
{"id": "t000006979", "svc": "gateway", "phase": "start", "ts": 11141000, "status": 200}
{"id": "t000006979", "svc": "gateway", "phase": "end", "ts": 11141100, "status": 200}
{"id": "t000006980", "svc": "payment", "phase": "start", "ts": 11142000, "status": 200}
{"id": "t000006980", "svc": "payment", "phase": "end", "ts": 11142100, "status": 200}
{"id": "t000006981", "svc": "auth", "phase": "start", "ts": 11143000, "status": 200}
{"id": "t000006981", "svc": "auth", "phase": "end", "ts": 11143100, "status": 200}
{"id": "t000006982", "svc": "gateway", "phase": "start", "ts": 11144000, "status": 200}
{"id": "t000006982", "svc": "gateway", "phase": "end", "ts": 11144100, "status": 200}
{"id": "t000006983", "svc": "payment", "phase": "start", "ts": 11145000, "status": 200}
{"id": "t000006983", "svc": "payment", "phase": "end", "ts": 11145100, "status": 200}
{"id": "t000006984", "svc": "auth", "phase": "start", "ts": 11146000, "status": 200}
{"id": "t000006984", "svc": "auth", "phase": "end", "ts": 11146100, "status": 500}
{"id": "t000006985", "svc": "gateway", "phase": "start", "ts": 11147000, "status": 200}
{"id": "t000006985", "svc": "gateway", "phase": "end", "ts": 11147100, "status": 200}
{"id": "t000006986", "svc": "payment", "phase": "start", "ts": 11148000, "status": 200}
{"id": "t000006986", "svc": "payment", "phase": "end", "ts": 11148100, "status": 200}
{"id": "t000006987", "svc": "auth", "phase": "start", "ts": 11149000, "status": 200}
{"id": "t000006987", "svc": "auth", "phase": "end", "ts": 11149100, "status": 200}
{"id": "t000006988", "svc": "gateway", "phase": "start", "ts": 11150000, "status": 200}
{"id": "t000006988", "svc": "gateway", "phase": "end", "ts": 11150100, "status": 200}
{"id": "t000006989", "svc": "payment", "phase": "start", "ts": 11151000, "status": 200}
{"id": "t000006989", "svc": "payment", "phase": "end", "ts": 11151100, "status": 200}
{"id": "t000006990", "svc": "auth", "phase": "start", "ts": 11152000, "status": 200}
{"id": "t000006990", "svc": "auth", "phase": "end", "ts": 11152100, "status": 200}
{"id": "t000006991", "svc": "gateway", "phase": "start", "ts": 11153000, "status": 200}
{"id": "t000006991", "svc": "gateway", "phase": "end", "ts": 11153100, "status": 200}
{"id": "t000006992", "svc": "payment", "phase": "start", "ts": 11154000, "status": 200}
{"id": "t000006992", "svc": "payment", "phase": "end", "ts": 11154100, "status": 500}
{"id": "t000006993", "svc": "auth", "phase": "start", "ts": 11155000, "status": 200}
{"id": "t000006993", "svc": "auth", "phase": "end", "ts": 11155100, "status": 200}
{"id": "t000006994", "svc": "gateway", "phase": "start", "ts": 11156000, "status": 200}
{"id": "t000006994", "svc": "gateway", "phase": "end", "ts": 11156100, "status": 200}
{"id": "t000006995", "svc": "payment", "phase": "start", "ts": 11157000, "status": 200}
{"id": "t000006995", "svc": "payment", "phase": "end", "ts": 11157100, "status": 200}
{"id": "t000006996", "svc": "auth", "phase": "start", "ts": 11158000, "status": 200}
{"id": "t000006996", "svc": "auth", "phase": "end", "ts": 11158100, "status": 200}
{"id": "t000006997", "svc": "gateway", "phase": "start", "ts": 11159000, "status": 200}
{"id": "t000006997", "svc": "gateway", "phase": "end", "ts": 11159100, "status": 200}
{"id": "t000006998", "svc": "payment", "phase": "start", "ts": 11160000, "status": 200}
{"id": "t000006998", "svc": "payment", "phase": "end", "ts": 11160100, "status": 200}
{"id": "t000006999", "svc": "auth", "phase": "start", "ts": 11161000, "status": 200}
{"id": "t000006999", "svc": "auth", "phase": "end", "ts": 11161100, "status": 200}
{"id": "t000007000", "svc": "gateway", "phase": "start", "ts": 11162000, "status": 200}
{"id": "t000007000", "svc": "gateway", "phase": "end", "ts": 11162100, "status": 500}
{"id": "t000007001", "svc": "payment", "phase": "start", "ts": 11163000, "status": 200}
{"id": "t000007001", "svc": "payment", "phase": "end", "ts": 11163100, "status": 200}
{"id": "t000007002", "svc": "auth", "phase": "start", "ts": 11164000, "status": 200}
{"id": "t000007002", "svc": "auth", "phase": "end", "ts": 11164100, "status": 200}
{"id": "t000007003", "svc": "gateway", "phase": "start", "ts": 11165000, "status": 200}
{"id": "t000007003", "svc": "gateway", "phase": "end", "ts": 11165100, "status": 200}
{"id": "t000007004", "svc": "payment", "phase": "start", "ts": 11166000, "status": 200}
{"id": "t000007004", "svc": "payment", "phase": "end", "ts": 11166100, "status": 200}
{"id": "t000007005", "svc": "auth", "phase": "start", "ts": 11167000, "status": 200}
{"id": "t000007005", "svc": "auth", "phase": "end", "ts": 11167100, "status": 200}
{"id": "t000007006", "svc": "gateway", "phase": "start", "ts": 11168000, "status": 200}
{"id": "t000007006", "svc": "gateway", "phase": "end", "ts": 11168100, "status": 200}
{"id": "t000007007", "svc": "payment", "phase": "start", "ts": 11169000, "status": 200}
{"id": "t000007007", "svc": "payment", "phase": "end", "ts": 11169100, "status": 200}
{"id": "t000007008", "svc": "auth", "phase": "start", "ts": 11170000, "status": 200}
{"id": "t000007008", "svc": "auth", "phase": "end", "ts": 11170100, "status": 500}
{"id": "t000007009", "svc": "gateway", "phase": "start", "ts": 11171000, "status": 200}
{"id": "t000007009", "svc": "gateway", "phase": "end", "ts": 11171100, "status": 200}
{"id": "t000007010", "svc": "payment", "phase": "start", "ts": 11172000, "status": 200}
{"id": "t000007010", "svc": "payment", "phase": "end", "ts": 11172100, "status": 200}
{"id": "t000007011", "svc": "auth", "phase": "start", "ts": 11173000, "status": 200}
{"id": "t000007011", "svc": "auth", "phase": "end", "ts": 11173100, "status": 200}
{"id": "t000007012", "svc": "gateway", "phase": "start", "ts": 11174000, "status": 200}
{"id": "t000007012", "svc": "gateway", "phase": "end", "ts": 11174100, "status": 200}
{"id": "t000007013", "svc": "payment", "phase": "start", "ts": 11175000, "status": 200}
{"id": "t000007013", "svc": "payment", "phase": "end", "ts": 11175100, "status": 200}
{"id": "t000007014", "svc": "auth", "phase": "start", "ts": 11176000, "status": 200}
{"id": "t000007014", "svc": "auth", "phase": "end", "ts": 11176100, "status": 200}
{"id": "t000007015", "svc": "gateway", "phase": "start", "ts": 11177000, "status": 200}
{"id": "t000007015", "svc": "gateway", "phase": "end", "ts": 11177100, "status": 200}
{"id": "t000007016", "svc": "payment", "phase": "start", "ts": 11178000, "status": 200}
{"id": "t000007016", "svc": "payment", "phase": "end", "ts": 11178100, "status": 500}
{"id": "t000007017", "svc": "auth", "phase": "start", "ts": 11179000, "status": 200}
{"id": "t000007017", "svc": "auth", "phase": "end", "ts": 11179100, "status": 200}
{"id": "t000007018", "svc": "gateway", "phase": "start", "ts": 11180000, "status": 200}
{"id": "t000007018", "svc": "gateway", "phase": "end", "ts": 11180100, "status": 200}
{"id": "t000007019", "svc": "payment", "phase": "start", "ts": 11181000, "status": 200}
{"id": "t000007019", "svc": "payment", "phase": "end", "ts": 11181100, "status": 200}
{"id": "t000007020", "svc": "auth", "phase": "start", "ts": 11182000, "status": 200}
{"id": "t000007020", "svc": "auth", "phase": "end", "ts": 11182100, "status": 200}
{"id": "t000007021", "svc": "gateway", "phase": "start", "ts": 11183000, "status": 200}
{"id": "t000007021", "svc": "gateway", "phase": "end", "ts": 11183100, "status": 200}
{"id": "t000007022", "svc": "payment", "phase": "start", "ts": 11184000, "status": 200}
{"id": "t000007022", "svc": "payment", "phase": "end", "ts": 11184100, "status": 200}
{"id": "t000007023", "svc": "auth", "phase": "start", "ts": 11185000, "status": 200}
{"id": "t000007023", "svc": "auth", "phase": "end", "ts": 11185100, "status": 200}
{"id": "t000007024", "svc": "gateway", "phase": "start", "ts": 11186000, "status": 200}
{"id": "t000007024", "svc": "gateway", "phase": "end", "ts": 11186100, "status": 500}
{"id": "t000007025", "svc": "payment", "phase": "start", "ts": 11187000, "status": 200}
{"id": "t000007025", "svc": "payment", "phase": "end", "ts": 11187100, "status": 200}
{"id": "t000007026", "svc": "auth", "phase": "start", "ts": 11188000, "status": 200}
{"id": "t000007026", "svc": "auth", "phase": "end", "ts": 11188100, "status": 200}
{"id": "t000007027", "svc": "gateway", "phase": "start", "ts": 11189000, "status": 200}
{"id": "t000007027", "svc": "gateway", "phase": "end", "ts": 11189100, "status": 200}
{"id": "t000007028", "svc": "payment", "phase": "start", "ts": 11190000, "status": 200}
{"id": "t000007028", "svc": "payment", "phase": "end", "ts": 11190100, "status": 200}
{"id": "t000007029", "svc": "auth", "phase": "start", "ts": 11191000, "status": 200}
{"id": "t000007029", "svc": "auth", "phase": "end", "ts": 11191100, "status": 200}
{"id": "t000007030", "svc": "gateway", "phase": "start", "ts": 11192000, "status": 200}
{"id": "t000007030", "svc": "gateway", "phase": "end", "ts": 11192100, "status": 200}
{"id": "t000007031", "svc": "payment", "phase": "start", "ts": 11193000, "status": 200}
{"id": "t000007031", "svc": "payment", "phase": "end", "ts": 11193100, "status": 200}
{"id": "t000007032", "svc": "auth", "phase": "start", "ts": 11194000, "status": 200}
{"id": "t000007032", "svc": "auth", "phase": "end", "ts": 11194100, "status": 500}
{"id": "t000007033", "svc": "gateway", "phase": "start", "ts": 11195000, "status": 200}
{"id": "t000007033", "svc": "gateway", "phase": "end", "ts": 11195100, "status": 200}
{"id": "t000007034", "svc": "payment", "phase": "start", "ts": 11196000, "status": 200}
{"id": "t000007034", "svc": "payment", "phase": "end", "ts": 11196100, "status": 200}
{"id": "t000007035", "svc": "auth", "phase": "start", "ts": 11197000, "status": 200}
{"id": "t000007035", "svc": "auth", "phase": "end", "ts": 11197100, "status": 200}
{"id": "t000007036", "svc": "gateway", "phase": "start", "ts": 11198000, "status": 200}
{"id": "t000007036", "svc": "gateway", "phase": "end", "ts": 11198100, "status": 200}
{"id": "t000007037", "svc": "payment", "phase": "start", "ts": 11199000, "status": 200}
{"id": "t000007037", "svc": "payment", "phase": "end", "ts": 11199100, "status": 200}
{"id": "t000007038", "svc": "auth", "phase": "start", "ts": 11200000, "status": 200}
{"id": "t000007038", "svc": "auth", "phase": "end", "ts": 11200100, "status": 200}
{"id": "t000007039", "svc": "gateway", "phase": "start", "ts": 11201000, "status": 200}
{"id": "t000007039", "svc": "gateway", "phase": "end", "ts": 11201100, "status": 200}
{"id": "t000007040", "svc": "payment", "phase": "start", "ts": 11202000, "status": 200}
{"id": "t000007040", "svc": "payment", "phase": "end", "ts": 11202100, "status": 500}
{"id": "t000007041", "svc": "auth", "phase": "start", "ts": 11203000, "status": 200}
{"id": "t000007041", "svc": "auth", "phase": "end", "ts": 11203100, "status": 200}
{"id": "t000007042", "svc": "gateway", "phase": "start", "ts": 11204000, "status": 200}
{"id": "t000007042", "svc": "gateway", "phase": "end", "ts": 11204100, "status": 200}
{"id": "t000007043", "svc": "payment", "phase": "start", "ts": 11205000, "status": 200}
{"id": "t000007043", "svc": "payment", "phase": "end", "ts": 11205100, "status": 200}
{"id": "t000007044", "svc": "auth", "phase": "start", "ts": 11206000, "status": 200}
{"id": "t000007044", "svc": "auth", "phase": "end", "ts": 11206100, "status": 200}
{"id": "t000007045", "svc": "gateway", "phase": "start", "ts": 11207000, "status": 200}
{"id": "t000007045", "svc": "gateway", "phase": "end", "ts": 11207100, "status": 200}
{"id": "t000007046", "svc": "payment", "phase": "start", "ts": 11208000, "status": 200}
{"id": "t000007046", "svc": "payment", "phase": "end", "ts": 11208100, "status": 200}
{"id": "t000007047", "svc": "auth", "phase": "start", "ts": 11209000, "status": 200}
{"id": "t000007047", "svc": "auth", "phase": "end", "ts": 11209100, "status": 200}
{"id": "t000007048", "svc": "gateway", "phase": "start", "ts": 11210000, "status": 200}
{"id": "t000007048", "svc": "gateway", "phase": "end", "ts": 11210100, "status": 500}
{"id": "t000007049", "svc": "payment", "phase": "start", "ts": 11211000, "status": 200}
{"id": "t000007049", "svc": "payment", "phase": "end", "ts": 11211100, "status": 200}
{"id": "t000007050", "svc": "auth", "phase": "start", "ts": 11212000, "status": 200}
{"id": "t000007050", "svc": "auth", "phase": "end", "ts": 11212100, "status": 200}
{"id": "t000007051", "svc": "gateway", "phase": "start", "ts": 11213000, "status": 200}
{"id": "t000007051", "svc": "gateway", "phase": "end", "ts": 11213100, "status": 200}
{"id": "t000007052", "svc": "payment", "phase": "start", "ts": 11214000, "status": 200}
{"id": "t000007052", "svc": "payment", "phase": "end", "ts": 11214100, "status": 200}
{"id": "t000007053", "svc": "auth", "phase": "start", "ts": 11215000, "status": 200}
{"id": "t000007053", "svc": "auth", "phase": "end", "ts": 11215100, "status": 200}
{"id": "t000007054", "svc": "gateway", "phase": "start", "ts": 11216000, "status": 200}
{"id": "t000007054", "svc": "gateway", "phase": "end", "ts": 11216100, "status": 200}
{"id": "t000007055", "svc": "payment", "phase": "start", "ts": 11217000, "status": 200}
{"id": "t000007055", "svc": "payment", "phase": "end", "ts": 11217100, "status": 200}
{"id": "t000007056", "svc": "auth", "phase": "start", "ts": 11218000, "status": 200}
{"id": "t000007056", "svc": "auth", "phase": "end", "ts": 11218100, "status": 500}
{"id": "t000007057", "svc": "gateway", "phase": "start", "ts": 11219000, "status": 200}
{"id": "t000007057", "svc": "gateway", "phase": "end", "ts": 11219100, "status": 200}
{"id": "t000007058", "svc": "payment", "phase": "start", "ts": 11220000, "status": 200}
{"id": "t000007058", "svc": "payment", "phase": "end", "ts": 11220100, "status": 200}
{"id": "t000007059", "svc": "auth", "phase": "start", "ts": 11221000, "status": 200}
{"id": "t000007059", "svc": "auth", "phase": "end", "ts": 11221100, "status": 200}
{"id": "t000007060", "svc": "gateway", "phase": "start", "ts": 11222000, "status": 200}
{"id": "t000007060", "svc": "gateway", "phase": "end", "ts": 11222100, "status": 200}
{"id": "t000007061", "svc": "payment", "phase": "start", "ts": 11223000, "status": 200}
{"id": "t000007061", "svc": "payment", "phase": "end", "ts": 11223100, "status": 200}
{"id": "t000007062", "svc": "auth", "phase": "start", "ts": 11224000, "status": 200}
{"id": "t000007062", "svc": "auth", "phase": "end", "ts": 11224100, "status": 200}
{"id": "t000007063", "svc": "gateway", "phase": "start", "ts": 11225000, "status": 200}
{"id": "t000007063", "svc": "gateway", "phase": "end", "ts": 11225100, "status": 200}
{"id": "t000007064", "svc": "payment", "phase": "start", "ts": 11226000, "status": 200}
{"id": "t000007064", "svc": "payment", "phase": "end", "ts": 11226100, "status": 500}
{"id": "t000007065", "svc": "auth", "phase": "start", "ts": 11227000, "status": 200}
{"id": "t000007065", "svc": "auth", "phase": "end", "ts": 11227100, "status": 200}
{"id": "t000007066", "svc": "gateway", "phase": "start", "ts": 11228000, "status": 200}
{"id": "t000007066", "svc": "gateway", "phase": "end", "ts": 11228100, "status": 200}
{"id": "t000007067", "svc": "payment", "phase": "start", "ts": 11229000, "status": 200}
{"id": "t000007067", "svc": "payment", "phase": "end", "ts": 11229100, "status": 200}
{"id": "t000007068", "svc": "auth", "phase": "start", "ts": 11230000, "status": 200}
{"id": "t000007068", "svc": "auth", "phase": "end", "ts": 11230100, "status": 200}
{"id": "t000007069", "svc": "gateway", "phase": "start", "ts": 11231000, "status": 200}
{"id": "t000007069", "svc": "gateway", "phase": "end", "ts": 11231100, "status": 200}
{"id": "t000007070", "svc": "payment", "phase": "start", "ts": 11232000, "status": 200}
{"id": "t000007070", "svc": "payment", "phase": "end", "ts": 11232100, "status": 200}
{"id": "t000007071", "svc": "auth", "phase": "start", "ts": 11233000, "status": 200}
{"id": "t000007071", "svc": "auth", "phase": "end", "ts": 11233100, "status": 200}
{"id": "t000007072", "svc": "gateway", "phase": "start", "ts": 11234000, "status": 200}
{"id": "t000007072", "svc": "gateway", "phase": "end", "ts": 11234100, "status": 500}
{"id": "t000007073", "svc": "payment", "phase": "start", "ts": 11235000, "status": 200}
{"id": "t000007073", "svc": "payment", "phase": "end", "ts": 11235100, "status": 200}
{"id": "t000007074", "svc": "auth", "phase": "start", "ts": 11236000, "status": 200}
{"id": "t000007074", "svc": "auth", "phase": "end", "ts": 11236100, "status": 200}
{"id": "t000007075", "svc": "gateway", "phase": "start", "ts": 11237000, "status": 200}
{"id": "t000007075", "svc": "gateway", "phase": "end", "ts": 11237100, "status": 200}
{"id": "t000007076", "svc": "payment", "phase": "start", "ts": 11238000, "status": 200}
{"id": "t000007076", "svc": "payment", "phase": "end", "ts": 11238100, "status": 200}
{"id": "t000007077", "svc": "auth", "phase": "start", "ts": 11239000, "status": 200}
{"id": "t000007077", "svc": "auth", "phase": "end", "ts": 11239100, "status": 200}
{"id": "t000007078", "svc": "gateway", "phase": "start", "ts": 11240000, "status": 200}
{"id": "t000007078", "svc": "gateway", "phase": "end", "ts": 11240100, "status": 200}
{"id": "t000007079", "svc": "payment", "phase": "start", "ts": 11241000, "status": 200}
{"id": "t000007079", "svc": "payment", "phase": "end", "ts": 11241100, "status": 200}
{"id": "t000007080", "svc": "auth", "phase": "start", "ts": 11242000, "status": 200}
{"id": "t000007080", "svc": "auth", "phase": "end", "ts": 11242100, "status": 500}
{"id": "t000007081", "svc": "gateway", "phase": "start", "ts": 11243000, "status": 200}
{"id": "t000007081", "svc": "gateway", "phase": "end", "ts": 11243100, "status": 200}
{"id": "t000007082", "svc": "payment", "phase": "start", "ts": 11244000, "status": 200}
{"id": "t000007082", "svc": "payment", "phase": "end", "ts": 11244100, "status": 200}
{"id": "t000007083", "svc": "auth", "phase": "start", "ts": 11245000, "status": 200}
{"id": "t000007083", "svc": "auth", "phase": "end", "ts": 11245100, "status": 200}
{"id": "t000007084", "svc": "gateway", "phase": "start", "ts": 11246000, "status": 200}
{"id": "t000007084", "svc": "gateway", "phase": "end", "ts": 11246100, "status": 200}
{"id": "t000007085", "svc": "payment", "phase": "start", "ts": 11247000, "status": 200}
{"id": "t000007085", "svc": "payment", "phase": "end", "ts": 11247100, "status": 200}
{"id": "t000007086", "svc": "auth", "phase": "start", "ts": 11248000, "status": 200}
{"id": "t000007086", "svc": "auth", "phase": "end", "ts": 11248100, "status": 200}
{"id": "t000007087", "svc": "gateway", "phase": "start", "ts": 11249000, "status": 200}
{"id": "t000007087", "svc": "gateway", "phase": "end", "ts": 11249100, "status": 200}
{"id": "t000007088", "svc": "payment", "phase": "start", "ts": 11250000, "status": 200}
{"id": "t000007088", "svc": "payment", "phase": "end", "ts": 11250100, "status": 500}
{"id": "t000007089", "svc": "auth", "phase": "start", "ts": 11251000, "status": 200}
{"id": "t000007089", "svc": "auth", "phase": "end", "ts": 11251100, "status": 200}
{"id": "t000007090", "svc": "gateway", "phase": "start", "ts": 11252000, "status": 200}
{"id": "t000007090", "svc": "gateway", "phase": "end", "ts": 11252100, "status": 200}
{"id": "t000007091", "svc": "payment", "phase": "start", "ts": 11253000, "status": 200}
{"id": "t000007091", "svc": "payment", "phase": "end", "ts": 11253100, "status": 200}
{"id": "t000007092", "svc": "auth", "phase": "start", "ts": 11254000, "status": 200}
{"id": "t000007092", "svc": "auth", "phase": "end", "ts": 11254100, "status": 200}
{"id": "t000007093", "svc": "gateway", "phase": "start", "ts": 11255000, "status": 200}
{"id": "t000007093", "svc": "gateway", "phase": "end", "ts": 11255100, "status": 200}
{"id": "t000007094", "svc": "payment", "phase": "start", "ts": 11256000, "status": 200}
{"id": "t000007094", "svc": "payment", "phase": "end", "ts": 11256100, "status": 200}
{"id": "t000007095", "svc": "auth", "phase": "start", "ts": 11257000, "status": 200}
{"id": "t000007095", "svc": "auth", "phase": "end", "ts": 11257100, "status": 200}
{"id": "t000007096", "svc": "gateway", "phase": "start", "ts": 11258000, "status": 200}
{"id": "t000007096", "svc": "gateway", "phase": "end", "ts": 11258100, "status": 500}
{"id": "t000007097", "svc": "payment", "phase": "start", "ts": 11259000, "status": 200}
{"id": "t000007097", "svc": "payment", "phase": "end", "ts": 11259100, "status": 200}
{"id": "t000007098", "svc": "auth", "phase": "start", "ts": 11260000, "status": 200}
{"id": "t000007098", "svc": "auth", "phase": "end", "ts": 11260100, "status": 200}
{"id": "t000007099", "svc": "gateway", "phase": "start", "ts": 11261000, "status": 200}
{"id": "t000007099", "svc": "gateway", "phase": "end", "ts": 11261100, "status": 200}
{"id": "t000007100", "svc": "payment", "phase": "start", "ts": 11262000, "status": 200}
{"id": "t000007100", "svc": "payment", "phase": "end", "ts": 11262100, "status": 200}
{"id": "t000007101", "svc": "auth", "phase": "start", "ts": 11263000, "status": 200}
{"id": "t000007101", "svc": "auth", "phase": "end", "ts": 11263100, "status": 200}
{"id": "t000007102", "svc": "gateway", "phase": "start", "ts": 11264000, "status": 200}
{"id": "t000007102", "svc": "gateway", "phase": "end", "ts": 11264100, "status": 200}
{"id": "t000007103", "svc": "payment", "phase": "start", "ts": 11265000, "status": 200}
{"id": "t000007103", "svc": "payment", "phase": "end", "ts": 11265100, "status": 200}
{"id": "t000007104", "svc": "auth", "phase": "start", "ts": 11266000, "status": 200}
{"id": "t000007104", "svc": "auth", "phase": "end", "ts": 11266100, "status": 500}
{"id": "t000007105", "svc": "gateway", "phase": "start", "ts": 11267000, "status": 200}
{"id": "t000007105", "svc": "gateway", "phase": "end", "ts": 11267100, "status": 200}
{"id": "t000007106", "svc": "payment", "phase": "start", "ts": 11268000, "status": 200}
{"id": "t000007106", "svc": "payment", "phase": "end", "ts": 11268100, "status": 200}
{"id": "t000007107", "svc": "auth", "phase": "start", "ts": 11269000, "status": 200}
{"id": "t000007107", "svc": "auth", "phase": "end", "ts": 11269100, "status": 200}
{"id": "t000007108", "svc": "gateway", "phase": "start", "ts": 11270000, "status": 200}
{"id": "t000007108", "svc": "gateway", "phase": "end", "ts": 11270100, "status": 200}
{"id": "t000007109", "svc": "payment", "phase": "start", "ts": 11271000, "status": 200}
{"id": "t000007109", "svc": "payment", "phase": "end", "ts": 11271100, "status": 200}
{"id": "t000007110", "svc": "auth", "phase": "start", "ts": 11272000, "status": 200}
{"id": "t000007110", "svc": "auth", "phase": "end", "ts": 11272100, "status": 200}
{"id": "t000007111", "svc": "gateway", "phase": "start", "ts": 11273000, "status": 200}
{"id": "t000007111", "svc": "gateway", "phase": "end", "ts": 11273100, "status": 200}
{"id": "t000007112", "svc": "payment", "phase": "start", "ts": 11274000, "status": 200}
{"id": "t000007112", "svc": "payment", "phase": "end", "ts": 11274100, "status": 500}
{"id": "t000007113", "svc": "auth", "phase": "start", "ts": 11275000, "status": 200}
{"id": "t000007113", "svc": "auth", "phase": "end", "ts": 11275100, "status": 200}
{"id": "t000007114", "svc": "gateway", "phase": "start", "ts": 11276000, "status": 200}
{"id": "t000007114", "svc": "gateway", "phase": "end", "ts": 11276100, "status": 200}
{"id": "t000007115", "svc": "payment", "phase": "start", "ts": 11277000, "status": 200}
{"id": "t000007115", "svc": "payment", "phase": "end", "ts": 11277100, "status": 200}
{"id": "t000007116", "svc": "auth", "phase": "start", "ts": 11278000, "status": 200}
{"id": "t000007116", "svc": "auth", "phase": "end", "ts": 11278100, "status": 200}
{"id": "t000007117", "svc": "gateway", "phase": "start", "ts": 11279000, "status": 200}
{"id": "t000007117", "svc": "gateway", "phase": "end", "ts": 11279100, "status": 200}
{"id": "t000007118", "svc": "payment", "phase": "start", "ts": 11280000, "status": 200}
{"id": "t000007118", "svc": "payment", "phase": "end", "ts": 11280100, "status": 200}
{"id": "t000007119", "svc": "auth", "phase": "start", "ts": 11281000, "status": 200}
{"id": "t000007119", "svc": "auth", "phase": "end", "ts": 11281100, "status": 200}
{"id": "t000007120", "svc": "gateway", "phase": "start", "ts": 11282000, "status": 200}
{"id": "t000007120", "svc": "gateway", "phase": "end", "ts": 11282100, "status": 500}
{"id": "t000007121", "svc": "payment", "phase": "start", "ts": 11283000, "status": 200}
{"id": "t000007121", "svc": "payment", "phase": "end", "ts": 11283100, "status": 200}
{"id": "t000007122", "svc": "auth", "phase": "start", "ts": 11284000, "status": 200}
{"id": "t000007122", "svc": "auth", "phase": "end", "ts": 11284100, "status": 200}
{"id": "t000007123", "svc": "gateway", "phase": "start", "ts": 11285000, "status": 200}
{"id": "t000007123", "svc": "gateway", "phase": "end", "ts": 11285100, "status": 200}
{"id": "t000007124", "svc": "payment", "phase": "start", "ts": 11286000, "status": 200}
{"id": "t000007124", "svc": "payment", "phase": "end", "ts": 11286100, "status": 200}
{"id": "t000007125", "svc": "auth", "phase": "start", "ts": 11287000, "status": 200}
{"id": "t000007125", "svc": "auth", "phase": "end", "ts": 11287100, "status": 200}
{"id": "t000007126", "svc": "gateway", "phase": "start", "ts": 11288000, "status": 200}
{"id": "t000007126", "svc": "gateway", "phase": "end", "ts": 11288100, "status": 200}
{"id": "t000007127", "svc": "payment", "phase": "start", "ts": 11289000, "status": 200}
{"id": "t000007127", "svc": "payment", "phase": "end", "ts": 11289100, "status": 200}
{"id": "t000007128", "svc": "auth", "phase": "start", "ts": 11290000, "status": 200}
{"id": "t000007128", "svc": "auth", "phase": "end", "ts": 11290100, "status": 500}
{"id": "t000007129", "svc": "gateway", "phase": "start", "ts": 11291000, "status": 200}
{"id": "t000007129", "svc": "gateway", "phase": "end", "ts": 11291100, "status": 200}
{"id": "t000007130", "svc": "payment", "phase": "start", "ts": 11292000, "status": 200}
{"id": "t000007130", "svc": "payment", "phase": "end", "ts": 11292100, "status": 200}
{"id": "t000007131", "svc": "auth", "phase": "start", "ts": 11293000, "status": 200}
{"id": "t000007131", "svc": "auth", "phase": "end", "ts": 11293100, "status": 200}
{"id": "t000007132", "svc": "gateway", "phase": "start", "ts": 11294000, "status": 200}
{"id": "t000007132", "svc": "gateway", "phase": "end", "ts": 11294100, "status": 200}
{"id": "t000007133", "svc": "payment", "phase": "start", "ts": 11295000, "status": 200}
{"id": "t000007133", "svc": "payment", "phase": "end", "ts": 11295100, "status": 200}
{"id": "t000007134", "svc": "auth", "phase": "start", "ts": 11296000, "status": 200}
{"id": "t000007134", "svc": "auth", "phase": "end", "ts": 11296100, "status": 200}
{"id": "t000007135", "svc": "gateway", "phase": "start", "ts": 11297000, "status": 200}
{"id": "t000007135", "svc": "gateway", "phase": "end", "ts": 11297100, "status": 200}
{"id": "t000007136", "svc": "payment", "phase": "start", "ts": 11298000, "status": 200}
{"id": "t000007136", "svc": "payment", "phase": "end", "ts": 11298100, "status": 500}
{"id": "t000007137", "svc": "auth", "phase": "start", "ts": 11299000, "status": 200}
{"id": "t000007137", "svc": "auth", "phase": "end", "ts": 11299100, "status": 200}
{"id": "t000007138", "svc": "gateway", "phase": "start", "ts": 11300000, "status": 200}
{"id": "t000007138", "svc": "gateway", "phase": "end", "ts": 11300100, "status": 200}
{"id": "t000007139", "svc": "payment", "phase": "start", "ts": 11301000, "status": 200}
{"id": "t000007139", "svc": "payment", "phase": "end", "ts": 11301100, "status": 200}
{"id": "t000007140", "svc": "auth", "phase": "start", "ts": 11302000, "status": 200}
{"id": "t000007140", "svc": "auth", "phase": "end", "ts": 11302100, "status": 200}
{"id": "t000007141", "svc": "gateway", "phase": "start", "ts": 11303000, "status": 200}
{"id": "t000007141", "svc": "gateway", "phase": "end", "ts": 11303100, "status": 200}
{"id": "t000007142", "svc": "payment", "phase": "start", "ts": 11304000, "status": 200}
{"id": "t000007142", "svc": "payment", "phase": "end", "ts": 11304100, "status": 200}
{"id": "t000007143", "svc": "auth", "phase": "start", "ts": 11305000, "status": 200}
{"id": "t000007143", "svc": "auth", "phase": "end", "ts": 11305100, "status": 200}
{"id": "t000007144", "svc": "gateway", "phase": "start", "ts": 11306000, "status": 200}
{"id": "t000007144", "svc": "gateway", "phase": "end", "ts": 11306100, "status": 500}
{"id": "t000007145", "svc": "payment", "phase": "start", "ts": 11307000, "status": 200}
{"id": "t000007145", "svc": "payment", "phase": "end", "ts": 11307100, "status": 200}
{"id": "t000007146", "svc": "auth", "phase": "start", "ts": 11308000, "status": 200}
{"id": "t000007146", "svc": "auth", "phase": "end", "ts": 11308100, "status": 200}
{"id": "t000007147", "svc": "gateway", "phase": "start", "ts": 11309000, "status": 200}
{"id": "t000007147", "svc": "gateway", "phase": "end", "ts": 11309100, "status": 200}
{"id": "t000007148", "svc": "payment", "phase": "start", "ts": 11310000, "status": 200}
{"id": "t000007148", "svc": "payment", "phase": "end", "ts": 11310100, "status": 200}
{"id": "t000007149", "svc": "auth", "phase": "start", "ts": 11311000, "status": 200}
{"id": "t000007149", "svc": "auth", "phase": "end", "ts": 11311100, "status": 200}
{"id": "t000007150", "svc": "gateway", "phase": "start", "ts": 11312000, "status": 200}
{"id": "t000007150", "svc": "gateway", "phase": "end", "ts": 11312100, "status": 200}
{"id": "t000007151", "svc": "payment", "phase": "start", "ts": 11313000, "status": 200}
{"id": "t000007151", "svc": "payment", "phase": "end", "ts": 11313100, "status": 200}
{"id": "t000007152", "svc": "auth", "phase": "start", "ts": 11314000, "status": 200}
{"id": "t000007152", "svc": "auth", "phase": "end", "ts": 11314100, "status": 500}
{"id": "t000007153", "svc": "gateway", "phase": "start", "ts": 11315000, "status": 200}
{"id": "t000007153", "svc": "gateway", "phase": "end", "ts": 11315100, "status": 200}
{"id": "t000007154", "svc": "payment", "phase": "start", "ts": 11316000, "status": 200}
{"id": "t000007154", "svc": "payment", "phase": "end", "ts": 11316100, "status": 200}
{"id": "t000007155", "svc": "auth", "phase": "start", "ts": 11317000, "status": 200}
{"id": "t000007155", "svc": "auth", "phase": "end", "ts": 11317100, "status": 200}
{"id": "t000007156", "svc": "gateway", "phase": "start", "ts": 11318000, "status": 200}
{"id": "t000007156", "svc": "gateway", "phase": "end", "ts": 11318100, "status": 200}
{"id": "t000007157", "svc": "payment", "phase": "start", "ts": 11319000, "status": 200}
{"id": "t000007157", "svc": "payment", "phase": "end", "ts": 11319100, "status": 200}
{"id": "t000007158", "svc": "auth", "phase": "start", "ts": 11320000, "status": 200}
{"id": "t000007158", "svc": "auth", "phase": "end", "ts": 11320100, "status": 200}
{"id": "t000007159", "svc": "gateway", "phase": "start", "ts": 11321000, "status": 200}
{"id": "t000007159", "svc": "gateway", "phase": "end", "ts": 11321100, "status": 200}
{"id": "t000007160", "svc": "payment", "phase": "start", "ts": 11322000, "status": 200}
{"id": "t000007160", "svc": "payment", "phase": "end", "ts": 11322100, "status": 500}
{"id": "t000007161", "svc": "auth", "phase": "start", "ts": 11323000, "status": 200}
{"id": "t000007161", "svc": "auth", "phase": "end", "ts": 11323100, "status": 200}
{"id": "t000007162", "svc": "gateway", "phase": "start", "ts": 11324000, "status": 200}
{"id": "t000007162", "svc": "gateway", "phase": "end", "ts": 11324100, "status": 200}
{"id": "t000007163", "svc": "payment", "phase": "start", "ts": 11325000, "status": 200}
{"id": "t000007163", "svc": "payment", "phase": "end", "ts": 11325100, "status": 200}
{"id": "t000007164", "svc": "auth", "phase": "start", "ts": 11326000, "status": 200}
{"id": "t000007164", "svc": "auth", "phase": "end", "ts": 11326100, "status": 200}
{"id": "t000007165", "svc": "gateway", "phase": "start", "ts": 11327000, "status": 200}
{"id": "t000007165", "svc": "gateway", "phase": "end", "ts": 11327100, "status": 200}
{"id": "t000007166", "svc": "payment", "phase": "start", "ts": 11328000, "status": 200}
{"id": "t000007166", "svc": "payment", "phase": "end", "ts": 11328100, "status": 200}
{"id": "t000007167", "svc": "auth", "phase": "start", "ts": 11329000, "status": 200}
{"id": "t000007167", "svc": "auth", "phase": "end", "ts": 11329100, "status": 200}
{"id": "t000007168", "svc": "gateway", "phase": "start", "ts": 11330000, "status": 200}
{"id": "t000007168", "svc": "gateway", "phase": "end", "ts": 11330100, "status": 500}
{"id": "t000007169", "svc": "payment", "phase": "start", "ts": 11331000, "status": 200}
{"id": "t000007169", "svc": "payment", "phase": "end", "ts": 11331100, "status": 200}
{"id": "t000007170", "svc": "auth", "phase": "start", "ts": 11332000, "status": 200}
{"id": "t000007170", "svc": "auth", "phase": "end", "ts": 11332100, "status": 200}
{"id": "t000007171", "svc": "gateway", "phase": "start", "ts": 11333000, "status": 200}
{"id": "t000007171", "svc": "gateway", "phase": "end", "ts": 11333100, "status": 200}
{"id": "t000007172", "svc": "payment", "phase": "start", "ts": 11334000, "status": 200}
{"id": "t000007172", "svc": "payment", "phase": "end", "ts": 11334100, "status": 200}
{"id": "t000007173", "svc": "auth", "phase": "start", "ts": 11335000, "status": 200}
{"id": "t000007173", "svc": "auth", "phase": "end", "ts": 11335100, "status": 200}
{"id": "t000007174", "svc": "gateway", "phase": "start", "ts": 11336000, "status": 200}
{"id": "t000007174", "svc": "gateway", "phase": "end", "ts": 11336100, "status": 200}
{"id": "t000007175", "svc": "payment", "phase": "start", "ts": 11337000, "status": 200}
{"id": "t000007175", "svc": "payment", "phase": "end", "ts": 11337100, "status": 200}
{"id": "t000007176", "svc": "auth", "phase": "start", "ts": 11338000, "status": 200}
{"id": "t000007176", "svc": "auth", "phase": "end", "ts": 11338100, "status": 500}
{"id": "t000007177", "svc": "gateway", "phase": "start", "ts": 11339000, "status": 200}
{"id": "t000007177", "svc": "gateway", "phase": "end", "ts": 11339100, "status": 200}
{"id": "t000007178", "svc": "payment", "phase": "start", "ts": 11340000, "status": 200}
{"id": "t000007178", "svc": "payment", "phase": "end", "ts": 11340100, "status": 200}
{"id": "t000007179", "svc": "auth", "phase": "start", "ts": 11341000, "status": 200}
{"id": "t000007179", "svc": "auth", "phase": "end", "ts": 11341100, "status": 200}
{"id": "t000007180", "svc": "gateway", "phase": "start", "ts": 11342000, "status": 200}
{"id": "t000007180", "svc": "gateway", "phase": "end", "ts": 11342100, "status": 200}
{"id": "t000007181", "svc": "payment", "phase": "start", "ts": 11343000, "status": 200}
{"id": "t000007181", "svc": "payment", "phase": "end", "ts": 11343100, "status": 200}
{"id": "t000007182", "svc": "auth", "phase": "start", "ts": 11344000, "status": 200}
{"id": "t000007182", "svc": "auth", "phase": "end", "ts": 11344100, "status": 200}
{"id": "t000007183", "svc": "gateway", "phase": "start", "ts": 11345000, "status": 200}
{"id": "t000007183", "svc": "gateway", "phase": "end", "ts": 11345100, "status": 200}
{"id": "t000007184", "svc": "payment", "phase": "start", "ts": 11346000, "status": 200}
{"id": "t000007184", "svc": "payment", "phase": "end", "ts": 11346100, "status": 500}
{"id": "t000007185", "svc": "auth", "phase": "start", "ts": 11347000, "status": 200}
{"id": "t000007185", "svc": "auth", "phase": "end", "ts": 11347100, "status": 200}
{"id": "t000007186", "svc": "gateway", "phase": "start", "ts": 11348000, "status": 200}
{"id": "t000007186", "svc": "gateway", "phase": "end", "ts": 11348100, "status": 200}
{"id": "t000007187", "svc": "payment", "phase": "start", "ts": 11349000, "status": 200}
{"id": "t000007187", "svc": "payment", "phase": "end", "ts": 11349100, "status": 200}
{"id": "t000007188", "svc": "auth", "phase": "start", "ts": 11350000, "status": 200}
{"id": "t000007188", "svc": "auth", "phase": "end", "ts": 11350100, "status": 200}
{"id": "t000007189", "svc": "gateway", "phase": "start", "ts": 11351000, "status": 200}
{"id": "t000007189", "svc": "gateway", "phase": "end", "ts": 11351100, "status": 200}
{"id": "t000007190", "svc": "payment", "phase": "start", "ts": 11352000, "status": 200}
{"id": "t000007190", "svc": "payment", "phase": "end", "ts": 11352100, "status": 200}
{"id": "t000007191", "svc": "auth", "phase": "start", "ts": 11353000, "status": 200}
{"id": "t000007191", "svc": "auth", "phase": "end", "ts": 11353100, "status": 200}
{"id": "t000007192", "svc": "gateway", "phase": "start", "ts": 11354000, "status": 200}
{"id": "t000007192", "svc": "gateway", "phase": "end", "ts": 11354100, "status": 500}
{"id": "t000007193", "svc": "payment", "phase": "start", "ts": 11355000, "status": 200}
{"id": "t000007193", "svc": "payment", "phase": "end", "ts": 11355100, "status": 200}
{"id": "t000007194", "svc": "auth", "phase": "start", "ts": 11356000, "status": 200}
{"id": "t000007194", "svc": "auth", "phase": "end", "ts": 11356100, "status": 200}
{"id": "t000007195", "svc": "gateway", "phase": "start", "ts": 11357000, "status": 200}
{"id": "t000007195", "svc": "gateway", "phase": "end", "ts": 11357100, "status": 200}
{"id": "t000007196", "svc": "payment", "phase": "start", "ts": 11358000, "status": 200}
{"id": "t000007196", "svc": "payment", "phase": "end", "ts": 11358100, "status": 200}
{"id": "t000007197", "svc": "auth", "phase": "start", "ts": 11359000, "status": 200}
{"id": "t000007197", "svc": "auth", "phase": "end", "ts": 11359100, "status": 200}
{"id": "t000007198", "svc": "gateway", "phase": "start", "ts": 11360000, "status": 200}
{"id": "t000007198", "svc": "gateway", "phase": "end", "ts": 11360100, "status": 200}
{"id": "t000007199", "svc": "payment", "phase": "start", "ts": 11361000, "status": 200}
{"id": "t000007199", "svc": "payment", "phase": "end", "ts": 11361100, "status": 200}
{"id": "t000007200", "svc": "auth", "phase": "start", "ts": 11362000, "status": 200}
{"id": "t000007200", "svc": "auth", "phase": "end", "ts": 11362100, "status": 500}
{"id": "t000007201", "svc": "gateway", "phase": "start", "ts": 11363000, "status": 200}
{"id": "t000007201", "svc": "gateway", "phase": "end", "ts": 11363100, "status": 200}
{"id": "t000007202", "svc": "payment", "phase": "start", "ts": 11364000, "status": 200}
{"id": "t000007202", "svc": "payment", "phase": "end", "ts": 11364100, "status": 200}
{"id": "t000007203", "svc": "auth", "phase": "start", "ts": 11365000, "status": 200}
{"id": "t000007203", "svc": "auth", "phase": "end", "ts": 11365100, "status": 200}
{"id": "t000007204", "svc": "gateway", "phase": "start", "ts": 11366000, "status": 200}
{"id": "t000007204", "svc": "gateway", "phase": "end", "ts": 11366100, "status": 200}
{"id": "t000007205", "svc": "payment", "phase": "start", "ts": 11367000, "status": 200}
{"id": "t000007205", "svc": "payment", "phase": "end", "ts": 11367100, "status": 200}
{"id": "t000007206", "svc": "auth", "phase": "start", "ts": 11368000, "status": 200}
{"id": "t000007206", "svc": "auth", "phase": "end", "ts": 11368100, "status": 200}
{"id": "t000007207", "svc": "gateway", "phase": "start", "ts": 11369000, "status": 200}
{"id": "t000007207", "svc": "gateway", "phase": "end", "ts": 11369100, "status": 200}
{"id": "t000007208", "svc": "payment", "phase": "start", "ts": 11370000, "status": 200}
{"id": "t000007208", "svc": "payment", "phase": "end", "ts": 11370100, "status": 500}
{"id": "t000007209", "svc": "auth", "phase": "start", "ts": 11371000, "status": 200}
{"id": "t000007209", "svc": "auth", "phase": "end", "ts": 11371100, "status": 200}
{"id": "t000007210", "svc": "gateway", "phase": "start", "ts": 11372000, "status": 200}
{"id": "t000007210", "svc": "gateway", "phase": "end", "ts": 11372100, "status": 200}
{"id": "t000007211", "svc": "payment", "phase": "start", "ts": 11373000, "status": 200}
{"id": "t000007211", "svc": "payment", "phase": "end", "ts": 11373100, "status": 200}
{"id": "t000007212", "svc": "auth", "phase": "start", "ts": 11374000, "status": 200}
{"id": "t000007212", "svc": "auth", "phase": "end", "ts": 11374100, "status": 200}
{"id": "t000007213", "svc": "gateway", "phase": "start", "ts": 11375000, "status": 200}
{"id": "t000007213", "svc": "gateway", "phase": "end", "ts": 11375100, "status": 200}
{"id": "t000007214", "svc": "payment", "phase": "start", "ts": 11376000, "status": 200}
{"id": "t000007214", "svc": "payment", "phase": "end", "ts": 11376100, "status": 200}
{"id": "t000007215", "svc": "auth", "phase": "start", "ts": 11377000, "status": 200}
{"id": "t000007215", "svc": "auth", "phase": "end", "ts": 11377100, "status": 200}
{"id": "t000007216", "svc": "gateway", "phase": "start", "ts": 11378000, "status": 200}
{"id": "t000007216", "svc": "gateway", "phase": "end", "ts": 11378100, "status": 500}
{"id": "t000007217", "svc": "payment", "phase": "start", "ts": 11379000, "status": 200}
{"id": "t000007217", "svc": "payment", "phase": "end", "ts": 11379100, "status": 200}
{"id": "t000007218", "svc": "auth", "phase": "start", "ts": 11380000, "status": 200}
{"id": "t000007218", "svc": "auth", "phase": "end", "ts": 11380100, "status": 200}
{"id": "t000007219", "svc": "gateway", "phase": "start", "ts": 11381000, "status": 200}
{"id": "t000007219", "svc": "gateway", "phase": "end", "ts": 11381100, "status": 200}
{"id": "t000007220", "svc": "payment", "phase": "start", "ts": 11382000, "status": 200}
{"id": "t000007220", "svc": "payment", "phase": "end", "ts": 11382100, "status": 200}
{"id": "t000007221", "svc": "auth", "phase": "start", "ts": 11383000, "status": 200}
{"id": "t000007221", "svc": "auth", "phase": "end", "ts": 11383100, "status": 200}
{"id": "t000007222", "svc": "gateway", "phase": "start", "ts": 11384000, "status": 200}
{"id": "t000007222", "svc": "gateway", "phase": "end", "ts": 11384100, "status": 200}
{"id": "t000007223", "svc": "payment", "phase": "start", "ts": 11385000, "status": 200}
{"id": "t000007223", "svc": "payment", "phase": "end", "ts": 11385100, "status": 200}
{"id": "t000007224", "svc": "auth", "phase": "start", "ts": 11386000, "status": 200}
{"id": "t000007224", "svc": "auth", "phase": "end", "ts": 11386100, "status": 500}
{"id": "t000007225", "svc": "gateway", "phase": "start", "ts": 11387000, "status": 200}
{"id": "t000007225", "svc": "gateway", "phase": "end", "ts": 11387100, "status": 200}
{"id": "t000007226", "svc": "payment", "phase": "start", "ts": 11388000, "status": 200}
{"id": "t000007226", "svc": "payment", "phase": "end", "ts": 11388100, "status": 200}
{"id": "t000007227", "svc": "auth", "phase": "start", "ts": 11389000, "status": 200}
{"id": "t000007227", "svc": "auth", "phase": "end", "ts": 11389100, "status": 200}
{"id": "t000007228", "svc": "gateway", "phase": "start", "ts": 11390000, "status": 200}
{"id": "t000007228", "svc": "gateway", "phase": "end", "ts": 11390100, "status": 200}
{"id": "t000007229", "svc": "payment", "phase": "start", "ts": 11391000, "status": 200}
{"id": "t000007229", "svc": "payment", "phase": "end", "ts": 11391100, "status": 200}
{"id": "t000007230", "svc": "auth", "phase": "start", "ts": 11392000, "status": 200}
{"id": "t000007230", "svc": "auth", "phase": "end", "ts": 11392100, "status": 200}
{"id": "t000007231", "svc": "gateway", "phase": "start", "ts": 11393000, "status": 200}
{"id": "t000007231", "svc": "gateway", "phase": "end", "ts": 11393100, "status": 200}
{"id": "t000007232", "svc": "payment", "phase": "start", "ts": 11394000, "status": 200}
{"id": "t000007232", "svc": "payment", "phase": "end", "ts": 11394100, "status": 500}
{"id": "t000007233", "svc": "auth", "phase": "start", "ts": 11395000, "status": 200}
{"id": "t000007233", "svc": "auth", "phase": "end", "ts": 11395100, "status": 200}
{"id": "t000007234", "svc": "gateway", "phase": "start", "ts": 11396000, "status": 200}
{"id": "t000007234", "svc": "gateway", "phase": "end", "ts": 11396100, "status": 200}
{"id": "t000007235", "svc": "payment", "phase": "start", "ts": 11397000, "status": 200}
{"id": "t000007235", "svc": "payment", "phase": "end", "ts": 11397100, "status": 200}
{"id": "t000007236", "svc": "auth", "phase": "start", "ts": 11398000, "status": 200}
{"id": "t000007236", "svc": "auth", "phase": "end", "ts": 11398100, "status": 200}
{"id": "t000007237", "svc": "gateway", "phase": "start", "ts": 11399000, "status": 200}
{"id": "t000007237", "svc": "gateway", "phase": "end", "ts": 11399100, "status": 200}
{"id": "t000007238", "svc": "payment", "phase": "start", "ts": 11400000, "status": 200}
{"id": "t000007238", "svc": "payment", "phase": "end", "ts": 11400100, "status": 200}
{"id": "t000007239", "svc": "auth", "phase": "start", "ts": 11401000, "status": 200}
{"id": "t000007239", "svc": "auth", "phase": "end", "ts": 11401100, "status": 200}
{"id": "t000007240", "svc": "gateway", "phase": "start", "ts": 11402000, "status": 200}
{"id": "t000007240", "svc": "gateway", "phase": "end", "ts": 11402100, "status": 500}
{"id": "t000007241", "svc": "payment", "phase": "start", "ts": 11403000, "status": 200}
{"id": "t000007241", "svc": "payment", "phase": "end", "ts": 11403100, "status": 200}
{"id": "t000007242", "svc": "auth", "phase": "start", "ts": 11404000, "status": 200}
{"id": "t000007242", "svc": "auth", "phase": "end", "ts": 11404100, "status": 200}
{"id": "t000007243", "svc": "gateway", "phase": "start", "ts": 11405000, "status": 200}
{"id": "t000007243", "svc": "gateway", "phase": "end", "ts": 11405100, "status": 200}
{"id": "t000007244", "svc": "payment", "phase": "start", "ts": 11406000, "status": 200}
{"id": "t000007244", "svc": "payment", "phase": "end", "ts": 11406100, "status": 200}
{"id": "t000007245", "svc": "auth", "phase": "start", "ts": 11407000, "status": 200}
{"id": "t000007245", "svc": "auth", "phase": "end", "ts": 11407100, "status": 200}
{"id": "t000007246", "svc": "gateway", "phase": "start", "ts": 11408000, "status": 200}
{"id": "t000007246", "svc": "gateway", "phase": "end", "ts": 11408100, "status": 200}
{"id": "t000007247", "svc": "payment", "phase": "start", "ts": 11409000, "status": 200}
{"id": "t000007247", "svc": "payment", "phase": "end", "ts": 11409100, "status": 200}
{"id": "t000007248", "svc": "auth", "phase": "start", "ts": 11410000, "status": 200}
{"id": "t000007248", "svc": "auth", "phase": "end", "ts": 11410100, "status": 500}
{"id": "t000007249", "svc": "gateway", "phase": "start", "ts": 11411000, "status": 200}
{"id": "t000007249", "svc": "gateway", "phase": "end", "ts": 11411100, "status": 200}
{"id": "t000007250", "svc": "payment", "phase": "start", "ts": 11412000, "status": 200}
{"id": "t000007250", "svc": "payment", "phase": "end", "ts": 11412100, "status": 200}
{"id": "t000007251", "svc": "auth", "phase": "start", "ts": 11413000, "status": 200}
{"id": "t000007251", "svc": "auth", "phase": "end", "ts": 11413100, "status": 200}
{"id": "t000007252", "svc": "gateway", "phase": "start", "ts": 11414000, "status": 200}
{"id": "t000007252", "svc": "gateway", "phase": "end", "ts": 11414100, "status": 200}
{"id": "t000007253", "svc": "payment", "phase": "start", "ts": 11415000, "status": 200}
{"id": "t000007253", "svc": "payment", "phase": "end", "ts": 11415100, "status": 200}
{"id": "t000007254", "svc": "auth", "phase": "start", "ts": 11416000, "status": 200}
{"id": "t000007254", "svc": "auth", "phase": "end", "ts": 11416100, "status": 200}
{"id": "t000007255", "svc": "gateway", "phase": "start", "ts": 11417000, "status": 200}
{"id": "t000007255", "svc": "gateway", "phase": "end", "ts": 11417100, "status": 200}
{"id": "t000007256", "svc": "payment", "phase": "start", "ts": 11418000, "status": 200}
{"id": "t000007256", "svc": "payment", "phase": "end", "ts": 11418100, "status": 500}
{"id": "t000007257", "svc": "auth", "phase": "start", "ts": 11419000, "status": 200}
{"id": "t000007257", "svc": "auth", "phase": "end", "ts": 11419100, "status": 200}
{"id": "t000007258", "svc": "gateway", "phase": "start", "ts": 11420000, "status": 200}
{"id": "t000007258", "svc": "gateway", "phase": "end", "ts": 11420100, "status": 200}
{"id": "t000007259", "svc": "payment", "phase": "start", "ts": 11421000, "status": 200}
{"id": "t000007259", "svc": "payment", "phase": "end", "ts": 11421100, "status": 200}
{"id": "t000007260", "svc": "auth", "phase": "start", "ts": 11422000, "status": 200}
{"id": "t000007260", "svc": "auth", "phase": "end", "ts": 11422100, "status": 200}
{"id": "t000007261", "svc": "gateway", "phase": "start", "ts": 11423000, "status": 200}
{"id": "t000007261", "svc": "gateway", "phase": "end", "ts": 11423100, "status": 200}
{"id": "t000007262", "svc": "payment", "phase": "start", "ts": 11424000, "status": 200}
{"id": "t000007262", "svc": "payment", "phase": "end", "ts": 11424100, "status": 200}
{"id": "t000007263", "svc": "auth", "phase": "start", "ts": 11425000, "status": 200}
{"id": "t000007263", "svc": "auth", "phase": "end", "ts": 11425100, "status": 200}
{"id": "t000007264", "svc": "gateway", "phase": "start", "ts": 11426000, "status": 200}
{"id": "t000007264", "svc": "gateway", "phase": "end", "ts": 11426100, "status": 500}
{"id": "t000007265", "svc": "payment", "phase": "start", "ts": 11427000, "status": 200}
{"id": "t000007265", "svc": "payment", "phase": "end", "ts": 11427100, "status": 200}
{"id": "t000007266", "svc": "auth", "phase": "start", "ts": 11428000, "status": 200}
{"id": "t000007266", "svc": "auth", "phase": "end", "ts": 11428100, "status": 200}
{"id": "t000007267", "svc": "gateway", "phase": "start", "ts": 11429000, "status": 200}
{"id": "t000007267", "svc": "gateway", "phase": "end", "ts": 11429100, "status": 200}
{"id": "t000007268", "svc": "payment", "phase": "start", "ts": 11430000, "status": 200}
{"id": "t000007268", "svc": "payment", "phase": "end", "ts": 11430100, "status": 200}
{"id": "t000007269", "svc": "auth", "phase": "start", "ts": 11431000, "status": 200}
{"id": "t000007269", "svc": "auth", "phase": "end", "ts": 11431100, "status": 200}
{"id": "t000007270", "svc": "gateway", "phase": "start", "ts": 11432000, "status": 200}
{"id": "t000007270", "svc": "gateway", "phase": "end", "ts": 11432100, "status": 200}
{"id": "t000007271", "svc": "payment", "phase": "start", "ts": 11433000, "status": 200}
{"id": "t000007271", "svc": "payment", "phase": "end", "ts": 11433100, "status": 200}
{"id": "t000007272", "svc": "auth", "phase": "start", "ts": 11434000, "status": 200}
{"id": "t000007272", "svc": "auth", "phase": "end", "ts": 11434100, "status": 500}
{"id": "t000007273", "svc": "gateway", "phase": "start", "ts": 11435000, "status": 200}
{"id": "t000007273", "svc": "gateway", "phase": "end", "ts": 11435100, "status": 200}
{"id": "t000007274", "svc": "payment", "phase": "start", "ts": 11436000, "status": 200}
{"id": "t000007274", "svc": "payment", "phase": "end", "ts": 11436100, "status": 200}
{"id": "t000007275", "svc": "auth", "phase": "start", "ts": 11437000, "status": 200}
{"id": "t000007275", "svc": "auth", "phase": "end", "ts": 11437100, "status": 200}
{"id": "t000007276", "svc": "gateway", "phase": "start", "ts": 11438000, "status": 200}
{"id": "t000007276", "svc": "gateway", "phase": "end", "ts": 11438100, "status": 200}
{"id": "t000007277", "svc": "payment", "phase": "start", "ts": 11439000, "status": 200}
{"id": "t000007277", "svc": "payment", "phase": "end", "ts": 11439100, "status": 200}
{"id": "t000007278", "svc": "auth", "phase": "start", "ts": 11440000, "status": 200}
{"id": "t000007278", "svc": "auth", "phase": "end", "ts": 11440100, "status": 200}
{"id": "t000007279", "svc": "gateway", "phase": "start", "ts": 11441000, "status": 200}
{"id": "t000007279", "svc": "gateway", "phase": "end", "ts": 11441100, "status": 200}
{"id": "t000007280", "svc": "payment", "phase": "start", "ts": 11442000, "status": 200}
{"id": "t000007280", "svc": "payment", "phase": "end", "ts": 11442100, "status": 500}
{"id": "t000007281", "svc": "auth", "phase": "start", "ts": 11443000, "status": 200}
{"id": "t000007281", "svc": "auth", "phase": "end", "ts": 11443100, "status": 200}
{"id": "t000007282", "svc": "gateway", "phase": "start", "ts": 11444000, "status": 200}
{"id": "t000007282", "svc": "gateway", "phase": "end", "ts": 11444100, "status": 200}
{"id": "t000007283", "svc": "payment", "phase": "start", "ts": 11445000, "status": 200}
{"id": "t000007283", "svc": "payment", "phase": "end", "ts": 11445100, "status": 200}
{"id": "t000007284", "svc": "auth", "phase": "start", "ts": 11446000, "status": 200}
{"id": "t000007284", "svc": "auth", "phase": "end", "ts": 11446100, "status": 200}
{"id": "t000007285", "svc": "gateway", "phase": "start", "ts": 11447000, "status": 200}
{"id": "t000007285", "svc": "gateway", "phase": "end", "ts": 11447100, "status": 200}
{"id": "t000007286", "svc": "payment", "phase": "start", "ts": 11448000, "status": 200}
{"id": "t000007286", "svc": "payment", "phase": "end", "ts": 11448100, "status": 200}
{"id": "t000007287", "svc": "auth", "phase": "start", "ts": 11449000, "status": 200}
{"id": "t000007287", "svc": "auth", "phase": "end", "ts": 11449100, "status": 200}
{"id": "t000007288", "svc": "gateway", "phase": "start", "ts": 11450000, "status": 200}
{"id": "t000007288", "svc": "gateway", "phase": "end", "ts": 11450100, "status": 500}
{"id": "t000007289", "svc": "payment", "phase": "start", "ts": 11451000, "status": 200}
{"id": "t000007289", "svc": "payment", "phase": "end", "ts": 11451100, "status": 200}
{"id": "t000007290", "svc": "auth", "phase": "start", "ts": 11452000, "status": 200}
{"id": "t000007290", "svc": "auth", "phase": "end", "ts": 11452100, "status": 200}
{"id": "t000007291", "svc": "gateway", "phase": "start", "ts": 11453000, "status": 200}
{"id": "t000007291", "svc": "gateway", "phase": "end", "ts": 11453100, "status": 200}
{"id": "t000007292", "svc": "payment", "phase": "start", "ts": 11454000, "status": 200}
{"id": "t000007292", "svc": "payment", "phase": "end", "ts": 11454100, "status": 200}
{"id": "t000007293", "svc": "auth", "phase": "start", "ts": 11455000, "status": 200}
{"id": "t000007293", "svc": "auth", "phase": "end", "ts": 11455100, "status": 200}
{"id": "t000007294", "svc": "gateway", "phase": "start", "ts": 11456000, "status": 200}
{"id": "t000007294", "svc": "gateway", "phase": "end", "ts": 11456100, "status": 200}
{"id": "t000007295", "svc": "payment", "phase": "start", "ts": 11457000, "status": 200}
{"id": "t000007295", "svc": "payment", "phase": "end", "ts": 11457100, "status": 200}
{"id": "t000007296", "svc": "auth", "phase": "start", "ts": 11458000, "status": 200}
{"id": "t000007296", "svc": "auth", "phase": "end", "ts": 11458100, "status": 500}
{"id": "t000007297", "svc": "gateway", "phase": "start", "ts": 11459000, "status": 200}
{"id": "t000007297", "svc": "gateway", "phase": "end", "ts": 11459100, "status": 200}
{"id": "t000007298", "svc": "payment", "phase": "start", "ts": 11460000, "status": 200}
{"id": "t000007298", "svc": "payment", "phase": "end", "ts": 11460100, "status": 200}
{"id": "t000007299", "svc": "auth", "phase": "start", "ts": 11461000, "status": 200}
{"id": "t000007299", "svc": "auth", "phase": "end", "ts": 11461100, "status": 200}
{"id": "t000007300", "svc": "gateway", "phase": "start", "ts": 11462000, "status": 200}
{"id": "t000007300", "svc": "gateway", "phase": "end", "ts": 11462100, "status": 200}
{"id": "t000007301", "svc": "payment", "phase": "start", "ts": 11463000, "status": 200}
{"id": "t000007301", "svc": "payment", "phase": "end", "ts": 11463100, "status": 200}
{"id": "t000007302", "svc": "auth", "phase": "start", "ts": 11464000, "status": 200}
{"id": "t000007302", "svc": "auth", "phase": "end", "ts": 11464100, "status": 200}
{"id": "t000007303", "svc": "gateway", "phase": "start", "ts": 11465000, "status": 200}
{"id": "t000007303", "svc": "gateway", "phase": "end", "ts": 11465100, "status": 200}
{"id": "t000007304", "svc": "payment", "phase": "start", "ts": 11466000, "status": 200}
{"id": "t000007304", "svc": "payment", "phase": "end", "ts": 11466100, "status": 500}
{"id": "t000007305", "svc": "auth", "phase": "start", "ts": 11467000, "status": 200}
{"id": "t000007305", "svc": "auth", "phase": "end", "ts": 11467100, "status": 200}
{"id": "t000007306", "svc": "gateway", "phase": "start", "ts": 11468000, "status": 200}
{"id": "t000007306", "svc": "gateway", "phase": "end", "ts": 11468100, "status": 200}
{"id": "t000007307", "svc": "payment", "phase": "start", "ts": 11469000, "status": 200}
{"id": "t000007307", "svc": "payment", "phase": "end", "ts": 11469100, "status": 200}
{"id": "t000007308", "svc": "auth", "phase": "start", "ts": 11470000, "status": 200}
{"id": "t000007308", "svc": "auth", "phase": "end", "ts": 11470100, "status": 200}
{"id": "t000007309", "svc": "gateway", "phase": "start", "ts": 11471000, "status": 200}
{"id": "t000007309", "svc": "gateway", "phase": "end", "ts": 11471100, "status": 200}
{"id": "t000007310", "svc": "payment", "phase": "start", "ts": 11472000, "status": 200}
{"id": "t000007310", "svc": "payment", "phase": "end", "ts": 11472100, "status": 200}
{"id": "t000007311", "svc": "auth", "phase": "start", "ts": 11473000, "status": 200}
{"id": "t000007311", "svc": "auth", "phase": "end", "ts": 11473100, "status": 200}
{"id": "t000007312", "svc": "gateway", "phase": "start", "ts": 11474000, "status": 200}
{"id": "t000007312", "svc": "gateway", "phase": "end", "ts": 11474100, "status": 500}
{"id": "t000007313", "svc": "payment", "phase": "start", "ts": 11475000, "status": 200}
{"id": "t000007313", "svc": "payment", "phase": "end", "ts": 11475100, "status": 200}
{"id": "t000007314", "svc": "auth", "phase": "start", "ts": 11476000, "status": 200}
{"id": "t000007314", "svc": "auth", "phase": "end", "ts": 11476100, "status": 200}
{"id": "t000007315", "svc": "gateway", "phase": "start", "ts": 11477000, "status": 200}
{"id": "t000007315", "svc": "gateway", "phase": "end", "ts": 11477100, "status": 200}
{"id": "t000007316", "svc": "payment", "phase": "start", "ts": 11478000, "status": 200}
{"id": "t000007316", "svc": "payment", "phase": "end", "ts": 11478100, "status": 200}
{"id": "t000007317", "svc": "auth", "phase": "start", "ts": 11479000, "status": 200}
{"id": "t000007317", "svc": "auth", "phase": "end", "ts": 11479100, "status": 200}
{"id": "t000007318", "svc": "gateway", "phase": "start", "ts": 11480000, "status": 200}
{"id": "t000007318", "svc": "gateway", "phase": "end", "ts": 11480100, "status": 200}
{"id": "t000007319", "svc": "payment", "phase": "start", "ts": 11481000, "status": 200}
{"id": "t000007319", "svc": "payment", "phase": "end", "ts": 11481100, "status": 200}
{"id": "t000007320", "svc": "auth", "phase": "start", "ts": 11482000, "status": 200}
{"id": "t000007320", "svc": "auth", "phase": "end", "ts": 11482100, "status": 500}
{"id": "t000007321", "svc": "gateway", "phase": "start", "ts": 11483000, "status": 200}
{"id": "t000007321", "svc": "gateway", "phase": "end", "ts": 11483100, "status": 200}
{"id": "t000007322", "svc": "payment", "phase": "start", "ts": 11484000, "status": 200}
{"id": "t000007322", "svc": "payment", "phase": "end", "ts": 11484100, "status": 200}
{"id": "t000007323", "svc": "auth", "phase": "start", "ts": 11485000, "status": 200}
{"id": "t000007323", "svc": "auth", "phase": "end", "ts": 11485100, "status": 200}
{"id": "t000007324", "svc": "gateway", "phase": "start", "ts": 11486000, "status": 200}
{"id": "t000007324", "svc": "gateway", "phase": "end", "ts": 11486100, "status": 200}
{"id": "t000007325", "svc": "payment", "phase": "start", "ts": 11487000, "status": 200}
{"id": "t000007325", "svc": "payment", "phase": "end", "ts": 11487100, "status": 200}
{"id": "t000007326", "svc": "auth", "phase": "start", "ts": 11488000, "status": 200}
{"id": "t000007326", "svc": "auth", "phase": "end", "ts": 11488100, "status": 200}
{"id": "t000007327", "svc": "gateway", "phase": "start", "ts": 11489000, "status": 200}
{"id": "t000007327", "svc": "gateway", "phase": "end", "ts": 11489100, "status": 200}
{"id": "t000007328", "svc": "payment", "phase": "start", "ts": 11490000, "status": 200}
{"id": "t000007328", "svc": "payment", "phase": "end", "ts": 11490100, "status": 500}
{"id": "t000007329", "svc": "auth", "phase": "start", "ts": 11491000, "status": 200}
{"id": "t000007329", "svc": "auth", "phase": "end", "ts": 11491100, "status": 200}
{"id": "t000007330", "svc": "gateway", "phase": "start", "ts": 11492000, "status": 200}
{"id": "t000007330", "svc": "gateway", "phase": "end", "ts": 11492100, "status": 200}
{"id": "t000007331", "svc": "payment", "phase": "start", "ts": 11493000, "status": 200}
{"id": "t000007331", "svc": "payment", "phase": "end", "ts": 11493100, "status": 200}
{"id": "t000007332", "svc": "auth", "phase": "start", "ts": 11494000, "status": 200}
{"id": "t000007332", "svc": "auth", "phase": "end", "ts": 11494100, "status": 200}
{"id": "t000007333", "svc": "gateway", "phase": "start", "ts": 11495000, "status": 200}
{"id": "t000007333", "svc": "gateway", "phase": "end", "ts": 11495100, "status": 200}
{"id": "t000007334", "svc": "payment", "phase": "start", "ts": 11496000, "status": 200}
{"id": "t000007334", "svc": "payment", "phase": "end", "ts": 11496100, "status": 200}
{"id": "t000007335", "svc": "auth", "phase": "start", "ts": 11497000, "status": 200}
{"id": "t000007335", "svc": "auth", "phase": "end", "ts": 11497100, "status": 200}
{"id": "t000007336", "svc": "gateway", "phase": "start", "ts": 11498000, "status": 200}
{"id": "t000007336", "svc": "gateway", "phase": "end", "ts": 11498100, "status": 500}
{"id": "t000007337", "svc": "payment", "phase": "start", "ts": 11499000, "status": 200}
{"id": "t000007337", "svc": "payment", "phase": "end", "ts": 11499100, "status": 200}
{"id": "t000007338", "svc": "auth", "phase": "start", "ts": 11500000, "status": 200}
{"id": "t000007338", "svc": "auth", "phase": "end", "ts": 11500100, "status": 200}
{"id": "t000007339", "svc": "gateway", "phase": "start", "ts": 11501000, "status": 200}
{"id": "t000007339", "svc": "gateway", "phase": "end", "ts": 11501100, "status": 200}
{"id": "t000007340", "svc": "payment", "phase": "start", "ts": 11502000, "status": 200}
{"id": "t000007340", "svc": "payment", "phase": "end", "ts": 11502100, "status": 200}
{"id": "t000007341", "svc": "auth", "phase": "start", "ts": 11503000, "status": 200}
{"id": "t000007341", "svc": "auth", "phase": "end", "ts": 11503100, "status": 200}
{"id": "t000007342", "svc": "gateway", "phase": "start", "ts": 11504000, "status": 200}
{"id": "t000007342", "svc": "gateway", "phase": "end", "ts": 11504100, "status": 200}
{"id": "t000007343", "svc": "payment", "phase": "start", "ts": 11505000, "status": 200}
{"id": "t000007343", "svc": "payment", "phase": "end", "ts": 11505100, "status": 200}
{"id": "t000007344", "svc": "auth", "phase": "start", "ts": 11506000, "status": 200}
{"id": "t000007344", "svc": "auth", "phase": "end", "ts": 11506100, "status": 500}
{"id": "t000007345", "svc": "gateway", "phase": "start", "ts": 11507000, "status": 200}
{"id": "t000007345", "svc": "gateway", "phase": "end", "ts": 11507100, "status": 200}
{"id": "t000007346", "svc": "payment", "phase": "start", "ts": 11508000, "status": 200}
{"id": "t000007346", "svc": "payment", "phase": "end", "ts": 11508100, "status": 200}
{"id": "t000007347", "svc": "auth", "phase": "start", "ts": 11509000, "status": 200}
{"id": "t000007347", "svc": "auth", "phase": "end", "ts": 11509100, "status": 200}
{"id": "t000007348", "svc": "gateway", "phase": "start", "ts": 11510000, "status": 200}
{"id": "t000007348", "svc": "gateway", "phase": "end", "ts": 11510100, "status": 200}
{"id": "t000007349", "svc": "payment", "phase": "start", "ts": 11511000, "status": 200}
{"id": "t000007349", "svc": "payment", "phase": "end", "ts": 11511100, "status": 200}
{"id": "t000007350", "svc": "auth", "phase": "start", "ts": 11512000, "status": 200}
{"id": "t000007350", "svc": "auth", "phase": "end", "ts": 11512100, "status": 200}
{"id": "t000007351", "svc": "gateway", "phase": "start", "ts": 11513000, "status": 200}
{"id": "t000007351", "svc": "gateway", "phase": "end", "ts": 11513100, "status": 200}
{"id": "t000007352", "svc": "payment", "phase": "start", "ts": 11514000, "status": 200}
{"id": "t000007352", "svc": "payment", "phase": "end", "ts": 11514100, "status": 500}
{"id": "t000007353", "svc": "auth", "phase": "start", "ts": 11515000, "status": 200}
{"id": "t000007353", "svc": "auth", "phase": "end", "ts": 11515100, "status": 200}
{"id": "t000007354", "svc": "gateway", "phase": "start", "ts": 11516000, "status": 200}
{"id": "t000007354", "svc": "gateway", "phase": "end", "ts": 11516100, "status": 200}
{"id": "t000007355", "svc": "payment", "phase": "start", "ts": 11517000, "status": 200}
{"id": "t000007355", "svc": "payment", "phase": "end", "ts": 11517100, "status": 200}
{"id": "t000007356", "svc": "auth", "phase": "start", "ts": 11518000, "status": 200}
{"id": "t000007356", "svc": "auth", "phase": "end", "ts": 11518100, "status": 200}
{"id": "t000007357", "svc": "gateway", "phase": "start", "ts": 11519000, "status": 200}
{"id": "t000007357", "svc": "gateway", "phase": "end", "ts": 11519100, "status": 200}
{"id": "t000007358", "svc": "payment", "phase": "start", "ts": 11520000, "status": 200}
{"id": "t000007358", "svc": "payment", "phase": "end", "ts": 11520100, "status": 200}
{"id": "t000007359", "svc": "auth", "phase": "start", "ts": 11521000, "status": 200}
{"id": "t000007359", "svc": "auth", "phase": "end", "ts": 11521100, "status": 200}
{"id": "t000007360", "svc": "gateway", "phase": "start", "ts": 11522000, "status": 200}
{"id": "t000007360", "svc": "gateway", "phase": "end", "ts": 11522100, "status": 500}
{"id": "t000007361", "svc": "payment", "phase": "start", "ts": 11523000, "status": 200}
{"id": "t000007361", "svc": "payment", "phase": "end", "ts": 11523100, "status": 200}
{"id": "t000007362", "svc": "auth", "phase": "start", "ts": 11524000, "status": 200}
{"id": "t000007362", "svc": "auth", "phase": "end", "ts": 11524100, "status": 200}
{"id": "t000007363", "svc": "gateway", "phase": "start", "ts": 11525000, "status": 200}
{"id": "t000007363", "svc": "gateway", "phase": "end", "ts": 11525100, "status": 200}
{"id": "t000007364", "svc": "payment", "phase": "start", "ts": 11526000, "status": 200}
{"id": "t000007364", "svc": "payment", "phase": "end", "ts": 11526100, "status": 200}
{"id": "t000007365", "svc": "auth", "phase": "start", "ts": 11527000, "status": 200}
{"id": "t000007365", "svc": "auth", "phase": "end", "ts": 11527100, "status": 200}
{"id": "t000007366", "svc": "gateway", "phase": "start", "ts": 11528000, "status": 200}
{"id": "t000007366", "svc": "gateway", "phase": "end", "ts": 11528100, "status": 200}
{"id": "t000007367", "svc": "payment", "phase": "start", "ts": 11529000, "status": 200}
{"id": "t000007367", "svc": "payment", "phase": "end", "ts": 11529100, "status": 200}
{"id": "t000007368", "svc": "auth", "phase": "start", "ts": 11530000, "status": 200}
{"id": "t000007368", "svc": "auth", "phase": "end", "ts": 11530100, "status": 500}
{"id": "t000007369", "svc": "gateway", "phase": "start", "ts": 11531000, "status": 200}
{"id": "t000007369", "svc": "gateway", "phase": "end", "ts": 11531100, "status": 200}
{"id": "t000007370", "svc": "payment", "phase": "start", "ts": 11532000, "status": 200}
{"id": "t000007370", "svc": "payment", "phase": "end", "ts": 11532100, "status": 200}
{"id": "t000007371", "svc": "auth", "phase": "start", "ts": 11533000, "status": 200}
{"id": "t000007371", "svc": "auth", "phase": "end", "ts": 11533100, "status": 200}
{"id": "t000007372", "svc": "gateway", "phase": "start", "ts": 11534000, "status": 200}
{"id": "t000007372", "svc": "gateway", "phase": "end", "ts": 11534100, "status": 200}
{"id": "t000007373", "svc": "payment", "phase": "start", "ts": 11535000, "status": 200}
{"id": "t000007373", "svc": "payment", "phase": "end", "ts": 11535100, "status": 200}
{"id": "t000007374", "svc": "auth", "phase": "start", "ts": 11536000, "status": 200}
{"id": "t000007374", "svc": "auth", "phase": "end", "ts": 11536100, "status": 200}
{"id": "t000007375", "svc": "gateway", "phase": "start", "ts": 11537000, "status": 200}
{"id": "t000007375", "svc": "gateway", "phase": "end", "ts": 11537100, "status": 200}
{"id": "t000007376", "svc": "payment", "phase": "start", "ts": 11538000, "status": 200}
{"id": "t000007376", "svc": "payment", "phase": "end", "ts": 11538100, "status": 500}
{"id": "t000007377", "svc": "auth", "phase": "start", "ts": 11539000, "status": 200}
{"id": "t000007377", "svc": "auth", "phase": "end", "ts": 11539100, "status": 200}
{"id": "t000007378", "svc": "gateway", "phase": "start", "ts": 11540000, "status": 200}
{"id": "t000007378", "svc": "gateway", "phase": "end", "ts": 11540100, "status": 200}
{"id": "t000007379", "svc": "payment", "phase": "start", "ts": 11541000, "status": 200}
{"id": "t000007379", "svc": "payment", "phase": "end", "ts": 11541100, "status": 200}
{"id": "t000007380", "svc": "auth", "phase": "start", "ts": 11542000, "status": 200}
{"id": "t000007380", "svc": "auth", "phase": "end", "ts": 11542100, "status": 200}
{"id": "t000007381", "svc": "gateway", "phase": "start", "ts": 11543000, "status": 200}
{"id": "t000007381", "svc": "gateway", "phase": "end", "ts": 11543100, "status": 200}
{"id": "t000007382", "svc": "payment", "phase": "start", "ts": 11544000, "status": 200}
{"id": "t000007382", "svc": "payment", "phase": "end", "ts": 11544100, "status": 200}
{"id": "t000007383", "svc": "auth", "phase": "start", "ts": 11545000, "status": 200}
{"id": "t000007383", "svc": "auth", "phase": "end", "ts": 11545100, "status": 200}
{"id": "t000007384", "svc": "gateway", "phase": "start", "ts": 11546000, "status": 200}
{"id": "t000007384", "svc": "gateway", "phase": "end", "ts": 11546100, "status": 500}
{"id": "t000007385", "svc": "payment", "phase": "start", "ts": 11547000, "status": 200}
{"id": "t000007385", "svc": "payment", "phase": "end", "ts": 11547100, "status": 200}
{"id": "t000007386", "svc": "auth", "phase": "start", "ts": 11548000, "status": 200}
{"id": "t000007386", "svc": "auth", "phase": "end", "ts": 11548100, "status": 200}
{"id": "t000007387", "svc": "gateway", "phase": "start", "ts": 11549000, "status": 200}
{"id": "t000007387", "svc": "gateway", "phase": "end", "ts": 11549100, "status": 200}
{"id": "t000007388", "svc": "payment", "phase": "start", "ts": 11550000, "status": 200}
{"id": "t000007388", "svc": "payment", "phase": "end", "ts": 11550100, "status": 200}
{"id": "t000007389", "svc": "auth", "phase": "start", "ts": 11551000, "status": 200}
{"id": "t000007389", "svc": "auth", "phase": "end", "ts": 11551100, "status": 200}
{"id": "t000007390", "svc": "gateway", "phase": "start", "ts": 11552000, "status": 200}
{"id": "t000007390", "svc": "gateway", "phase": "end", "ts": 11552100, "status": 200}
{"id": "t000007391", "svc": "payment", "phase": "start", "ts": 11553000, "status": 200}
{"id": "t000007391", "svc": "payment", "phase": "end", "ts": 11553100, "status": 200}
{"id": "t000007392", "svc": "auth", "phase": "start", "ts": 11554000, "status": 200}
{"id": "t000007392", "svc": "auth", "phase": "end", "ts": 11554100, "status": 500}
{"id": "t000007393", "svc": "gateway", "phase": "start", "ts": 11555000, "status": 200}
{"id": "t000007393", "svc": "gateway", "phase": "end", "ts": 11555100, "status": 200}
{"id": "t000007394", "svc": "payment", "phase": "start", "ts": 11556000, "status": 200}
{"id": "t000007394", "svc": "payment", "phase": "end", "ts": 11556100, "status": 200}
{"id": "t000007395", "svc": "auth", "phase": "start", "ts": 11557000, "status": 200}
{"id": "t000007395", "svc": "auth", "phase": "end", "ts": 11557100, "status": 200}
{"id": "t000007396", "svc": "gateway", "phase": "start", "ts": 11558000, "status": 200}
{"id": "t000007396", "svc": "gateway", "phase": "end", "ts": 11558100, "status": 200}
{"id": "t000007397", "svc": "payment", "phase": "start", "ts": 11559000, "status": 200}
{"id": "t000007397", "svc": "payment", "phase": "end", "ts": 11559100, "status": 200}
{"id": "t000007398", "svc": "auth", "phase": "start", "ts": 11560000, "status": 200}
{"id": "t000007398", "svc": "auth", "phase": "end", "ts": 11560100, "status": 200}
{"id": "t000007399", "svc": "gateway", "phase": "start", "ts": 11561000, "status": 200}
{"id": "t000007399", "svc": "gateway", "phase": "end", "ts": 11561100, "status": 200}
{"id": "t000007400", "svc": "payment", "phase": "start", "ts": 11562000, "status": 200}
{"id": "t000007400", "svc": "payment", "phase": "end", "ts": 11562100, "status": 500}
{"id": "t000007401", "svc": "auth", "phase": "start", "ts": 11563000, "status": 200}
{"id": "t000007401", "svc": "auth", "phase": "end", "ts": 11563100, "status": 200}
{"id": "t000007402", "svc": "gateway", "phase": "start", "ts": 11564000, "status": 200}
{"id": "t000007402", "svc": "gateway", "phase": "end", "ts": 11564100, "status": 200}
{"id": "t000007403", "svc": "payment", "phase": "start", "ts": 11565000, "status": 200}
{"id": "t000007403", "svc": "payment", "phase": "end", "ts": 11565100, "status": 200}
{"id": "t000007404", "svc": "auth", "phase": "start", "ts": 11566000, "status": 200}
{"id": "t000007404", "svc": "auth", "phase": "end", "ts": 11566100, "status": 200}
{"id": "t000007405", "svc": "gateway", "phase": "start", "ts": 11567000, "status": 200}
{"id": "t000007405", "svc": "gateway", "phase": "end", "ts": 11567100, "status": 200}
{"id": "t000007406", "svc": "payment", "phase": "start", "ts": 11568000, "status": 200}
{"id": "t000007406", "svc": "payment", "phase": "end", "ts": 11568100, "status": 200}
{"id": "t000007407", "svc": "auth", "phase": "start", "ts": 11569000, "status": 200}
{"id": "t000007407", "svc": "auth", "phase": "end", "ts": 11569100, "status": 200}
{"id": "t000007408", "svc": "gateway", "phase": "start", "ts": 11570000, "status": 200}
{"id": "t000007408", "svc": "gateway", "phase": "end", "ts": 11570100, "status": 500}
{"id": "t000007409", "svc": "payment", "phase": "start", "ts": 11571000, "status": 200}
{"id": "t000007409", "svc": "payment", "phase": "end", "ts": 11571100, "status": 200}
{"id": "t000007410", "svc": "auth", "phase": "start", "ts": 11572000, "status": 200}
{"id": "t000007410", "svc": "auth", "phase": "end", "ts": 11572100, "status": 200}
{"id": "t000007411", "svc": "gateway", "phase": "start", "ts": 11573000, "status": 200}
{"id": "t000007411", "svc": "gateway", "phase": "end", "ts": 11573100, "status": 200}
{"id": "t000007412", "svc": "payment", "phase": "start", "ts": 11574000, "status": 200}
{"id": "t000007412", "svc": "payment", "phase": "end", "ts": 11574100, "status": 200}
{"id": "t000007413", "svc": "auth", "phase": "start", "ts": 11575000, "status": 200}
{"id": "t000007413", "svc": "auth", "phase": "end", "ts": 11575100, "status": 200}
{"id": "t000007414", "svc": "gateway", "phase": "start", "ts": 11576000, "status": 200}
{"id": "t000007414", "svc": "gateway", "phase": "end", "ts": 11576100, "status": 200}
{"id": "t000007415", "svc": "payment", "phase": "start", "ts": 11577000, "status": 200}
{"id": "t000007415", "svc": "payment", "phase": "end", "ts": 11577100, "status": 200}
{"id": "t000007416", "svc": "auth", "phase": "start", "ts": 11578000, "status": 200}
{"id": "t000007416", "svc": "auth", "phase": "end", "ts": 11578100, "status": 500}
{"id": "t000007417", "svc": "gateway", "phase": "start", "ts": 11579000, "status": 200}
{"id": "t000007417", "svc": "gateway", "phase": "end", "ts": 11579100, "status": 200}
{"id": "t000007418", "svc": "payment", "phase": "start", "ts": 11580000, "status": 200}
{"id": "t000007418", "svc": "payment", "phase": "end", "ts": 11580100, "status": 200}
{"id": "t000007419", "svc": "auth", "phase": "start", "ts": 11581000, "status": 200}
{"id": "t000007419", "svc": "auth", "phase": "end", "ts": 11581100, "status": 200}
{"id": "t000007420", "svc": "gateway", "phase": "start", "ts": 11582000, "status": 200}
{"id": "t000007420", "svc": "gateway", "phase": "end", "ts": 11582100, "status": 200}
{"id": "t000007421", "svc": "payment", "phase": "start", "ts": 11583000, "status": 200}
{"id": "t000007421", "svc": "payment", "phase": "end", "ts": 11583100, "status": 200}
{"id": "t000007422", "svc": "auth", "phase": "start", "ts": 11584000, "status": 200}
{"id": "t000007422", "svc": "auth", "phase": "end", "ts": 11584100, "status": 200}
{"id": "t000007423", "svc": "gateway", "phase": "start", "ts": 11585000, "status": 200}
{"id": "t000007423", "svc": "gateway", "phase": "end", "ts": 11585100, "status": 200}
{"id": "t000007424", "svc": "payment", "phase": "start", "ts": 11586000, "status": 200}
{"id": "t000007424", "svc": "payment", "phase": "end", "ts": 11586100, "status": 500}
{"id": "t000007425", "svc": "auth", "phase": "start", "ts": 11587000, "status": 200}
{"id": "t000007425", "svc": "auth", "phase": "end", "ts": 11587100, "status": 200}
{"id": "t000007426", "svc": "gateway", "phase": "start", "ts": 11588000, "status": 200}
{"id": "t000007426", "svc": "gateway", "phase": "end", "ts": 11588100, "status": 200}
{"id": "t000007427", "svc": "payment", "phase": "start", "ts": 11589000, "status": 200}
{"id": "t000007427", "svc": "payment", "phase": "end", "ts": 11589100, "status": 200}
{"id": "t000007428", "svc": "auth", "phase": "start", "ts": 11590000, "status": 200}
{"id": "t000007428", "svc": "auth", "phase": "end", "ts": 11590100, "status": 200}
{"id": "t000007429", "svc": "gateway", "phase": "start", "ts": 11591000, "status": 200}
{"id": "t000007429", "svc": "gateway", "phase": "end", "ts": 11591100, "status": 200}
{"id": "t000007430", "svc": "payment", "phase": "start", "ts": 11592000, "status": 200}
{"id": "t000007430", "svc": "payment", "phase": "end", "ts": 11592100, "status": 200}
{"id": "t000007431", "svc": "auth", "phase": "start", "ts": 11593000, "status": 200}
{"id": "t000007431", "svc": "auth", "phase": "end", "ts": 11593100, "status": 200}
{"id": "t000007432", "svc": "gateway", "phase": "start", "ts": 11594000, "status": 200}
{"id": "t000007432", "svc": "gateway", "phase": "end", "ts": 11594100, "status": 500}
{"id": "t000007433", "svc": "payment", "phase": "start", "ts": 11595000, "status": 200}
{"id": "t000007433", "svc": "payment", "phase": "end", "ts": 11595100, "status": 200}
{"id": "t000007434", "svc": "auth", "phase": "start", "ts": 11596000, "status": 200}
{"id": "t000007434", "svc": "auth", "phase": "end", "ts": 11596100, "status": 200}
{"id": "t000007435", "svc": "gateway", "phase": "start", "ts": 11597000, "status": 200}
{"id": "t000007435", "svc": "gateway", "phase": "end", "ts": 11597100, "status": 200}
{"id": "t000007436", "svc": "payment", "phase": "start", "ts": 11598000, "status": 200}
{"id": "t000007436", "svc": "payment", "phase": "end", "ts": 11598100, "status": 200}
{"id": "t000007437", "svc": "auth", "phase": "start", "ts": 11599000, "status": 200}
{"id": "t000007437", "svc": "auth", "phase": "end", "ts": 11599100, "status": 200}
{"id": "t000007438", "svc": "gateway", "phase": "start", "ts": 11600000, "status": 200}
{"id": "t000007438", "svc": "gateway", "phase": "end", "ts": 11600100, "status": 200}
{"id": "t000007439", "svc": "payment", "phase": "start", "ts": 11601000, "status": 200}
{"id": "t000007439", "svc": "payment", "phase": "end", "ts": 11601100, "status": 200}
{"id": "t000007440", "svc": "auth", "phase": "start", "ts": 11602000, "status": 200}
{"id": "t000007440", "svc": "auth", "phase": "end", "ts": 11602100, "status": 500}
{"id": "t000007441", "svc": "gateway", "phase": "start", "ts": 11603000, "status": 200}
{"id": "t000007441", "svc": "gateway", "phase": "end", "ts": 11603100, "status": 200}
{"id": "t000007442", "svc": "payment", "phase": "start", "ts": 11604000, "status": 200}
{"id": "t000007442", "svc": "payment", "phase": "end", "ts": 11604100, "status": 200}
{"id": "t000007443", "svc": "auth", "phase": "start", "ts": 11605000, "status": 200}
{"id": "t000007443", "svc": "auth", "phase": "end", "ts": 11605100, "status": 200}
{"id": "t000007444", "svc": "gateway", "phase": "start", "ts": 11606000, "status": 200}
{"id": "t000007444", "svc": "gateway", "phase": "end", "ts": 11606100, "status": 200}
{"id": "t000007445", "svc": "payment", "phase": "start", "ts": 11607000, "status": 200}
{"id": "t000007445", "svc": "payment", "phase": "end", "ts": 11607100, "status": 200}
{"id": "t000007446", "svc": "auth", "phase": "start", "ts": 11608000, "status": 200}
{"id": "t000007446", "svc": "auth", "phase": "end", "ts": 11608100, "status": 200}
{"id": "t000007447", "svc": "gateway", "phase": "start", "ts": 11609000, "status": 200}
{"id": "t000007447", "svc": "gateway", "phase": "end", "ts": 11609100, "status": 200}
{"id": "t000007448", "svc": "payment", "phase": "start", "ts": 11610000, "status": 200}
{"id": "t000007448", "svc": "payment", "phase": "end", "ts": 11610100, "status": 500}
{"id": "t000007449", "svc": "auth", "phase": "start", "ts": 11611000, "status": 200}
{"id": "t000007449", "svc": "auth", "phase": "end", "ts": 11611100, "status": 200}
{"id": "t000007450", "svc": "gateway", "phase": "start", "ts": 11612000, "status": 200}
{"id": "t000007450", "svc": "gateway", "phase": "end", "ts": 11612100, "status": 200}
{"id": "t000007451", "svc": "payment", "phase": "start", "ts": 11613000, "status": 200}
{"id": "t000007451", "svc": "payment", "phase": "end", "ts": 11613100, "status": 200}
{"id": "t000007452", "svc": "auth", "phase": "start", "ts": 11614000, "status": 200}
{"id": "t000007452", "svc": "auth", "phase": "end", "ts": 11614100, "status": 200}
{"id": "t000007453", "svc": "gateway", "phase": "start", "ts": 11615000, "status": 200}
{"id": "t000007453", "svc": "gateway", "phase": "end", "ts": 11615100, "status": 200}
{"id": "t000007454", "svc": "payment", "phase": "start", "ts": 11616000, "status": 200}
{"id": "t000007454", "svc": "payment", "phase": "end", "ts": 11616100, "status": 200}
{"id": "t000007455", "svc": "auth", "phase": "start", "ts": 11617000, "status": 200}
{"id": "t000007455", "svc": "auth", "phase": "end", "ts": 11617100, "status": 200}
{"id": "t000007456", "svc": "gateway", "phase": "start", "ts": 11618000, "status": 200}
{"id": "t000007456", "svc": "gateway", "phase": "end", "ts": 11618100, "status": 500}
{"id": "t000007457", "svc": "payment", "phase": "start", "ts": 11619000, "status": 200}
{"id": "t000007457", "svc": "payment", "phase": "end", "ts": 11619100, "status": 200}
{"id": "t000007458", "svc": "auth", "phase": "start", "ts": 11620000, "status": 200}
{"id": "t000007458", "svc": "auth", "phase": "end", "ts": 11620100, "status": 200}
{"id": "t000007459", "svc": "gateway", "phase": "start", "ts": 11621000, "status": 200}
{"id": "t000007459", "svc": "gateway", "phase": "end", "ts": 11621100, "status": 200}
{"id": "t000007460", "svc": "payment", "phase": "start", "ts": 11622000, "status": 200}
{"id": "t000007460", "svc": "payment", "phase": "end", "ts": 11622100, "status": 200}
{"id": "t000007461", "svc": "auth", "phase": "start", "ts": 11623000, "status": 200}
{"id": "t000007461", "svc": "auth", "phase": "end", "ts": 11623100, "status": 200}
{"id": "t000007462", "svc": "gateway", "phase": "start", "ts": 11624000, "status": 200}
{"id": "t000007462", "svc": "gateway", "phase": "end", "ts": 11624100, "status": 200}
{"id": "t000007463", "svc": "payment", "phase": "start", "ts": 11625000, "status": 200}
{"id": "t000007463", "svc": "payment", "phase": "end", "ts": 11625100, "status": 200}
{"id": "t000007464", "svc": "auth", "phase": "start", "ts": 11626000, "status": 200}
{"id": "t000007464", "svc": "auth", "phase": "end", "ts": 11626100, "status": 500}
{"id": "t000007465", "svc": "gateway", "phase": "start", "ts": 11627000, "status": 200}
{"id": "t000007465", "svc": "gateway", "phase": "end", "ts": 11627100, "status": 200}
{"id": "t000007466", "svc": "payment", "phase": "start", "ts": 11628000, "status": 200}
{"id": "t000007466", "svc": "payment", "phase": "end", "ts": 11628100, "status": 200}
{"id": "t000007467", "svc": "auth", "phase": "start", "ts": 11629000, "status": 200}
{"id": "t000007467", "svc": "auth", "phase": "end", "ts": 11629100, "status": 200}
{"id": "t000007468", "svc": "gateway", "phase": "start", "ts": 11630000, "status": 200}
{"id": "t000007468", "svc": "gateway", "phase": "end", "ts": 11630100, "status": 200}
{"id": "t000007469", "svc": "payment", "phase": "start", "ts": 11631000, "status": 200}
{"id": "t000007469", "svc": "payment", "phase": "end", "ts": 11631100, "status": 200}
{"id": "t000007470", "svc": "auth", "phase": "start", "ts": 11632000, "status": 200}
{"id": "t000007470", "svc": "auth", "phase": "end", "ts": 11632100, "status": 200}
{"id": "t000007471", "svc": "gateway", "phase": "start", "ts": 11633000, "status": 200}
{"id": "t000007471", "svc": "gateway", "phase": "end", "ts": 11633100, "status": 200}
{"id": "t000007472", "svc": "payment", "phase": "start", "ts": 11634000, "status": 200}
{"id": "t000007472", "svc": "payment", "phase": "end", "ts": 11634100, "status": 500}
{"id": "t000007473", "svc": "auth", "phase": "start", "ts": 11635000, "status": 200}
{"id": "t000007473", "svc": "auth", "phase": "end", "ts": 11635100, "status": 200}
{"id": "t000007474", "svc": "gateway", "phase": "start", "ts": 11636000, "status": 200}
{"id": "t000007474", "svc": "gateway", "phase": "end", "ts": 11636100, "status": 200}
{"id": "t000007475", "svc": "payment", "phase": "start", "ts": 11637000, "status": 200}
{"id": "t000007475", "svc": "payment", "phase": "end", "ts": 11637100, "status": 200}
{"id": "t000007476", "svc": "auth", "phase": "start", "ts": 11638000, "status": 200}
{"id": "t000007476", "svc": "auth", "phase": "end", "ts": 11638100, "status": 200}
{"id": "t000007477", "svc": "gateway", "phase": "start", "ts": 11639000, "status": 200}
{"id": "t000007477", "svc": "gateway", "phase": "end", "ts": 11639100, "status": 200}
{"id": "t000007478", "svc": "payment", "phase": "start", "ts": 11640000, "status": 200}
{"id": "t000007478", "svc": "payment", "phase": "end", "ts": 11640100, "status": 200}
{"id": "t000007479", "svc": "auth", "phase": "start", "ts": 11641000, "status": 200}
{"id": "t000007479", "svc": "auth", "phase": "end", "ts": 11641100, "status": 200}
{"id": "t000007480", "svc": "gateway", "phase": "start", "ts": 11642000, "status": 200}
{"id": "t000007480", "svc": "gateway", "phase": "end", "ts": 11642100, "status": 500}
{"id": "t000007481", "svc": "payment", "phase": "start", "ts": 11643000, "status": 200}
{"id": "t000007481", "svc": "payment", "phase": "end", "ts": 11643100, "status": 200}
{"id": "t000007482", "svc": "auth", "phase": "start", "ts": 11644000, "status": 200}
{"id": "t000007482", "svc": "auth", "phase": "end", "ts": 11644100, "status": 200}
{"id": "t000007483", "svc": "gateway", "phase": "start", "ts": 11645000, "status": 200}
{"id": "t000007483", "svc": "gateway", "phase": "end", "ts": 11645100, "status": 200}
{"id": "t000007484", "svc": "payment", "phase": "start", "ts": 11646000, "status": 200}
{"id": "t000007484", "svc": "payment", "phase": "end", "ts": 11646100, "status": 200}
{"id": "t000007485", "svc": "auth", "phase": "start", "ts": 11647000, "status": 200}
{"id": "t000007485", "svc": "auth", "phase": "end", "ts": 11647100, "status": 200}
{"id": "t000007486", "svc": "gateway", "phase": "start", "ts": 11648000, "status": 200}
{"id": "t000007486", "svc": "gateway", "phase": "end", "ts": 11648100, "status": 200}
{"id": "t000007487", "svc": "payment", "phase": "start", "ts": 11649000, "status": 200}
{"id": "t000007487", "svc": "payment", "phase": "end", "ts": 11649100, "status": 200}
{"id": "t000007488", "svc": "auth", "phase": "start", "ts": 11650000, "status": 200}
{"id": "t000007488", "svc": "auth", "phase": "end", "ts": 11650100, "status": 500}
{"id": "t000007489", "svc": "gateway", "phase": "start", "ts": 11651000, "status": 200}
{"id": "t000007489", "svc": "gateway", "phase": "end", "ts": 11651100, "status": 200}
{"id": "t000007490", "svc": "payment", "phase": "start", "ts": 11652000, "status": 200}
{"id": "t000007490", "svc": "payment", "phase": "end", "ts": 11652100, "status": 200}
{"id": "t000007491", "svc": "auth", "phase": "start", "ts": 11653000, "status": 200}
{"id": "t000007491", "svc": "auth", "phase": "end", "ts": 11653100, "status": 200}
{"id": "t000007492", "svc": "gateway", "phase": "start", "ts": 11654000, "status": 200}
{"id": "t000007492", "svc": "gateway", "phase": "end", "ts": 11654100, "status": 200}
{"id": "t000007493", "svc": "payment", "phase": "start", "ts": 11655000, "status": 200}
{"id": "t000007493", "svc": "payment", "phase": "end", "ts": 11655100, "status": 200}
{"id": "t000007494", "svc": "auth", "phase": "start", "ts": 11656000, "status": 200}
{"id": "t000007494", "svc": "auth", "phase": "end", "ts": 11656100, "status": 200}
{"id": "t000007495", "svc": "gateway", "phase": "start", "ts": 11657000, "status": 200}
{"id": "t000007495", "svc": "gateway", "phase": "end", "ts": 11657100, "status": 200}
{"id": "t000007496", "svc": "payment", "phase": "start", "ts": 11658000, "status": 200}
{"id": "t000007496", "svc": "payment", "phase": "end", "ts": 11658100, "status": 500}
{"id": "t000007497", "svc": "auth", "phase": "start", "ts": 11659000, "status": 200}
{"id": "t000007497", "svc": "auth", "phase": "end", "ts": 11659100, "status": 200}
{"id": "t000007498", "svc": "gateway", "phase": "start", "ts": 11660000, "status": 200}
{"id": "t000007498", "svc": "gateway", "phase": "end", "ts": 11660100, "status": 200}
{"id": "t000007499", "svc": "payment", "phase": "start", "ts": 11661000, "status": 200}
{"id": "t000007499", "svc": "payment", "phase": "end", "ts": 11661100, "status": 200}
{"id": "t000007500", "svc": "auth", "phase": "start", "ts": 11662000, "status": 200}
{"id": "t000007500", "svc": "auth", "phase": "end", "ts": 11662100, "status": 200}
{"id": "t000007501", "svc": "gateway", "phase": "start", "ts": 11663000, "status": 200}
{"id": "t000007501", "svc": "gateway", "phase": "end", "ts": 11663100, "status": 200}
{"id": "t000007502", "svc": "payment", "phase": "start", "ts": 11664000, "status": 200}
{"id": "t000007502", "svc": "payment", "phase": "end", "ts": 11664100, "status": 200}
{"id": "t000007503", "svc": "auth", "phase": "start", "ts": 11665000, "status": 200}
{"id": "t000007503", "svc": "auth", "phase": "end", "ts": 11665100, "status": 200}
{"id": "t000007504", "svc": "gateway", "phase": "start", "ts": 11666000, "status": 200}
{"id": "t000007504", "svc": "gateway", "phase": "end", "ts": 11666100, "status": 500}
{"id": "t000007505", "svc": "payment", "phase": "start", "ts": 11667000, "status": 200}
{"id": "t000007505", "svc": "payment", "phase": "end", "ts": 11667100, "status": 200}
{"id": "t000007506", "svc": "auth", "phase": "start", "ts": 11668000, "status": 200}
{"id": "t000007506", "svc": "auth", "phase": "end", "ts": 11668100, "status": 200}
{"id": "t000007507", "svc": "gateway", "phase": "start", "ts": 11669000, "status": 200}
{"id": "t000007507", "svc": "gateway", "phase": "end", "ts": 11669100, "status": 200}
{"id": "t000007508", "svc": "payment", "phase": "start", "ts": 11670000, "status": 200}
{"id": "t000007508", "svc": "payment", "phase": "end", "ts": 11670100, "status": 200}
{"id": "t000007509", "svc": "auth", "phase": "start", "ts": 11671000, "status": 200}
{"id": "t000007509", "svc": "auth", "phase": "end", "ts": 11671100, "status": 200}
{"id": "t000007510", "svc": "gateway", "phase": "start", "ts": 11672000, "status": 200}
{"id": "t000007510", "svc": "gateway", "phase": "end", "ts": 11672100, "status": 200}
{"id": "t000007511", "svc": "payment", "phase": "start", "ts": 11673000, "status": 200}
{"id": "t000007511", "svc": "payment", "phase": "end", "ts": 11673100, "status": 200}
{"id": "t000007512", "svc": "auth", "phase": "start", "ts": 11674000, "status": 200}
{"id": "t000007512", "svc": "auth", "phase": "end", "ts": 11674100, "status": 500}
{"id": "t000007513", "svc": "gateway", "phase": "start", "ts": 11675000, "status": 200}
{"id": "t000007513", "svc": "gateway", "phase": "end", "ts": 11675100, "status": 200}
{"id": "t000007514", "svc": "payment", "phase": "start", "ts": 11676000, "status": 200}
{"id": "t000007514", "svc": "payment", "phase": "end", "ts": 11676100, "status": 200}
{"id": "t000007515", "svc": "auth", "phase": "start", "ts": 11677000, "status": 200}
{"id": "t000007515", "svc": "auth", "phase": "end", "ts": 11677100, "status": 200}
{"id": "t000007516", "svc": "gateway", "phase": "start", "ts": 11678000, "status": 200}
{"id": "t000007516", "svc": "gateway", "phase": "end", "ts": 11678100, "status": 200}
{"id": "t000007517", "svc": "payment", "phase": "start", "ts": 11679000, "status": 200}
{"id": "t000007517", "svc": "payment", "phase": "end", "ts": 11679100, "status": 200}
{"id": "t000007518", "svc": "auth", "phase": "start", "ts": 11680000, "status": 200}
{"id": "t000007518", "svc": "auth", "phase": "end", "ts": 11680100, "status": 200}
{"id": "t000007519", "svc": "gateway", "phase": "start", "ts": 11681000, "status": 200}
{"id": "t000007519", "svc": "gateway", "phase": "end", "ts": 11681100, "status": 200}
{"id": "t000007520", "svc": "payment", "phase": "start", "ts": 11682000, "status": 200}
{"id": "t000007520", "svc": "payment", "phase": "end", "ts": 11682100, "status": 500}
{"id": "t000007521", "svc": "auth", "phase": "start", "ts": 11683000, "status": 200}
{"id": "t000007521", "svc": "auth", "phase": "end", "ts": 11683100, "status": 200}
{"id": "t000007522", "svc": "gateway", "phase": "start", "ts": 11684000, "status": 200}
{"id": "t000007522", "svc": "gateway", "phase": "end", "ts": 11684100, "status": 200}
{"id": "t000007523", "svc": "payment", "phase": "start", "ts": 11685000, "status": 200}
{"id": "t000007523", "svc": "payment", "phase": "end", "ts": 11685100, "status": 200}
{"id": "t000007524", "svc": "auth", "phase": "start", "ts": 11686000, "status": 200}
{"id": "t000007524", "svc": "auth", "phase": "end", "ts": 11686100, "status": 200}
{"id": "t000007525", "svc": "gateway", "phase": "start", "ts": 11687000, "status": 200}
{"id": "t000007525", "svc": "gateway", "phase": "end", "ts": 11687100, "status": 200}
{"id": "t000007526", "svc": "payment", "phase": "start", "ts": 11688000, "status": 200}
{"id": "t000007526", "svc": "payment", "phase": "end", "ts": 11688100, "status": 200}
{"id": "t000007527", "svc": "auth", "phase": "start", "ts": 11689000, "status": 200}
{"id": "t000007527", "svc": "auth", "phase": "end", "ts": 11689100, "status": 200}
{"id": "t000007528", "svc": "gateway", "phase": "start", "ts": 11690000, "status": 200}
{"id": "t000007528", "svc": "gateway", "phase": "end", "ts": 11690100, "status": 500}
{"id": "t000007529", "svc": "payment", "phase": "start", "ts": 11691000, "status": 200}
{"id": "t000007529", "svc": "payment", "phase": "end", "ts": 11691100, "status": 200}
{"id": "t000007530", "svc": "auth", "phase": "start", "ts": 11692000, "status": 200}
{"id": "t000007530", "svc": "auth", "phase": "end", "ts": 11692100, "status": 200}
{"id": "t000007531", "svc": "gateway", "phase": "start", "ts": 11693000, "status": 200}
{"id": "t000007531", "svc": "gateway", "phase": "end", "ts": 11693100, "status": 200}
{"id": "t000007532", "svc": "payment", "phase": "start", "ts": 11694000, "status": 200}
{"id": "t000007532", "svc": "payment", "phase": "end", "ts": 11694100, "status": 200}
{"id": "t000007533", "svc": "auth", "phase": "start", "ts": 11695000, "status": 200}
{"id": "t000007533", "svc": "auth", "phase": "end", "ts": 11695100, "status": 200}
{"id": "t000007534", "svc": "gateway", "phase": "start", "ts": 11696000, "status": 200}
{"id": "t000007534", "svc": "gateway", "phase": "end", "ts": 11696100, "status": 200}
{"id": "t000007535", "svc": "payment", "phase": "start", "ts": 11697000, "status": 200}
{"id": "t000007535", "svc": "payment", "phase": "end", "ts": 11697100, "status": 200}
{"id": "t000007536", "svc": "auth", "phase": "start", "ts": 11698000, "status": 200}
{"id": "t000007536", "svc": "auth", "phase": "end", "ts": 11698100, "status": 500}
{"id": "t000007537", "svc": "gateway", "phase": "start", "ts": 11699000, "status": 200}
{"id": "t000007537", "svc": "gateway", "phase": "end", "ts": 11699100, "status": 200}
{"id": "t000007538", "svc": "payment", "phase": "start", "ts": 11700000, "status": 200}
{"id": "t000007538", "svc": "payment", "phase": "end", "ts": 11700100, "status": 200}
{"id": "t000007539", "svc": "auth", "phase": "start", "ts": 11701000, "status": 200}
{"id": "t000007539", "svc": "auth", "phase": "end", "ts": 11701100, "status": 200}
{"id": "t000007540", "svc": "gateway", "phase": "start", "ts": 11702000, "status": 200}
{"id": "t000007540", "svc": "gateway", "phase": "end", "ts": 11702100, "status": 200}
{"id": "t000007541", "svc": "payment", "phase": "start", "ts": 11703000, "status": 200}
{"id": "t000007541", "svc": "payment", "phase": "end", "ts": 11703100, "status": 200}
{"id": "t000007542", "svc": "auth", "phase": "start", "ts": 11704000, "status": 200}
{"id": "t000007542", "svc": "auth", "phase": "end", "ts": 11704100, "status": 200}
{"id": "t000007543", "svc": "gateway", "phase": "start", "ts": 11705000, "status": 200}
{"id": "t000007543", "svc": "gateway", "phase": "end", "ts": 11705100, "status": 200}
{"id": "t000007544", "svc": "payment", "phase": "start", "ts": 11706000, "status": 200}
{"id": "t000007544", "svc": "payment", "phase": "end", "ts": 11706100, "status": 500}
{"id": "t000007545", "svc": "auth", "phase": "start", "ts": 11707000, "status": 200}
{"id": "t000007545", "svc": "auth", "phase": "end", "ts": 11707100, "status": 200}
{"id": "t000007546", "svc": "gateway", "phase": "start", "ts": 11708000, "status": 200}
{"id": "t000007546", "svc": "gateway", "phase": "end", "ts": 11708100, "status": 200}
{"id": "t000007547", "svc": "payment", "phase": "start", "ts": 11709000, "status": 200}
{"id": "t000007547", "svc": "payment", "phase": "end", "ts": 11709100, "status": 200}
{"id": "t000007548", "svc": "auth", "phase": "start", "ts": 11710000, "status": 200}
{"id": "t000007548", "svc": "auth", "phase": "end", "ts": 11710100, "status": 200}
{"id": "t000007549", "svc": "gateway", "phase": "start", "ts": 11711000, "status": 200}
{"id": "t000007549", "svc": "gateway", "phase": "end", "ts": 11711100, "status": 200}
{"id": "t000007550", "svc": "payment", "phase": "start", "ts": 11712000, "status": 200}
{"id": "t000007550", "svc": "payment", "phase": "end", "ts": 11712100, "status": 200}
{"id": "t000007551", "svc": "auth", "phase": "start", "ts": 11713000, "status": 200}
{"id": "t000007551", "svc": "auth", "phase": "end", "ts": 11713100, "status": 200}
{"id": "t000007552", "svc": "gateway", "phase": "start", "ts": 11714000, "status": 200}
{"id": "t000007552", "svc": "gateway", "phase": "end", "ts": 11714100, "status": 500}
{"id": "t000007553", "svc": "payment", "phase": "start", "ts": 11715000, "status": 200}
{"id": "t000007553", "svc": "payment", "phase": "end", "ts": 11715100, "status": 200}
{"id": "t000007554", "svc": "auth", "phase": "start", "ts": 11716000, "status": 200}
{"id": "t000007554", "svc": "auth", "phase": "end", "ts": 11716100, "status": 200}
{"id": "t000007555", "svc": "gateway", "phase": "start", "ts": 11717000, "status": 200}
{"id": "t000007555", "svc": "gateway", "phase": "end", "ts": 11717100, "status": 200}
{"id": "t000007556", "svc": "payment", "phase": "start", "ts": 11718000, "status": 200}
{"id": "t000007556", "svc": "payment", "phase": "end", "ts": 11718100, "status": 200}
{"id": "t000007557", "svc": "auth", "phase": "start", "ts": 11719000, "status": 200}
{"id": "t000007557", "svc": "auth", "phase": "end", "ts": 11719100, "status": 200}
{"id": "t000007558", "svc": "gateway", "phase": "start", "ts": 11720000, "status": 200}
{"id": "t000007558", "svc": "gateway", "phase": "end", "ts": 11720100, "status": 200}
{"id": "t000007559", "svc": "payment", "phase": "start", "ts": 11721000, "status": 200}
{"id": "t000007559", "svc": "payment", "phase": "end", "ts": 11721100, "status": 200}
{"id": "t000007560", "svc": "auth", "phase": "start", "ts": 11722000, "status": 200}
{"id": "t000007560", "svc": "auth", "phase": "end", "ts": 11722100, "status": 500}
{"id": "t000007561", "svc": "gateway", "phase": "start", "ts": 11723000, "status": 200}
{"id": "t000007561", "svc": "gateway", "phase": "end", "ts": 11723100, "status": 200}
{"id": "t000007562", "svc": "payment", "phase": "start", "ts": 11724000, "status": 200}
{"id": "t000007562", "svc": "payment", "phase": "end", "ts": 11724100, "status": 200}
{"id": "t000007563", "svc": "auth", "phase": "start", "ts": 11725000, "status": 200}
{"id": "t000007563", "svc": "auth", "phase": "end", "ts": 11725100, "status": 200}
{"id": "t000007564", "svc": "gateway", "phase": "start", "ts": 11726000, "status": 200}
{"id": "t000007564", "svc": "gateway", "phase": "end", "ts": 11726100, "status": 200}
{"id": "t000007565", "svc": "payment", "phase": "start", "ts": 11727000, "status": 200}
{"id": "t000007565", "svc": "payment", "phase": "end", "ts": 11727100, "status": 200}
{"id": "t000007566", "svc": "auth", "phase": "start", "ts": 11728000, "status": 200}
{"id": "t000007566", "svc": "auth", "phase": "end", "ts": 11728100, "status": 200}
{"id": "t000007567", "svc": "gateway", "phase": "start", "ts": 11729000, "status": 200}
{"id": "t000007567", "svc": "gateway", "phase": "end", "ts": 11729100, "status": 200}
{"id": "t000007568", "svc": "payment", "phase": "start", "ts": 11730000, "status": 200}
{"id": "t000007568", "svc": "payment", "phase": "end", "ts": 11730100, "status": 500}
{"id": "t000007569", "svc": "auth", "phase": "start", "ts": 11731000, "status": 200}
{"id": "t000007569", "svc": "auth", "phase": "end", "ts": 11731100, "status": 200}
{"id": "t000007570", "svc": "gateway", "phase": "start", "ts": 11732000, "status": 200}
{"id": "t000007570", "svc": "gateway", "phase": "end", "ts": 11732100, "status": 200}
{"id": "t000007571", "svc": "payment", "phase": "start", "ts": 11733000, "status": 200}
{"id": "t000007571", "svc": "payment", "phase": "end", "ts": 11733100, "status": 200}
{"id": "t000007572", "svc": "auth", "phase": "start", "ts": 11734000, "status": 200}
{"id": "t000007572", "svc": "auth", "phase": "end", "ts": 11734100, "status": 200}
{"id": "t000007573", "svc": "gateway", "phase": "start", "ts": 11735000, "status": 200}
{"id": "t000007573", "svc": "gateway", "phase": "end", "ts": 11735100, "status": 200}
{"id": "t000007574", "svc": "payment", "phase": "start", "ts": 11736000, "status": 200}
{"id": "t000007574", "svc": "payment", "phase": "end", "ts": 11736100, "status": 200}
{"id": "t000007575", "svc": "auth", "phase": "start", "ts": 11737000, "status": 200}
{"id": "t000007575", "svc": "auth", "phase": "end", "ts": 11737100, "status": 200}
{"id": "t000007576", "svc": "gateway", "phase": "start", "ts": 11738000, "status": 200}
{"id": "t000007576", "svc": "gateway", "phase": "end", "ts": 11738100, "status": 500}
{"id": "t000007577", "svc": "payment", "phase": "start", "ts": 11739000, "status": 200}
{"id": "t000007577", "svc": "payment", "phase": "end", "ts": 11739100, "status": 200}
{"id": "t000007578", "svc": "auth", "phase": "start", "ts": 11740000, "status": 200}
{"id": "t000007578", "svc": "auth", "phase": "end", "ts": 11740100, "status": 200}
{"id": "t000007579", "svc": "gateway", "phase": "start", "ts": 11741000, "status": 200}
{"id": "t000007579", "svc": "gateway", "phase": "end", "ts": 11741100, "status": 200}
{"id": "t000007580", "svc": "payment", "phase": "start", "ts": 11742000, "status": 200}
{"id": "t000007580", "svc": "payment", "phase": "end", "ts": 11742100, "status": 200}
{"id": "t000007581", "svc": "auth", "phase": "start", "ts": 11743000, "status": 200}
{"id": "t000007581", "svc": "auth", "phase": "end", "ts": 11743100, "status": 200}
{"id": "t000007582", "svc": "gateway", "phase": "start", "ts": 11744000, "status": 200}
{"id": "t000007582", "svc": "gateway", "phase": "end", "ts": 11744100, "status": 200}
{"id": "t000007583", "svc": "payment", "phase": "start", "ts": 11745000, "status": 200}
{"id": "t000007583", "svc": "payment", "phase": "end", "ts": 11745100, "status": 200}
{"id": "t000007584", "svc": "auth", "phase": "start", "ts": 11746000, "status": 200}
{"id": "t000007584", "svc": "auth", "phase": "end", "ts": 11746100, "status": 500}
{"id": "t000007585", "svc": "gateway", "phase": "start", "ts": 11747000, "status": 200}
{"id": "t000007585", "svc": "gateway", "phase": "end", "ts": 11747100, "status": 200}
{"id": "t000007586", "svc": "payment", "phase": "start", "ts": 11748000, "status": 200}
{"id": "t000007586", "svc": "payment", "phase": "end", "ts": 11748100, "status": 200}
{"id": "t000007587", "svc": "auth", "phase": "start", "ts": 11749000, "status": 200}
{"id": "t000007587", "svc": "auth", "phase": "end", "ts": 11749100, "status": 200}
{"id": "t000007588", "svc": "gateway", "phase": "start", "ts": 11750000, "status": 200}
{"id": "t000007588", "svc": "gateway", "phase": "end", "ts": 11750100, "status": 200}
{"id": "t000007589", "svc": "payment", "phase": "start", "ts": 11751000, "status": 200}
{"id": "t000007589", "svc": "payment", "phase": "end", "ts": 11751100, "status": 200}
{"id": "t000007590", "svc": "auth", "phase": "start", "ts": 11752000, "status": 200}
{"id": "t000007590", "svc": "auth", "phase": "end", "ts": 11752100, "status": 200}
{"id": "t000007591", "svc": "gateway", "phase": "start", "ts": 11753000, "status": 200}
{"id": "t000007591", "svc": "gateway", "phase": "end", "ts": 11753100, "status": 200}
{"id": "t000007592", "svc": "payment", "phase": "start", "ts": 11754000, "status": 200}
{"id": "t000007592", "svc": "payment", "phase": "end", "ts": 11754100, "status": 500}
{"id": "t000007593", "svc": "auth", "phase": "start", "ts": 11755000, "status": 200}
{"id": "t000007593", "svc": "auth", "phase": "end", "ts": 11755100, "status": 200}
{"id": "t000007594", "svc": "gateway", "phase": "start", "ts": 11756000, "status": 200}
{"id": "t000007594", "svc": "gateway", "phase": "end", "ts": 11756100, "status": 200}
{"id": "t000007595", "svc": "payment", "phase": "start", "ts": 11757000, "status": 200}
{"id": "t000007595", "svc": "payment", "phase": "end", "ts": 11757100, "status": 200}
{"id": "t000007596", "svc": "auth", "phase": "start", "ts": 11758000, "status": 200}
{"id": "t000007596", "svc": "auth", "phase": "end", "ts": 11758100, "status": 200}
{"id": "t000007597", "svc": "gateway", "phase": "start", "ts": 11759000, "status": 200}
{"id": "t000007597", "svc": "gateway", "phase": "end", "ts": 11759100, "status": 200}
{"id": "t000007598", "svc": "payment", "phase": "start", "ts": 11760000, "status": 200}
{"id": "t000007598", "svc": "payment", "phase": "end", "ts": 11760100, "status": 200}
{"id": "t000007599", "svc": "auth", "phase": "start", "ts": 11761000, "status": 200}
{"id": "t000007599", "svc": "auth", "phase": "end", "ts": 11761100, "status": 200}
{"id": "t000007600", "svc": "gateway", "phase": "start", "ts": 11762000, "status": 200}
{"id": "t000007600", "svc": "gateway", "phase": "end", "ts": 11762100, "status": 500}
{"id": "t000007601", "svc": "payment", "phase": "start", "ts": 11763000, "status": 200}
{"id": "t000007601", "svc": "payment", "phase": "end", "ts": 11763100, "status": 200}
{"id": "t000007602", "svc": "auth", "phase": "start", "ts": 11764000, "status": 200}
{"id": "t000007602", "svc": "auth", "phase": "end", "ts": 11764100, "status": 200}
{"id": "t000007603", "svc": "gateway", "phase": "start", "ts": 11765000, "status": 200}
{"id": "t000007603", "svc": "gateway", "phase": "end", "ts": 11765100, "status": 200}
{"id": "t000007604", "svc": "payment", "phase": "start", "ts": 11766000, "status": 200}
{"id": "t000007604", "svc": "payment", "phase": "end", "ts": 11766100, "status": 200}
{"id": "t000007605", "svc": "auth", "phase": "start", "ts": 11767000, "status": 200}
{"id": "t000007605", "svc": "auth", "phase": "end", "ts": 11767100, "status": 200}
{"id": "t000007606", "svc": "gateway", "phase": "start", "ts": 11768000, "status": 200}
{"id": "t000007606", "svc": "gateway", "phase": "end", "ts": 11768100, "status": 200}
{"id": "t000007607", "svc": "payment", "phase": "start", "ts": 11769000, "status": 200}
{"id": "t000007607", "svc": "payment", "phase": "end", "ts": 11769100, "status": 200}
{"id": "t000007608", "svc": "auth", "phase": "start", "ts": 11770000, "status": 200}
{"id": "t000007608", "svc": "auth", "phase": "end", "ts": 11770100, "status": 500}
{"id": "t000007609", "svc": "gateway", "phase": "start", "ts": 11771000, "status": 200}
{"id": "t000007609", "svc": "gateway", "phase": "end", "ts": 11771100, "status": 200}
{"id": "t000007610", "svc": "payment", "phase": "start", "ts": 11772000, "status": 200}
{"id": "t000007610", "svc": "payment", "phase": "end", "ts": 11772100, "status": 200}
{"id": "t000007611", "svc": "auth", "phase": "start", "ts": 11773000, "status": 200}
{"id": "t000007611", "svc": "auth", "phase": "end", "ts": 11773100, "status": 200}
{"id": "t000007612", "svc": "gateway", "phase": "start", "ts": 11774000, "status": 200}
{"id": "t000007612", "svc": "gateway", "phase": "end", "ts": 11774100, "status": 200}
{"id": "t000007613", "svc": "payment", "phase": "start", "ts": 11775000, "status": 200}
{"id": "t000007613", "svc": "payment", "phase": "end", "ts": 11775100, "status": 200}
{"id": "t000007614", "svc": "auth", "phase": "start", "ts": 11776000, "status": 200}
{"id": "t000007614", "svc": "auth", "phase": "end", "ts": 11776100, "status": 200}
{"id": "t000007615", "svc": "gateway", "phase": "start", "ts": 11777000, "status": 200}
{"id": "t000007615", "svc": "gateway", "phase": "end", "ts": 11777100, "status": 200}
{"id": "t000007616", "svc": "payment", "phase": "start", "ts": 11778000, "status": 200}
{"id": "t000007616", "svc": "payment", "phase": "end", "ts": 11778100, "status": 500}
{"id": "t000007617", "svc": "auth", "phase": "start", "ts": 11779000, "status": 200}
{"id": "t000007617", "svc": "auth", "phase": "end", "ts": 11779100, "status": 200}
{"id": "t000007618", "svc": "gateway", "phase": "start", "ts": 11780000, "status": 200}
{"id": "t000007618", "svc": "gateway", "phase": "end", "ts": 11780100, "status": 200}
{"id": "t000007619", "svc": "payment", "phase": "start", "ts": 11781000, "status": 200}
{"id": "t000007619", "svc": "payment", "phase": "end", "ts": 11781100, "status": 200}
{"id": "t000007620", "svc": "auth", "phase": "start", "ts": 11782000, "status": 200}
{"id": "t000007620", "svc": "auth", "phase": "end", "ts": 11782100, "status": 200}
{"id": "t000007621", "svc": "gateway", "phase": "start", "ts": 11783000, "status": 200}
{"id": "t000007621", "svc": "gateway", "phase": "end", "ts": 11783100, "status": 200}
{"id": "t000007622", "svc": "payment", "phase": "start", "ts": 11784000, "status": 200}
{"id": "t000007622", "svc": "payment", "phase": "end", "ts": 11784100, "status": 200}
{"id": "t000007623", "svc": "auth", "phase": "start", "ts": 11785000, "status": 200}
{"id": "t000007623", "svc": "auth", "phase": "end", "ts": 11785100, "status": 200}
{"id": "t000007624", "svc": "gateway", "phase": "start", "ts": 11786000, "status": 200}
{"id": "t000007624", "svc": "gateway", "phase": "end", "ts": 11786100, "status": 500}
{"id": "t000007625", "svc": "payment", "phase": "start", "ts": 11787000, "status": 200}
{"id": "t000007625", "svc": "payment", "phase": "end", "ts": 11787100, "status": 200}
{"id": "t000007626", "svc": "auth", "phase": "start", "ts": 11788000, "status": 200}
{"id": "t000007626", "svc": "auth", "phase": "end", "ts": 11788100, "status": 200}
{"id": "t000007627", "svc": "gateway", "phase": "start", "ts": 11789000, "status": 200}
{"id": "t000007627", "svc": "gateway", "phase": "end", "ts": 11789100, "status": 200}
{"id": "t000007628", "svc": "payment", "phase": "start", "ts": 11790000, "status": 200}
{"id": "t000007628", "svc": "payment", "phase": "end", "ts": 11790100, "status": 200}
{"id": "t000007629", "svc": "auth", "phase": "start", "ts": 11791000, "status": 200}
{"id": "t000007629", "svc": "auth", "phase": "end", "ts": 11791100, "status": 200}
{"id": "t000007630", "svc": "gateway", "phase": "start", "ts": 11792000, "status": 200}
{"id": "t000007630", "svc": "gateway", "phase": "end", "ts": 11792100, "status": 200}
{"id": "t000007631", "svc": "payment", "phase": "start", "ts": 11793000, "status": 200}
{"id": "t000007631", "svc": "payment", "phase": "end", "ts": 11793100, "status": 200}
{"id": "t000007632", "svc": "auth", "phase": "start", "ts": 11794000, "status": 200}
{"id": "t000007632", "svc": "auth", "phase": "end", "ts": 11794100, "status": 500}
{"id": "t000007633", "svc": "gateway", "phase": "start", "ts": 11795000, "status": 200}
{"id": "t000007633", "svc": "gateway", "phase": "end", "ts": 11795100, "status": 200}
{"id": "t000007634", "svc": "payment", "phase": "start", "ts": 11796000, "status": 200}
{"id": "t000007634", "svc": "payment", "phase": "end", "ts": 11796100, "status": 200}
{"id": "t000007635", "svc": "auth", "phase": "start", "ts": 11797000, "status": 200}
{"id": "t000007635", "svc": "auth", "phase": "end", "ts": 11797100, "status": 200}
{"id": "t000007636", "svc": "gateway", "phase": "start", "ts": 11798000, "status": 200}
{"id": "t000007636", "svc": "gateway", "phase": "end", "ts": 11798100, "status": 200}
{"id": "t000007637", "svc": "payment", "phase": "start", "ts": 11799000, "status": 200}
{"id": "t000007637", "svc": "payment", "phase": "end", "ts": 11799100, "status": 200}
{"id": "t000007638", "svc": "auth", "phase": "start", "ts": 11800000, "status": 200}
{"id": "t000007638", "svc": "auth", "phase": "end", "ts": 11800100, "status": 200}
{"id": "t000007639", "svc": "gateway", "phase": "start", "ts": 11801000, "status": 200}
{"id": "t000007639", "svc": "gateway", "phase": "end", "ts": 11801100, "status": 200}
{"id": "t000007640", "svc": "payment", "phase": "start", "ts": 11802000, "status": 200}
{"id": "t000007640", "svc": "payment", "phase": "end", "ts": 11802100, "status": 500}
{"id": "t000007641", "svc": "auth", "phase": "start", "ts": 11803000, "status": 200}
{"id": "t000007641", "svc": "auth", "phase": "end", "ts": 11803100, "status": 200}
{"id": "t000007642", "svc": "gateway", "phase": "start", "ts": 11804000, "status": 200}
{"id": "t000007642", "svc": "gateway", "phase": "end", "ts": 11804100, "status": 200}
{"id": "t000007643", "svc": "payment", "phase": "start", "ts": 11805000, "status": 200}
{"id": "t000007643", "svc": "payment", "phase": "end", "ts": 11805100, "status": 200}
{"id": "t000007644", "svc": "auth", "phase": "start", "ts": 11806000, "status": 200}
{"id": "t000007644", "svc": "auth", "phase": "end", "ts": 11806100, "status": 200}
{"id": "t000007645", "svc": "gateway", "phase": "start", "ts": 11807000, "status": 200}
{"id": "t000007645", "svc": "gateway", "phase": "end", "ts": 11807100, "status": 200}
{"id": "t000007646", "svc": "payment", "phase": "start", "ts": 11808000, "status": 200}
{"id": "t000007646", "svc": "payment", "phase": "end", "ts": 11808100, "status": 200}
{"id": "t000007647", "svc": "auth", "phase": "start", "ts": 11809000, "status": 200}
{"id": "t000007647", "svc": "auth", "phase": "end", "ts": 11809100, "status": 200}
{"id": "t000007648", "svc": "gateway", "phase": "start", "ts": 11810000, "status": 200}
{"id": "t000007648", "svc": "gateway", "phase": "end", "ts": 11810100, "status": 500}
{"id": "t000007649", "svc": "payment", "phase": "start", "ts": 11811000, "status": 200}
{"id": "t000007649", "svc": "payment", "phase": "end", "ts": 11811100, "status": 200}
{"id": "t000007650", "svc": "auth", "phase": "start", "ts": 11812000, "status": 200}
{"id": "t000007650", "svc": "auth", "phase": "end", "ts": 11812100, "status": 200}
{"id": "t000007651", "svc": "gateway", "phase": "start", "ts": 11813000, "status": 200}
{"id": "t000007651", "svc": "gateway", "phase": "end", "ts": 11813100, "status": 200}
{"id": "t000007652", "svc": "payment", "phase": "start", "ts": 11814000, "status": 200}
{"id": "t000007652", "svc": "payment", "phase": "end", "ts": 11814100, "status": 200}
{"id": "t000007653", "svc": "auth", "phase": "start", "ts": 11815000, "status": 200}
{"id": "t000007653", "svc": "auth", "phase": "end", "ts": 11815100, "status": 200}
{"id": "t000007654", "svc": "gateway", "phase": "start", "ts": 11816000, "status": 200}
{"id": "t000007654", "svc": "gateway", "phase": "end", "ts": 11816100, "status": 200}
{"id": "t000007655", "svc": "payment", "phase": "start", "ts": 11817000, "status": 200}
{"id": "t000007655", "svc": "payment", "phase": "end", "ts": 11817100, "status": 200}
{"id": "t000007656", "svc": "auth", "phase": "start", "ts": 11818000, "status": 200}
{"id": "t000007656", "svc": "auth", "phase": "end", "ts": 11818100, "status": 500}
{"id": "t000007657", "svc": "gateway", "phase": "start", "ts": 11819000, "status": 200}
{"id": "t000007657", "svc": "gateway", "phase": "end", "ts": 11819100, "status": 200}
{"id": "t000007658", "svc": "payment", "phase": "start", "ts": 11820000, "status": 200}
{"id": "t000007658", "svc": "payment", "phase": "end", "ts": 11820100, "status": 200}
{"id": "t000007659", "svc": "auth", "phase": "start", "ts": 11821000, "status": 200}
{"id": "t000007659", "svc": "auth", "phase": "end", "ts": 11821100, "status": 200}
{"id": "t000007660", "svc": "gateway", "phase": "start", "ts": 11822000, "status": 200}
{"id": "t000007660", "svc": "gateway", "phase": "end", "ts": 11822100, "status": 200}
{"id": "t000007661", "svc": "payment", "phase": "start", "ts": 11823000, "status": 200}
{"id": "t000007661", "svc": "payment", "phase": "end", "ts": 11823100, "status": 200}
{"id": "t000007662", "svc": "auth", "phase": "start", "ts": 11824000, "status": 200}
{"id": "t000007662", "svc": "auth", "phase": "end", "ts": 11824100, "status": 200}
{"id": "t000007663", "svc": "gateway", "phase": "start", "ts": 11825000, "status": 200}
{"id": "t000007663", "svc": "gateway", "phase": "end", "ts": 11825100, "status": 200}
{"id": "t000007664", "svc": "payment", "phase": "start", "ts": 11826000, "status": 200}
{"id": "t000007664", "svc": "payment", "phase": "end", "ts": 11826100, "status": 500}
{"id": "t000007665", "svc": "auth", "phase": "start", "ts": 11827000, "status": 200}
{"id": "t000007665", "svc": "auth", "phase": "end", "ts": 11827100, "status": 200}
{"id": "t000007666", "svc": "gateway", "phase": "start", "ts": 11828000, "status": 200}
{"id": "t000007666", "svc": "gateway", "phase": "end", "ts": 11828100, "status": 200}
{"id": "t000007667", "svc": "payment", "phase": "start", "ts": 11829000, "status": 200}
{"id": "t000007667", "svc": "payment", "phase": "end", "ts": 11829100, "status": 200}
{"id": "t000007668", "svc": "auth", "phase": "start", "ts": 11830000, "status": 200}
{"id": "t000007668", "svc": "auth", "phase": "end", "ts": 11830100, "status": 200}
{"id": "t000007669", "svc": "gateway", "phase": "start", "ts": 11831000, "status": 200}
{"id": "t000007669", "svc": "gateway", "phase": "end", "ts": 11831100, "status": 200}
{"id": "t000007670", "svc": "payment", "phase": "start", "ts": 11832000, "status": 200}
{"id": "t000007670", "svc": "payment", "phase": "end", "ts": 11832100, "status": 200}
{"id": "t000007671", "svc": "auth", "phase": "start", "ts": 11833000, "status": 200}
{"id": "t000007671", "svc": "auth", "phase": "end", "ts": 11833100, "status": 200}
{"id": "t000007672", "svc": "gateway", "phase": "start", "ts": 11834000, "status": 200}
{"id": "t000007672", "svc": "gateway", "phase": "end", "ts": 11834100, "status": 500}
{"id": "t000007673", "svc": "payment", "phase": "start", "ts": 11835000, "status": 200}
{"id": "t000007673", "svc": "payment", "phase": "end", "ts": 11835100, "status": 200}
{"id": "t000007674", "svc": "auth", "phase": "start", "ts": 11836000, "status": 200}
{"id": "t000007674", "svc": "auth", "phase": "end", "ts": 11836100, "status": 200}
{"id": "t000007675", "svc": "gateway", "phase": "start", "ts": 11837000, "status": 200}
{"id": "t000007675", "svc": "gateway", "phase": "end", "ts": 11837100, "status": 200}
{"id": "t000007676", "svc": "payment", "phase": "start", "ts": 11838000, "status": 200}
{"id": "t000007676", "svc": "payment", "phase": "end", "ts": 11838100, "status": 200}
{"id": "t000007677", "svc": "auth", "phase": "start", "ts": 11839000, "status": 200}
{"id": "t000007677", "svc": "auth", "phase": "end", "ts": 11839100, "status": 200}
{"id": "t000007678", "svc": "gateway", "phase": "start", "ts": 11840000, "status": 200}
{"id": "t000007678", "svc": "gateway", "phase": "end", "ts": 11840100, "status": 200}
{"id": "t000007679", "svc": "payment", "phase": "start", "ts": 11841000, "status": 200}
{"id": "t000007679", "svc": "payment", "phase": "end", "ts": 11841100, "status": 200}
{"id": "t000007680", "svc": "auth", "phase": "start", "ts": 11842000, "status": 200}
{"id": "t000007680", "svc": "auth", "phase": "end", "ts": 11842100, "status": 500}
{"id": "t000007681", "svc": "gateway", "phase": "start", "ts": 11843000, "status": 200}
{"id": "t000007681", "svc": "gateway", "phase": "end", "ts": 11843100, "status": 200}
{"id": "t000007682", "svc": "payment", "phase": "start", "ts": 11844000, "status": 200}
{"id": "t000007682", "svc": "payment", "phase": "end", "ts": 11844100, "status": 200}
{"id": "t000007683", "svc": "auth", "phase": "start", "ts": 11845000, "status": 200}
{"id": "t000007683", "svc": "auth", "phase": "end", "ts": 11845100, "status": 200}
{"id": "t000007684", "svc": "gateway", "phase": "start", "ts": 11846000, "status": 200}
{"id": "t000007684", "svc": "gateway", "phase": "end", "ts": 11846100, "status": 200}
{"id": "t000007685", "svc": "payment", "phase": "start", "ts": 11847000, "status": 200}
{"id": "t000007685", "svc": "payment", "phase": "end", "ts": 11847100, "status": 200}
{"id": "t000007686", "svc": "auth", "phase": "start", "ts": 11848000, "status": 200}
{"id": "t000007686", "svc": "auth", "phase": "end", "ts": 11848100, "status": 200}
{"id": "t000007687", "svc": "gateway", "phase": "start", "ts": 11849000, "status": 200}
{"id": "t000007687", "svc": "gateway", "phase": "end", "ts": 11849100, "status": 200}
{"id": "t000007688", "svc": "payment", "phase": "start", "ts": 11850000, "status": 200}
{"id": "t000007688", "svc": "payment", "phase": "end", "ts": 11850100, "status": 500}
{"id": "t000007689", "svc": "auth", "phase": "start", "ts": 11851000, "status": 200}
{"id": "t000007689", "svc": "auth", "phase": "end", "ts": 11851100, "status": 200}
{"id": "t000007690", "svc": "gateway", "phase": "start", "ts": 11852000, "status": 200}
{"id": "t000007690", "svc": "gateway", "phase": "end", "ts": 11852100, "status": 200}
{"id": "t000007691", "svc": "payment", "phase": "start", "ts": 11853000, "status": 200}
{"id": "t000007691", "svc": "payment", "phase": "end", "ts": 11853100, "status": 200}
{"id": "t000007692", "svc": "auth", "phase": "start", "ts": 11854000, "status": 200}
{"id": "t000007692", "svc": "auth", "phase": "end", "ts": 11854100, "status": 200}
{"id": "t000007693", "svc": "gateway", "phase": "start", "ts": 11855000, "status": 200}
{"id": "t000007693", "svc": "gateway", "phase": "end", "ts": 11855100, "status": 200}
{"id": "t000007694", "svc": "payment", "phase": "start", "ts": 11856000, "status": 200}
{"id": "t000007694", "svc": "payment", "phase": "end", "ts": 11856100, "status": 200}
{"id": "t000007695", "svc": "auth", "phase": "start", "ts": 11857000, "status": 200}
{"id": "t000007695", "svc": "auth", "phase": "end", "ts": 11857100, "status": 200}
{"id": "t000007696", "svc": "gateway", "phase": "start", "ts": 11858000, "status": 200}
{"id": "t000007696", "svc": "gateway", "phase": "end", "ts": 11858100, "status": 500}
{"id": "t000007697", "svc": "payment", "phase": "start", "ts": 11859000, "status": 200}
{"id": "t000007697", "svc": "payment", "phase": "end", "ts": 11859100, "status": 200}
{"id": "t000007698", "svc": "auth", "phase": "start", "ts": 11860000, "status": 200}
{"id": "t000007698", "svc": "auth", "phase": "end", "ts": 11860100, "status": 200}
{"id": "t000007699", "svc": "gateway", "phase": "start", "ts": 11861000, "status": 200}
{"id": "t000007699", "svc": "gateway", "phase": "end", "ts": 11861100, "status": 200}
{"id": "t000007700", "svc": "payment", "phase": "start", "ts": 11862000, "status": 200}
{"id": "t000007700", "svc": "payment", "phase": "end", "ts": 11862100, "status": 200}
{"id": "t000007701", "svc": "auth", "phase": "start", "ts": 11863000, "status": 200}
{"id": "t000007701", "svc": "auth", "phase": "end", "ts": 11863100, "status": 200}
{"id": "t000007702", "svc": "gateway", "phase": "start", "ts": 11864000, "status": 200}
{"id": "t000007702", "svc": "gateway", "phase": "end", "ts": 11864100, "status": 200}
{"id": "t000007703", "svc": "payment", "phase": "start", "ts": 11865000, "status": 200}
{"id": "t000007703", "svc": "payment", "phase": "end", "ts": 11865100, "status": 200}
{"id": "t000007704", "svc": "auth", "phase": "start", "ts": 11866000, "status": 200}
{"id": "t000007704", "svc": "auth", "phase": "end", "ts": 11866100, "status": 500}
{"id": "t000007705", "svc": "gateway", "phase": "start", "ts": 11867000, "status": 200}
{"id": "t000007705", "svc": "gateway", "phase": "end", "ts": 11867100, "status": 200}
{"id": "t000007706", "svc": "payment", "phase": "start", "ts": 11868000, "status": 200}
{"id": "t000007706", "svc": "payment", "phase": "end", "ts": 11868100, "status": 200}
{"id": "t000007707", "svc": "auth", "phase": "start", "ts": 11869000, "status": 200}
{"id": "t000007707", "svc": "auth", "phase": "end", "ts": 11869100, "status": 200}
{"id": "t000007708", "svc": "gateway", "phase": "start", "ts": 11870000, "status": 200}
{"id": "t000007708", "svc": "gateway", "phase": "end", "ts": 11870100, "status": 200}
{"id": "t000007709", "svc": "payment", "phase": "start", "ts": 11871000, "status": 200}
{"id": "t000007709", "svc": "payment", "phase": "end", "ts": 11871100, "status": 200}
{"id": "t000007710", "svc": "auth", "phase": "start", "ts": 11872000, "status": 200}
{"id": "t000007710", "svc": "auth", "phase": "end", "ts": 11872100, "status": 200}
{"id": "t000007711", "svc": "gateway", "phase": "start", "ts": 11873000, "status": 200}
{"id": "t000007711", "svc": "gateway", "phase": "end", "ts": 11873100, "status": 200}
{"id": "t000007712", "svc": "payment", "phase": "start", "ts": 11874000, "status": 200}
{"id": "t000007712", "svc": "payment", "phase": "end", "ts": 11874100, "status": 500}
{"id": "t000007713", "svc": "auth", "phase": "start", "ts": 11875000, "status": 200}
{"id": "t000007713", "svc": "auth", "phase": "end", "ts": 11875100, "status": 200}
{"id": "t000007714", "svc": "gateway", "phase": "start", "ts": 11876000, "status": 200}
{"id": "t000007714", "svc": "gateway", "phase": "end", "ts": 11876100, "status": 200}
{"id": "t000007715", "svc": "payment", "phase": "start", "ts": 11877000, "status": 200}
{"id": "t000007715", "svc": "payment", "phase": "end", "ts": 11877100, "status": 200}
{"id": "t000007716", "svc": "auth", "phase": "start", "ts": 11878000, "status": 200}
{"id": "t000007716", "svc": "auth", "phase": "end", "ts": 11878100, "status": 200}
{"id": "t000007717", "svc": "gateway", "phase": "start", "ts": 11879000, "status": 200}
{"id": "t000007717", "svc": "gateway", "phase": "end", "ts": 11879100, "status": 200}
{"id": "t000007718", "svc": "payment", "phase": "start", "ts": 11880000, "status": 200}
{"id": "t000007718", "svc": "payment", "phase": "end", "ts": 11880100, "status": 200}
{"id": "t000007719", "svc": "auth", "phase": "start", "ts": 11881000, "status": 200}
{"id": "t000007719", "svc": "auth", "phase": "end", "ts": 11881100, "status": 200}
{"id": "t000007720", "svc": "gateway", "phase": "start", "ts": 11882000, "status": 200}
{"id": "t000007720", "svc": "gateway", "phase": "end", "ts": 11882100, "status": 500}
{"id": "t000007721", "svc": "payment", "phase": "start", "ts": 11883000, "status": 200}
{"id": "t000007721", "svc": "payment", "phase": "end", "ts": 11883100, "status": 200}
{"id": "t000007722", "svc": "auth", "phase": "start", "ts": 11884000, "status": 200}
{"id": "t000007722", "svc": "auth", "phase": "end", "ts": 11884100, "status": 200}
{"id": "t000007723", "svc": "gateway", "phase": "start", "ts": 11885000, "status": 200}
{"id": "t000007723", "svc": "gateway", "phase": "end", "ts": 11885100, "status": 200}
{"id": "t000007724", "svc": "payment", "phase": "start", "ts": 11886000, "status": 200}
{"id": "t000007724", "svc": "payment", "phase": "end", "ts": 11886100, "status": 200}
{"id": "t000007725", "svc": "auth", "phase": "start", "ts": 11887000, "status": 200}
{"id": "t000007725", "svc": "auth", "phase": "end", "ts": 11887100, "status": 200}
{"id": "t000007726", "svc": "gateway", "phase": "start", "ts": 11888000, "status": 200}
{"id": "t000007726", "svc": "gateway", "phase": "end", "ts": 11888100, "status": 200}
{"id": "t000007727", "svc": "payment", "phase": "start", "ts": 11889000, "status": 200}
{"id": "t000007727", "svc": "payment", "phase": "end", "ts": 11889100, "status": 200}
{"id": "t000007728", "svc": "auth", "phase": "start", "ts": 11890000, "status": 200}
{"id": "t000007728", "svc": "auth", "phase": "end", "ts": 11890100, "status": 500}
{"id": "t000007729", "svc": "gateway", "phase": "start", "ts": 11891000, "status": 200}
{"id": "t000007729", "svc": "gateway", "phase": "end", "ts": 11891100, "status": 200}
{"id": "t000007730", "svc": "payment", "phase": "start", "ts": 11892000, "status": 200}
{"id": "t000007730", "svc": "payment", "phase": "end", "ts": 11892100, "status": 200}
{"id": "t000007731", "svc": "auth", "phase": "start", "ts": 11893000, "status": 200}
{"id": "t000007731", "svc": "auth", "phase": "end", "ts": 11893100, "status": 200}
{"id": "t000007732", "svc": "gateway", "phase": "start", "ts": 11894000, "status": 200}
{"id": "t000007732", "svc": "gateway", "phase": "end", "ts": 11894100, "status": 200}
{"id": "t000007733", "svc": "payment", "phase": "start", "ts": 11895000, "status": 200}
{"id": "t000007733", "svc": "payment", "phase": "end", "ts": 11895100, "status": 200}
{"id": "t000007734", "svc": "auth", "phase": "start", "ts": 11896000, "status": 200}
{"id": "t000007734", "svc": "auth", "phase": "end", "ts": 11896100, "status": 200}
{"id": "t000007735", "svc": "gateway", "phase": "start", "ts": 11897000, "status": 200}
{"id": "t000007735", "svc": "gateway", "phase": "end", "ts": 11897100, "status": 200}
{"id": "t000007736", "svc": "payment", "phase": "start", "ts": 11898000, "status": 200}
{"id": "t000007736", "svc": "payment", "phase": "end", "ts": 11898100, "status": 500}
{"id": "t000007737", "svc": "auth", "phase": "start", "ts": 11899000, "status": 200}
{"id": "t000007737", "svc": "auth", "phase": "end", "ts": 11899100, "status": 200}
{"id": "t000007738", "svc": "gateway", "phase": "start", "ts": 11900000, "status": 200}
{"id": "t000007738", "svc": "gateway", "phase": "end", "ts": 11900100, "status": 200}
{"id": "t000007739", "svc": "payment", "phase": "start", "ts": 11901000, "status": 200}
{"id": "t000007739", "svc": "payment", "phase": "end", "ts": 11901100, "status": 200}
{"id": "t000007740", "svc": "auth", "phase": "start", "ts": 11902000, "status": 200}
{"id": "t000007740", "svc": "auth", "phase": "end", "ts": 11902100, "status": 200}
{"id": "t000007741", "svc": "gateway", "phase": "start", "ts": 11903000, "status": 200}
{"id": "t000007741", "svc": "gateway", "phase": "end", "ts": 11903100, "status": 200}
{"id": "t000007742", "svc": "payment", "phase": "start", "ts": 11904000, "status": 200}
{"id": "t000007742", "svc": "payment", "phase": "end", "ts": 11904100, "status": 200}
{"id": "t000007743", "svc": "auth", "phase": "start", "ts": 11905000, "status": 200}
{"id": "t000007743", "svc": "auth", "phase": "end", "ts": 11905100, "status": 200}
{"id": "t000007744", "svc": "gateway", "phase": "start", "ts": 11906000, "status": 200}
{"id": "t000007744", "svc": "gateway", "phase": "end", "ts": 11906100, "status": 500}
{"id": "t000007745", "svc": "payment", "phase": "start", "ts": 11907000, "status": 200}
{"id": "t000007745", "svc": "payment", "phase": "end", "ts": 11907100, "status": 200}
{"id": "t000007746", "svc": "auth", "phase": "start", "ts": 11908000, "status": 200}
{"id": "t000007746", "svc": "auth", "phase": "end", "ts": 11908100, "status": 200}
{"id": "t000007747", "svc": "gateway", "phase": "start", "ts": 11909000, "status": 200}
{"id": "t000007747", "svc": "gateway", "phase": "end", "ts": 11909100, "status": 200}
{"id": "t000007748", "svc": "payment", "phase": "start", "ts": 11910000, "status": 200}
{"id": "t000007748", "svc": "payment", "phase": "end", "ts": 11910100, "status": 200}
{"id": "t000007749", "svc": "auth", "phase": "start", "ts": 11911000, "status": 200}
{"id": "t000007749", "svc": "auth", "phase": "end", "ts": 11911100, "status": 200}
{"id": "t000007750", "svc": "gateway", "phase": "start", "ts": 11912000, "status": 200}
{"id": "t000007750", "svc": "gateway", "phase": "end", "ts": 11912100, "status": 200}
{"id": "t000007751", "svc": "payment", "phase": "start", "ts": 11913000, "status": 200}
{"id": "t000007751", "svc": "payment", "phase": "end", "ts": 11913100, "status": 200}
{"id": "t000007752", "svc": "auth", "phase": "start", "ts": 11914000, "status": 200}
{"id": "t000007752", "svc": "auth", "phase": "end", "ts": 11914100, "status": 500}
{"id": "t000007753", "svc": "gateway", "phase": "start", "ts": 11915000, "status": 200}
{"id": "t000007753", "svc": "gateway", "phase": "end", "ts": 11915100, "status": 200}
{"id": "t000007754", "svc": "payment", "phase": "start", "ts": 11916000, "status": 200}
{"id": "t000007754", "svc": "payment", "phase": "end", "ts": 11916100, "status": 200}
{"id": "t000007755", "svc": "auth", "phase": "start", "ts": 11917000, "status": 200}
{"id": "t000007755", "svc": "auth", "phase": "end", "ts": 11917100, "status": 200}
{"id": "t000007756", "svc": "gateway", "phase": "start", "ts": 11918000, "status": 200}
{"id": "t000007756", "svc": "gateway", "phase": "end", "ts": 11918100, "status": 200}
{"id": "t000007757", "svc": "payment", "phase": "start", "ts": 11919000, "status": 200}
{"id": "t000007757", "svc": "payment", "phase": "end", "ts": 11919100, "status": 200}
{"id": "t000007758", "svc": "auth", "phase": "start", "ts": 11920000, "status": 200}
{"id": "t000007758", "svc": "auth", "phase": "end", "ts": 11920100, "status": 200}
{"id": "t000007759", "svc": "gateway", "phase": "start", "ts": 11921000, "status": 200}
{"id": "t000007759", "svc": "gateway", "phase": "end", "ts": 11921100, "status": 200}
{"id": "t000007760", "svc": "payment", "phase": "start", "ts": 11922000, "status": 200}
{"id": "t000007760", "svc": "payment", "phase": "end", "ts": 11922100, "status": 500}
{"id": "t000007761", "svc": "auth", "phase": "start", "ts": 11923000, "status": 200}
{"id": "t000007761", "svc": "auth", "phase": "end", "ts": 11923100, "status": 200}
{"id": "t000007762", "svc": "gateway", "phase": "start", "ts": 11924000, "status": 200}
{"id": "t000007762", "svc": "gateway", "phase": "end", "ts": 11924100, "status": 200}
{"id": "t000007763", "svc": "payment", "phase": "start", "ts": 11925000, "status": 200}
{"id": "t000007763", "svc": "payment", "phase": "end", "ts": 11925100, "status": 200}
{"id": "t000007764", "svc": "auth", "phase": "start", "ts": 11926000, "status": 200}
{"id": "t000007764", "svc": "auth", "phase": "end", "ts": 11926100, "status": 200}
{"id": "t000007765", "svc": "gateway", "phase": "start", "ts": 11927000, "status": 200}
{"id": "t000007765", "svc": "gateway", "phase": "end", "ts": 11927100, "status": 200}
{"id": "t000007766", "svc": "payment", "phase": "start", "ts": 11928000, "status": 200}
{"id": "t000007766", "svc": "payment", "phase": "end", "ts": 11928100, "status": 200}
{"id": "t000007767", "svc": "auth", "phase": "start", "ts": 11929000, "status": 200}
{"id": "t000007767", "svc": "auth", "phase": "end", "ts": 11929100, "status": 200}
{"id": "t000007768", "svc": "gateway", "phase": "start", "ts": 11930000, "status": 200}
{"id": "t000007768", "svc": "gateway", "phase": "end", "ts": 11930100, "status": 500}
{"id": "t000007769", "svc": "payment", "phase": "start", "ts": 11931000, "status": 200}
{"id": "t000007769", "svc": "payment", "phase": "end", "ts": 11931100, "status": 200}
{"id": "t000007770", "svc": "auth", "phase": "start", "ts": 11932000, "status": 200}
{"id": "t000007770", "svc": "auth", "phase": "end", "ts": 11932100, "status": 200}
{"id": "t000007771", "svc": "gateway", "phase": "start", "ts": 11933000, "status": 200}
{"id": "t000007771", "svc": "gateway", "phase": "end", "ts": 11933100, "status": 200}
{"id": "t000007772", "svc": "payment", "phase": "start", "ts": 11934000, "status": 200}
{"id": "t000007772", "svc": "payment", "phase": "end", "ts": 11934100, "status": 200}
{"id": "t000007773", "svc": "auth", "phase": "start", "ts": 11935000, "status": 200}
{"id": "t000007773", "svc": "auth", "phase": "end", "ts": 11935100, "status": 200}
{"id": "t000007774", "svc": "gateway", "phase": "start", "ts": 11936000, "status": 200}
{"id": "t000007774", "svc": "gateway", "phase": "end", "ts": 11936100, "status": 200}
{"id": "t000007775", "svc": "payment", "phase": "start", "ts": 11937000, "status": 200}
{"id": "t000007775", "svc": "payment", "phase": "end", "ts": 11937100, "status": 200}
{"id": "t000007776", "svc": "auth", "phase": "start", "ts": 11938000, "status": 200}
{"id": "t000007776", "svc": "auth", "phase": "end", "ts": 11938100, "status": 500}
{"id": "t000007777", "svc": "gateway", "phase": "start", "ts": 11939000, "status": 200}
{"id": "t000007777", "svc": "gateway", "phase": "end", "ts": 11939100, "status": 200}
{"id": "t000007778", "svc": "payment", "phase": "start", "ts": 11940000, "status": 200}
{"id": "t000007778", "svc": "payment", "phase": "end", "ts": 11940100, "status": 200}
{"id": "t000007779", "svc": "auth", "phase": "start", "ts": 11941000, "status": 200}
{"id": "t000007779", "svc": "auth", "phase": "end", "ts": 11941100, "status": 200}
{"id": "t000007780", "svc": "gateway", "phase": "start", "ts": 11942000, "status": 200}
{"id": "t000007780", "svc": "gateway", "phase": "end", "ts": 11942100, "status": 200}
{"id": "t000007781", "svc": "payment", "phase": "start", "ts": 11943000, "status": 200}
{"id": "t000007781", "svc": "payment", "phase": "end", "ts": 11943100, "status": 200}
{"id": "t000007782", "svc": "auth", "phase": "start", "ts": 11944000, "status": 200}
{"id": "t000007782", "svc": "auth", "phase": "end", "ts": 11944100, "status": 200}
{"id": "t000007783", "svc": "gateway", "phase": "start", "ts": 11945000, "status": 200}
{"id": "t000007783", "svc": "gateway", "phase": "end", "ts": 11945100, "status": 200}
{"id": "t000007784", "svc": "payment", "phase": "start", "ts": 11946000, "status": 200}
{"id": "t000007784", "svc": "payment", "phase": "end", "ts": 11946100, "status": 500}
{"id": "t000007785", "svc": "auth", "phase": "start", "ts": 11947000, "status": 200}
{"id": "t000007785", "svc": "auth", "phase": "end", "ts": 11947100, "status": 200}
{"id": "t000007786", "svc": "gateway", "phase": "start", "ts": 11948000, "status": 200}
{"id": "t000007786", "svc": "gateway", "phase": "end", "ts": 11948100, "status": 200}
{"id": "t000007787", "svc": "payment", "phase": "start", "ts": 11949000, "status": 200}
{"id": "t000007787", "svc": "payment", "phase": "end", "ts": 11949100, "status": 200}
{"id": "t000007788", "svc": "auth", "phase": "start", "ts": 11950000, "status": 200}
{"id": "t000007788", "svc": "auth", "phase": "end", "ts": 11950100, "status": 200}
{"id": "t000007789", "svc": "gateway", "phase": "start", "ts": 11951000, "status": 200}
{"id": "t000007789", "svc": "gateway", "phase": "end", "ts": 11951100, "status": 200}
{"id": "t000007790", "svc": "payment", "phase": "start", "ts": 11952000, "status": 200}
{"id": "t000007790", "svc": "payment", "phase": "end", "ts": 11952100, "status": 200}
{"id": "t000007791", "svc": "auth", "phase": "start", "ts": 11953000, "status": 200}
{"id": "t000007791", "svc": "auth", "phase": "end", "ts": 11953100, "status": 200}
{"id": "t000007792", "svc": "gateway", "phase": "start", "ts": 11954000, "status": 200}
{"id": "t000007792", "svc": "gateway", "phase": "end", "ts": 11954100, "status": 500}
{"id": "t000007793", "svc": "payment", "phase": "start", "ts": 11955000, "status": 200}
{"id": "t000007793", "svc": "payment", "phase": "end", "ts": 11955100, "status": 200}
{"id": "t000007794", "svc": "auth", "phase": "start", "ts": 11956000, "status": 200}
{"id": "t000007794", "svc": "auth", "phase": "end", "ts": 11956100, "status": 200}
{"id": "t000007795", "svc": "gateway", "phase": "start", "ts": 11957000, "status": 200}
{"id": "t000007795", "svc": "gateway", "phase": "end", "ts": 11957100, "status": 200}
{"id": "t000007796", "svc": "payment", "phase": "start", "ts": 11958000, "status": 200}
{"id": "t000007796", "svc": "payment", "phase": "end", "ts": 11958100, "status": 200}
{"id": "t000007797", "svc": "auth", "phase": "start", "ts": 11959000, "status": 200}
{"id": "t000007797", "svc": "auth", "phase": "end", "ts": 11959100, "status": 200}
{"id": "t000007798", "svc": "gateway", "phase": "start", "ts": 11960000, "status": 200}
{"id": "t000007798", "svc": "gateway", "phase": "end", "ts": 11960100, "status": 200}
{"id": "t000007799", "svc": "payment", "phase": "start", "ts": 11961000, "status": 200}
{"id": "t000007799", "svc": "payment", "phase": "end", "ts": 11961100, "status": 200}
{"id": "t000007800", "svc": "auth", "phase": "start", "ts": 11962000, "status": 200}
{"id": "t000007800", "svc": "auth", "phase": "end", "ts": 11962100, "status": 500}
{"id": "t000007801", "svc": "gateway", "phase": "start", "ts": 11963000, "status": 200}
{"id": "t000007801", "svc": "gateway", "phase": "end", "ts": 11963100, "status": 200}
{"id": "t000007802", "svc": "payment", "phase": "start", "ts": 11964000, "status": 200}
{"id": "t000007802", "svc": "payment", "phase": "end", "ts": 11964100, "status": 200}
{"id": "t000007803", "svc": "auth", "phase": "start", "ts": 11965000, "status": 200}
{"id": "t000007803", "svc": "auth", "phase": "end", "ts": 11965100, "status": 200}
{"id": "t000007804", "svc": "gateway", "phase": "start", "ts": 11966000, "status": 200}
{"id": "t000007804", "svc": "gateway", "phase": "end", "ts": 11966100, "status": 200}
{"id": "t000007805", "svc": "payment", "phase": "start", "ts": 11967000, "status": 200}
{"id": "t000007805", "svc": "payment", "phase": "end", "ts": 11967100, "status": 200}
{"id": "t000007806", "svc": "auth", "phase": "start", "ts": 11968000, "status": 200}
{"id": "t000007806", "svc": "auth", "phase": "end", "ts": 11968100, "status": 200}
{"id": "t000007807", "svc": "gateway", "phase": "start", "ts": 11969000, "status": 200}
{"id": "t000007807", "svc": "gateway", "phase": "end", "ts": 11969100, "status": 200}
{"id": "t000007808", "svc": "payment", "phase": "start", "ts": 11970000, "status": 200}
{"id": "t000007808", "svc": "payment", "phase": "end", "ts": 11970100, "status": 500}
{"id": "t000007809", "svc": "auth", "phase": "start", "ts": 11971000, "status": 200}
{"id": "t000007809", "svc": "auth", "phase": "end", "ts": 11971100, "status": 200}
{"id": "t000007810", "svc": "gateway", "phase": "start", "ts": 11972000, "status": 200}
{"id": "t000007810", "svc": "gateway", "phase": "end", "ts": 11972100, "status": 200}
{"id": "t000007811", "svc": "payment", "phase": "start", "ts": 11973000, "status": 200}
{"id": "t000007811", "svc": "payment", "phase": "end", "ts": 11973100, "status": 200}
{"id": "t000007812", "svc": "auth", "phase": "start", "ts": 11974000, "status": 200}
{"id": "t000007812", "svc": "auth", "phase": "end", "ts": 11974100, "status": 200}
{"id": "t000007813", "svc": "gateway", "phase": "start", "ts": 11975000, "status": 200}
{"id": "t000007813", "svc": "gateway", "phase": "end", "ts": 11975100, "status": 200}
{"id": "t000007814", "svc": "payment", "phase": "start", "ts": 11976000, "status": 200}
{"id": "t000007814", "svc": "payment", "phase": "end", "ts": 11976100, "status": 200}
{"id": "t000007815", "svc": "auth", "phase": "start", "ts": 11977000, "status": 200}
{"id": "t000007815", "svc": "auth", "phase": "end", "ts": 11977100, "status": 200}
{"id": "t000007816", "svc": "gateway", "phase": "start", "ts": 11978000, "status": 200}
{"id": "t000007816", "svc": "gateway", "phase": "end", "ts": 11978100, "status": 500}
{"id": "t000007817", "svc": "payment", "phase": "start", "ts": 11979000, "status": 200}
{"id": "t000007817", "svc": "payment", "phase": "end", "ts": 11979100, "status": 200}
{"id": "t000007818", "svc": "auth", "phase": "start", "ts": 11980000, "status": 200}
{"id": "t000007818", "svc": "auth", "phase": "end", "ts": 11980100, "status": 200}
{"id": "t000007819", "svc": "gateway", "phase": "start", "ts": 11981000, "status": 200}
{"id": "t000007819", "svc": "gateway", "phase": "end", "ts": 11981100, "status": 200}
{"id": "t000007820", "svc": "payment", "phase": "start", "ts": 11982000, "status": 200}
{"id": "t000007820", "svc": "payment", "phase": "end", "ts": 11982100, "status": 200}
{"id": "t000007821", "svc": "auth", "phase": "start", "ts": 11983000, "status": 200}
{"id": "t000007821", "svc": "auth", "phase": "end", "ts": 11983100, "status": 200}
{"id": "t000007822", "svc": "gateway", "phase": "start", "ts": 11984000, "status": 200}
{"id": "t000007822", "svc": "gateway", "phase": "end", "ts": 11984100, "status": 200}
{"id": "t000007823", "svc": "payment", "phase": "start", "ts": 11985000, "status": 200}
{"id": "t000007823", "svc": "payment", "phase": "end", "ts": 11985100, "status": 200}
{"id": "t000007824", "svc": "auth", "phase": "start", "ts": 11986000, "status": 200}
{"id": "t000007824", "svc": "auth", "phase": "end", "ts": 11986100, "status": 500}
{"id": "t000007825", "svc": "gateway", "phase": "start", "ts": 11987000, "status": 200}
{"id": "t000007825", "svc": "gateway", "phase": "end", "ts": 11987100, "status": 200}
{"id": "t000007826", "svc": "payment", "phase": "start", "ts": 11988000, "status": 200}
{"id": "t000007826", "svc": "payment", "phase": "end", "ts": 11988100, "status": 200}
{"id": "t000007827", "svc": "auth", "phase": "start", "ts": 11989000, "status": 200}
{"id": "t000007827", "svc": "auth", "phase": "end", "ts": 11989100, "status": 200}
{"id": "t000007828", "svc": "gateway", "phase": "start", "ts": 11990000, "status": 200}
{"id": "t000007828", "svc": "gateway", "phase": "end", "ts": 11990100, "status": 200}
{"id": "t000007829", "svc": "payment", "phase": "start", "ts": 11991000, "status": 200}
{"id": "t000007829", "svc": "payment", "phase": "end", "ts": 11991100, "status": 200}
{"id": "t000007830", "svc": "auth", "phase": "start", "ts": 11992000, "status": 200}
{"id": "t000007830", "svc": "auth", "phase": "end", "ts": 11992100, "status": 200}
{"id": "t000007831", "svc": "gateway", "phase": "start", "ts": 11993000, "status": 200}
{"id": "t000007831", "svc": "gateway", "phase": "end", "ts": 11993100, "status": 200}
{"id": "t000007832", "svc": "payment", "phase": "start", "ts": 11994000, "status": 200}
{"id": "t000007832", "svc": "payment", "phase": "end", "ts": 11994100, "status": 500}
{"id": "t000007833", "svc": "auth", "phase": "start", "ts": 11995000, "status": 200}
{"id": "t000007833", "svc": "auth", "phase": "end", "ts": 11995100, "status": 200}
{"id": "t000007834", "svc": "gateway", "phase": "start", "ts": 11996000, "status": 200}
{"id": "t000007834", "svc": "gateway", "phase": "end", "ts": 11996100, "status": 200}
{"id": "t000007835", "svc": "payment", "phase": "start", "ts": 11997000, "status": 200}
{"id": "t000007835", "svc": "payment", "phase": "end", "ts": 11997100, "status": 200}
{"id": "t000007836", "svc": "auth", "phase": "start", "ts": 11998000, "status": 200}
{"id": "t000007836", "svc": "auth", "phase": "end", "ts": 11998100, "status": 200}
{"id": "t000007837", "svc": "gateway", "phase": "start", "ts": 11999000, "status": 200}
{"id": "t000007837", "svc": "gateway", "phase": "end", "ts": 11999100, "status": 200}
{"id": "t000007838", "svc": "payment", "phase": "start", "ts": 12000000, "status": 200}
{"id": "t000007838", "svc": "payment", "phase": "end", "ts": 12000100, "status": 200}
{"id": "t000007839", "svc": "auth", "phase": "start", "ts": 12001000, "status": 200}
{"id": "t000007839", "svc": "auth", "phase": "end", "ts": 12001100, "status": 200}
{"id": "t000007840", "svc": "gateway", "phase": "start", "ts": 12002000, "status": 200}
{"id": "t000007840", "svc": "gateway", "phase": "end", "ts": 12002100, "status": 500}
{"id": "t000007841", "svc": "payment", "phase": "start", "ts": 12003000, "status": 200}
{"id": "t000007841", "svc": "payment", "phase": "end", "ts": 12003100, "status": 200}
{"id": "t000007842", "svc": "auth", "phase": "start", "ts": 12004000, "status": 200}
{"id": "t000007842", "svc": "auth", "phase": "end", "ts": 12004100, "status": 200}
{"id": "t000007843", "svc": "gateway", "phase": "start", "ts": 12005000, "status": 200}
{"id": "t000007843", "svc": "gateway", "phase": "end", "ts": 12005100, "status": 200}
{"id": "t000007844", "svc": "payment", "phase": "start", "ts": 12006000, "status": 200}
{"id": "t000007844", "svc": "payment", "phase": "end", "ts": 12006100, "status": 200}
{"id": "t000007845", "svc": "auth", "phase": "start", "ts": 12007000, "status": 200}
{"id": "t000007845", "svc": "auth", "phase": "end", "ts": 12007100, "status": 200}
{"id": "t000007846", "svc": "gateway", "phase": "start", "ts": 12008000, "status": 200}
{"id": "t000007846", "svc": "gateway", "phase": "end", "ts": 12008100, "status": 200}
{"id": "t000007847", "svc": "payment", "phase": "start", "ts": 12009000, "status": 200}
{"id": "t000007847", "svc": "payment", "phase": "end", "ts": 12009100, "status": 200}
{"id": "t000007848", "svc": "auth", "phase": "start", "ts": 12010000, "status": 200}
{"id": "t000007848", "svc": "auth", "phase": "end", "ts": 12010100, "status": 500}
{"id": "t000007849", "svc": "gateway", "phase": "start", "ts": 12011000, "status": 200}
{"id": "t000007849", "svc": "gateway", "phase": "end", "ts": 12011100, "status": 200}
{"id": "t000007850", "svc": "payment", "phase": "start", "ts": 12012000, "status": 200}
{"id": "t000007850", "svc": "payment", "phase": "end", "ts": 12012100, "status": 200}
{"id": "t000007851", "svc": "auth", "phase": "start", "ts": 12013000, "status": 200}
{"id": "t000007851", "svc": "auth", "phase": "end", "ts": 12013100, "status": 200}
{"id": "t000007852", "svc": "gateway", "phase": "start", "ts": 12014000, "status": 200}
{"id": "t000007852", "svc": "gateway", "phase": "end", "ts": 12014100, "status": 200}
{"id": "t000007853", "svc": "payment", "phase": "start", "ts": 12015000, "status": 200}
{"id": "t000007853", "svc": "payment", "phase": "end", "ts": 12015100, "status": 200}
{"id": "t000007854", "svc": "auth", "phase": "start", "ts": 12016000, "status": 200}
{"id": "t000007854", "svc": "auth", "phase": "end", "ts": 12016100, "status": 200}
{"id": "t000007855", "svc": "gateway", "phase": "start", "ts": 12017000, "status": 200}
{"id": "t000007855", "svc": "gateway", "phase": "end", "ts": 12017100, "status": 200}
{"id": "t000007856", "svc": "payment", "phase": "start", "ts": 12018000, "status": 200}
{"id": "t000007856", "svc": "payment", "phase": "end", "ts": 12018100, "status": 500}
{"id": "t000007857", "svc": "auth", "phase": "start", "ts": 12019000, "status": 200}
{"id": "t000007857", "svc": "auth", "phase": "end", "ts": 12019100, "status": 200}
{"id": "t000007858", "svc": "gateway", "phase": "start", "ts": 12020000, "status": 200}
{"id": "t000007858", "svc": "gateway", "phase": "end", "ts": 12020100, "status": 200}
{"id": "t000007859", "svc": "payment", "phase": "start", "ts": 12021000, "status": 200}
{"id": "t000007859", "svc": "payment", "phase": "end", "ts": 12021100, "status": 200}
{"id": "t000007860", "svc": "auth", "phase": "start", "ts": 12022000, "status": 200}
{"id": "t000007860", "svc": "auth", "phase": "end", "ts": 12022100, "status": 200}
{"id": "t000007861", "svc": "gateway", "phase": "start", "ts": 12023000, "status": 200}
{"id": "t000007861", "svc": "gateway", "phase": "end", "ts": 12023100, "status": 200}
{"id": "t000007862", "svc": "payment", "phase": "start", "ts": 12024000, "status": 200}
{"id": "t000007862", "svc": "payment", "phase": "end", "ts": 12024100, "status": 200}
{"id": "t000007863", "svc": "auth", "phase": "start", "ts": 12025000, "status": 200}
{"id": "t000007863", "svc": "auth", "phase": "end", "ts": 12025100, "status": 200}
{"id": "t000007864", "svc": "gateway", "phase": "start", "ts": 12026000, "status": 200}
{"id": "t000007864", "svc": "gateway", "phase": "end", "ts": 12026100, "status": 500}
{"id": "t000007865", "svc": "payment", "phase": "start", "ts": 12027000, "status": 200}
{"id": "t000007865", "svc": "payment", "phase": "end", "ts": 12027100, "status": 200}
{"id": "t000007866", "svc": "auth", "phase": "start", "ts": 12028000, "status": 200}
{"id": "t000007866", "svc": "auth", "phase": "end", "ts": 12028100, "status": 200}
{"id": "t000007867", "svc": "gateway", "phase": "start", "ts": 12029000, "status": 200}
{"id": "t000007867", "svc": "gateway", "phase": "end", "ts": 12029100, "status": 200}
{"id": "t000007868", "svc": "payment", "phase": "start", "ts": 12030000, "status": 200}
{"id": "t000007868", "svc": "payment", "phase": "end", "ts": 12030100, "status": 200}
{"id": "t000007869", "svc": "auth", "phase": "start", "ts": 12031000, "status": 200}
{"id": "t000007869", "svc": "auth", "phase": "end", "ts": 12031100, "status": 200}
{"id": "t000007870", "svc": "gateway", "phase": "start", "ts": 12032000, "status": 200}
{"id": "t000007870", "svc": "gateway", "phase": "end", "ts": 12032100, "status": 200}
{"id": "t000007871", "svc": "payment", "phase": "start", "ts": 12033000, "status": 200}
{"id": "t000007871", "svc": "payment", "phase": "end", "ts": 12033100, "status": 200}
{"id": "t000007872", "svc": "auth", "phase": "start", "ts": 12034000, "status": 200}
{"id": "t000007872", "svc": "auth", "phase": "end", "ts": 12034100, "status": 500}
{"id": "t000007873", "svc": "gateway", "phase": "start", "ts": 12035000, "status": 200}
{"id": "t000007873", "svc": "gateway", "phase": "end", "ts": 12035100, "status": 200}
{"id": "t000007874", "svc": "payment", "phase": "start", "ts": 12036000, "status": 200}
{"id": "t000007874", "svc": "payment", "phase": "end", "ts": 12036100, "status": 200}
{"id": "t000007875", "svc": "auth", "phase": "start", "ts": 12037000, "status": 200}
{"id": "t000007875", "svc": "auth", "phase": "end", "ts": 12037100, "status": 200}
{"id": "t000007876", "svc": "gateway", "phase": "start", "ts": 12038000, "status": 200}
{"id": "t000007876", "svc": "gateway", "phase": "end", "ts": 12038100, "status": 200}
{"id": "t000007877", "svc": "payment", "phase": "start", "ts": 12039000, "status": 200}
{"id": "t000007877", "svc": "payment", "phase": "end", "ts": 12039100, "status": 200}
{"id": "t000007878", "svc": "auth", "phase": "start", "ts": 12040000, "status": 200}
{"id": "t000007878", "svc": "auth", "phase": "end", "ts": 12040100, "status": 200}
{"id": "t000007879", "svc": "gateway", "phase": "start", "ts": 12041000, "status": 200}
{"id": "t000007879", "svc": "gateway", "phase": "end", "ts": 12041100, "status": 200}
{"id": "t000007880", "svc": "payment", "phase": "start", "ts": 12042000, "status": 200}
{"id": "t000007880", "svc": "payment", "phase": "end", "ts": 12042100, "status": 500}
{"id": "t000007881", "svc": "auth", "phase": "start", "ts": 12043000, "status": 200}
{"id": "t000007881", "svc": "auth", "phase": "end", "ts": 12043100, "status": 200}
{"id": "t000007882", "svc": "gateway", "phase": "start", "ts": 12044000, "status": 200}
{"id": "t000007882", "svc": "gateway", "phase": "end", "ts": 12044100, "status": 200}
{"id": "t000007883", "svc": "payment", "phase": "start", "ts": 12045000, "status": 200}
{"id": "t000007883", "svc": "payment", "phase": "end", "ts": 12045100, "status": 200}
{"id": "t000007884", "svc": "auth", "phase": "start", "ts": 12046000, "status": 200}
{"id": "t000007884", "svc": "auth", "phase": "end", "ts": 12046100, "status": 200}
{"id": "t000007885", "svc": "gateway", "phase": "start", "ts": 12047000, "status": 200}
{"id": "t000007885", "svc": "gateway", "phase": "end", "ts": 12047100, "status": 200}
{"id": "t000007886", "svc": "payment", "phase": "start", "ts": 12048000, "status": 200}
{"id": "t000007886", "svc": "payment", "phase": "end", "ts": 12048100, "status": 200}
{"id": "t000007887", "svc": "auth", "phase": "start", "ts": 12049000, "status": 200}
{"id": "t000007887", "svc": "auth", "phase": "end", "ts": 12049100, "status": 200}
{"id": "t000007888", "svc": "gateway", "phase": "start", "ts": 12050000, "status": 200}
{"id": "t000007888", "svc": "gateway", "phase": "end", "ts": 12050100, "status": 500}
{"id": "t000007889", "svc": "payment", "phase": "start", "ts": 12051000, "status": 200}
{"id": "t000007889", "svc": "payment", "phase": "end", "ts": 12051100, "status": 200}
{"id": "t000007890", "svc": "auth", "phase": "start", "ts": 12052000, "status": 200}
{"id": "t000007890", "svc": "auth", "phase": "end", "ts": 12052100, "status": 200}
{"id": "t000007891", "svc": "gateway", "phase": "start", "ts": 12053000, "status": 200}
{"id": "t000007891", "svc": "gateway", "phase": "end", "ts": 12053100, "status": 200}
{"id": "t000007892", "svc": "payment", "phase": "start", "ts": 12054000, "status": 200}
{"id": "t000007892", "svc": "payment", "phase": "end", "ts": 12054100, "status": 200}
{"id": "t000007893", "svc": "auth", "phase": "start", "ts": 12055000, "status": 200}
{"id": "t000007893", "svc": "auth", "phase": "end", "ts": 12055100, "status": 200}
{"id": "t000007894", "svc": "gateway", "phase": "start", "ts": 12056000, "status": 200}
{"id": "t000007894", "svc": "gateway", "phase": "end", "ts": 12056100, "status": 200}
{"id": "t000007895", "svc": "payment", "phase": "start", "ts": 12057000, "status": 200}
{"id": "t000007895", "svc": "payment", "phase": "end", "ts": 12057100, "status": 200}
{"id": "t000007896", "svc": "auth", "phase": "start", "ts": 12058000, "status": 200}
{"id": "t000007896", "svc": "auth", "phase": "end", "ts": 12058100, "status": 500}
{"id": "t000007897", "svc": "gateway", "phase": "start", "ts": 12059000, "status": 200}
{"id": "t000007897", "svc": "gateway", "phase": "end", "ts": 12059100, "status": 200}
{"id": "t000007898", "svc": "payment", "phase": "start", "ts": 12060000, "status": 200}
{"id": "t000007898", "svc": "payment", "phase": "end", "ts": 12060100, "status": 200}
{"id": "t000007899", "svc": "auth", "phase": "start", "ts": 12061000, "status": 200}
{"id": "t000007899", "svc": "auth", "phase": "end", "ts": 12061100, "status": 200}
{"id": "t000007900", "svc": "gateway", "phase": "start", "ts": 12062000, "status": 200}
{"id": "t000007900", "svc": "gateway", "phase": "end", "ts": 12062100, "status": 200}
{"id": "t000007901", "svc": "payment", "phase": "start", "ts": 12063000, "status": 200}
{"id": "t000007901", "svc": "payment", "phase": "end", "ts": 12063100, "status": 200}
{"id": "t000007902", "svc": "auth", "phase": "start", "ts": 12064000, "status": 200}
{"id": "t000007902", "svc": "auth", "phase": "end", "ts": 12064100, "status": 200}
{"id": "t000007903", "svc": "gateway", "phase": "start", "ts": 12065000, "status": 200}
{"id": "t000007903", "svc": "gateway", "phase": "end", "ts": 12065100, "status": 200}
{"id": "t000007904", "svc": "payment", "phase": "start", "ts": 12066000, "status": 200}
{"id": "t000007904", "svc": "payment", "phase": "end", "ts": 12066100, "status": 500}
{"id": "t000007905", "svc": "auth", "phase": "start", "ts": 12067000, "status": 200}
{"id": "t000007905", "svc": "auth", "phase": "end", "ts": 12067100, "status": 200}
{"id": "t000007906", "svc": "gateway", "phase": "start", "ts": 12068000, "status": 200}
{"id": "t000007906", "svc": "gateway", "phase": "end", "ts": 12068100, "status": 200}
{"id": "t000007907", "svc": "payment", "phase": "start", "ts": 12069000, "status": 200}
{"id": "t000007907", "svc": "payment", "phase": "end", "ts": 12069100, "status": 200}
{"id": "t000007908", "svc": "auth", "phase": "start", "ts": 12070000, "status": 200}
{"id": "t000007908", "svc": "auth", "phase": "end", "ts": 12070100, "status": 200}
{"id": "t000007909", "svc": "gateway", "phase": "start", "ts": 12071000, "status": 200}
{"id": "t000007909", "svc": "gateway", "phase": "end", "ts": 12071100, "status": 200}
{"id": "t000007910", "svc": "payment", "phase": "start", "ts": 12072000, "status": 200}
{"id": "t000007910", "svc": "payment", "phase": "end", "ts": 12072100, "status": 200}
{"id": "t000007911", "svc": "auth", "phase": "start", "ts": 12073000, "status": 200}
{"id": "t000007911", "svc": "auth", "phase": "end", "ts": 12073100, "status": 200}
{"id": "t000007912", "svc": "gateway", "phase": "start", "ts": 12074000, "status": 200}
{"id": "t000007912", "svc": "gateway", "phase": "end", "ts": 12074100, "status": 500}
{"id": "t000007913", "svc": "payment", "phase": "start", "ts": 12075000, "status": 200}
{"id": "t000007913", "svc": "payment", "phase": "end", "ts": 12075100, "status": 200}
{"id": "t000007914", "svc": "auth", "phase": "start", "ts": 12076000, "status": 200}
{"id": "t000007914", "svc": "auth", "phase": "end", "ts": 12076100, "status": 200}
{"id": "t000007915", "svc": "gateway", "phase": "start", "ts": 12077000, "status": 200}
{"id": "t000007915", "svc": "gateway", "phase": "end", "ts": 12077100, "status": 200}
{"id": "t000007916", "svc": "payment", "phase": "start", "ts": 12078000, "status": 200}
{"id": "t000007916", "svc": "payment", "phase": "end", "ts": 12078100, "status": 200}
{"id": "t000007917", "svc": "auth", "phase": "start", "ts": 12079000, "status": 200}
{"id": "t000007917", "svc": "auth", "phase": "end", "ts": 12079100, "status": 200}
{"id": "t000007918", "svc": "gateway", "phase": "start", "ts": 12080000, "status": 200}
{"id": "t000007918", "svc": "gateway", "phase": "end", "ts": 12080100, "status": 200}
{"id": "t000007919", "svc": "payment", "phase": "start", "ts": 12081000, "status": 200}
{"id": "t000007919", "svc": "payment", "phase": "end", "ts": 12081100, "status": 200}
{"id": "t000007920", "svc": "auth", "phase": "start", "ts": 12082000, "status": 200}
{"id": "t000007920", "svc": "auth", "phase": "end", "ts": 12082100, "status": 500}
{"id": "t000007921", "svc": "gateway", "phase": "start", "ts": 12083000, "status": 200}
{"id": "t000007921", "svc": "gateway", "phase": "end", "ts": 12083100, "status": 200}
{"id": "t000007922", "svc": "payment", "phase": "start", "ts": 12084000, "status": 200}
{"id": "t000007922", "svc": "payment", "phase": "end", "ts": 12084100, "status": 200}
{"id": "t000007923", "svc": "auth", "phase": "start", "ts": 12085000, "status": 200}
{"id": "t000007923", "svc": "auth", "phase": "end", "ts": 12085100, "status": 200}
{"id": "t000007924", "svc": "gateway", "phase": "start", "ts": 12086000, "status": 200}
{"id": "t000007924", "svc": "gateway", "phase": "end", "ts": 12086100, "status": 200}
{"id": "t000007925", "svc": "payment", "phase": "start", "ts": 12087000, "status": 200}
{"id": "t000007925", "svc": "payment", "phase": "end", "ts": 12087100, "status": 200}
{"id": "t000007926", "svc": "auth", "phase": "start", "ts": 12088000, "status": 200}
{"id": "t000007926", "svc": "auth", "phase": "end", "ts": 12088100, "status": 200}
{"id": "t000007927", "svc": "gateway", "phase": "start", "ts": 12089000, "status": 200}
{"id": "t000007927", "svc": "gateway", "phase": "end", "ts": 12089100, "status": 200}
{"id": "t000007928", "svc": "payment", "phase": "start", "ts": 12090000, "status": 200}
{"id": "t000007928", "svc": "payment", "phase": "end", "ts": 12090100, "status": 500}
{"id": "t000007929", "svc": "auth", "phase": "start", "ts": 12091000, "status": 200}
{"id": "t000007929", "svc": "auth", "phase": "end", "ts": 12091100, "status": 200}
{"id": "t000007930", "svc": "gateway", "phase": "start", "ts": 12092000, "status": 200}
{"id": "t000007930", "svc": "gateway", "phase": "end", "ts": 12092100, "status": 200}
{"id": "t000007931", "svc": "payment", "phase": "start", "ts": 12093000, "status": 200}
{"id": "t000007931", "svc": "payment", "phase": "end", "ts": 12093100, "status": 200}
{"id": "t000007932", "svc": "auth", "phase": "start", "ts": 12094000, "status": 200}
{"id": "t000007932", "svc": "auth", "phase": "end", "ts": 12094100, "status": 200}
{"id": "t000007933", "svc": "gateway", "phase": "start", "ts": 12095000, "status": 200}
{"id": "t000007933", "svc": "gateway", "phase": "end", "ts": 12095100, "status": 200}
{"id": "t000007934", "svc": "payment", "phase": "start", "ts": 12096000, "status": 200}
{"id": "t000007934", "svc": "payment", "phase": "end", "ts": 12096100, "status": 200}
{"id": "t000007935", "svc": "auth", "phase": "start", "ts": 12097000, "status": 200}
{"id": "t000007935", "svc": "auth", "phase": "end", "ts": 12097100, "status": 200}
{"id": "t000007936", "svc": "gateway", "phase": "start", "ts": 12098000, "status": 200}
{"id": "t000007936", "svc": "gateway", "phase": "end", "ts": 12098100, "status": 500}
{"id": "t000007937", "svc": "payment", "phase": "start", "ts": 12099000, "status": 200}
{"id": "t000007937", "svc": "payment", "phase": "end", "ts": 12099100, "status": 200}
{"id": "t000007938", "svc": "auth", "phase": "start", "ts": 12100000, "status": 200}
{"id": "t000007938", "svc": "auth", "phase": "end", "ts": 12100100, "status": 200}
{"id": "t000007939", "svc": "gateway", "phase": "start", "ts": 12101000, "status": 200}
{"id": "t000007939", "svc": "gateway", "phase": "end", "ts": 12101100, "status": 200}
{"id": "t000007940", "svc": "payment", "phase": "start", "ts": 12102000, "status": 200}
{"id": "t000007940", "svc": "payment", "phase": "end", "ts": 12102100, "status": 200}
{"id": "t000007941", "svc": "auth", "phase": "start", "ts": 12103000, "status": 200}
{"id": "t000007941", "svc": "auth", "phase": "end", "ts": 12103100, "status": 200}
{"id": "t000007942", "svc": "gateway", "phase": "start", "ts": 12104000, "status": 200}
{"id": "t000007942", "svc": "gateway", "phase": "end", "ts": 12104100, "status": 200}
{"id": "t000007943", "svc": "payment", "phase": "start", "ts": 12105000, "status": 200}
{"id": "t000007943", "svc": "payment", "phase": "end", "ts": 12105100, "status": 200}
{"id": "t000007944", "svc": "auth", "phase": "start", "ts": 12106000, "status": 200}
{"id": "t000007944", "svc": "auth", "phase": "end", "ts": 12106100, "status": 500}
{"id": "t000007945", "svc": "gateway", "phase": "start", "ts": 12107000, "status": 200}
{"id": "t000007945", "svc": "gateway", "phase": "end", "ts": 12107100, "status": 200}
{"id": "t000007946", "svc": "payment", "phase": "start", "ts": 12108000, "status": 200}
{"id": "t000007946", "svc": "payment", "phase": "end", "ts": 12108100, "status": 200}
{"id": "t000007947", "svc": "auth", "phase": "start", "ts": 12109000, "status": 200}
{"id": "t000007947", "svc": "auth", "phase": "end", "ts": 12109100, "status": 200}
{"id": "t000007948", "svc": "gateway", "phase": "start", "ts": 12110000, "status": 200}
{"id": "t000007948", "svc": "gateway", "phase": "end", "ts": 12110100, "status": 200}
{"id": "t000007949", "svc": "payment", "phase": "start", "ts": 12111000, "status": 200}
{"id": "t000007949", "svc": "payment", "phase": "end", "ts": 12111100, "status": 200}
{"id": "t000007950", "svc": "auth", "phase": "start", "ts": 12112000, "status": 200}
{"id": "t000007950", "svc": "auth", "phase": "end", "ts": 12112100, "status": 200}
{"id": "t000007951", "svc": "gateway", "phase": "start", "ts": 12113000, "status": 200}
{"id": "t000007951", "svc": "gateway", "phase": "end", "ts": 12113100, "status": 200}
{"id": "t000007952", "svc": "payment", "phase": "start", "ts": 12114000, "status": 200}
{"id": "t000007952", "svc": "payment", "phase": "end", "ts": 12114100, "status": 500}
{"id": "t000007953", "svc": "auth", "phase": "start", "ts": 12115000, "status": 200}
{"id": "t000007953", "svc": "auth", "phase": "end", "ts": 12115100, "status": 200}
{"id": "t000007954", "svc": "gateway", "phase": "start", "ts": 12116000, "status": 200}
{"id": "t000007954", "svc": "gateway", "phase": "end", "ts": 12116100, "status": 200}
{"id": "t000007955", "svc": "payment", "phase": "start", "ts": 12117000, "status": 200}
{"id": "t000007955", "svc": "payment", "phase": "end", "ts": 12117100, "status": 200}
{"id": "t000007956", "svc": "auth", "phase": "start", "ts": 12118000, "status": 200}
{"id": "t000007956", "svc": "auth", "phase": "end", "ts": 12118100, "status": 200}
{"id": "t000007957", "svc": "gateway", "phase": "start", "ts": 12119000, "status": 200}
{"id": "t000007957", "svc": "gateway", "phase": "end", "ts": 12119100, "status": 200}
{"id": "t000007958", "svc": "payment", "phase": "start", "ts": 12120000, "status": 200}
{"id": "t000007958", "svc": "payment", "phase": "end", "ts": 12120100, "status": 200}
{"id": "t000007959", "svc": "auth", "phase": "start", "ts": 12121000, "status": 200}
{"id": "t000007959", "svc": "auth", "phase": "end", "ts": 12121100, "status": 200}
{"id": "t000007960", "svc": "gateway", "phase": "start", "ts": 12122000, "status": 200}
{"id": "t000007960", "svc": "gateway", "phase": "end", "ts": 12122100, "status": 500}
{"id": "t000007961", "svc": "payment", "phase": "start", "ts": 12123000, "status": 200}
{"id": "t000007961", "svc": "payment", "phase": "end", "ts": 12123100, "status": 200}
{"id": "t000007962", "svc": "auth", "phase": "start", "ts": 12124000, "status": 200}
{"id": "t000007962", "svc": "auth", "phase": "end", "ts": 12124100, "status": 200}
{"id": "t000007963", "svc": "gateway", "phase": "start", "ts": 12125000, "status": 200}
{"id": "t000007963", "svc": "gateway", "phase": "end", "ts": 12125100, "status": 200}
{"id": "t000007964", "svc": "payment", "phase": "start", "ts": 12126000, "status": 200}
{"id": "t000007964", "svc": "payment", "phase": "end", "ts": 12126100, "status": 200}
{"id": "t000007965", "svc": "auth", "phase": "start", "ts": 12127000, "status": 200}
{"id": "t000007965", "svc": "auth", "phase": "end", "ts": 12127100, "status": 200}
{"id": "t000007966", "svc": "gateway", "phase": "start", "ts": 12128000, "status": 200}
{"id": "t000007966", "svc": "gateway", "phase": "end", "ts": 12128100, "status": 200}
{"id": "t000007967", "svc": "payment", "phase": "start", "ts": 12129000, "status": 200}
{"id": "t000007967", "svc": "payment", "phase": "end", "ts": 12129100, "status": 200}
{"id": "t000007968", "svc": "auth", "phase": "start", "ts": 12130000, "status": 200}
{"id": "t000007968", "svc": "auth", "phase": "end", "ts": 12130100, "status": 500}
{"id": "t000007969", "svc": "gateway", "phase": "start", "ts": 12131000, "status": 200}
{"id": "t000007969", "svc": "gateway", "phase": "end", "ts": 12131100, "status": 200}
{"id": "t000007970", "svc": "payment", "phase": "start", "ts": 12132000, "status": 200}
{"id": "t000007970", "svc": "payment", "phase": "end", "ts": 12132100, "status": 200}
{"id": "t000007971", "svc": "auth", "phase": "start", "ts": 12133000, "status": 200}
{"id": "t000007971", "svc": "auth", "phase": "end", "ts": 12133100, "status": 200}
{"id": "t000007972", "svc": "gateway", "phase": "start", "ts": 12134000, "status": 200}
{"id": "t000007972", "svc": "gateway", "phase": "end", "ts": 12134100, "status": 200}
{"id": "t000007973", "svc": "payment", "phase": "start", "ts": 12135000, "status": 200}
{"id": "t000007973", "svc": "payment", "phase": "end", "ts": 12135100, "status": 200}
{"id": "t000007974", "svc": "auth", "phase": "start", "ts": 12136000, "status": 200}
{"id": "t000007974", "svc": "auth", "phase": "end", "ts": 12136100, "status": 200}
{"id": "t000007975", "svc": "gateway", "phase": "start", "ts": 12137000, "status": 200}
{"id": "t000007975", "svc": "gateway", "phase": "end", "ts": 12137100, "status": 200}
{"id": "t000007976", "svc": "payment", "phase": "start", "ts": 12138000, "status": 200}
{"id": "t000007976", "svc": "payment", "phase": "end", "ts": 12138100, "status": 500}
{"id": "t000007977", "svc": "auth", "phase": "start", "ts": 12139000, "status": 200}
{"id": "t000007977", "svc": "auth", "phase": "end", "ts": 12139100, "status": 200}
{"id": "t000007978", "svc": "gateway", "phase": "start", "ts": 12140000, "status": 200}
{"id": "t000007978", "svc": "gateway", "phase": "end", "ts": 12140100, "status": 200}
{"id": "t000007979", "svc": "payment", "phase": "start", "ts": 12141000, "status": 200}
{"id": "t000007979", "svc": "payment", "phase": "end", "ts": 12141100, "status": 200}
{"id": "t000007980", "svc": "auth", "phase": "start", "ts": 12142000, "status": 200}
{"id": "t000007980", "svc": "auth", "phase": "end", "ts": 12142100, "status": 200}
{"id": "t000007981", "svc": "gateway", "phase": "start", "ts": 12143000, "status": 200}
{"id": "t000007981", "svc": "gateway", "phase": "end", "ts": 12143100, "status": 200}
{"id": "t000007982", "svc": "payment", "phase": "start", "ts": 12144000, "status": 200}
{"id": "t000007982", "svc": "payment", "phase": "end", "ts": 12144100, "status": 200}
{"id": "t000007983", "svc": "auth", "phase": "start", "ts": 12145000, "status": 200}
{"id": "t000007983", "svc": "auth", "phase": "end", "ts": 12145100, "status": 200}
{"id": "t000007984", "svc": "gateway", "phase": "start", "ts": 12146000, "status": 200}
{"id": "t000007984", "svc": "gateway", "phase": "end", "ts": 12146100, "status": 500}
{"id": "t000007985", "svc": "payment", "phase": "start", "ts": 12147000, "status": 200}
{"id": "t000007985", "svc": "payment", "phase": "end", "ts": 12147100, "status": 200}
{"id": "t000007986", "svc": "auth", "phase": "start", "ts": 12148000, "status": 200}
{"id": "t000007986", "svc": "auth", "phase": "end", "ts": 12148100, "status": 200}
{"id": "t000007987", "svc": "gateway", "phase": "start", "ts": 12149000, "status": 200}
{"id": "t000007987", "svc": "gateway", "phase": "end", "ts": 12149100, "status": 200}
{"id": "t000007988", "svc": "payment", "phase": "start", "ts": 12150000, "status": 200}
{"id": "t000007988", "svc": "payment", "phase": "end", "ts": 12150100, "status": 200}
{"id": "t000007989", "svc": "auth", "phase": "start", "ts": 12151000, "status": 200}
{"id": "t000007989", "svc": "auth", "phase": "end", "ts": 12151100, "status": 200}
{"id": "t000007990", "svc": "gateway", "phase": "start", "ts": 12152000, "status": 200}
{"id": "t000007990", "svc": "gateway", "phase": "end", "ts": 12152100, "status": 200}
{"id": "t000007991", "svc": "payment", "phase": "start", "ts": 12153000, "status": 200}
{"id": "t000007991", "svc": "payment", "phase": "end", "ts": 12153100, "status": 200}
{"id": "t000007992", "svc": "auth", "phase": "start", "ts": 12154000, "status": 200}
{"id": "t000007992", "svc": "auth", "phase": "end", "ts": 12154100, "status": 500}
{"id": "t000007993", "svc": "gateway", "phase": "start", "ts": 12155000, "status": 200}
{"id": "t000007993", "svc": "gateway", "phase": "end", "ts": 12155100, "status": 200}
{"id": "t000007994", "svc": "payment", "phase": "start", "ts": 12156000, "status": 200}
{"id": "t000007994", "svc": "payment", "phase": "end", "ts": 12156100, "status": 200}
{"id": "t000007995", "svc": "auth", "phase": "start", "ts": 12157000, "status": 200}
{"id": "t000007995", "svc": "auth", "phase": "end", "ts": 12157100, "status": 200}
{"id": "t000007996", "svc": "gateway", "phase": "start", "ts": 12158000, "status": 200}
{"id": "t000007996", "svc": "gateway", "phase": "end", "ts": 12158100, "status": 200}
{"id": "t000007997", "svc": "payment", "phase": "start", "ts": 12159000, "status": 200}
{"id": "t000007997", "svc": "payment", "phase": "end", "ts": 12159100, "status": 200}
{"id": "t000007998", "svc": "auth", "phase": "start", "ts": 12160000, "status": 200}
{"id": "t000007998", "svc": "auth", "phase": "end", "ts": 12160100, "status": 200}
{"id": "t000007999", "svc": "gateway", "phase": "start", "ts": 12161000, "status": 200}
{"id": "t000007999", "svc": "gateway", "phase": "end", "ts": 12161100, "status": 200}
{"id": "t000008000", "svc": "payment", "phase": "start", "ts": 12162000, "status": 200}
{"id": "t000008000", "svc": "payment", "phase": "end", "ts": 12162100, "status": 500}
{"id": "t000008001", "svc": "auth", "phase": "start", "ts": 12163000, "status": 200}
{"id": "t000008001", "svc": "auth", "phase": "end", "ts": 12163100, "status": 200}
{"id": "t000008002", "svc": "gateway", "phase": "start", "ts": 12164000, "status": 200}
{"id": "t000008002", "svc": "gateway", "phase": "end", "ts": 12164100, "status": 200}
{"id": "t000008003", "svc": "payment", "phase": "start", "ts": 12165000, "status": 200}
{"id": "t000008003", "svc": "payment", "phase": "end", "ts": 12165100, "status": 200}
{"id": "t000008004", "svc": "auth", "phase": "start", "ts": 12166000, "status": 200}
{"id": "t000008004", "svc": "auth", "phase": "end", "ts": 12166100, "status": 200}
{"id": "t000008005", "svc": "gateway", "phase": "start", "ts": 12167000, "status": 200}
{"id": "t000008005", "svc": "gateway", "phase": "end", "ts": 12167100, "status": 200}
{"id": "t000008006", "svc": "payment", "phase": "start", "ts": 12168000, "status": 200}
{"id": "t000008006", "svc": "payment", "phase": "end", "ts": 12168100, "status": 200}
{"id": "t000008007", "svc": "auth", "phase": "start", "ts": 12169000, "status": 200}
{"id": "t000008007", "svc": "auth", "phase": "end", "ts": 12169100, "status": 200}
{"id": "t000008008", "svc": "gateway", "phase": "start", "ts": 12170000, "status": 200}
{"id": "t000008008", "svc": "gateway", "phase": "end", "ts": 12170100, "status": 500}
{"id": "t000008009", "svc": "payment", "phase": "start", "ts": 12171000, "status": 200}
{"id": "t000008009", "svc": "payment", "phase": "end", "ts": 12171100, "status": 200}
{"id": "t000008010", "svc": "auth", "phase": "start", "ts": 12172000, "status": 200}
{"id": "t000008010", "svc": "auth", "phase": "end", "ts": 12172100, "status": 200}
{"id": "t000008011", "svc": "gateway", "phase": "start", "ts": 12173000, "status": 200}
{"id": "t000008011", "svc": "gateway", "phase": "end", "ts": 12173100, "status": 200}
{"id": "t000008012", "svc": "payment", "phase": "start", "ts": 12174000, "status": 200}
{"id": "t000008012", "svc": "payment", "phase": "end", "ts": 12174100, "status": 200}
{"id": "t000008013", "svc": "auth", "phase": "start", "ts": 12175000, "status": 200}
{"id": "t000008013", "svc": "auth", "phase": "end", "ts": 12175100, "status": 200}
{"id": "t000008014", "svc": "gateway", "phase": "start", "ts": 12176000, "status": 200}
{"id": "t000008014", "svc": "gateway", "phase": "end", "ts": 12176100, "status": 200}
{"id": "t000008015", "svc": "payment", "phase": "start", "ts": 12177000, "status": 200}
{"id": "t000008015", "svc": "payment", "phase": "end", "ts": 12177100, "status": 200}
{"id": "t000008016", "svc": "auth", "phase": "start", "ts": 12178000, "status": 200}
{"id": "t000008016", "svc": "auth", "phase": "end", "ts": 12178100, "status": 500}
{"id": "t000008017", "svc": "gateway", "phase": "start", "ts": 12179000, "status": 200}
{"id": "t000008017", "svc": "gateway", "phase": "end", "ts": 12179100, "status": 200}
{"id": "t000008018", "svc": "payment", "phase": "start", "ts": 12180000, "status": 200}
{"id": "t000008018", "svc": "payment", "phase": "end", "ts": 12180100, "status": 200}
{"id": "t000008019", "svc": "auth", "phase": "start", "ts": 12181000, "status": 200}
{"id": "t000008019", "svc": "auth", "phase": "end", "ts": 12181100, "status": 200}
{"id": "t000008020", "svc": "gateway", "phase": "start", "ts": 12182000, "status": 200}
{"id": "t000008020", "svc": "gateway", "phase": "end", "ts": 12182100, "status": 200}
{"id": "t000008021", "svc": "payment", "phase": "start", "ts": 12183000, "status": 200}
{"id": "t000008021", "svc": "payment", "phase": "end", "ts": 12183100, "status": 200}
{"id": "t000008022", "svc": "auth", "phase": "start", "ts": 12184000, "status": 200}
{"id": "t000008022", "svc": "auth", "phase": "end", "ts": 12184100, "status": 200}
{"id": "t000008023", "svc": "gateway", "phase": "start", "ts": 12185000, "status": 200}
{"id": "t000008023", "svc": "gateway", "phase": "end", "ts": 12185100, "status": 200}
{"id": "t000008024", "svc": "payment", "phase": "start", "ts": 12186000, "status": 200}
{"id": "t000008024", "svc": "payment", "phase": "end", "ts": 12186100, "status": 500}
{"id": "t000008025", "svc": "auth", "phase": "start", "ts": 12187000, "status": 200}
{"id": "t000008025", "svc": "auth", "phase": "end", "ts": 12187100, "status": 200}
{"id": "t000008026", "svc": "gateway", "phase": "start", "ts": 12188000, "status": 200}
{"id": "t000008026", "svc": "gateway", "phase": "end", "ts": 12188100, "status": 200}
{"id": "t000008027", "svc": "payment", "phase": "start", "ts": 12189000, "status": 200}
{"id": "t000008027", "svc": "payment", "phase": "end", "ts": 12189100, "status": 200}
{"id": "t000008028", "svc": "auth", "phase": "start", "ts": 12190000, "status": 200}
{"id": "t000008028", "svc": "auth", "phase": "end", "ts": 12190100, "status": 200}
{"id": "t000008029", "svc": "gateway", "phase": "start", "ts": 12191000, "status": 200}
{"id": "t000008029", "svc": "gateway", "phase": "end", "ts": 12191100, "status": 200}
{"id": "t000008030", "svc": "payment", "phase": "start", "ts": 12192000, "status": 200}
{"id": "t000008030", "svc": "payment", "phase": "end", "ts": 12192100, "status": 200}
{"id": "t000008031", "svc": "auth", "phase": "start", "ts": 12193000, "status": 200}
{"id": "t000008031", "svc": "auth", "phase": "end", "ts": 12193100, "status": 200}
{"id": "t000008032", "svc": "gateway", "phase": "start", "ts": 12194000, "status": 200}
{"id": "t000008032", "svc": "gateway", "phase": "end", "ts": 12194100, "status": 500}
{"id": "t000008033", "svc": "payment", "phase": "start", "ts": 12195000, "status": 200}
{"id": "t000008033", "svc": "payment", "phase": "end", "ts": 12195100, "status": 200}
{"id": "t000008034", "svc": "auth", "phase": "start", "ts": 12196000, "status": 200}
{"id": "t000008034", "svc": "auth", "phase": "end", "ts": 12196100, "status": 200}
{"id": "t000008035", "svc": "gateway", "phase": "start", "ts": 12197000, "status": 200}
{"id": "t000008035", "svc": "gateway", "phase": "end", "ts": 12197100, "status": 200}
{"id": "t000008036", "svc": "payment", "phase": "start", "ts": 12198000, "status": 200}
{"id": "t000008036", "svc": "payment", "phase": "end", "ts": 12198100, "status": 200}
{"id": "t000008037", "svc": "auth", "phase": "start", "ts": 12199000, "status": 200}
{"id": "t000008037", "svc": "auth", "phase": "end", "ts": 12199100, "status": 200}
{"id": "t000008038", "svc": "gateway", "phase": "start", "ts": 12200000, "status": 200}
{"id": "t000008038", "svc": "gateway", "phase": "end", "ts": 12200100, "status": 200}
{"id": "t000008039", "svc": "payment", "phase": "start", "ts": 12201000, "status": 200}
{"id": "t000008039", "svc": "payment", "phase": "end", "ts": 12201100, "status": 200}
{"id": "t000008040", "svc": "auth", "phase": "start", "ts": 12202000, "status": 200}
{"id": "t000008040", "svc": "auth", "phase": "end", "ts": 12202100, "status": 500}
{"id": "t000008041", "svc": "gateway", "phase": "start", "ts": 12203000, "status": 200}
{"id": "t000008041", "svc": "gateway", "phase": "end", "ts": 12203100, "status": 200}
{"id": "t000008042", "svc": "payment", "phase": "start", "ts": 12204000, "status": 200}
{"id": "t000008042", "svc": "payment", "phase": "end", "ts": 12204100, "status": 200}
{"id": "t000008043", "svc": "auth", "phase": "start", "ts": 12205000, "status": 200}
{"id": "t000008043", "svc": "auth", "phase": "end", "ts": 12205100, "status": 200}
{"id": "t000008044", "svc": "gateway", "phase": "start", "ts": 12206000, "status": 200}
{"id": "t000008044", "svc": "gateway", "phase": "end", "ts": 12206100, "status": 200}
{"id": "t000008045", "svc": "payment", "phase": "start", "ts": 12207000, "status": 200}
{"id": "t000008045", "svc": "payment", "phase": "end", "ts": 12207100, "status": 200}
{"id": "t000008046", "svc": "auth", "phase": "start", "ts": 12208000, "status": 200}
{"id": "t000008046", "svc": "auth", "phase": "end", "ts": 12208100, "status": 200}
{"id": "t000008047", "svc": "gateway", "phase": "start", "ts": 12209000, "status": 200}
{"id": "t000008047", "svc": "gateway", "phase": "end", "ts": 12209100, "status": 200}
{"id": "t000008048", "svc": "payment", "phase": "start", "ts": 12210000, "status": 200}
{"id": "t000008048", "svc": "payment", "phase": "end", "ts": 12210100, "status": 500}
{"id": "t000008049", "svc": "auth", "phase": "start", "ts": 12211000, "status": 200}
{"id": "t000008049", "svc": "auth", "phase": "end", "ts": 12211100, "status": 200}
{"id": "t000008050", "svc": "gateway", "phase": "start", "ts": 12212000, "status": 200}
{"id": "t000008050", "svc": "gateway", "phase": "end", "ts": 12212100, "status": 200}
{"id": "t000008051", "svc": "payment", "phase": "start", "ts": 12213000, "status": 200}
{"id": "t000008051", "svc": "payment", "phase": "end", "ts": 12213100, "status": 200}
{"id": "t000008052", "svc": "auth", "phase": "start", "ts": 12214000, "status": 200}
{"id": "t000008052", "svc": "auth", "phase": "end", "ts": 12214100, "status": 200}
{"id": "t000008053", "svc": "gateway", "phase": "start", "ts": 12215000, "status": 200}
{"id": "t000008053", "svc": "gateway", "phase": "end", "ts": 12215100, "status": 200}
{"id": "t000008054", "svc": "payment", "phase": "start", "ts": 12216000, "status": 200}
{"id": "t000008054", "svc": "payment", "phase": "end", "ts": 12216100, "status": 200}
{"id": "t000008055", "svc": "auth", "phase": "start", "ts": 12217000, "status": 200}
{"id": "t000008055", "svc": "auth", "phase": "end", "ts": 12217100, "status": 200}
{"id": "t000008056", "svc": "gateway", "phase": "start", "ts": 12218000, "status": 200}
{"id": "t000008056", "svc": "gateway", "phase": "end", "ts": 12218100, "status": 500}
{"id": "t000008057", "svc": "payment", "phase": "start", "ts": 12219000, "status": 200}
{"id": "t000008057", "svc": "payment", "phase": "end", "ts": 12219100, "status": 200}
{"id": "t000008058", "svc": "auth", "phase": "start", "ts": 12220000, "status": 200}
{"id": "t000008058", "svc": "auth", "phase": "end", "ts": 12220100, "status": 200}
{"id": "t000008059", "svc": "gateway", "phase": "start", "ts": 12221000, "status": 200}
{"id": "t000008059", "svc": "gateway", "phase": "end", "ts": 12221100, "status": 200}
{"id": "t000008060", "svc": "payment", "phase": "start", "ts": 12222000, "status": 200}
{"id": "t000008060", "svc": "payment", "phase": "end", "ts": 12222100, "status": 200}
{"id": "t000008061", "svc": "auth", "phase": "start", "ts": 12223000, "status": 200}
{"id": "t000008061", "svc": "auth", "phase": "end", "ts": 12223100, "status": 200}
{"id": "t000008062", "svc": "gateway", "phase": "start", "ts": 12224000, "status": 200}
{"id": "t000008062", "svc": "gateway", "phase": "end", "ts": 12224100, "status": 200}
{"id": "t000008063", "svc": "payment", "phase": "start", "ts": 12225000, "status": 200}
{"id": "t000008063", "svc": "payment", "phase": "end", "ts": 12225100, "status": 200}
{"id": "t000008064", "svc": "auth", "phase": "start", "ts": 12226000, "status": 200}
{"id": "t000008064", "svc": "auth", "phase": "end", "ts": 12226100, "status": 500}
{"id": "t000008065", "svc": "gateway", "phase": "start", "ts": 12227000, "status": 200}
{"id": "t000008065", "svc": "gateway", "phase": "end", "ts": 12227100, "status": 200}
{"id": "t000008066", "svc": "payment", "phase": "start", "ts": 12228000, "status": 200}
{"id": "t000008066", "svc": "payment", "phase": "end", "ts": 12228100, "status": 200}
{"id": "t000008067", "svc": "auth", "phase": "start", "ts": 12229000, "status": 200}
{"id": "t000008067", "svc": "auth", "phase": "end", "ts": 12229100, "status": 200}
{"id": "t000008068", "svc": "gateway", "phase": "start", "ts": 12230000, "status": 200}
{"id": "t000008068", "svc": "gateway", "phase": "end", "ts": 12230100, "status": 200}
{"id": "t000008069", "svc": "payment", "phase": "start", "ts": 12231000, "status": 200}
{"id": "t000008069", "svc": "payment", "phase": "end", "ts": 12231100, "status": 200}
{"id": "t000008070", "svc": "auth", "phase": "start", "ts": 12232000, "status": 200}
{"id": "t000008070", "svc": "auth", "phase": "end", "ts": 12232100, "status": 200}
{"id": "t000008071", "svc": "gateway", "phase": "start", "ts": 12233000, "status": 200}
{"id": "t000008071", "svc": "gateway", "phase": "end", "ts": 12233100, "status": 200}
{"id": "t000008072", "svc": "payment", "phase": "start", "ts": 12234000, "status": 200}
{"id": "t000008072", "svc": "payment", "phase": "end", "ts": 12234100, "status": 500}
{"id": "t000008073", "svc": "auth", "phase": "start", "ts": 12235000, "status": 200}
{"id": "t000008073", "svc": "auth", "phase": "end", "ts": 12235100, "status": 200}
{"id": "t000008074", "svc": "gateway", "phase": "start", "ts": 12236000, "status": 200}
{"id": "t000008074", "svc": "gateway", "phase": "end", "ts": 12236100, "status": 200}
{"id": "t000008075", "svc": "payment", "phase": "start", "ts": 12237000, "status": 200}
{"id": "t000008075", "svc": "payment", "phase": "end", "ts": 12237100, "status": 200}
{"id": "t000008076", "svc": "auth", "phase": "start", "ts": 12238000, "status": 200}
{"id": "t000008076", "svc": "auth", "phase": "end", "ts": 12238100, "status": 200}
{"id": "t000008077", "svc": "gateway", "phase": "start", "ts": 12239000, "status": 200}
{"id": "t000008077", "svc": "gateway", "phase": "end", "ts": 12239100, "status": 200}
{"id": "t000008078", "svc": "payment", "phase": "start", "ts": 12240000, "status": 200}
{"id": "t000008078", "svc": "payment", "phase": "end", "ts": 12240100, "status": 200}
{"id": "t000008079", "svc": "auth", "phase": "start", "ts": 12241000, "status": 200}
{"id": "t000008079", "svc": "auth", "phase": "end", "ts": 12241100, "status": 200}
{"id": "t000008080", "svc": "gateway", "phase": "start", "ts": 12242000, "status": 200}
{"id": "t000008080", "svc": "gateway", "phase": "end", "ts": 12242100, "status": 500}
{"id": "t000008081", "svc": "payment", "phase": "start", "ts": 12243000, "status": 200}
{"id": "t000008081", "svc": "payment", "phase": "end", "ts": 12243100, "status": 200}
{"id": "t000008082", "svc": "auth", "phase": "start", "ts": 12244000, "status": 200}
{"id": "t000008082", "svc": "auth", "phase": "end", "ts": 12244100, "status": 200}
{"id": "t000008083", "svc": "gateway", "phase": "start", "ts": 12245000, "status": 200}
{"id": "t000008083", "svc": "gateway", "phase": "end", "ts": 12245100, "status": 200}
{"id": "t000008084", "svc": "payment", "phase": "start", "ts": 12246000, "status": 200}
{"id": "t000008084", "svc": "payment", "phase": "end", "ts": 12246100, "status": 200}
{"id": "t000008085", "svc": "auth", "phase": "start", "ts": 12247000, "status": 200}
{"id": "t000008085", "svc": "auth", "phase": "end", "ts": 12247100, "status": 200}
{"id": "t000008086", "svc": "gateway", "phase": "start", "ts": 12248000, "status": 200}
{"id": "t000008086", "svc": "gateway", "phase": "end", "ts": 12248100, "status": 200}
{"id": "t000008087", "svc": "payment", "phase": "start", "ts": 12249000, "status": 200}
{"id": "t000008087", "svc": "payment", "phase": "end", "ts": 12249100, "status": 200}
{"id": "t000008088", "svc": "auth", "phase": "start", "ts": 12250000, "status": 200}
{"id": "t000008088", "svc": "auth", "phase": "end", "ts": 12250100, "status": 500}
{"id": "t000008089", "svc": "gateway", "phase": "start", "ts": 12251000, "status": 200}
{"id": "t000008089", "svc": "gateway", "phase": "end", "ts": 12251100, "status": 200}
{"id": "t000008090", "svc": "payment", "phase": "start", "ts": 12252000, "status": 200}
{"id": "t000008090", "svc": "payment", "phase": "end", "ts": 12252100, "status": 200}
{"id": "t000008091", "svc": "auth", "phase": "start", "ts": 12253000, "status": 200}
{"id": "t000008091", "svc": "auth", "phase": "end", "ts": 12253100, "status": 200}
{"id": "t000008092", "svc": "gateway", "phase": "start", "ts": 12254000, "status": 200}
{"id": "t000008092", "svc": "gateway", "phase": "end", "ts": 12254100, "status": 200}
{"id": "t000008093", "svc": "payment", "phase": "start", "ts": 12255000, "status": 200}
{"id": "t000008093", "svc": "payment", "phase": "end", "ts": 12255100, "status": 200}
{"id": "t000008094", "svc": "auth", "phase": "start", "ts": 12256000, "status": 200}
{"id": "t000008094", "svc": "auth", "phase": "end", "ts": 12256100, "status": 200}
{"id": "t000008095", "svc": "gateway", "phase": "start", "ts": 12257000, "status": 200}
{"id": "t000008095", "svc": "gateway", "phase": "end", "ts": 12257100, "status": 200}
{"id": "t000008096", "svc": "payment", "phase": "start", "ts": 12258000, "status": 200}
{"id": "t000008096", "svc": "payment", "phase": "end", "ts": 12258100, "status": 500}
{"id": "t000008097", "svc": "auth", "phase": "start", "ts": 12259000, "status": 200}
{"id": "t000008097", "svc": "auth", "phase": "end", "ts": 12259100, "status": 200}
{"id": "t000008098", "svc": "gateway", "phase": "start", "ts": 12260000, "status": 200}
{"id": "t000008098", "svc": "gateway", "phase": "end", "ts": 12260100, "status": 200}
{"id": "t000008099", "svc": "payment", "phase": "start", "ts": 12261000, "status": 200}
{"id": "t000008099", "svc": "payment", "phase": "end", "ts": 12261100, "status": 200}
{"id": "t000008100", "svc": "auth", "phase": "start", "ts": 12262000, "status": 200}
{"id": "t000008100", "svc": "auth", "phase": "end", "ts": 12262100, "status": 200}
{"id": "t000008101", "svc": "gateway", "phase": "start", "ts": 12263000, "status": 200}
{"id": "t000008101", "svc": "gateway", "phase": "end", "ts": 12263100, "status": 200}
{"id": "t000008102", "svc": "payment", "phase": "start", "ts": 12264000, "status": 200}
{"id": "t000008102", "svc": "payment", "phase": "end", "ts": 12264100, "status": 200}
{"id": "t000008103", "svc": "auth", "phase": "start", "ts": 12265000, "status": 200}
{"id": "t000008103", "svc": "auth", "phase": "end", "ts": 12265100, "status": 200}
{"id": "t000008104", "svc": "gateway", "phase": "start", "ts": 12266000, "status": 200}
{"id": "t000008104", "svc": "gateway", "phase": "end", "ts": 12266100, "status": 500}
{"id": "t000008105", "svc": "payment", "phase": "start", "ts": 12267000, "status": 200}
{"id": "t000008105", "svc": "payment", "phase": "end", "ts": 12267100, "status": 200}
{"id": "t000008106", "svc": "auth", "phase": "start", "ts": 12268000, "status": 200}
{"id": "t000008106", "svc": "auth", "phase": "end", "ts": 12268100, "status": 200}
{"id": "t000008107", "svc": "gateway", "phase": "start", "ts": 12269000, "status": 200}
{"id": "t000008107", "svc": "gateway", "phase": "end", "ts": 12269100, "status": 200}
{"id": "t000008108", "svc": "payment", "phase": "start", "ts": 12270000, "status": 200}
{"id": "t000008108", "svc": "payment", "phase": "end", "ts": 12270100, "status": 200}
{"id": "t000008109", "svc": "auth", "phase": "start", "ts": 12271000, "status": 200}
{"id": "t000008109", "svc": "auth", "phase": "end", "ts": 12271100, "status": 200}
{"id": "t000008110", "svc": "gateway", "phase": "start", "ts": 12272000, "status": 200}
{"id": "t000008110", "svc": "gateway", "phase": "end", "ts": 12272100, "status": 200}
{"id": "t000008111", "svc": "payment", "phase": "start", "ts": 12273000, "status": 200}
{"id": "t000008111", "svc": "payment", "phase": "end", "ts": 12273100, "status": 200}
{"id": "t000008112", "svc": "auth", "phase": "start", "ts": 12274000, "status": 200}
{"id": "t000008112", "svc": "auth", "phase": "end", "ts": 12274100, "status": 500}
{"id": "t000008113", "svc": "gateway", "phase": "start", "ts": 12275000, "status": 200}
{"id": "t000008113", "svc": "gateway", "phase": "end", "ts": 12275100, "status": 200}
{"id": "t000008114", "svc": "payment", "phase": "start", "ts": 12276000, "status": 200}
{"id": "t000008114", "svc": "payment", "phase": "end", "ts": 12276100, "status": 200}
{"id": "t000008115", "svc": "auth", "phase": "start", "ts": 12277000, "status": 200}
{"id": "t000008115", "svc": "auth", "phase": "end", "ts": 12277100, "status": 200}
{"id": "t000008116", "svc": "gateway", "phase": "start", "ts": 12278000, "status": 200}
{"id": "t000008116", "svc": "gateway", "phase": "end", "ts": 12278100, "status": 200}
{"id": "t000008117", "svc": "payment", "phase": "start", "ts": 12279000, "status": 200}
{"id": "t000008117", "svc": "payment", "phase": "end", "ts": 12279100, "status": 200}
{"id": "t000008118", "svc": "auth", "phase": "start", "ts": 12280000, "status": 200}
{"id": "t000008118", "svc": "auth", "phase": "end", "ts": 12280100, "status": 200}
{"id": "t000008119", "svc": "gateway", "phase": "start", "ts": 12281000, "status": 200}
{"id": "t000008119", "svc": "gateway", "phase": "end", "ts": 12281100, "status": 200}
{"id": "t000008120", "svc": "payment", "phase": "start", "ts": 12282000, "status": 200}
{"id": "t000008120", "svc": "payment", "phase": "end", "ts": 12282100, "status": 500}
{"id": "t000008121", "svc": "auth", "phase": "start", "ts": 12283000, "status": 200}
{"id": "t000008121", "svc": "auth", "phase": "end", "ts": 12283100, "status": 200}
{"id": "t000008122", "svc": "gateway", "phase": "start", "ts": 12284000, "status": 200}
{"id": "t000008122", "svc": "gateway", "phase": "end", "ts": 12284100, "status": 200}
{"id": "t000008123", "svc": "payment", "phase": "start", "ts": 12285000, "status": 200}
{"id": "t000008123", "svc": "payment", "phase": "end", "ts": 12285100, "status": 200}
{"id": "t000008124", "svc": "auth", "phase": "start", "ts": 12286000, "status": 200}
{"id": "t000008124", "svc": "auth", "phase": "end", "ts": 12286100, "status": 200}
{"id": "t000008125", "svc": "gateway", "phase": "start", "ts": 12287000, "status": 200}
{"id": "t000008125", "svc": "gateway", "phase": "end", "ts": 12287100, "status": 200}
{"id": "t000008126", "svc": "payment", "phase": "start", "ts": 12288000, "status": 200}
{"id": "t000008126", "svc": "payment", "phase": "end", "ts": 12288100, "status": 200}
{"id": "t000008127", "svc": "auth", "phase": "start", "ts": 12289000, "status": 200}
{"id": "t000008127", "svc": "auth", "phase": "end", "ts": 12289100, "status": 200}
{"id": "t000008128", "svc": "gateway", "phase": "start", "ts": 12290000, "status": 200}
{"id": "t000008128", "svc": "gateway", "phase": "end", "ts": 12290100, "status": 500}
{"id": "t000008129", "svc": "payment", "phase": "start", "ts": 12291000, "status": 200}
{"id": "t000008129", "svc": "payment", "phase": "end", "ts": 12291100, "status": 200}
{"id": "t000008130", "svc": "auth", "phase": "start", "ts": 12292000, "status": 200}
{"id": "t000008130", "svc": "auth", "phase": "end", "ts": 12292100, "status": 200}
{"id": "t000008131", "svc": "gateway", "phase": "start", "ts": 12293000, "status": 200}
{"id": "t000008131", "svc": "gateway", "phase": "end", "ts": 12293100, "status": 200}
{"id": "t000008132", "svc": "payment", "phase": "start", "ts": 12294000, "status": 200}
{"id": "t000008132", "svc": "payment", "phase": "end", "ts": 12294100, "status": 200}
{"id": "t000008133", "svc": "auth", "phase": "start", "ts": 12295000, "status": 200}
{"id": "t000008133", "svc": "auth", "phase": "end", "ts": 12295100, "status": 200}
{"id": "t000008134", "svc": "gateway", "phase": "start", "ts": 12296000, "status": 200}
{"id": "t000008134", "svc": "gateway", "phase": "end", "ts": 12296100, "status": 200}
{"id": "t000008135", "svc": "payment", "phase": "start", "ts": 12297000, "status": 200}
{"id": "t000008135", "svc": "payment", "phase": "end", "ts": 12297100, "status": 200}
{"id": "t000008136", "svc": "auth", "phase": "start", "ts": 12298000, "status": 200}
{"id": "t000008136", "svc": "auth", "phase": "end", "ts": 12298100, "status": 500}
{"id": "t000008137", "svc": "gateway", "phase": "start", "ts": 12299000, "status": 200}
{"id": "t000008137", "svc": "gateway", "phase": "end", "ts": 12299100, "status": 200}
{"id": "t000008138", "svc": "payment", "phase": "start", "ts": 12300000, "status": 200}
{"id": "t000008138", "svc": "payment", "phase": "end", "ts": 12300100, "status": 200}
{"id": "t000008139", "svc": "auth", "phase": "start", "ts": 12301000, "status": 200}
{"id": "t000008139", "svc": "auth", "phase": "end", "ts": 12301100, "status": 200}
{"id": "t000008140", "svc": "gateway", "phase": "start", "ts": 12302000, "status": 200}
{"id": "t000008140", "svc": "gateway", "phase": "end", "ts": 12302100, "status": 200}
{"id": "t000008141", "svc": "payment", "phase": "start", "ts": 12303000, "status": 200}
{"id": "t000008141", "svc": "payment", "phase": "end", "ts": 12303100, "status": 200}
{"id": "t000008142", "svc": "auth", "phase": "start", "ts": 12304000, "status": 200}
{"id": "t000008142", "svc": "auth", "phase": "end", "ts": 12304100, "status": 200}
{"id": "t000008143", "svc": "gateway", "phase": "start", "ts": 12305000, "status": 200}
{"id": "t000008143", "svc": "gateway", "phase": "end", "ts": 12305100, "status": 200}
{"id": "t000008144", "svc": "payment", "phase": "start", "ts": 12306000, "status": 200}
{"id": "t000008144", "svc": "payment", "phase": "end", "ts": 12306100, "status": 500}
{"id": "t000008145", "svc": "auth", "phase": "start", "ts": 12307000, "status": 200}
{"id": "t000008145", "svc": "auth", "phase": "end", "ts": 12307100, "status": 200}
{"id": "t000008146", "svc": "gateway", "phase": "start", "ts": 12308000, "status": 200}
{"id": "t000008146", "svc": "gateway", "phase": "end", "ts": 12308100, "status": 200}
{"id": "t000008147", "svc": "payment", "phase": "start", "ts": 12309000, "status": 200}
{"id": "t000008147", "svc": "payment", "phase": "end", "ts": 12309100, "status": 200}
{"id": "t000008148", "svc": "auth", "phase": "start", "ts": 12310000, "status": 200}
{"id": "t000008148", "svc": "auth", "phase": "end", "ts": 12310100, "status": 200}
{"id": "t000008149", "svc": "gateway", "phase": "start", "ts": 12311000, "status": 200}
{"id": "t000008149", "svc": "gateway", "phase": "end", "ts": 12311100, "status": 200}
{"id": "t000008150", "svc": "payment", "phase": "start", "ts": 12312000, "status": 200}
{"id": "t000008150", "svc": "payment", "phase": "end", "ts": 12312100, "status": 200}
{"id": "t000008151", "svc": "auth", "phase": "start", "ts": 12313000, "status": 200}
{"id": "t000008151", "svc": "auth", "phase": "end", "ts": 12313100, "status": 200}
{"id": "t000008152", "svc": "gateway", "phase": "start", "ts": 12314000, "status": 200}
{"id": "t000008152", "svc": "gateway", "phase": "end", "ts": 12314100, "status": 500}
{"id": "t000008153", "svc": "payment", "phase": "start", "ts": 12315000, "status": 200}
{"id": "t000008153", "svc": "payment", "phase": "end", "ts": 12315100, "status": 200}
{"id": "t000008154", "svc": "auth", "phase": "start", "ts": 12316000, "status": 200}
{"id": "t000008154", "svc": "auth", "phase": "end", "ts": 12316100, "status": 200}
{"id": "t000008155", "svc": "gateway", "phase": "start", "ts": 12317000, "status": 200}
{"id": "t000008155", "svc": "gateway", "phase": "end", "ts": 12317100, "status": 200}
{"id": "t000008156", "svc": "payment", "phase": "start", "ts": 12318000, "status": 200}
{"id": "t000008156", "svc": "payment", "phase": "end", "ts": 12318100, "status": 200}
{"id": "t000008157", "svc": "auth", "phase": "start", "ts": 12319000, "status": 200}
{"id": "t000008157", "svc": "auth", "phase": "end", "ts": 12319100, "status": 200}
{"id": "t000008158", "svc": "gateway", "phase": "start", "ts": 12320000, "status": 200}
{"id": "t000008158", "svc": "gateway", "phase": "end", "ts": 12320100, "status": 200}
{"id": "t000008159", "svc": "payment", "phase": "start", "ts": 12321000, "status": 200}
{"id": "t000008159", "svc": "payment", "phase": "end", "ts": 12321100, "status": 200}
{"id": "t000008160", "svc": "auth", "phase": "start", "ts": 12322000, "status": 200}
{"id": "t000008160", "svc": "auth", "phase": "end", "ts": 12322100, "status": 500}
{"id": "t000008161", "svc": "gateway", "phase": "start", "ts": 12323000, "status": 200}
{"id": "t000008161", "svc": "gateway", "phase": "end", "ts": 12323100, "status": 200}
{"id": "t000008162", "svc": "payment", "phase": "start", "ts": 12324000, "status": 200}
{"id": "t000008162", "svc": "payment", "phase": "end", "ts": 12324100, "status": 200}
{"id": "t000008163", "svc": "auth", "phase": "start", "ts": 12325000, "status": 200}
{"id": "t000008163", "svc": "auth", "phase": "end", "ts": 12325100, "status": 200}
{"id": "t000008164", "svc": "gateway", "phase": "start", "ts": 12326000, "status": 200}
{"id": "t000008164", "svc": "gateway", "phase": "end", "ts": 12326100, "status": 200}
{"id": "t000008165", "svc": "payment", "phase": "start", "ts": 12327000, "status": 200}
{"id": "t000008165", "svc": "payment", "phase": "end", "ts": 12327100, "status": 200}
{"id": "t000008166", "svc": "auth", "phase": "start", "ts": 12328000, "status": 200}
{"id": "t000008166", "svc": "auth", "phase": "end", "ts": 12328100, "status": 200}
{"id": "t000008167", "svc": "gateway", "phase": "start", "ts": 12329000, "status": 200}
{"id": "t000008167", "svc": "gateway", "phase": "end", "ts": 12329100, "status": 200}
{"id": "t000008168", "svc": "payment", "phase": "start", "ts": 12330000, "status": 200}
{"id": "t000008168", "svc": "payment", "phase": "end", "ts": 12330100, "status": 500}
{"id": "t000008169", "svc": "auth", "phase": "start", "ts": 12331000, "status": 200}
{"id": "t000008169", "svc": "auth", "phase": "end", "ts": 12331100, "status": 200}
{"id": "t000008170", "svc": "gateway", "phase": "start", "ts": 12332000, "status": 200}
{"id": "t000008170", "svc": "gateway", "phase": "end", "ts": 12332100, "status": 200}
{"id": "t000008171", "svc": "payment", "phase": "start", "ts": 12333000, "status": 200}
{"id": "t000008171", "svc": "payment", "phase": "end", "ts": 12333100, "status": 200}
{"id": "t000008172", "svc": "auth", "phase": "start", "ts": 12334000, "status": 200}
{"id": "t000008172", "svc": "auth", "phase": "end", "ts": 12334100, "status": 200}
{"id": "t000008173", "svc": "gateway", "phase": "start", "ts": 12335000, "status": 200}
{"id": "t000008173", "svc": "gateway", "phase": "end", "ts": 12335100, "status": 200}
{"id": "t000008174", "svc": "payment", "phase": "start", "ts": 12336000, "status": 200}
{"id": "t000008174", "svc": "payment", "phase": "end", "ts": 12336100, "status": 200}
{"id": "t000008175", "svc": "auth", "phase": "start", "ts": 12337000, "status": 200}
{"id": "t000008175", "svc": "auth", "phase": "end", "ts": 12337100, "status": 200}
{"id": "t000008176", "svc": "gateway", "phase": "start", "ts": 12338000, "status": 200}
{"id": "t000008176", "svc": "gateway", "phase": "end", "ts": 12338100, "status": 500}
{"id": "t000008177", "svc": "payment", "phase": "start", "ts": 12339000, "status": 200}
{"id": "t000008177", "svc": "payment", "phase": "end", "ts": 12339100, "status": 200}
{"id": "t000008178", "svc": "auth", "phase": "start", "ts": 12340000, "status": 200}
{"id": "t000008178", "svc": "auth", "phase": "end", "ts": 12340100, "status": 200}
{"id": "t000008179", "svc": "gateway", "phase": "start", "ts": 12341000, "status": 200}
{"id": "t000008179", "svc": "gateway", "phase": "end", "ts": 12341100, "status": 200}
{"id": "t000008180", "svc": "payment", "phase": "start", "ts": 12342000, "status": 200}
{"id": "t000008180", "svc": "payment", "phase": "end", "ts": 12342100, "status": 200}
{"id": "t000008181", "svc": "auth", "phase": "start", "ts": 12343000, "status": 200}
{"id": "t000008181", "svc": "auth", "phase": "end", "ts": 12343100, "status": 200}
{"id": "t000008182", "svc": "gateway", "phase": "start", "ts": 12344000, "status": 200}
{"id": "t000008182", "svc": "gateway", "phase": "end", "ts": 12344100, "status": 200}
{"id": "t000008183", "svc": "payment", "phase": "start", "ts": 12345000, "status": 200}
{"id": "t000008183", "svc": "payment", "phase": "end", "ts": 12345100, "status": 200}
{"id": "t000008184", "svc": "auth", "phase": "start", "ts": 12346000, "status": 200}
{"id": "t000008184", "svc": "auth", "phase": "end", "ts": 12346100, "status": 500}
{"id": "t000008185", "svc": "gateway", "phase": "start", "ts": 12347000, "status": 200}
{"id": "t000008185", "svc": "gateway", "phase": "end", "ts": 12347100, "status": 200}
{"id": "t000008186", "svc": "payment", "phase": "start", "ts": 12348000, "status": 200}
{"id": "t000008186", "svc": "payment", "phase": "end", "ts": 12348100, "status": 200}
{"id": "t000008187", "svc": "auth", "phase": "start", "ts": 12349000, "status": 200}
{"id": "t000008187", "svc": "auth", "phase": "end", "ts": 12349100, "status": 200}
{"id": "t000008188", "svc": "gateway", "phase": "start", "ts": 12350000, "status": 200}
{"id": "t000008188", "svc": "gateway", "phase": "end", "ts": 12350100, "status": 200}
{"id": "t000008189", "svc": "payment", "phase": "start", "ts": 12351000, "status": 200}
{"id": "t000008189", "svc": "payment", "phase": "end", "ts": 12351100, "status": 200}
{"id": "t000008190", "svc": "auth", "phase": "start", "ts": 12352000, "status": 200}
{"id": "t000008190", "svc": "auth", "phase": "end", "ts": 12352100, "status": 200}
{"id": "t000008191", "svc": "gateway", "phase": "start", "ts": 12353000, "status": 200}
{"id": "t000008191", "svc": "gateway", "phase": "end", "ts": 12353100, "status": 200}
{"id": "t000008192", "svc": "payment", "phase": "start", "ts": 12354000, "status": 200}
{"id": "t000008192", "svc": "payment", "phase": "end", "ts": 12354100, "status": 500}
{"id": "t000008193", "svc": "auth", "phase": "start", "ts": 12355000, "status": 200}
{"id": "t000008193", "svc": "auth", "phase": "end", "ts": 12355100, "status": 200}
{"id": "t000008194", "svc": "gateway", "phase": "start", "ts": 12356000, "status": 200}
{"id": "t000008194", "svc": "gateway", "phase": "end", "ts": 12356100, "status": 200}
{"id": "t000008195", "svc": "payment", "phase": "start", "ts": 12357000, "status": 200}
{"id": "t000008195", "svc": "payment", "phase": "end", "ts": 12357100, "status": 200}
{"id": "t000008196", "svc": "auth", "phase": "start", "ts": 12358000, "status": 200}
{"id": "t000008196", "svc": "auth", "phase": "end", "ts": 12358100, "status": 200}
{"id": "t000008197", "svc": "gateway", "phase": "start", "ts": 12359000, "status": 200}
{"id": "t000008197", "svc": "gateway", "phase": "end", "ts": 12359100, "status": 200}
{"id": "t000008198", "svc": "payment", "phase": "start", "ts": 12360000, "status": 200}
{"id": "t000008198", "svc": "payment", "phase": "end", "ts": 12360100, "status": 200}
{"id": "t000008199", "svc": "auth", "phase": "start", "ts": 12361000, "status": 200}
{"id": "t000008199", "svc": "auth", "phase": "end", "ts": 12361100, "status": 200}
{"id": "t000008200", "svc": "gateway", "phase": "start", "ts": 12362000, "status": 200}
{"id": "t000008200", "svc": "gateway", "phase": "end", "ts": 12362100, "status": 500}
{"id": "t000008201", "svc": "payment", "phase": "start", "ts": 12363000, "status": 200}
{"id": "t000008201", "svc": "payment", "phase": "end", "ts": 12363100, "status": 200}
{"id": "t000008202", "svc": "auth", "phase": "start", "ts": 12364000, "status": 200}
{"id": "t000008202", "svc": "auth", "phase": "end", "ts": 12364100, "status": 200}
{"id": "t000008203", "svc": "gateway", "phase": "start", "ts": 12365000, "status": 200}
{"id": "t000008203", "svc": "gateway", "phase": "end", "ts": 12365100, "status": 200}
{"id": "t000008204", "svc": "payment", "phase": "start", "ts": 12366000, "status": 200}
{"id": "t000008204", "svc": "payment", "phase": "end", "ts": 12366100, "status": 200}
{"id": "t000008205", "svc": "auth", "phase": "start", "ts": 12367000, "status": 200}
{"id": "t000008205", "svc": "auth", "phase": "end", "ts": 12367100, "status": 200}
{"id": "t000008206", "svc": "gateway", "phase": "start", "ts": 12368000, "status": 200}
{"id": "t000008206", "svc": "gateway", "phase": "end", "ts": 12368100, "status": 200}
{"id": "t000008207", "svc": "payment", "phase": "start", "ts": 12369000, "status": 200}
{"id": "t000008207", "svc": "payment", "phase": "end", "ts": 12369100, "status": 200}
{"id": "t000008208", "svc": "auth", "phase": "start", "ts": 12370000, "status": 200}
{"id": "t000008208", "svc": "auth", "phase": "end", "ts": 12370100, "status": 500}
{"id": "t000008209", "svc": "gateway", "phase": "start", "ts": 12371000, "status": 200}
{"id": "t000008209", "svc": "gateway", "phase": "end", "ts": 12371100, "status": 200}
{"id": "t000008210", "svc": "payment", "phase": "start", "ts": 12372000, "status": 200}
{"id": "t000008210", "svc": "payment", "phase": "end", "ts": 12372100, "status": 200}
{"id": "t000008211", "svc": "auth", "phase": "start", "ts": 12373000, "status": 200}
{"id": "t000008211", "svc": "auth", "phase": "end", "ts": 12373100, "status": 200}
{"id": "t000008212", "svc": "gateway", "phase": "start", "ts": 12374000, "status": 200}
{"id": "t000008212", "svc": "gateway", "phase": "end", "ts": 12374100, "status": 200}
{"id": "t000008213", "svc": "payment", "phase": "start", "ts": 12375000, "status": 200}
{"id": "t000008213", "svc": "payment", "phase": "end", "ts": 12375100, "status": 200}
{"id": "t000008214", "svc": "auth", "phase": "start", "ts": 12376000, "status": 200}
{"id": "t000008214", "svc": "auth", "phase": "end", "ts": 12376100, "status": 200}
{"id": "t000008215", "svc": "gateway", "phase": "start", "ts": 12377000, "status": 200}
{"id": "t000008215", "svc": "gateway", "phase": "end", "ts": 12377100, "status": 200}
{"id": "t000008216", "svc": "payment", "phase": "start", "ts": 12378000, "status": 200}
{"id": "t000008216", "svc": "payment", "phase": "end", "ts": 12378100, "status": 500}
{"id": "t000008217", "svc": "auth", "phase": "start", "ts": 12379000, "status": 200}
{"id": "t000008217", "svc": "auth", "phase": "end", "ts": 12379100, "status": 200}
{"id": "t000008218", "svc": "gateway", "phase": "start", "ts": 12380000, "status": 200}
{"id": "t000008218", "svc": "gateway", "phase": "end", "ts": 12380100, "status": 200}
{"id": "t000008219", "svc": "payment", "phase": "start", "ts": 12381000, "status": 200}
{"id": "t000008219", "svc": "payment", "phase": "end", "ts": 12381100, "status": 200}
{"id": "t000008220", "svc": "auth", "phase": "start", "ts": 12382000, "status": 200}
{"id": "t000008220", "svc": "auth", "phase": "end", "ts": 12382100, "status": 200}
{"id": "t000008221", "svc": "gateway", "phase": "start", "ts": 12383000, "status": 200}
{"id": "t000008221", "svc": "gateway", "phase": "end", "ts": 12383100, "status": 200}
{"id": "t000008222", "svc": "payment", "phase": "start", "ts": 12384000, "status": 200}
{"id": "t000008222", "svc": "payment", "phase": "end", "ts": 12384100, "status": 200}
{"id": "t000008223", "svc": "auth", "phase": "start", "ts": 12385000, "status": 200}
{"id": "t000008223", "svc": "auth", "phase": "end", "ts": 12385100, "status": 200}
{"id": "t000008224", "svc": "gateway", "phase": "start", "ts": 12386000, "status": 200}
{"id": "t000008224", "svc": "gateway", "phase": "end", "ts": 12386100, "status": 500}
{"id": "t000008225", "svc": "payment", "phase": "start", "ts": 12387000, "status": 200}
{"id": "t000008225", "svc": "payment", "phase": "end", "ts": 12387100, "status": 200}
{"id": "t000008226", "svc": "auth", "phase": "start", "ts": 12388000, "status": 200}
{"id": "t000008226", "svc": "auth", "phase": "end", "ts": 12388100, "status": 200}
{"id": "t000008227", "svc": "gateway", "phase": "start", "ts": 12389000, "status": 200}
{"id": "t000008227", "svc": "gateway", "phase": "end", "ts": 12389100, "status": 200}
{"id": "t000008228", "svc": "payment", "phase": "start", "ts": 12390000, "status": 200}
{"id": "t000008228", "svc": "payment", "phase": "end", "ts": 12390100, "status": 200}
{"id": "t000008229", "svc": "auth", "phase": "start", "ts": 12391000, "status": 200}
{"id": "t000008229", "svc": "auth", "phase": "end", "ts": 12391100, "status": 200}
{"id": "t000008230", "svc": "gateway", "phase": "start", "ts": 12392000, "status": 200}
{"id": "t000008230", "svc": "gateway", "phase": "end", "ts": 12392100, "status": 200}
{"id": "t000008231", "svc": "payment", "phase": "start", "ts": 12393000, "status": 200}
{"id": "t000008231", "svc": "payment", "phase": "end", "ts": 12393100, "status": 200}
{"id": "t000008232", "svc": "auth", "phase": "start", "ts": 12394000, "status": 200}
{"id": "t000008232", "svc": "auth", "phase": "end", "ts": 12394100, "status": 500}
{"id": "t000008233", "svc": "gateway", "phase": "start", "ts": 12395000, "status": 200}
{"id": "t000008233", "svc": "gateway", "phase": "end", "ts": 12395100, "status": 200}
{"id": "t000008234", "svc": "payment", "phase": "start", "ts": 12396000, "status": 200}
{"id": "t000008234", "svc": "payment", "phase": "end", "ts": 12396100, "status": 200}
{"id": "t000008235", "svc": "auth", "phase": "start", "ts": 12397000, "status": 200}
{"id": "t000008235", "svc": "auth", "phase": "end", "ts": 12397100, "status": 200}
{"id": "t000008236", "svc": "gateway", "phase": "start", "ts": 12398000, "status": 200}
{"id": "t000008236", "svc": "gateway", "phase": "end", "ts": 12398100, "status": 200}
{"id": "t000008237", "svc": "payment", "phase": "start", "ts": 12399000, "status": 200}
{"id": "t000008237", "svc": "payment", "phase": "end", "ts": 12399100, "status": 200}
{"id": "t000008238", "svc": "auth", "phase": "start", "ts": 12400000, "status": 200}
{"id": "t000008238", "svc": "auth", "phase": "end", "ts": 12400100, "status": 200}
{"id": "t000008239", "svc": "gateway", "phase": "start", "ts": 12401000, "status": 200}
{"id": "t000008239", "svc": "gateway", "phase": "end", "ts": 12401100, "status": 200}
{"id": "t000008240", "svc": "payment", "phase": "start", "ts": 12402000, "status": 200}
{"id": "t000008240", "svc": "payment", "phase": "end", "ts": 12402100, "status": 500}
{"id": "t000008241", "svc": "auth", "phase": "start", "ts": 12403000, "status": 200}
{"id": "t000008241", "svc": "auth", "phase": "end", "ts": 12403100, "status": 200}
{"id": "t000008242", "svc": "gateway", "phase": "start", "ts": 12404000, "status": 200}
{"id": "t000008242", "svc": "gateway", "phase": "end", "ts": 12404100, "status": 200}
{"id": "t000008243", "svc": "payment", "phase": "start", "ts": 12405000, "status": 200}
{"id": "t000008243", "svc": "payment", "phase": "end", "ts": 12405100, "status": 200}
{"id": "t000008244", "svc": "auth", "phase": "start", "ts": 12406000, "status": 200}
{"id": "t000008244", "svc": "auth", "phase": "end", "ts": 12406100, "status": 200}
{"id": "t000008245", "svc": "gateway", "phase": "start", "ts": 12407000, "status": 200}
{"id": "t000008245", "svc": "gateway", "phase": "end", "ts": 12407100, "status": 200}
{"id": "t000008246", "svc": "payment", "phase": "start", "ts": 12408000, "status": 200}
{"id": "t000008246", "svc": "payment", "phase": "end", "ts": 12408100, "status": 200}
{"id": "t000008247", "svc": "auth", "phase": "start", "ts": 12409000, "status": 200}
{"id": "t000008247", "svc": "auth", "phase": "end", "ts": 12409100, "status": 200}
{"id": "t000008248", "svc": "gateway", "phase": "start", "ts": 12410000, "status": 200}
{"id": "t000008248", "svc": "gateway", "phase": "end", "ts": 12410100, "status": 500}
{"id": "t000008249", "svc": "payment", "phase": "start", "ts": 12411000, "status": 200}
{"id": "t000008249", "svc": "payment", "phase": "end", "ts": 12411100, "status": 200}
{"id": "t000008250", "svc": "auth", "phase": "start", "ts": 12412000, "status": 200}
{"id": "t000008250", "svc": "auth", "phase": "end", "ts": 12412100, "status": 200}
{"id": "t000008251", "svc": "gateway", "phase": "start", "ts": 12413000, "status": 200}
{"id": "t000008251", "svc": "gateway", "phase": "end", "ts": 12413100, "status": 200}
{"id": "t000008252", "svc": "payment", "phase": "start", "ts": 12414000, "status": 200}
{"id": "t000008252", "svc": "payment", "phase": "end", "ts": 12414100, "status": 200}
{"id": "t000008253", "svc": "auth", "phase": "start", "ts": 12415000, "status": 200}
{"id": "t000008253", "svc": "auth", "phase": "end", "ts": 12415100, "status": 200}
{"id": "t000008254", "svc": "gateway", "phase": "start", "ts": 12416000, "status": 200}
{"id": "t000008254", "svc": "gateway", "phase": "end", "ts": 12416100, "status": 200}
{"id": "t000008255", "svc": "payment", "phase": "start", "ts": 12417000, "status": 200}
{"id": "t000008255", "svc": "payment", "phase": "end", "ts": 12417100, "status": 200}
{"id": "t000008256", "svc": "auth", "phase": "start", "ts": 12418000, "status": 200}
{"id": "t000008256", "svc": "auth", "phase": "end", "ts": 12418100, "status": 500}
{"id": "t000008257", "svc": "gateway", "phase": "start", "ts": 12419000, "status": 200}
{"id": "t000008257", "svc": "gateway", "phase": "end", "ts": 12419100, "status": 200}
{"id": "t000008258", "svc": "payment", "phase": "start", "ts": 12420000, "status": 200}
{"id": "t000008258", "svc": "payment", "phase": "end", "ts": 12420100, "status": 200}
{"id": "t000008259", "svc": "auth", "phase": "start", "ts": 12421000, "status": 200}
{"id": "t000008259", "svc": "auth", "phase": "end", "ts": 12421100, "status": 200}
{"id": "t000008260", "svc": "gateway", "phase": "start", "ts": 12422000, "status": 200}
{"id": "t000008260", "svc": "gateway", "phase": "end", "ts": 12422100, "status": 200}
{"id": "t000008261", "svc": "payment", "phase": "start", "ts": 12423000, "status": 200}
{"id": "t000008261", "svc": "payment", "phase": "end", "ts": 12423100, "status": 200}
{"id": "t000008262", "svc": "auth", "phase": "start", "ts": 12424000, "status": 200}
{"id": "t000008262", "svc": "auth", "phase": "end", "ts": 12424100, "status": 200}
{"id": "t000008263", "svc": "gateway", "phase": "start", "ts": 12425000, "status": 200}
{"id": "t000008263", "svc": "gateway", "phase": "end", "ts": 12425100, "status": 200}
{"id": "t000008264", "svc": "payment", "phase": "start", "ts": 12426000, "status": 200}
{"id": "t000008264", "svc": "payment", "phase": "end", "ts": 12426100, "status": 500}
{"id": "t000008265", "svc": "auth", "phase": "start", "ts": 12427000, "status": 200}
{"id": "t000008265", "svc": "auth", "phase": "end", "ts": 12427100, "status": 200}
{"id": "t000008266", "svc": "gateway", "phase": "start", "ts": 12428000, "status": 200}
{"id": "t000008266", "svc": "gateway", "phase": "end", "ts": 12428100, "status": 200}
{"id": "t000008267", "svc": "payment", "phase": "start", "ts": 12429000, "status": 200}
{"id": "t000008267", "svc": "payment", "phase": "end", "ts": 12429100, "status": 200}
{"id": "t000008268", "svc": "auth", "phase": "start", "ts": 12430000, "status": 200}
{"id": "t000008268", "svc": "auth", "phase": "end", "ts": 12430100, "status": 200}
{"id": "t000008269", "svc": "gateway", "phase": "start", "ts": 12431000, "status": 200}
{"id": "t000008269", "svc": "gateway", "phase": "end", "ts": 12431100, "status": 200}
{"id": "t000008270", "svc": "payment", "phase": "start", "ts": 12432000, "status": 200}
{"id": "t000008270", "svc": "payment", "phase": "end", "ts": 12432100, "status": 200}
{"id": "t000008271", "svc": "auth", "phase": "start", "ts": 12433000, "status": 200}
{"id": "t000008271", "svc": "auth", "phase": "end", "ts": 12433100, "status": 200}
{"id": "t000008272", "svc": "gateway", "phase": "start", "ts": 12434000, "status": 200}
{"id": "t000008272", "svc": "gateway", "phase": "end", "ts": 12434100, "status": 500}
{"id": "t000008273", "svc": "payment", "phase": "start", "ts": 12435000, "status": 200}
{"id": "t000008273", "svc": "payment", "phase": "end", "ts": 12435100, "status": 200}
{"id": "t000008274", "svc": "auth", "phase": "start", "ts": 12436000, "status": 200}
{"id": "t000008274", "svc": "auth", "phase": "end", "ts": 12436100, "status": 200}
{"id": "t000008275", "svc": "gateway", "phase": "start", "ts": 12437000, "status": 200}
{"id": "t000008275", "svc": "gateway", "phase": "end", "ts": 12437100, "status": 200}
{"id": "t000008276", "svc": "payment", "phase": "start", "ts": 12438000, "status": 200}
{"id": "t000008276", "svc": "payment", "phase": "end", "ts": 12438100, "status": 200}
{"id": "t000008277", "svc": "auth", "phase": "start", "ts": 12439000, "status": 200}
{"id": "t000008277", "svc": "auth", "phase": "end", "ts": 12439100, "status": 200}
{"id": "t000008278", "svc": "gateway", "phase": "start", "ts": 12440000, "status": 200}
{"id": "t000008278", "svc": "gateway", "phase": "end", "ts": 12440100, "status": 200}
{"id": "t000008279", "svc": "payment", "phase": "start", "ts": 12441000, "status": 200}
{"id": "t000008279", "svc": "payment", "phase": "end", "ts": 12441100, "status": 200}
{"id": "t000008280", "svc": "auth", "phase": "start", "ts": 12442000, "status": 200}
{"id": "t000008280", "svc": "auth", "phase": "end", "ts": 12442100, "status": 500}
{"id": "t000008281", "svc": "gateway", "phase": "start", "ts": 12443000, "status": 200}
{"id": "t000008281", "svc": "gateway", "phase": "end", "ts": 12443100, "status": 200}
{"id": "t000008282", "svc": "payment", "phase": "start", "ts": 12444000, "status": 200}
{"id": "t000008282", "svc": "payment", "phase": "end", "ts": 12444100, "status": 200}
{"id": "t000008283", "svc": "auth", "phase": "start", "ts": 12445000, "status": 200}
{"id": "t000008283", "svc": "auth", "phase": "end", "ts": 12445100, "status": 200}
{"id": "t000008284", "svc": "gateway", "phase": "start", "ts": 12446000, "status": 200}
{"id": "t000008284", "svc": "gateway", "phase": "end", "ts": 12446100, "status": 200}
{"id": "t000008285", "svc": "payment", "phase": "start", "ts": 12447000, "status": 200}
{"id": "t000008285", "svc": "payment", "phase": "end", "ts": 12447100, "status": 200}
{"id": "t000008286", "svc": "auth", "phase": "start", "ts": 12448000, "status": 200}
{"id": "t000008286", "svc": "auth", "phase": "end", "ts": 12448100, "status": 200}
{"id": "t000008287", "svc": "gateway", "phase": "start", "ts": 12449000, "status": 200}
{"id": "t000008287", "svc": "gateway", "phase": "end", "ts": 12449100, "status": 200}
{"id": "t000008288", "svc": "payment", "phase": "start", "ts": 12450000, "status": 200}
{"id": "t000008288", "svc": "payment", "phase": "end", "ts": 12450100, "status": 500}
{"id": "t000008289", "svc": "auth", "phase": "start", "ts": 12451000, "status": 200}
{"id": "t000008289", "svc": "auth", "phase": "end", "ts": 12451100, "status": 200}
{"id": "t000008290", "svc": "gateway", "phase": "start", "ts": 12452000, "status": 200}
{"id": "t000008290", "svc": "gateway", "phase": "end", "ts": 12452100, "status": 200}
{"id": "t000008291", "svc": "payment", "phase": "start", "ts": 12453000, "status": 200}
{"id": "t000008291", "svc": "payment", "phase": "end", "ts": 12453100, "status": 200}
{"id": "t000008292", "svc": "auth", "phase": "start", "ts": 12454000, "status": 200}
{"id": "t000008292", "svc": "auth", "phase": "end", "ts": 12454100, "status": 200}
{"id": "t000008293", "svc": "gateway", "phase": "start", "ts": 12455000, "status": 200}
{"id": "t000008293", "svc": "gateway", "phase": "end", "ts": 12455100, "status": 200}
{"id": "t000008294", "svc": "payment", "phase": "start", "ts": 12456000, "status": 200}
{"id": "t000008294", "svc": "payment", "phase": "end", "ts": 12456100, "status": 200}
{"id": "t000008295", "svc": "auth", "phase": "start", "ts": 12457000, "status": 200}
{"id": "t000008295", "svc": "auth", "phase": "end", "ts": 12457100, "status": 200}
{"id": "t000008296", "svc": "gateway", "phase": "start", "ts": 12458000, "status": 200}
{"id": "t000008296", "svc": "gateway", "phase": "end", "ts": 12458100, "status": 500}
{"id": "t000008297", "svc": "payment", "phase": "start", "ts": 12459000, "status": 200}
{"id": "t000008297", "svc": "payment", "phase": "end", "ts": 12459100, "status": 200}
{"id": "t000008298", "svc": "auth", "phase": "start", "ts": 12460000, "status": 200}
{"id": "t000008298", "svc": "auth", "phase": "end", "ts": 12460100, "status": 200}
{"id": "t000008299", "svc": "gateway", "phase": "start", "ts": 12461000, "status": 200}
{"id": "t000008299", "svc": "gateway", "phase": "end", "ts": 12461100, "status": 200}
{"id": "t000008300", "svc": "payment", "phase": "start", "ts": 12462000, "status": 200}
{"id": "t000008300", "svc": "payment", "phase": "end", "ts": 12462100, "status": 200}
{"id": "t000008301", "svc": "auth", "phase": "start", "ts": 12463000, "status": 200}
{"id": "t000008301", "svc": "auth", "phase": "end", "ts": 12463100, "status": 200}
{"id": "t000008302", "svc": "gateway", "phase": "start", "ts": 12464000, "status": 200}
{"id": "t000008302", "svc": "gateway", "phase": "end", "ts": 12464100, "status": 200}
{"id": "t000008303", "svc": "payment", "phase": "start", "ts": 12465000, "status": 200}
{"id": "t000008303", "svc": "payment", "phase": "end", "ts": 12465100, "status": 200}
{"id": "t000008304", "svc": "auth", "phase": "start", "ts": 12466000, "status": 200}
{"id": "t000008304", "svc": "auth", "phase": "end", "ts": 12466100, "status": 500}
{"id": "t000008305", "svc": "gateway", "phase": "start", "ts": 12467000, "status": 200}
{"id": "t000008305", "svc": "gateway", "phase": "end", "ts": 12467100, "status": 200}
{"id": "t000008306", "svc": "payment", "phase": "start", "ts": 12468000, "status": 200}
{"id": "t000008306", "svc": "payment", "phase": "end", "ts": 12468100, "status": 200}
{"id": "t000008307", "svc": "auth", "phase": "start", "ts": 12469000, "status": 200}
{"id": "t000008307", "svc": "auth", "phase": "end", "ts": 12469100, "status": 200}
{"id": "t000008308", "svc": "gateway", "phase": "start", "ts": 12470000, "status": 200}
{"id": "t000008308", "svc": "gateway", "phase": "end", "ts": 12470100, "status": 200}
{"id": "t000008309", "svc": "payment", "phase": "start", "ts": 12471000, "status": 200}
{"id": "t000008309", "svc": "payment", "phase": "end", "ts": 12471100, "status": 200}
{"id": "t000008310", "svc": "auth", "phase": "start", "ts": 12472000, "status": 200}
{"id": "t000008310", "svc": "auth", "phase": "end", "ts": 12472100, "status": 200}
{"id": "t000008311", "svc": "gateway", "phase": "start", "ts": 12473000, "status": 200}
{"id": "t000008311", "svc": "gateway", "phase": "end", "ts": 12473100, "status": 200}
{"id": "t000008312", "svc": "payment", "phase": "start", "ts": 12474000, "status": 200}
{"id": "t000008312", "svc": "payment", "phase": "end", "ts": 12474100, "status": 500}
{"id": "t000008313", "svc": "auth", "phase": "start", "ts": 12475000, "status": 200}
{"id": "t000008313", "svc": "auth", "phase": "end", "ts": 12475100, "status": 200}
{"id": "t000008314", "svc": "gateway", "phase": "start", "ts": 12476000, "status": 200}
{"id": "t000008314", "svc": "gateway", "phase": "end", "ts": 12476100, "status": 200}
{"id": "t000008315", "svc": "payment", "phase": "start", "ts": 12477000, "status": 200}
{"id": "t000008315", "svc": "payment", "phase": "end", "ts": 12477100, "status": 200}
{"id": "t000008316", "svc": "auth", "phase": "start", "ts": 12478000, "status": 200}
{"id": "t000008316", "svc": "auth", "phase": "end", "ts": 12478100, "status": 200}
{"id": "t000008317", "svc": "gateway", "phase": "start", "ts": 12479000, "status": 200}
{"id": "t000008317", "svc": "gateway", "phase": "end", "ts": 12479100, "status": 200}
{"id": "t000008318", "svc": "payment", "phase": "start", "ts": 12480000, "status": 200}
{"id": "t000008318", "svc": "payment", "phase": "end", "ts": 12480100, "status": 200}
{"id": "t000008319", "svc": "auth", "phase": "start", "ts": 12481000, "status": 200}
{"id": "t000008319", "svc": "auth", "phase": "end", "ts": 12481100, "status": 200}
{"id": "t000008320", "svc": "gateway", "phase": "start", "ts": 12482000, "status": 200}
{"id": "t000008320", "svc": "gateway", "phase": "end", "ts": 12482100, "status": 500}
{"id": "t000008321", "svc": "payment", "phase": "start", "ts": 12483000, "status": 200}
{"id": "t000008321", "svc": "payment", "phase": "end", "ts": 12483100, "status": 200}
{"id": "t000008322", "svc": "auth", "phase": "start", "ts": 12484000, "status": 200}
{"id": "t000008322", "svc": "auth", "phase": "end", "ts": 12484100, "status": 200}
{"id": "t000008323", "svc": "gateway", "phase": "start", "ts": 12485000, "status": 200}
{"id": "t000008323", "svc": "gateway", "phase": "end", "ts": 12485100, "status": 200}
{"id": "t000008324", "svc": "payment", "phase": "start", "ts": 12486000, "status": 200}
{"id": "t000008324", "svc": "payment", "phase": "end", "ts": 12486100, "status": 200}
{"id": "t000008325", "svc": "auth", "phase": "start", "ts": 12487000, "status": 200}
{"id": "t000008325", "svc": "auth", "phase": "end", "ts": 12487100, "status": 200}
{"id": "t000008326", "svc": "gateway", "phase": "start", "ts": 12488000, "status": 200}
{"id": "t000008326", "svc": "gateway", "phase": "end", "ts": 12488100, "status": 200}
{"id": "t000008327", "svc": "payment", "phase": "start", "ts": 12489000, "status": 200}
{"id": "t000008327", "svc": "payment", "phase": "end", "ts": 12489100, "status": 200}
{"id": "t000008328", "svc": "auth", "phase": "start", "ts": 12490000, "status": 200}
{"id": "t000008328", "svc": "auth", "phase": "end", "ts": 12490100, "status": 500}
{"id": "t000008329", "svc": "gateway", "phase": "start", "ts": 12491000, "status": 200}
{"id": "t000008329", "svc": "gateway", "phase": "end", "ts": 12491100, "status": 200}
{"id": "t000008330", "svc": "payment", "phase": "start", "ts": 12492000, "status": 200}
{"id": "t000008330", "svc": "payment", "phase": "end", "ts": 12492100, "status": 200}
{"id": "t000008331", "svc": "auth", "phase": "start", "ts": 12493000, "status": 200}
{"id": "t000008331", "svc": "auth", "phase": "end", "ts": 12493100, "status": 200}
{"id": "t000008332", "svc": "gateway", "phase": "start", "ts": 12494000, "status": 200}
{"id": "t000008332", "svc": "gateway", "phase": "end", "ts": 12494100, "status": 200}
{"id": "t000008333", "svc": "payment", "phase": "start", "ts": 12495000, "status": 200}
{"id": "t000008333", "svc": "payment", "phase": "end", "ts": 12495100, "status": 200}
{"id": "t000008334", "svc": "auth", "phase": "start", "ts": 12496000, "status": 200}
{"id": "t000008334", "svc": "auth", "phase": "end", "ts": 12496100, "status": 200}
{"id": "t000008335", "svc": "gateway", "phase": "start", "ts": 12497000, "status": 200}
{"id": "t000008335", "svc": "gateway", "phase": "end", "ts": 12497100, "status": 200}
{"id": "t000008336", "svc": "payment", "phase": "start", "ts": 12498000, "status": 200}
{"id": "t000008336", "svc": "payment", "phase": "end", "ts": 12498100, "status": 500}
{"id": "t000008337", "svc": "auth", "phase": "start", "ts": 12499000, "status": 200}
{"id": "t000008337", "svc": "auth", "phase": "end", "ts": 12499100, "status": 200}
{"id": "t000008338", "svc": "gateway", "phase": "start", "ts": 12500000, "status": 200}
{"id": "t000008338", "svc": "gateway", "phase": "end", "ts": 12500100, "status": 200}
{"id": "t000008339", "svc": "payment", "phase": "start", "ts": 12501000, "status": 200}
{"id": "t000008339", "svc": "payment", "phase": "end", "ts": 12501100, "status": 200}
{"id": "t000008340", "svc": "auth", "phase": "start", "ts": 12502000, "status": 200}
{"id": "t000008340", "svc": "auth", "phase": "end", "ts": 12502100, "status": 200}
{"id": "t000008341", "svc": "gateway", "phase": "start", "ts": 12503000, "status": 200}
{"id": "t000008341", "svc": "gateway", "phase": "end", "ts": 12503100, "status": 200}
{"id": "t000008342", "svc": "payment", "phase": "start", "ts": 12504000, "status": 200}
{"id": "t000008342", "svc": "payment", "phase": "end", "ts": 12504100, "status": 200}
{"id": "t000008343", "svc": "auth", "phase": "start", "ts": 12505000, "status": 200}
{"id": "t000008343", "svc": "auth", "phase": "end", "ts": 12505100, "status": 200}
{"id": "t000008344", "svc": "gateway", "phase": "start", "ts": 12506000, "status": 200}
{"id": "t000008344", "svc": "gateway", "phase": "end", "ts": 12506100, "status": 500}
{"id": "t000008345", "svc": "payment", "phase": "start", "ts": 12507000, "status": 200}
{"id": "t000008345", "svc": "payment", "phase": "end", "ts": 12507100, "status": 200}
{"id": "t000008346", "svc": "auth", "phase": "start", "ts": 12508000, "status": 200}
{"id": "t000008346", "svc": "auth", "phase": "end", "ts": 12508100, "status": 200}
{"id": "t000008347", "svc": "gateway", "phase": "start", "ts": 12509000, "status": 200}
{"id": "t000008347", "svc": "gateway", "phase": "end", "ts": 12509100, "status": 200}
{"id": "t000008348", "svc": "payment", "phase": "start", "ts": 12510000, "status": 200}
{"id": "t000008348", "svc": "payment", "phase": "end", "ts": 12510100, "status": 200}
{"id": "t000008349", "svc": "auth", "phase": "start", "ts": 12511000, "status": 200}
{"id": "t000008349", "svc": "auth", "phase": "end", "ts": 12511100, "status": 200}
{"id": "t000008350", "svc": "gateway", "phase": "start", "ts": 12512000, "status": 200}
{"id": "t000008350", "svc": "gateway", "phase": "end", "ts": 12512100, "status": 200}
{"id": "t000008351", "svc": "payment", "phase": "start", "ts": 12513000, "status": 200}
{"id": "t000008351", "svc": "payment", "phase": "end", "ts": 12513100, "status": 200}
{"id": "t000008352", "svc": "auth", "phase": "start", "ts": 12514000, "status": 200}
{"id": "t000008352", "svc": "auth", "phase": "end", "ts": 12514100, "status": 500}
{"id": "t000008353", "svc": "gateway", "phase": "start", "ts": 12515000, "status": 200}
{"id": "t000008353", "svc": "gateway", "phase": "end", "ts": 12515100, "status": 200}
{"id": "t000008354", "svc": "payment", "phase": "start", "ts": 12516000, "status": 200}
{"id": "t000008354", "svc": "payment", "phase": "end", "ts": 12516100, "status": 200}
{"id": "t000008355", "svc": "auth", "phase": "start", "ts": 12517000, "status": 200}
{"id": "t000008355", "svc": "auth", "phase": "end", "ts": 12517100, "status": 200}
{"id": "t000008356", "svc": "gateway", "phase": "start", "ts": 12518000, "status": 200}
{"id": "t000008356", "svc": "gateway", "phase": "end", "ts": 12518100, "status": 200}
{"id": "t000008357", "svc": "payment", "phase": "start", "ts": 12519000, "status": 200}
{"id": "t000008357", "svc": "payment", "phase": "end", "ts": 12519100, "status": 200}
{"id": "t000008358", "svc": "auth", "phase": "start", "ts": 12520000, "status": 200}
{"id": "t000008358", "svc": "auth", "phase": "end", "ts": 12520100, "status": 200}
{"id": "t000008359", "svc": "gateway", "phase": "start", "ts": 12521000, "status": 200}
{"id": "t000008359", "svc": "gateway", "phase": "end", "ts": 12521100, "status": 200}
{"id": "t000008360", "svc": "payment", "phase": "start", "ts": 12522000, "status": 200}
{"id": "t000008360", "svc": "payment", "phase": "end", "ts": 12522100, "status": 500}
{"id": "t000008361", "svc": "auth", "phase": "start", "ts": 12523000, "status": 200}
{"id": "t000008361", "svc": "auth", "phase": "end", "ts": 12523100, "status": 200}
{"id": "t000008362", "svc": "gateway", "phase": "start", "ts": 12524000, "status": 200}
{"id": "t000008362", "svc": "gateway", "phase": "end", "ts": 12524100, "status": 200}
{"id": "t000008363", "svc": "payment", "phase": "start", "ts": 12525000, "status": 200}
{"id": "t000008363", "svc": "payment", "phase": "end", "ts": 12525100, "status": 200}
{"id": "t000008364", "svc": "auth", "phase": "start", "ts": 12526000, "status": 200}
{"id": "t000008364", "svc": "auth", "phase": "end", "ts": 12526100, "status": 200}
{"id": "t000008365", "svc": "gateway", "phase": "start", "ts": 12527000, "status": 200}
{"id": "t000008365", "svc": "gateway", "phase": "end", "ts": 12527100, "status": 200}
{"id": "t000008366", "svc": "payment", "phase": "start", "ts": 12528000, "status": 200}
{"id": "t000008366", "svc": "payment", "phase": "end", "ts": 12528100, "status": 200}
{"id": "t000008367", "svc": "auth", "phase": "start", "ts": 12529000, "status": 200}
{"id": "t000008367", "svc": "auth", "phase": "end", "ts": 12529100, "status": 200}
{"id": "t000008368", "svc": "gateway", "phase": "start", "ts": 12530000, "status": 200}
{"id": "t000008368", "svc": "gateway", "phase": "end", "ts": 12530100, "status": 500}
{"id": "t000008369", "svc": "payment", "phase": "start", "ts": 12531000, "status": 200}
{"id": "t000008369", "svc": "payment", "phase": "end", "ts": 12531100, "status": 200}
{"id": "t000008370", "svc": "auth", "phase": "start", "ts": 12532000, "status": 200}
{"id": "t000008370", "svc": "auth", "phase": "end", "ts": 12532100, "status": 200}
{"id": "t000008371", "svc": "gateway", "phase": "start", "ts": 12533000, "status": 200}
{"id": "t000008371", "svc": "gateway", "phase": "end", "ts": 12533100, "status": 200}
{"id": "t000008372", "svc": "payment", "phase": "start", "ts": 12534000, "status": 200}
{"id": "t000008372", "svc": "payment", "phase": "end", "ts": 12534100, "status": 200}
{"id": "t000008373", "svc": "auth", "phase": "start", "ts": 12535000, "status": 200}
{"id": "t000008373", "svc": "auth", "phase": "end", "ts": 12535100, "status": 200}
{"id": "t000008374", "svc": "gateway", "phase": "start", "ts": 12536000, "status": 200}
{"id": "t000008374", "svc": "gateway", "phase": "end", "ts": 12536100, "status": 200}
{"id": "t000008375", "svc": "payment", "phase": "start", "ts": 12537000, "status": 200}
{"id": "t000008375", "svc": "payment", "phase": "end", "ts": 12537100, "status": 200}
{"id": "t000008376", "svc": "auth", "phase": "start", "ts": 12538000, "status": 200}
{"id": "t000008376", "svc": "auth", "phase": "end", "ts": 12538100, "status": 500}
{"id": "t000008377", "svc": "gateway", "phase": "start", "ts": 12539000, "status": 200}
{"id": "t000008377", "svc": "gateway", "phase": "end", "ts": 12539100, "status": 200}
{"id": "t000008378", "svc": "payment", "phase": "start", "ts": 12540000, "status": 200}
{"id": "t000008378", "svc": "payment", "phase": "end", "ts": 12540100, "status": 200}
{"id": "t000008379", "svc": "auth", "phase": "start", "ts": 12541000, "status": 200}
{"id": "t000008379", "svc": "auth", "phase": "end", "ts": 12541100, "status": 200}
{"id": "t000008380", "svc": "gateway", "phase": "start", "ts": 12542000, "status": 200}
{"id": "t000008380", "svc": "gateway", "phase": "end", "ts": 12542100, "status": 200}
{"id": "t000008381", "svc": "payment", "phase": "start", "ts": 12543000, "status": 200}
{"id": "t000008381", "svc": "payment", "phase": "end", "ts": 12543100, "status": 200}
{"id": "t000008382", "svc": "auth", "phase": "start", "ts": 12544000, "status": 200}
{"id": "t000008382", "svc": "auth", "phase": "end", "ts": 12544100, "status": 200}
{"id": "t000008383", "svc": "gateway", "phase": "start", "ts": 12545000, "status": 200}
{"id": "t000008383", "svc": "gateway", "phase": "end", "ts": 12545100, "status": 200}
{"id": "t000008384", "svc": "payment", "phase": "start", "ts": 12546000, "status": 200}
{"id": "t000008384", "svc": "payment", "phase": "end", "ts": 12546100, "status": 500}
{"id": "t000008385", "svc": "auth", "phase": "start", "ts": 12547000, "status": 200}
{"id": "t000008385", "svc": "auth", "phase": "end", "ts": 12547100, "status": 200}
{"id": "t000008386", "svc": "gateway", "phase": "start", "ts": 12548000, "status": 200}
{"id": "t000008386", "svc": "gateway", "phase": "end", "ts": 12548100, "status": 200}
{"id": "t000008387", "svc": "payment", "phase": "start", "ts": 12549000, "status": 200}
{"id": "t000008387", "svc": "payment", "phase": "end", "ts": 12549100, "status": 200}
{"id": "t000008388", "svc": "auth", "phase": "start", "ts": 12550000, "status": 200}
{"id": "t000008388", "svc": "auth", "phase": "end", "ts": 12550100, "status": 200}
{"id": "t000008389", "svc": "gateway", "phase": "start", "ts": 12551000, "status": 200}
{"id": "t000008389", "svc": "gateway", "phase": "end", "ts": 12551100, "status": 200}
{"id": "t000008390", "svc": "payment", "phase": "start", "ts": 12552000, "status": 200}
{"id": "t000008390", "svc": "payment", "phase": "end", "ts": 12552100, "status": 200}
{"id": "t000008391", "svc": "auth", "phase": "start", "ts": 12553000, "status": 200}
{"id": "t000008391", "svc": "auth", "phase": "end", "ts": 12553100, "status": 200}
{"id": "t000008392", "svc": "gateway", "phase": "start", "ts": 12554000, "status": 200}
{"id": "t000008392", "svc": "gateway", "phase": "end", "ts": 12554100, "status": 500}
{"id": "t000008393", "svc": "payment", "phase": "start", "ts": 12555000, "status": 200}
{"id": "t000008393", "svc": "payment", "phase": "end", "ts": 12555100, "status": 200}
{"id": "t000008394", "svc": "auth", "phase": "start", "ts": 12556000, "status": 200}
{"id": "t000008394", "svc": "auth", "phase": "end", "ts": 12556100, "status": 200}
{"id": "t000008395", "svc": "gateway", "phase": "start", "ts": 12557000, "status": 200}
{"id": "t000008395", "svc": "gateway", "phase": "end", "ts": 12557100, "status": 200}
{"id": "t000008396", "svc": "payment", "phase": "start", "ts": 12558000, "status": 200}
{"id": "t000008396", "svc": "payment", "phase": "end", "ts": 12558100, "status": 200}
{"id": "t000008397", "svc": "auth", "phase": "start", "ts": 12559000, "status": 200}
{"id": "t000008397", "svc": "auth", "phase": "end", "ts": 12559100, "status": 200}
{"id": "t000008398", "svc": "gateway", "phase": "start", "ts": 12560000, "status": 200}
{"id": "t000008398", "svc": "gateway", "phase": "end", "ts": 12560100, "status": 200}
{"id": "t000008399", "svc": "payment", "phase": "start", "ts": 12561000, "status": 200}
{"id": "t000008399", "svc": "payment", "phase": "end", "ts": 12561100, "status": 200}
{"id": "t000008400", "svc": "auth", "phase": "start", "ts": 12562000, "status": 200}
{"id": "t000008400", "svc": "auth", "phase": "end", "ts": 12562100, "status": 500}
{"id": "t000008401", "svc": "gateway", "phase": "start", "ts": 12563000, "status": 200}
{"id": "t000008401", "svc": "gateway", "phase": "end", "ts": 12563100, "status": 200}
{"id": "t000008402", "svc": "payment", "phase": "start", "ts": 12564000, "status": 200}
{"id": "t000008402", "svc": "payment", "phase": "end", "ts": 12564100, "status": 200}
{"id": "t000008403", "svc": "auth", "phase": "start", "ts": 12565000, "status": 200}
{"id": "t000008403", "svc": "auth", "phase": "end", "ts": 12565100, "status": 200}
{"id": "t000008404", "svc": "gateway", "phase": "start", "ts": 12566000, "status": 200}
{"id": "t000008404", "svc": "gateway", "phase": "end", "ts": 12566100, "status": 200}
{"id": "t000008405", "svc": "payment", "phase": "start", "ts": 12567000, "status": 200}
{"id": "t000008405", "svc": "payment", "phase": "end", "ts": 12567100, "status": 200}
{"id": "t000008406", "svc": "auth", "phase": "start", "ts": 12568000, "status": 200}
{"id": "t000008406", "svc": "auth", "phase": "end", "ts": 12568100, "status": 200}
{"id": "t000008407", "svc": "gateway", "phase": "start", "ts": 12569000, "status": 200}
{"id": "t000008407", "svc": "gateway", "phase": "end", "ts": 12569100, "status": 200}
{"id": "t000008408", "svc": "payment", "phase": "start", "ts": 12570000, "status": 200}
{"id": "t000008408", "svc": "payment", "phase": "end", "ts": 12570100, "status": 500}
{"id": "t000008409", "svc": "auth", "phase": "start", "ts": 12571000, "status": 200}
{"id": "t000008409", "svc": "auth", "phase": "end", "ts": 12571100, "status": 200}
{"id": "t000008410", "svc": "gateway", "phase": "start", "ts": 12572000, "status": 200}
{"id": "t000008410", "svc": "gateway", "phase": "end", "ts": 12572100, "status": 200}
{"id": "t000008411", "svc": "payment", "phase": "start", "ts": 12573000, "status": 200}
{"id": "t000008411", "svc": "payment", "phase": "end", "ts": 12573100, "status": 200}
{"id": "t000008412", "svc": "auth", "phase": "start", "ts": 12574000, "status": 200}
{"id": "t000008412", "svc": "auth", "phase": "end", "ts": 12574100, "status": 200}
{"id": "t000008413", "svc": "gateway", "phase": "start", "ts": 12575000, "status": 200}
{"id": "t000008413", "svc": "gateway", "phase": "end", "ts": 12575100, "status": 200}
{"id": "t000008414", "svc": "payment", "phase": "start", "ts": 12576000, "status": 200}
{"id": "t000008414", "svc": "payment", "phase": "end", "ts": 12576100, "status": 200}
{"id": "t000008415", "svc": "auth", "phase": "start", "ts": 12577000, "status": 200}
{"id": "t000008415", "svc": "auth", "phase": "end", "ts": 12577100, "status": 200}
{"id": "t000008416", "svc": "gateway", "phase": "start", "ts": 12578000, "status": 200}
{"id": "t000008416", "svc": "gateway", "phase": "end", "ts": 12578100, "status": 500}
{"id": "t000008417", "svc": "payment", "phase": "start", "ts": 12579000, "status": 200}
{"id": "t000008417", "svc": "payment", "phase": "end", "ts": 12579100, "status": 200}
{"id": "t000008418", "svc": "auth", "phase": "start", "ts": 12580000, "status": 200}
{"id": "t000008418", "svc": "auth", "phase": "end", "ts": 12580100, "status": 200}
{"id": "t000008419", "svc": "gateway", "phase": "start", "ts": 12581000, "status": 200}
{"id": "t000008419", "svc": "gateway", "phase": "end", "ts": 12581100, "status": 200}
{"id": "t000008420", "svc": "payment", "phase": "start", "ts": 12582000, "status": 200}
{"id": "t000008420", "svc": "payment", "phase": "end", "ts": 12582100, "status": 200}
{"id": "t000008421", "svc": "auth", "phase": "start", "ts": 12583000, "status": 200}
{"id": "t000008421", "svc": "auth", "phase": "end", "ts": 12583100, "status": 200}
{"id": "t000008422", "svc": "gateway", "phase": "start", "ts": 12584000, "status": 200}
{"id": "t000008422", "svc": "gateway", "phase": "end", "ts": 12584100, "status": 200}
{"id": "t000008423", "svc": "payment", "phase": "start", "ts": 12585000, "status": 200}
{"id": "t000008423", "svc": "payment", "phase": "end", "ts": 12585100, "status": 200}
{"id": "t000008424", "svc": "auth", "phase": "start", "ts": 12586000, "status": 200}
{"id": "t000008424", "svc": "auth", "phase": "end", "ts": 12586100, "status": 500}
{"id": "t000008425", "svc": "gateway", "phase": "start", "ts": 12587000, "status": 200}
{"id": "t000008425", "svc": "gateway", "phase": "end", "ts": 12587100, "status": 200}
{"id": "t000008426", "svc": "payment", "phase": "start", "ts": 12588000, "status": 200}
{"id": "t000008426", "svc": "payment", "phase": "end", "ts": 12588100, "status": 200}
{"id": "t000008427", "svc": "auth", "phase": "start", "ts": 12589000, "status": 200}
{"id": "t000008427", "svc": "auth", "phase": "end", "ts": 12589100, "status": 200}
{"id": "t000008428", "svc": "gateway", "phase": "start", "ts": 12590000, "status": 200}
{"id": "t000008428", "svc": "gateway", "phase": "end", "ts": 12590100, "status": 200}
{"id": "t000008429", "svc": "payment", "phase": "start", "ts": 12591000, "status": 200}
{"id": "t000008429", "svc": "payment", "phase": "end", "ts": 12591100, "status": 200}
{"id": "t000008430", "svc": "auth", "phase": "start", "ts": 12592000, "status": 200}
{"id": "t000008430", "svc": "auth", "phase": "end", "ts": 12592100, "status": 200}
{"id": "t000008431", "svc": "gateway", "phase": "start", "ts": 12593000, "status": 200}
{"id": "t000008431", "svc": "gateway", "phase": "end", "ts": 12593100, "status": 200}
{"id": "t000008432", "svc": "payment", "phase": "start", "ts": 12594000, "status": 200}
{"id": "t000008432", "svc": "payment", "phase": "end", "ts": 12594100, "status": 500}
{"id": "t000008433", "svc": "auth", "phase": "start", "ts": 12595000, "status": 200}
{"id": "t000008433", "svc": "auth", "phase": "end", "ts": 12595100, "status": 200}
{"id": "t000008434", "svc": "gateway", "phase": "start", "ts": 12596000, "status": 200}
{"id": "t000008434", "svc": "gateway", "phase": "end", "ts": 12596100, "status": 200}
{"id": "t000008435", "svc": "payment", "phase": "start", "ts": 12597000, "status": 200}
{"id": "t000008435", "svc": "payment", "phase": "end", "ts": 12597100, "status": 200}
{"id": "t000008436", "svc": "auth", "phase": "start", "ts": 12598000, "status": 200}
{"id": "t000008436", "svc": "auth", "phase": "end", "ts": 12598100, "status": 200}
{"id": "t000008437", "svc": "gateway", "phase": "start", "ts": 12599000, "status": 200}
{"id": "t000008437", "svc": "gateway", "phase": "end", "ts": 12599100, "status": 200}
{"id": "t000008438", "svc": "payment", "phase": "start", "ts": 12600000, "status": 200}
{"id": "t000008438", "svc": "payment", "phase": "end", "ts": 12600100, "status": 200}
{"id": "t000008439", "svc": "auth", "phase": "start", "ts": 12601000, "status": 200}
{"id": "t000008439", "svc": "auth", "phase": "end", "ts": 12601100, "status": 200}
{"id": "t000008440", "svc": "gateway", "phase": "start", "ts": 12602000, "status": 200}
{"id": "t000008440", "svc": "gateway", "phase": "end", "ts": 12602100, "status": 500}
{"id": "t000008441", "svc": "payment", "phase": "start", "ts": 12603000, "status": 200}
{"id": "t000008441", "svc": "payment", "phase": "end", "ts": 12603100, "status": 200}
{"id": "t000008442", "svc": "auth", "phase": "start", "ts": 12604000, "status": 200}
{"id": "t000008442", "svc": "auth", "phase": "end", "ts": 12604100, "status": 200}
{"id": "t000008443", "svc": "gateway", "phase": "start", "ts": 12605000, "status": 200}
{"id": "t000008443", "svc": "gateway", "phase": "end", "ts": 12605100, "status": 200}
{"id": "t000008444", "svc": "payment", "phase": "start", "ts": 12606000, "status": 200}
{"id": "t000008444", "svc": "payment", "phase": "end", "ts": 12606100, "status": 200}
{"id": "t000008445", "svc": "auth", "phase": "start", "ts": 12607000, "status": 200}
{"id": "t000008445", "svc": "auth", "phase": "end", "ts": 12607100, "status": 200}
{"id": "t000008446", "svc": "gateway", "phase": "start", "ts": 12608000, "status": 200}
{"id": "t000008446", "svc": "gateway", "phase": "end", "ts": 12608100, "status": 200}
{"id": "t000008447", "svc": "payment", "phase": "start", "ts": 12609000, "status": 200}
{"id": "t000008447", "svc": "payment", "phase": "end", "ts": 12609100, "status": 200}
{"id": "t000008448", "svc": "auth", "phase": "start", "ts": 12610000, "status": 200}
{"id": "t000008448", "svc": "auth", "phase": "end", "ts": 12610100, "status": 500}
{"id": "t000008449", "svc": "gateway", "phase": "start", "ts": 12611000, "status": 200}
{"id": "t000008449", "svc": "gateway", "phase": "end", "ts": 12611100, "status": 200}
{"id": "t000008450", "svc": "payment", "phase": "start", "ts": 12612000, "status": 200}
{"id": "t000008450", "svc": "payment", "phase": "end", "ts": 12612100, "status": 200}
{"id": "t000008451", "svc": "auth", "phase": "start", "ts": 12613000, "status": 200}
{"id": "t000008451", "svc": "auth", "phase": "end", "ts": 12613100, "status": 200}
{"id": "t000008452", "svc": "gateway", "phase": "start", "ts": 12614000, "status": 200}
{"id": "t000008452", "svc": "gateway", "phase": "end", "ts": 12614100, "status": 200}
{"id": "t000008453", "svc": "payment", "phase": "start", "ts": 12615000, "status": 200}
{"id": "t000008453", "svc": "payment", "phase": "end", "ts": 12615100, "status": 200}
{"id": "t000008454", "svc": "auth", "phase": "start", "ts": 12616000, "status": 200}
{"id": "t000008454", "svc": "auth", "phase": "end", "ts": 12616100, "status": 200}
{"id": "t000008455", "svc": "gateway", "phase": "start", "ts": 12617000, "status": 200}
{"id": "t000008455", "svc": "gateway", "phase": "end", "ts": 12617100, "status": 200}
{"id": "t000008456", "svc": "payment", "phase": "start", "ts": 12618000, "status": 200}
{"id": "t000008456", "svc": "payment", "phase": "end", "ts": 12618100, "status": 500}
{"id": "t000008457", "svc": "auth", "phase": "start", "ts": 12619000, "status": 200}
{"id": "t000008457", "svc": "auth", "phase": "end", "ts": 12619100, "status": 200}
{"id": "t000008458", "svc": "gateway", "phase": "start", "ts": 12620000, "status": 200}
{"id": "t000008458", "svc": "gateway", "phase": "end", "ts": 12620100, "status": 200}
{"id": "t000008459", "svc": "payment", "phase": "start", "ts": 12621000, "status": 200}
{"id": "t000008459", "svc": "payment", "phase": "end", "ts": 12621100, "status": 200}
{"id": "t000008460", "svc": "auth", "phase": "start", "ts": 12622000, "status": 200}
{"id": "t000008460", "svc": "auth", "phase": "end", "ts": 12622100, "status": 200}
{"id": "t000008461", "svc": "gateway", "phase": "start", "ts": 12623000, "status": 200}
{"id": "t000008461", "svc": "gateway", "phase": "end", "ts": 12623100, "status": 200}
{"id": "t000008462", "svc": "payment", "phase": "start", "ts": 12624000, "status": 200}
{"id": "t000008462", "svc": "payment", "phase": "end", "ts": 12624100, "status": 200}
{"id": "t000008463", "svc": "auth", "phase": "start", "ts": 12625000, "status": 200}
{"id": "t000008463", "svc": "auth", "phase": "end", "ts": 12625100, "status": 200}
{"id": "t000008464", "svc": "gateway", "phase": "start", "ts": 12626000, "status": 200}
{"id": "t000008464", "svc": "gateway", "phase": "end", "ts": 12626100, "status": 500}
{"id": "t000008465", "svc": "payment", "phase": "start", "ts": 12627000, "status": 200}
{"id": "t000008465", "svc": "payment", "phase": "end", "ts": 12627100, "status": 200}
{"id": "t000008466", "svc": "auth", "phase": "start", "ts": 12628000, "status": 200}
{"id": "t000008466", "svc": "auth", "phase": "end", "ts": 12628100, "status": 200}
{"id": "t000008467", "svc": "gateway", "phase": "start", "ts": 12629000, "status": 200}
{"id": "t000008467", "svc": "gateway", "phase": "end", "ts": 12629100, "status": 200}
{"id": "t000008468", "svc": "payment", "phase": "start", "ts": 12630000, "status": 200}
{"id": "t000008468", "svc": "payment", "phase": "end", "ts": 12630100, "status": 200}
{"id": "t000008469", "svc": "auth", "phase": "start", "ts": 12631000, "status": 200}
{"id": "t000008469", "svc": "auth", "phase": "end", "ts": 12631100, "status": 200}
{"id": "t000008470", "svc": "gateway", "phase": "start", "ts": 12632000, "status": 200}
{"id": "t000008470", "svc": "gateway", "phase": "end", "ts": 12632100, "status": 200}
{"id": "t000008471", "svc": "payment", "phase": "start", "ts": 12633000, "status": 200}
{"id": "t000008471", "svc": "payment", "phase": "end", "ts": 12633100, "status": 200}
{"id": "t000008472", "svc": "auth", "phase": "start", "ts": 12634000, "status": 200}
{"id": "t000008472", "svc": "auth", "phase": "end", "ts": 12634100, "status": 500}
{"id": "t000008473", "svc": "gateway", "phase": "start", "ts": 12635000, "status": 200}
{"id": "t000008473", "svc": "gateway", "phase": "end", "ts": 12635100, "status": 200}
{"id": "t000008474", "svc": "payment", "phase": "start", "ts": 12636000, "status": 200}
{"id": "t000008474", "svc": "payment", "phase": "end", "ts": 12636100, "status": 200}
{"id": "t000008475", "svc": "auth", "phase": "start", "ts": 12637000, "status": 200}
{"id": "t000008475", "svc": "auth", "phase": "end", "ts": 12637100, "status": 200}
{"id": "t000008476", "svc": "gateway", "phase": "start", "ts": 12638000, "status": 200}
{"id": "t000008476", "svc": "gateway", "phase": "end", "ts": 12638100, "status": 200}
{"id": "t000008477", "svc": "payment", "phase": "start", "ts": 12639000, "status": 200}
{"id": "t000008477", "svc": "payment", "phase": "end", "ts": 12639100, "status": 200}
{"id": "t000008478", "svc": "auth", "phase": "start", "ts": 12640000, "status": 200}
{"id": "t000008478", "svc": "auth", "phase": "end", "ts": 12640100, "status": 200}
{"id": "t000008479", "svc": "gateway", "phase": "start", "ts": 12641000, "status": 200}
{"id": "t000008479", "svc": "gateway", "phase": "end", "ts": 12641100, "status": 200}
{"id": "t000008480", "svc": "payment", "phase": "start", "ts": 12642000, "status": 200}
{"id": "t000008480", "svc": "payment", "phase": "end", "ts": 12642100, "status": 500}
{"id": "t000008481", "svc": "auth", "phase": "start", "ts": 12643000, "status": 200}
{"id": "t000008481", "svc": "auth", "phase": "end", "ts": 12643100, "status": 200}
{"id": "t000008482", "svc": "gateway", "phase": "start", "ts": 12644000, "status": 200}
{"id": "t000008482", "svc": "gateway", "phase": "end", "ts": 12644100, "status": 200}
{"id": "t000008483", "svc": "payment", "phase": "start", "ts": 12645000, "status": 200}
{"id": "t000008483", "svc": "payment", "phase": "end", "ts": 12645100, "status": 200}
{"id": "t000008484", "svc": "auth", "phase": "start", "ts": 12646000, "status": 200}
{"id": "t000008484", "svc": "auth", "phase": "end", "ts": 12646100, "status": 200}
{"id": "t000008485", "svc": "gateway", "phase": "start", "ts": 12647000, "status": 200}
{"id": "t000008485", "svc": "gateway", "phase": "end", "ts": 12647100, "status": 200}
{"id": "t000008486", "svc": "payment", "phase": "start", "ts": 12648000, "status": 200}
{"id": "t000008486", "svc": "payment", "phase": "end", "ts": 12648100, "status": 200}
{"id": "t000008487", "svc": "auth", "phase": "start", "ts": 12649000, "status": 200}
{"id": "t000008487", "svc": "auth", "phase": "end", "ts": 12649100, "status": 200}
{"id": "t000008488", "svc": "gateway", "phase": "start", "ts": 12650000, "status": 200}
{"id": "t000008488", "svc": "gateway", "phase": "end", "ts": 12650100, "status": 500}
{"id": "t000008489", "svc": "payment", "phase": "start", "ts": 12651000, "status": 200}
{"id": "t000008489", "svc": "payment", "phase": "end", "ts": 12651100, "status": 200}
{"id": "t000008490", "svc": "auth", "phase": "start", "ts": 12652000, "status": 200}
{"id": "t000008490", "svc": "auth", "phase": "end", "ts": 12652100, "status": 200}
{"id": "t000008491", "svc": "gateway", "phase": "start", "ts": 12653000, "status": 200}
{"id": "t000008491", "svc": "gateway", "phase": "end", "ts": 12653100, "status": 200}
{"id": "t000008492", "svc": "payment", "phase": "start", "ts": 12654000, "status": 200}
{"id": "t000008492", "svc": "payment", "phase": "end", "ts": 12654100, "status": 200}
{"id": "t000008493", "svc": "auth", "phase": "start", "ts": 12655000, "status": 200}
{"id": "t000008493", "svc": "auth", "phase": "end", "ts": 12655100, "status": 200}
{"id": "t000008494", "svc": "gateway", "phase": "start", "ts": 12656000, "status": 200}
{"id": "t000008494", "svc": "gateway", "phase": "end", "ts": 12656100, "status": 200}
{"id": "t000008495", "svc": "payment", "phase": "start", "ts": 12657000, "status": 200}
{"id": "t000008495", "svc": "payment", "phase": "end", "ts": 12657100, "status": 200}
{"id": "t000008496", "svc": "auth", "phase": "start", "ts": 12658000, "status": 200}
{"id": "t000008496", "svc": "auth", "phase": "end", "ts": 12658100, "status": 500}
{"id": "t000008497", "svc": "gateway", "phase": "start", "ts": 12659000, "status": 200}
{"id": "t000008497", "svc": "gateway", "phase": "end", "ts": 12659100, "status": 200}
{"id": "t000008498", "svc": "payment", "phase": "start", "ts": 12660000, "status": 200}
{"id": "t000008498", "svc": "payment", "phase": "end", "ts": 12660100, "status": 200}
{"id": "t000008499", "svc": "auth", "phase": "start", "ts": 12661000, "status": 200}
{"id": "t000008499", "svc": "auth", "phase": "end", "ts": 12661100, "status": 200}
{"id": "t000008500", "svc": "gateway", "phase": "start", "ts": 12662000, "status": 200}
{"id": "t000008500", "svc": "gateway", "phase": "end", "ts": 12662100, "status": 200}
{"id": "t000008501", "svc": "payment", "phase": "start", "ts": 12663000, "status": 200}
{"id": "t000008501", "svc": "payment", "phase": "end", "ts": 12663100, "status": 200}
{"id": "t000008502", "svc": "auth", "phase": "start", "ts": 12664000, "status": 200}
{"id": "t000008502", "svc": "auth", "phase": "end", "ts": 12664100, "status": 200}
{"id": "t000008503", "svc": "gateway", "phase": "start", "ts": 12665000, "status": 200}
{"id": "t000008503", "svc": "gateway", "phase": "end", "ts": 12665100, "status": 200}
{"id": "t000008504", "svc": "payment", "phase": "start", "ts": 12666000, "status": 200}
{"id": "t000008504", "svc": "payment", "phase": "end", "ts": 12666100, "status": 500}
{"id": "t000008505", "svc": "auth", "phase": "start", "ts": 12667000, "status": 200}
{"id": "t000008505", "svc": "auth", "phase": "end", "ts": 12667100, "status": 200}
{"id": "t000008506", "svc": "gateway", "phase": "start", "ts": 12668000, "status": 200}
{"id": "t000008506", "svc": "gateway", "phase": "end", "ts": 12668100, "status": 200}
{"id": "t000008507", "svc": "payment", "phase": "start", "ts": 12669000, "status": 200}
{"id": "t000008507", "svc": "payment", "phase": "end", "ts": 12669100, "status": 200}
{"id": "t000008508", "svc": "auth", "phase": "start", "ts": 12670000, "status": 200}
{"id": "t000008508", "svc": "auth", "phase": "end", "ts": 12670100, "status": 200}
{"id": "t000008509", "svc": "gateway", "phase": "start", "ts": 12671000, "status": 200}
{"id": "t000008509", "svc": "gateway", "phase": "end", "ts": 12671100, "status": 200}
{"id": "t000008510", "svc": "payment", "phase": "start", "ts": 12672000, "status": 200}
{"id": "t000008510", "svc": "payment", "phase": "end", "ts": 12672100, "status": 200}
{"id": "t000008511", "svc": "auth", "phase": "start", "ts": 12673000, "status": 200}
{"id": "t000008511", "svc": "auth", "phase": "end", "ts": 12673100, "status": 200}
{"id": "t000008512", "svc": "gateway", "phase": "start", "ts": 12674000, "status": 200}
{"id": "t000008512", "svc": "gateway", "phase": "end", "ts": 12674100, "status": 500}
{"id": "t000008513", "svc": "payment", "phase": "start", "ts": 12675000, "status": 200}
{"id": "t000008513", "svc": "payment", "phase": "end", "ts": 12675100, "status": 200}
{"id": "t000008514", "svc": "auth", "phase": "start", "ts": 12676000, "status": 200}
{"id": "t000008514", "svc": "auth", "phase": "end", "ts": 12676100, "status": 200}
{"id": "t000008515", "svc": "gateway", "phase": "start", "ts": 12677000, "status": 200}
{"id": "t000008515", "svc": "gateway", "phase": "end", "ts": 12677100, "status": 200}
{"id": "t000008516", "svc": "payment", "phase": "start", "ts": 12678000, "status": 200}
{"id": "t000008516", "svc": "payment", "phase": "end", "ts": 12678100, "status": 200}
{"id": "t000008517", "svc": "auth", "phase": "start", "ts": 12679000, "status": 200}
{"id": "t000008517", "svc": "auth", "phase": "end", "ts": 12679100, "status": 200}
{"id": "t000008518", "svc": "gateway", "phase": "start", "ts": 12680000, "status": 200}
{"id": "t000008518", "svc": "gateway", "phase": "end", "ts": 12680100, "status": 200}
{"id": "t000008519", "svc": "payment", "phase": "start", "ts": 12681000, "status": 200}
{"id": "t000008519", "svc": "payment", "phase": "end", "ts": 12681100, "status": 200}
{"id": "t000008520", "svc": "auth", "phase": "start", "ts": 12682000, "status": 200}
{"id": "t000008520", "svc": "auth", "phase": "end", "ts": 12682100, "status": 500}
{"id": "t000008521", "svc": "gateway", "phase": "start", "ts": 12683000, "status": 200}
{"id": "t000008521", "svc": "gateway", "phase": "end", "ts": 12683100, "status": 200}
{"id": "t000008522", "svc": "payment", "phase": "start", "ts": 12684000, "status": 200}
{"id": "t000008522", "svc": "payment", "phase": "end", "ts": 12684100, "status": 200}
{"id": "t000008523", "svc": "auth", "phase": "start", "ts": 12685000, "status": 200}
{"id": "t000008523", "svc": "auth", "phase": "end", "ts": 12685100, "status": 200}
{"id": "t000008524", "svc": "gateway", "phase": "start", "ts": 12686000, "status": 200}
{"id": "t000008524", "svc": "gateway", "phase": "end", "ts": 12686100, "status": 200}
{"id": "t000008525", "svc": "payment", "phase": "start", "ts": 12687000, "status": 200}
{"id": "t000008525", "svc": "payment", "phase": "end", "ts": 12687100, "status": 200}
{"id": "t000008526", "svc": "auth", "phase": "start", "ts": 12688000, "status": 200}
{"id": "t000008526", "svc": "auth", "phase": "end", "ts": 12688100, "status": 200}
{"id": "t000008527", "svc": "gateway", "phase": "start", "ts": 12689000, "status": 200}
{"id": "t000008527", "svc": "gateway", "phase": "end", "ts": 12689100, "status": 200}
{"id": "t000008528", "svc": "payment", "phase": "start", "ts": 12690000, "status": 200}
{"id": "t000008528", "svc": "payment", "phase": "end", "ts": 12690100, "status": 500}
{"id": "t000008529", "svc": "auth", "phase": "start", "ts": 12691000, "status": 200}
{"id": "t000008529", "svc": "auth", "phase": "end", "ts": 12691100, "status": 200}
{"id": "t000008530", "svc": "gateway", "phase": "start", "ts": 12692000, "status": 200}
{"id": "t000008530", "svc": "gateway", "phase": "end", "ts": 12692100, "status": 200}
{"id": "t000008531", "svc": "payment", "phase": "start", "ts": 12693000, "status": 200}
{"id": "t000008531", "svc": "payment", "phase": "end", "ts": 12693100, "status": 200}
{"id": "t000008532", "svc": "auth", "phase": "start", "ts": 12694000, "status": 200}
{"id": "t000008532", "svc": "auth", "phase": "end", "ts": 12694100, "status": 200}
{"id": "t000008533", "svc": "gateway", "phase": "start", "ts": 12695000, "status": 200}
{"id": "t000008533", "svc": "gateway", "phase": "end", "ts": 12695100, "status": 200}
{"id": "t000008534", "svc": "payment", "phase": "start", "ts": 12696000, "status": 200}
{"id": "t000008534", "svc": "payment", "phase": "end", "ts": 12696100, "status": 200}
{"id": "t000008535", "svc": "auth", "phase": "start", "ts": 12697000, "status": 200}
{"id": "t000008535", "svc": "auth", "phase": "end", "ts": 12697100, "status": 200}
{"id": "t000008536", "svc": "gateway", "phase": "start", "ts": 12698000, "status": 200}
{"id": "t000008536", "svc": "gateway", "phase": "end", "ts": 12698100, "status": 500}
{"id": "t000008537", "svc": "payment", "phase": "start", "ts": 12699000, "status": 200}
{"id": "t000008537", "svc": "payment", "phase": "end", "ts": 12699100, "status": 200}
{"id": "t000008538", "svc": "auth", "phase": "start", "ts": 12700000, "status": 200}
{"id": "t000008538", "svc": "auth", "phase": "end", "ts": 12700100, "status": 200}
{"id": "t000008539", "svc": "gateway", "phase": "start", "ts": 12701000, "status": 200}
{"id": "t000008539", "svc": "gateway", "phase": "end", "ts": 12701100, "status": 200}
{"id": "t000008540", "svc": "payment", "phase": "start", "ts": 12702000, "status": 200}
{"id": "t000008540", "svc": "payment", "phase": "end", "ts": 12702100, "status": 200}
{"id": "t000008541", "svc": "auth", "phase": "start", "ts": 12703000, "status": 200}
{"id": "t000008541", "svc": "auth", "phase": "end", "ts": 12703100, "status": 200}
{"id": "t000008542", "svc": "gateway", "phase": "start", "ts": 12704000, "status": 200}
{"id": "t000008542", "svc": "gateway", "phase": "end", "ts": 12704100, "status": 200}
{"id": "t000008543", "svc": "payment", "phase": "start", "ts": 12705000, "status": 200}
{"id": "t000008543", "svc": "payment", "phase": "end", "ts": 12705100, "status": 200}
{"id": "t000008544", "svc": "auth", "phase": "start", "ts": 12706000, "status": 200}
{"id": "t000008544", "svc": "auth", "phase": "end", "ts": 12706100, "status": 500}
{"id": "t000008545", "svc": "gateway", "phase": "start", "ts": 12707000, "status": 200}
{"id": "t000008545", "svc": "gateway", "phase": "end", "ts": 12707100, "status": 200}
{"id": "t000008546", "svc": "payment", "phase": "start", "ts": 12708000, "status": 200}
{"id": "t000008546", "svc": "payment", "phase": "end", "ts": 12708100, "status": 200}
{"id": "t000008547", "svc": "auth", "phase": "start", "ts": 12709000, "status": 200}
{"id": "t000008547", "svc": "auth", "phase": "end", "ts": 12709100, "status": 200}
{"id": "t000008548", "svc": "gateway", "phase": "start", "ts": 12710000, "status": 200}
{"id": "t000008548", "svc": "gateway", "phase": "end", "ts": 12710100, "status": 200}
{"id": "t000008549", "svc": "payment", "phase": "start", "ts": 12711000, "status": 200}
{"id": "t000008549", "svc": "payment", "phase": "end", "ts": 12711100, "status": 200}
{"id": "t000008550", "svc": "auth", "phase": "start", "ts": 12712000, "status": 200}
{"id": "t000008550", "svc": "auth", "phase": "end", "ts": 12712100, "status": 200}
{"id": "t000008551", "svc": "gateway", "phase": "start", "ts": 12713000, "status": 200}
{"id": "t000008551", "svc": "gateway", "phase": "end", "ts": 12713100, "status": 200}
{"id": "t000008552", "svc": "payment", "phase": "start", "ts": 12714000, "status": 200}
{"id": "t000008552", "svc": "payment", "phase": "end", "ts": 12714100, "status": 500}
{"id": "t000008553", "svc": "auth", "phase": "start", "ts": 12715000, "status": 200}
{"id": "t000008553", "svc": "auth", "phase": "end", "ts": 12715100, "status": 200}
{"id": "t000008554", "svc": "gateway", "phase": "start", "ts": 12716000, "status": 200}
{"id": "t000008554", "svc": "gateway", "phase": "end", "ts": 12716100, "status": 200}
{"id": "t000008555", "svc": "payment", "phase": "start", "ts": 12717000, "status": 200}
{"id": "t000008555", "svc": "payment", "phase": "end", "ts": 12717100, "status": 200}
{"id": "t000008556", "svc": "auth", "phase": "start", "ts": 12718000, "status": 200}
{"id": "t000008556", "svc": "auth", "phase": "end", "ts": 12718100, "status": 200}
{"id": "t000008557", "svc": "gateway", "phase": "start", "ts": 12719000, "status": 200}
{"id": "t000008557", "svc": "gateway", "phase": "end", "ts": 12719100, "status": 200}
{"id": "t000008558", "svc": "payment", "phase": "start", "ts": 12720000, "status": 200}
{"id": "t000008558", "svc": "payment", "phase": "end", "ts": 12720100, "status": 200}
{"id": "t000008559", "svc": "auth", "phase": "start", "ts": 12721000, "status": 200}
{"id": "t000008559", "svc": "auth", "phase": "end", "ts": 12721100, "status": 200}
{"id": "t000008560", "svc": "gateway", "phase": "start", "ts": 12722000, "status": 200}
{"id": "t000008560", "svc": "gateway", "phase": "end", "ts": 12722100, "status": 500}
{"id": "t000008561", "svc": "payment", "phase": "start", "ts": 12723000, "status": 200}
{"id": "t000008561", "svc": "payment", "phase": "end", "ts": 12723100, "status": 200}
{"id": "t000008562", "svc": "auth", "phase": "start", "ts": 12724000, "status": 200}
{"id": "t000008562", "svc": "auth", "phase": "end", "ts": 12724100, "status": 200}
{"id": "t000008563", "svc": "gateway", "phase": "start", "ts": 12725000, "status": 200}
{"id": "t000008563", "svc": "gateway", "phase": "end", "ts": 12725100, "status": 200}
{"id": "t000008564", "svc": "payment", "phase": "start", "ts": 12726000, "status": 200}
{"id": "t000008564", "svc": "payment", "phase": "end", "ts": 12726100, "status": 200}
{"id": "t000008565", "svc": "auth", "phase": "start", "ts": 12727000, "status": 200}
{"id": "t000008565", "svc": "auth", "phase": "end", "ts": 12727100, "status": 200}
{"id": "t000008566", "svc": "gateway", "phase": "start", "ts": 12728000, "status": 200}
{"id": "t000008566", "svc": "gateway", "phase": "end", "ts": 12728100, "status": 200}
{"id": "t000008567", "svc": "payment", "phase": "start", "ts": 12729000, "status": 200}
{"id": "t000008567", "svc": "payment", "phase": "end", "ts": 12729100, "status": 200}
{"id": "t000008568", "svc": "auth", "phase": "start", "ts": 12730000, "status": 200}
{"id": "t000008568", "svc": "auth", "phase": "end", "ts": 12730100, "status": 500}
{"id": "t000008569", "svc": "gateway", "phase": "start", "ts": 12731000, "status": 200}
{"id": "t000008569", "svc": "gateway", "phase": "end", "ts": 12731100, "status": 200}
{"id": "t000008570", "svc": "payment", "phase": "start", "ts": 12732000, "status": 200}
{"id": "t000008570", "svc": "payment", "phase": "end", "ts": 12732100, "status": 200}
{"id": "t000008571", "svc": "auth", "phase": "start", "ts": 12733000, "status": 200}
{"id": "t000008571", "svc": "auth", "phase": "end", "ts": 12733100, "status": 200}
{"id": "t000008572", "svc": "gateway", "phase": "start", "ts": 12734000, "status": 200}
{"id": "t000008572", "svc": "gateway", "phase": "end", "ts": 12734100, "status": 200}
{"id": "t000008573", "svc": "payment", "phase": "start", "ts": 12735000, "status": 200}
{"id": "t000008573", "svc": "payment", "phase": "end", "ts": 12735100, "status": 200}
{"id": "t000008574", "svc": "auth", "phase": "start", "ts": 12736000, "status": 200}
{"id": "t000008574", "svc": "auth", "phase": "end", "ts": 12736100, "status": 200}
{"id": "t000008575", "svc": "gateway", "phase": "start", "ts": 12737000, "status": 200}
{"id": "t000008575", "svc": "gateway", "phase": "end", "ts": 12737100, "status": 200}
{"id": "t000008576", "svc": "payment", "phase": "start", "ts": 12738000, "status": 200}
{"id": "t000008576", "svc": "payment", "phase": "end", "ts": 12738100, "status": 500}
{"id": "t000008577", "svc": "auth", "phase": "start", "ts": 12739000, "status": 200}
{"id": "t000008577", "svc": "auth", "phase": "end", "ts": 12739100, "status": 200}
{"id": "t000008578", "svc": "gateway", "phase": "start", "ts": 12740000, "status": 200}
{"id": "t000008578", "svc": "gateway", "phase": "end", "ts": 12740100, "status": 200}
{"id": "t000008579", "svc": "payment", "phase": "start", "ts": 12741000, "status": 200}
{"id": "t000008579", "svc": "payment", "phase": "end", "ts": 12741100, "status": 200}
{"id": "t000008580", "svc": "auth", "phase": "start", "ts": 12742000, "status": 200}
{"id": "t000008580", "svc": "auth", "phase": "end", "ts": 12742100, "status": 200}
{"id": "t000008581", "svc": "gateway", "phase": "start", "ts": 12743000, "status": 200}
{"id": "t000008581", "svc": "gateway", "phase": "end", "ts": 12743100, "status": 200}
{"id": "t000008582", "svc": "payment", "phase": "start", "ts": 12744000, "status": 200}
{"id": "t000008582", "svc": "payment", "phase": "end", "ts": 12744100, "status": 200}
{"id": "t000008583", "svc": "auth", "phase": "start", "ts": 12745000, "status": 200}
{"id": "t000008583", "svc": "auth", "phase": "end", "ts": 12745100, "status": 200}
{"id": "t000008584", "svc": "gateway", "phase": "start", "ts": 12746000, "status": 200}
{"id": "t000008584", "svc": "gateway", "phase": "end", "ts": 12746100, "status": 500}
{"id": "t000008585", "svc": "payment", "phase": "start", "ts": 12747000, "status": 200}
{"id": "t000008585", "svc": "payment", "phase": "end", "ts": 12747100, "status": 200}
{"id": "t000008586", "svc": "auth", "phase": "start", "ts": 12748000, "status": 200}
{"id": "t000008586", "svc": "auth", "phase": "end", "ts": 12748100, "status": 200}
{"id": "t000008587", "svc": "gateway", "phase": "start", "ts": 12749000, "status": 200}
{"id": "t000008587", "svc": "gateway", "phase": "end", "ts": 12749100, "status": 200}
{"id": "t000008588", "svc": "payment", "phase": "start", "ts": 12750000, "status": 200}
{"id": "t000008588", "svc": "payment", "phase": "end", "ts": 12750100, "status": 200}
{"id": "t000008589", "svc": "auth", "phase": "start", "ts": 12751000, "status": 200}
{"id": "t000008589", "svc": "auth", "phase": "end", "ts": 12751100, "status": 200}
{"id": "t000008590", "svc": "gateway", "phase": "start", "ts": 12752000, "status": 200}
{"id": "t000008590", "svc": "gateway", "phase": "end", "ts": 12752100, "status": 200}
{"id": "t000008591", "svc": "payment", "phase": "start", "ts": 12753000, "status": 200}
{"id": "t000008591", "svc": "payment", "phase": "end", "ts": 12753100, "status": 200}
{"id": "t000008592", "svc": "auth", "phase": "start", "ts": 12754000, "status": 200}
{"id": "t000008592", "svc": "auth", "phase": "end", "ts": 12754100, "status": 500}
{"id": "t000008593", "svc": "gateway", "phase": "start", "ts": 12755000, "status": 200}
{"id": "t000008593", "svc": "gateway", "phase": "end", "ts": 12755100, "status": 200}
{"id": "t000008594", "svc": "payment", "phase": "start", "ts": 12756000, "status": 200}
{"id": "t000008594", "svc": "payment", "phase": "end", "ts": 12756100, "status": 200}
{"id": "t000008595", "svc": "auth", "phase": "start", "ts": 12757000, "status": 200}
{"id": "t000008595", "svc": "auth", "phase": "end", "ts": 12757100, "status": 200}
{"id": "t000008596", "svc": "gateway", "phase": "start", "ts": 12758000, "status": 200}
{"id": "t000008596", "svc": "gateway", "phase": "end", "ts": 12758100, "status": 200}
{"id": "t000008597", "svc": "payment", "phase": "start", "ts": 12759000, "status": 200}
{"id": "t000008597", "svc": "payment", "phase": "end", "ts": 12759100, "status": 200}
{"id": "t000008598", "svc": "auth", "phase": "start", "ts": 12760000, "status": 200}
{"id": "t000008598", "svc": "auth", "phase": "end", "ts": 12760100, "status": 200}
{"id": "t000008599", "svc": "gateway", "phase": "start", "ts": 12761000, "status": 200}
{"id": "t000008599", "svc": "gateway", "phase": "end", "ts": 12761100, "status": 200}
{"id": "t000008600", "svc": "payment", "phase": "start", "ts": 12762000, "status": 200}
{"id": "t000008600", "svc": "payment", "phase": "end", "ts": 12762100, "status": 500}
{"id": "t000008601", "svc": "auth", "phase": "start", "ts": 12763000, "status": 200}
{"id": "t000008601", "svc": "auth", "phase": "end", "ts": 12763100, "status": 200}
{"id": "t000008602", "svc": "gateway", "phase": "start", "ts": 12764000, "status": 200}
{"id": "t000008602", "svc": "gateway", "phase": "end", "ts": 12764100, "status": 200}
{"id": "t000008603", "svc": "payment", "phase": "start", "ts": 12765000, "status": 200}
{"id": "t000008603", "svc": "payment", "phase": "end", "ts": 12765100, "status": 200}
{"id": "t000008604", "svc": "auth", "phase": "start", "ts": 12766000, "status": 200}
{"id": "t000008604", "svc": "auth", "phase": "end", "ts": 12766100, "status": 200}
{"id": "t000008605", "svc": "gateway", "phase": "start", "ts": 12767000, "status": 200}
{"id": "t000008605", "svc": "gateway", "phase": "end", "ts": 12767100, "status": 200}
{"id": "t000008606", "svc": "payment", "phase": "start", "ts": 12768000, "status": 200}
{"id": "t000008606", "svc": "payment", "phase": "end", "ts": 12768100, "status": 200}
{"id": "t000008607", "svc": "auth", "phase": "start", "ts": 12769000, "status": 200}
{"id": "t000008607", "svc": "auth", "phase": "end", "ts": 12769100, "status": 200}
{"id": "t000008608", "svc": "gateway", "phase": "start", "ts": 12770000, "status": 200}
{"id": "t000008608", "svc": "gateway", "phase": "end", "ts": 12770100, "status": 500}
{"id": "t000008609", "svc": "payment", "phase": "start", "ts": 12771000, "status": 200}
{"id": "t000008609", "svc": "payment", "phase": "end", "ts": 12771100, "status": 200}
{"id": "t000008610", "svc": "auth", "phase": "start", "ts": 12772000, "status": 200}
{"id": "t000008610", "svc": "auth", "phase": "end", "ts": 12772100, "status": 200}
{"id": "t000008611", "svc": "gateway", "phase": "start", "ts": 12773000, "status": 200}
{"id": "t000008611", "svc": "gateway", "phase": "end", "ts": 12773100, "status": 200}
{"id": "t000008612", "svc": "payment", "phase": "start", "ts": 12774000, "status": 200}
{"id": "t000008612", "svc": "payment", "phase": "end", "ts": 12774100, "status": 200}
{"id": "t000008613", "svc": "auth", "phase": "start", "ts": 12775000, "status": 200}
{"id": "t000008613", "svc": "auth", "phase": "end", "ts": 12775100, "status": 200}
{"id": "t000008614", "svc": "gateway", "phase": "start", "ts": 12776000, "status": 200}
{"id": "t000008614", "svc": "gateway", "phase": "end", "ts": 12776100, "status": 200}
{"id": "t000008615", "svc": "payment", "phase": "start", "ts": 12777000, "status": 200}
{"id": "t000008615", "svc": "payment", "phase": "end", "ts": 12777100, "status": 200}
{"id": "t000008616", "svc": "auth", "phase": "start", "ts": 12778000, "status": 200}
{"id": "t000008616", "svc": "auth", "phase": "end", "ts": 12778100, "status": 500}
{"id": "t000008617", "svc": "gateway", "phase": "start", "ts": 12779000, "status": 200}
{"id": "t000008617", "svc": "gateway", "phase": "end", "ts": 12779100, "status": 200}
{"id": "t000008618", "svc": "payment", "phase": "start", "ts": 12780000, "status": 200}
{"id": "t000008618", "svc": "payment", "phase": "end", "ts": 12780100, "status": 200}
{"id": "t000008619", "svc": "auth", "phase": "start", "ts": 12781000, "status": 200}
{"id": "t000008619", "svc": "auth", "phase": "end", "ts": 12781100, "status": 200}
{"id": "t000008620", "svc": "gateway", "phase": "start", "ts": 12782000, "status": 200}
{"id": "t000008620", "svc": "gateway", "phase": "end", "ts": 12782100, "status": 200}
{"id": "t000008621", "svc": "payment", "phase": "start", "ts": 12783000, "status": 200}
{"id": "t000008621", "svc": "payment", "phase": "end", "ts": 12783100, "status": 200}
{"id": "t000008622", "svc": "auth", "phase": "start", "ts": 12784000, "status": 200}
{"id": "t000008622", "svc": "auth", "phase": "end", "ts": 12784100, "status": 200}
{"id": "t000008623", "svc": "gateway", "phase": "start", "ts": 12785000, "status": 200}
{"id": "t000008623", "svc": "gateway", "phase": "end", "ts": 12785100, "status": 200}
{"id": "t000008624", "svc": "payment", "phase": "start", "ts": 12786000, "status": 200}
{"id": "t000008624", "svc": "payment", "phase": "end", "ts": 12786100, "status": 500}
{"id": "t000008625", "svc": "auth", "phase": "start", "ts": 12787000, "status": 200}
{"id": "t000008625", "svc": "auth", "phase": "end", "ts": 12787100, "status": 200}
{"id": "t000008626", "svc": "gateway", "phase": "start", "ts": 12788000, "status": 200}
{"id": "t000008626", "svc": "gateway", "phase": "end", "ts": 12788100, "status": 200}
{"id": "t000008627", "svc": "payment", "phase": "start", "ts": 12789000, "status": 200}
{"id": "t000008627", "svc": "payment", "phase": "end", "ts": 12789100, "status": 200}
{"id": "t000008628", "svc": "auth", "phase": "start", "ts": 12790000, "status": 200}
{"id": "t000008628", "svc": "auth", "phase": "end", "ts": 12790100, "status": 200}
{"id": "t000008629", "svc": "gateway", "phase": "start", "ts": 12791000, "status": 200}
{"id": "t000008629", "svc": "gateway", "phase": "end", "ts": 12791100, "status": 200}
{"id": "t000008630", "svc": "payment", "phase": "start", "ts": 12792000, "status": 200}
{"id": "t000008630", "svc": "payment", "phase": "end", "ts": 12792100, "status": 200}
{"id": "t000008631", "svc": "auth", "phase": "start", "ts": 12793000, "status": 200}
{"id": "t000008631", "svc": "auth", "phase": "end", "ts": 12793100, "status": 200}
{"id": "t000008632", "svc": "gateway", "phase": "start", "ts": 12794000, "status": 200}
{"id": "t000008632", "svc": "gateway", "phase": "end", "ts": 12794100, "status": 500}
{"id": "t000008633", "svc": "payment", "phase": "start", "ts": 12795000, "status": 200}
{"id": "t000008633", "svc": "payment", "phase": "end", "ts": 12795100, "status": 200}
{"id": "t000008634", "svc": "auth", "phase": "start", "ts": 12796000, "status": 200}
{"id": "t000008634", "svc": "auth", "phase": "end", "ts": 12796100, "status": 200}
{"id": "t000008635", "svc": "gateway", "phase": "start", "ts": 12797000, "status": 200}
{"id": "t000008635", "svc": "gateway", "phase": "end", "ts": 12797100, "status": 200}
{"id": "t000008636", "svc": "payment", "phase": "start", "ts": 12798000, "status": 200}
{"id": "t000008636", "svc": "payment", "phase": "end", "ts": 12798100, "status": 200}
{"id": "t000008637", "svc": "auth", "phase": "start", "ts": 12799000, "status": 200}
{"id": "t000008637", "svc": "auth", "phase": "end", "ts": 12799100, "status": 200}
{"id": "t000008638", "svc": "gateway", "phase": "start", "ts": 12800000, "status": 200}
{"id": "t000008638", "svc": "gateway", "phase": "end", "ts": 12800100, "status": 200}
{"id": "t000008639", "svc": "payment", "phase": "start", "ts": 12801000, "status": 200}
{"id": "t000008639", "svc": "payment", "phase": "end", "ts": 12801100, "status": 200}
{"id": "t000008640", "svc": "auth", "phase": "start", "ts": 12802000, "status": 200}
{"id": "t000008640", "svc": "auth", "phase": "end", "ts": 12802100, "status": 500}
{"id": "t000008641", "svc": "gateway", "phase": "start", "ts": 12803000, "status": 200}
{"id": "t000008641", "svc": "gateway", "phase": "end", "ts": 12803100, "status": 200}
{"id": "t000008642", "svc": "payment", "phase": "start", "ts": 12804000, "status": 200}
{"id": "t000008642", "svc": "payment", "phase": "end", "ts": 12804100, "status": 200}
{"id": "t000008643", "svc": "auth", "phase": "start", "ts": 12805000, "status": 200}
{"id": "t000008643", "svc": "auth", "phase": "end", "ts": 12805100, "status": 200}
{"id": "t000008644", "svc": "gateway", "phase": "start", "ts": 12806000, "status": 200}
{"id": "t000008644", "svc": "gateway", "phase": "end", "ts": 12806100, "status": 200}
{"id": "t000008645", "svc": "payment", "phase": "start", "ts": 12807000, "status": 200}
{"id": "t000008645", "svc": "payment", "phase": "end", "ts": 12807100, "status": 200}
{"id": "t000008646", "svc": "auth", "phase": "start", "ts": 12808000, "status": 200}
{"id": "t000008646", "svc": "auth", "phase": "end", "ts": 12808100, "status": 200}
{"id": "t000008647", "svc": "gateway", "phase": "start", "ts": 12809000, "status": 200}
{"id": "t000008647", "svc": "gateway", "phase": "end", "ts": 12809100, "status": 200}
{"id": "t000008648", "svc": "payment", "phase": "start", "ts": 12810000, "status": 200}
{"id": "t000008648", "svc": "payment", "phase": "end", "ts": 12810100, "status": 500}
{"id": "t000008649", "svc": "auth", "phase": "start", "ts": 12811000, "status": 200}
{"id": "t000008649", "svc": "auth", "phase": "end", "ts": 12811100, "status": 200}
{"id": "t000008650", "svc": "gateway", "phase": "start", "ts": 12812000, "status": 200}
{"id": "t000008650", "svc": "gateway", "phase": "end", "ts": 12812100, "status": 200}
{"id": "t000008651", "svc": "payment", "phase": "start", "ts": 12813000, "status": 200}
{"id": "t000008651", "svc": "payment", "phase": "end", "ts": 12813100, "status": 200}
{"id": "t000008652", "svc": "auth", "phase": "start", "ts": 12814000, "status": 200}
{"id": "t000008652", "svc": "auth", "phase": "end", "ts": 12814100, "status": 200}
{"id": "t000008653", "svc": "gateway", "phase": "start", "ts": 12815000, "status": 200}
{"id": "t000008653", "svc": "gateway", "phase": "end", "ts": 12815100, "status": 200}
{"id": "t000008654", "svc": "payment", "phase": "start", "ts": 12816000, "status": 200}
{"id": "t000008654", "svc": "payment", "phase": "end", "ts": 12816100, "status": 200}
{"id": "t000008655", "svc": "auth", "phase": "start", "ts": 12817000, "status": 200}
{"id": "t000008655", "svc": "auth", "phase": "end", "ts": 12817100, "status": 200}
{"id": "t000008656", "svc": "gateway", "phase": "start", "ts": 12818000, "status": 200}
{"id": "t000008656", "svc": "gateway", "phase": "end", "ts": 12818100, "status": 500}
{"id": "t000008657", "svc": "payment", "phase": "start", "ts": 12819000, "status": 200}
{"id": "t000008657", "svc": "payment", "phase": "end", "ts": 12819100, "status": 200}
{"id": "t000008658", "svc": "auth", "phase": "start", "ts": 12820000, "status": 200}
{"id": "t000008658", "svc": "auth", "phase": "end", "ts": 12820100, "status": 200}
{"id": "t000008659", "svc": "gateway", "phase": "start", "ts": 12821000, "status": 200}
{"id": "t000008659", "svc": "gateway", "phase": "end", "ts": 12821100, "status": 200}
{"id": "t000008660", "svc": "payment", "phase": "start", "ts": 12822000, "status": 200}
{"id": "t000008660", "svc": "payment", "phase": "end", "ts": 12822100, "status": 200}
{"id": "t000008661", "svc": "auth", "phase": "start", "ts": 12823000, "status": 200}
{"id": "t000008661", "svc": "auth", "phase": "end", "ts": 12823100, "status": 200}
{"id": "t000008662", "svc": "gateway", "phase": "start", "ts": 12824000, "status": 200}
{"id": "t000008662", "svc": "gateway", "phase": "end", "ts": 12824100, "status": 200}
{"id": "t000008663", "svc": "payment", "phase": "start", "ts": 12825000, "status": 200}
{"id": "t000008663", "svc": "payment", "phase": "end", "ts": 12825100, "status": 200}
{"id": "t000008664", "svc": "auth", "phase": "start", "ts": 12826000, "status": 200}
{"id": "t000008664", "svc": "auth", "phase": "end", "ts": 12826100, "status": 500}
{"id": "t000008665", "svc": "gateway", "phase": "start", "ts": 12827000, "status": 200}
{"id": "t000008665", "svc": "gateway", "phase": "end", "ts": 12827100, "status": 200}
{"id": "t000008666", "svc": "payment", "phase": "start", "ts": 12828000, "status": 200}
{"id": "t000008666", "svc": "payment", "phase": "end", "ts": 12828100, "status": 200}
{"id": "t000008667", "svc": "auth", "phase": "start", "ts": 12829000, "status": 200}
{"id": "t000008667", "svc": "auth", "phase": "end", "ts": 12829100, "status": 200}
{"id": "t000008668", "svc": "gateway", "phase": "start", "ts": 12830000, "status": 200}
{"id": "t000008668", "svc": "gateway", "phase": "end", "ts": 12830100, "status": 200}
{"id": "t000008669", "svc": "payment", "phase": "start", "ts": 12831000, "status": 200}
{"id": "t000008669", "svc": "payment", "phase": "end", "ts": 12831100, "status": 200}
{"id": "t000008670", "svc": "auth", "phase": "start", "ts": 12832000, "status": 200}
{"id": "t000008670", "svc": "auth", "phase": "end", "ts": 12832100, "status": 200}
{"id": "t000008671", "svc": "gateway", "phase": "start", "ts": 12833000, "status": 200}
{"id": "t000008671", "svc": "gateway", "phase": "end", "ts": 12833100, "status": 200}
{"id": "t000008672", "svc": "payment", "phase": "start", "ts": 12834000, "status": 200}
{"id": "t000008672", "svc": "payment", "phase": "end", "ts": 12834100, "status": 500}
{"id": "t000008673", "svc": "auth", "phase": "start", "ts": 12835000, "status": 200}
{"id": "t000008673", "svc": "auth", "phase": "end", "ts": 12835100, "status": 200}
{"id": "t000008674", "svc": "gateway", "phase": "start", "ts": 12836000, "status": 200}
{"id": "t000008674", "svc": "gateway", "phase": "end", "ts": 12836100, "status": 200}
{"id": "t000008675", "svc": "payment", "phase": "start", "ts": 12837000, "status": 200}
{"id": "t000008675", "svc": "payment", "phase": "end", "ts": 12837100, "status": 200}
{"id": "t000008676", "svc": "auth", "phase": "start", "ts": 12838000, "status": 200}
{"id": "t000008676", "svc": "auth", "phase": "end", "ts": 12838100, "status": 200}
{"id": "t000008677", "svc": "gateway", "phase": "start", "ts": 12839000, "status": 200}
{"id": "t000008677", "svc": "gateway", "phase": "end", "ts": 12839100, "status": 200}
{"id": "t000008678", "svc": "payment", "phase": "start", "ts": 12840000, "status": 200}
{"id": "t000008678", "svc": "payment", "phase": "end", "ts": 12840100, "status": 200}
{"id": "t000008679", "svc": "auth", "phase": "start", "ts": 12841000, "status": 200}
{"id": "t000008679", "svc": "auth", "phase": "end", "ts": 12841100, "status": 200}
{"id": "t000008680", "svc": "gateway", "phase": "start", "ts": 12842000, "status": 200}
{"id": "t000008680", "svc": "gateway", "phase": "end", "ts": 12842100, "status": 500}
{"id": "t000008681", "svc": "payment", "phase": "start", "ts": 12843000, "status": 200}
{"id": "t000008681", "svc": "payment", "phase": "end", "ts": 12843100, "status": 200}
{"id": "t000008682", "svc": "auth", "phase": "start", "ts": 12844000, "status": 200}
{"id": "t000008682", "svc": "auth", "phase": "end", "ts": 12844100, "status": 200}
{"id": "t000008683", "svc": "gateway", "phase": "start", "ts": 12845000, "status": 200}
{"id": "t000008683", "svc": "gateway", "phase": "end", "ts": 12845100, "status": 200}
{"id": "t000008684", "svc": "payment", "phase": "start", "ts": 12846000, "status": 200}
{"id": "t000008684", "svc": "payment", "phase": "end", "ts": 12846100, "status": 200}
{"id": "t000008685", "svc": "auth", "phase": "start", "ts": 12847000, "status": 200}
{"id": "t000008685", "svc": "auth", "phase": "end", "ts": 12847100, "status": 200}
{"id": "t000008686", "svc": "gateway", "phase": "start", "ts": 12848000, "status": 200}
{"id": "t000008686", "svc": "gateway", "phase": "end", "ts": 12848100, "status": 200}
{"id": "t000008687", "svc": "payment", "phase": "start", "ts": 12849000, "status": 200}
{"id": "t000008687", "svc": "payment", "phase": "end", "ts": 12849100, "status": 200}
{"id": "t000008688", "svc": "auth", "phase": "start", "ts": 12850000, "status": 200}
{"id": "t000008688", "svc": "auth", "phase": "end", "ts": 12850100, "status": 500}
{"id": "t000008689", "svc": "gateway", "phase": "start", "ts": 12851000, "status": 200}
{"id": "t000008689", "svc": "gateway", "phase": "end", "ts": 12851100, "status": 200}
{"id": "t000008690", "svc": "payment", "phase": "start", "ts": 12852000, "status": 200}
{"id": "t000008690", "svc": "payment", "phase": "end", "ts": 12852100, "status": 200}
{"id": "t000008691", "svc": "auth", "phase": "start", "ts": 12853000, "status": 200}
{"id": "t000008691", "svc": "auth", "phase": "end", "ts": 12853100, "status": 200}
{"id": "t000008692", "svc": "gateway", "phase": "start", "ts": 12854000, "status": 200}
{"id": "t000008692", "svc": "gateway", "phase": "end", "ts": 12854100, "status": 200}
{"id": "t000008693", "svc": "payment", "phase": "start", "ts": 12855000, "status": 200}
{"id": "t000008693", "svc": "payment", "phase": "end", "ts": 12855100, "status": 200}
{"id": "t000008694", "svc": "auth", "phase": "start", "ts": 12856000, "status": 200}
{"id": "t000008694", "svc": "auth", "phase": "end", "ts": 12856100, "status": 200}
{"id": "t000008695", "svc": "gateway", "phase": "start", "ts": 12857000, "status": 200}
{"id": "t000008695", "svc": "gateway", "phase": "end", "ts": 12857100, "status": 200}
{"id": "t000008696", "svc": "payment", "phase": "start", "ts": 12858000, "status": 200}
{"id": "t000008696", "svc": "payment", "phase": "end", "ts": 12858100, "status": 500}
{"id": "t000008697", "svc": "auth", "phase": "start", "ts": 12859000, "status": 200}
{"id": "t000008697", "svc": "auth", "phase": "end", "ts": 12859100, "status": 200}
{"id": "t000008698", "svc": "gateway", "phase": "start", "ts": 12860000, "status": 200}
{"id": "t000008698", "svc": "gateway", "phase": "end", "ts": 12860100, "status": 200}
{"id": "t000008699", "svc": "payment", "phase": "start", "ts": 12861000, "status": 200}
{"id": "t000008699", "svc": "payment", "phase": "end", "ts": 12861100, "status": 200}
{"id": "t000008700", "svc": "auth", "phase": "start", "ts": 12862000, "status": 200}
{"id": "t000008700", "svc": "auth", "phase": "end", "ts": 12862100, "status": 200}
{"id": "t000008701", "svc": "gateway", "phase": "start", "ts": 12863000, "status": 200}
{"id": "t000008701", "svc": "gateway", "phase": "end", "ts": 12863100, "status": 200}
{"id": "t000008702", "svc": "payment", "phase": "start", "ts": 12864000, "status": 200}
{"id": "t000008702", "svc": "payment", "phase": "end", "ts": 12864100, "status": 200}
{"id": "t000008703", "svc": "auth", "phase": "start", "ts": 12865000, "status": 200}
{"id": "t000008703", "svc": "auth", "phase": "end", "ts": 12865100, "status": 200}
{"id": "t000008704", "svc": "gateway", "phase": "start", "ts": 12866000, "status": 200}
{"id": "t000008704", "svc": "gateway", "phase": "end", "ts": 12866100, "status": 500}
{"id": "t000008705", "svc": "payment", "phase": "start", "ts": 12867000, "status": 200}
{"id": "t000008705", "svc": "payment", "phase": "end", "ts": 12867100, "status": 200}
{"id": "t000008706", "svc": "auth", "phase": "start", "ts": 12868000, "status": 200}
{"id": "t000008706", "svc": "auth", "phase": "end", "ts": 12868100, "status": 200}
{"id": "t000008707", "svc": "gateway", "phase": "start", "ts": 12869000, "status": 200}
{"id": "t000008707", "svc": "gateway", "phase": "end", "ts": 12869100, "status": 200}
{"id": "t000008708", "svc": "payment", "phase": "start", "ts": 12870000, "status": 200}
{"id": "t000008708", "svc": "payment", "phase": "end", "ts": 12870100, "status": 200}
{"id": "t000008709", "svc": "auth", "phase": "start", "ts": 12871000, "status": 200}
{"id": "t000008709", "svc": "auth", "phase": "end", "ts": 12871100, "status": 200}
{"id": "t000008710", "svc": "gateway", "phase": "start", "ts": 12872000, "status": 200}
{"id": "t000008710", "svc": "gateway", "phase": "end", "ts": 12872100, "status": 200}
{"id": "t000008711", "svc": "payment", "phase": "start", "ts": 12873000, "status": 200}
{"id": "t000008711", "svc": "payment", "phase": "end", "ts": 12873100, "status": 200}
{"id": "t000008712", "svc": "auth", "phase": "start", "ts": 12874000, "status": 200}
{"id": "t000008712", "svc": "auth", "phase": "end", "ts": 12874100, "status": 500}
{"id": "t000008713", "svc": "gateway", "phase": "start", "ts": 12875000, "status": 200}
{"id": "t000008713", "svc": "gateway", "phase": "end", "ts": 12875100, "status": 200}
{"id": "t000008714", "svc": "payment", "phase": "start", "ts": 12876000, "status": 200}
{"id": "t000008714", "svc": "payment", "phase": "end", "ts": 12876100, "status": 200}
{"id": "t000008715", "svc": "auth", "phase": "start", "ts": 12877000, "status": 200}
{"id": "t000008715", "svc": "auth", "phase": "end", "ts": 12877100, "status": 200}
{"id": "t000008716", "svc": "gateway", "phase": "start", "ts": 12878000, "status": 200}
{"id": "t000008716", "svc": "gateway", "phase": "end", "ts": 12878100, "status": 200}
{"id": "t000008717", "svc": "payment", "phase": "start", "ts": 12879000, "status": 200}
{"id": "t000008717", "svc": "payment", "phase": "end", "ts": 12879100, "status": 200}
{"id": "t000008718", "svc": "auth", "phase": "start", "ts": 12880000, "status": 200}
{"id": "t000008718", "svc": "auth", "phase": "end", "ts": 12880100, "status": 200}
{"id": "t000008719", "svc": "gateway", "phase": "start", "ts": 12881000, "status": 200}
{"id": "t000008719", "svc": "gateway", "phase": "end", "ts": 12881100, "status": 200}
{"id": "t000008720", "svc": "payment", "phase": "start", "ts": 12882000, "status": 200}
{"id": "t000008720", "svc": "payment", "phase": "end", "ts": 12882100, "status": 500}
{"id": "t000008721", "svc": "auth", "phase": "start", "ts": 12883000, "status": 200}
{"id": "t000008721", "svc": "auth", "phase": "end", "ts": 12883100, "status": 200}
{"id": "t000008722", "svc": "gateway", "phase": "start", "ts": 12884000, "status": 200}
{"id": "t000008722", "svc": "gateway", "phase": "end", "ts": 12884100, "status": 200}
{"id": "t000008723", "svc": "payment", "phase": "start", "ts": 12885000, "status": 200}
{"id": "t000008723", "svc": "payment", "phase": "end", "ts": 12885100, "status": 200}
{"id": "t000008724", "svc": "auth", "phase": "start", "ts": 12886000, "status": 200}
{"id": "t000008724", "svc": "auth", "phase": "end", "ts": 12886100, "status": 200}
{"id": "t000008725", "svc": "gateway", "phase": "start", "ts": 12887000, "status": 200}
{"id": "t000008725", "svc": "gateway", "phase": "end", "ts": 12887100, "status": 200}
{"id": "t000008726", "svc": "payment", "phase": "start", "ts": 12888000, "status": 200}
{"id": "t000008726", "svc": "payment", "phase": "end", "ts": 12888100, "status": 200}
{"id": "t000008727", "svc": "auth", "phase": "start", "ts": 12889000, "status": 200}
{"id": "t000008727", "svc": "auth", "phase": "end", "ts": 12889100, "status": 200}
{"id": "t000008728", "svc": "gateway", "phase": "start", "ts": 12890000, "status": 200}
{"id": "t000008728", "svc": "gateway", "phase": "end", "ts": 12890100, "status": 500}
{"id": "t000008729", "svc": "payment", "phase": "start", "ts": 12891000, "status": 200}
{"id": "t000008729", "svc": "payment", "phase": "end", "ts": 12891100, "status": 200}
{"id": "t000008730", "svc": "auth", "phase": "start", "ts": 12892000, "status": 200}
{"id": "t000008730", "svc": "auth", "phase": "end", "ts": 12892100, "status": 200}
{"id": "t000008731", "svc": "gateway", "phase": "start", "ts": 12893000, "status": 200}
{"id": "t000008731", "svc": "gateway", "phase": "end", "ts": 12893100, "status": 200}
{"id": "t000008732", "svc": "payment", "phase": "start", "ts": 12894000, "status": 200}
{"id": "t000008732", "svc": "payment", "phase": "end", "ts": 12894100, "status": 200}
{"id": "t000008733", "svc": "auth", "phase": "start", "ts": 12895000, "status": 200}
{"id": "t000008733", "svc": "auth", "phase": "end", "ts": 12895100, "status": 200}
{"id": "t000008734", "svc": "gateway", "phase": "start", "ts": 12896000, "status": 200}
{"id": "t000008734", "svc": "gateway", "phase": "end", "ts": 12896100, "status": 200}
{"id": "t000008735", "svc": "payment", "phase": "start", "ts": 12897000, "status": 200}
{"id": "t000008735", "svc": "payment", "phase": "end", "ts": 12897100, "status": 200}
{"id": "t000008736", "svc": "auth", "phase": "start", "ts": 12898000, "status": 200}
{"id": "t000008736", "svc": "auth", "phase": "end", "ts": 12898100, "status": 500}
{"id": "t000008737", "svc": "gateway", "phase": "start", "ts": 12899000, "status": 200}
{"id": "t000008737", "svc": "gateway", "phase": "end", "ts": 12899100, "status": 200}
{"id": "t000008738", "svc": "payment", "phase": "start", "ts": 12900000, "status": 200}
{"id": "t000008738", "svc": "payment", "phase": "end", "ts": 12900100, "status": 200}
{"id": "t000008739", "svc": "auth", "phase": "start", "ts": 12901000, "status": 200}
{"id": "t000008739", "svc": "auth", "phase": "end", "ts": 12901100, "status": 200}
{"id": "t000008740", "svc": "gateway", "phase": "start", "ts": 12902000, "status": 200}
{"id": "t000008740", "svc": "gateway", "phase": "end", "ts": 12902100, "status": 200}
{"id": "t000008741", "svc": "payment", "phase": "start", "ts": 12903000, "status": 200}
{"id": "t000008741", "svc": "payment", "phase": "end", "ts": 12903100, "status": 200}
{"id": "t000008742", "svc": "auth", "phase": "start", "ts": 12904000, "status": 200}
{"id": "t000008742", "svc": "auth", "phase": "end", "ts": 12904100, "status": 200}
{"id": "t000008743", "svc": "gateway", "phase": "start", "ts": 12905000, "status": 200}
{"id": "t000008743", "svc": "gateway", "phase": "end", "ts": 12905100, "status": 200}
{"id": "t000008744", "svc": "payment", "phase": "start", "ts": 12906000, "status": 200}
{"id": "t000008744", "svc": "payment", "phase": "end", "ts": 12906100, "status": 500}
{"id": "t000008745", "svc": "auth", "phase": "start", "ts": 12907000, "status": 200}
{"id": "t000008745", "svc": "auth", "phase": "end", "ts": 12907100, "status": 200}
{"id": "t000008746", "svc": "gateway", "phase": "start", "ts": 12908000, "status": 200}
{"id": "t000008746", "svc": "gateway", "phase": "end", "ts": 12908100, "status": 200}
{"id": "t000008747", "svc": "payment", "phase": "start", "ts": 12909000, "status": 200}
{"id": "t000008747", "svc": "payment", "phase": "end", "ts": 12909100, "status": 200}
{"id": "t000008748", "svc": "auth", "phase": "start", "ts": 12910000, "status": 200}
{"id": "t000008748", "svc": "auth", "phase": "end", "ts": 12910100, "status": 200}
{"id": "t000008749", "svc": "gateway", "phase": "start", "ts": 12911000, "status": 200}
{"id": "t000008749", "svc": "gateway", "phase": "end", "ts": 12911100, "status": 200}
{"id": "t000008750", "svc": "payment", "phase": "start", "ts": 12912000, "status": 200}
{"id": "t000008750", "svc": "payment", "phase": "end", "ts": 12912900, "status": 200}
{"id": "t000008751", "svc": "auth", "phase": "start", "ts": 12913000, "status": 200}
{"id": "t000008751", "svc": "auth", "phase": "end", "ts": 12913900, "status": 200}
{"id": "t000008752", "svc": "gateway", "phase": "start", "ts": 12914000, "status": 200}
{"id": "t000008752", "svc": "gateway", "phase": "end", "ts": 12914900, "status": 500}
{"id": "t000008753", "svc": "payment", "phase": "start", "ts": 12915000, "status": 200}
{"id": "t000008753", "svc": "payment", "phase": "end", "ts": 12915900, "status": 200}
{"id": "t000008754", "svc": "auth", "phase": "start", "ts": 12916000, "status": 200}
{"id": "t000008754", "svc": "auth", "phase": "end", "ts": 12916900, "status": 200}
{"id": "t000008755", "svc": "gateway", "phase": "start", "ts": 12917000, "status": 200}
{"id": "t000008755", "svc": "gateway", "phase": "end", "ts": 12917900, "status": 200}
{"id": "t000008756", "svc": "payment", "phase": "start", "ts": 12918000, "status": 200}
{"id": "t000008756", "svc": "payment", "phase": "end", "ts": 12918900, "status": 200}
{"id": "t000008757", "svc": "auth", "phase": "start", "ts": 12919000, "status": 200}
{"id": "t000008757", "svc": "auth", "phase": "end", "ts": 12919900, "status": 200}
{"id": "t000008758", "svc": "gateway", "phase": "start", "ts": 12920000, "status": 200}
{"id": "t000008758", "svc": "gateway", "phase": "end", "ts": 12920900, "status": 200}
{"id": "t000008759", "svc": "payment", "phase": "start", "ts": 12921000, "status": 200}
{"id": "t000008759", "svc": "payment", "phase": "end", "ts": 12921900, "status": 200}
{"id": "t000008760", "svc": "auth", "phase": "start", "ts": 12922000, "status": 200}
{"id": "t000008760", "svc": "auth", "phase": "end", "ts": 12922900, "status": 500}
{"id": "t000008761", "svc": "gateway", "phase": "start", "ts": 12923000, "status": 200}
{"id": "t000008761", "svc": "gateway", "phase": "end", "ts": 12923900, "status": 200}
{"id": "t000008762", "svc": "payment", "phase": "start", "ts": 12924000, "status": 200}
{"id": "t000008762", "svc": "payment", "phase": "end", "ts": 12924900, "status": 200}
{"id": "t000008763", "svc": "auth", "phase": "start", "ts": 12925000, "status": 200}
{"id": "t000008763", "svc": "auth", "phase": "end", "ts": 12925900, "status": 200}
{"id": "t000008764", "svc": "gateway", "phase": "start", "ts": 12926000, "status": 200}
{"id": "t000008764", "svc": "gateway", "phase": "end", "ts": 12926900, "status": 200}
{"id": "t000008765", "svc": "payment", "phase": "start", "ts": 12927000, "status": 200}
{"id": "t000008765", "svc": "payment", "phase": "end", "ts": 12927900, "status": 200}
{"id": "t000008766", "svc": "auth", "phase": "start", "ts": 12928000, "status": 200}
{"id": "t000008766", "svc": "auth", "phase": "end", "ts": 12928900, "status": 200}
{"id": "t000008767", "svc": "gateway", "phase": "start", "ts": 12929000, "status": 200}
{"id": "t000008767", "svc": "gateway", "phase": "end", "ts": 12929900, "status": 200}
{"id": "t000008768", "svc": "payment", "phase": "start", "ts": 12930000, "status": 200}
{"id": "t000008768", "svc": "payment", "phase": "end", "ts": 12930900, "status": 500}
{"id": "t000008769", "svc": "auth", "phase": "start", "ts": 12931000, "status": 200}
{"id": "t000008769", "svc": "auth", "phase": "end", "ts": 12931900, "status": 200}
{"id": "t000008770", "svc": "gateway", "phase": "start", "ts": 12932000, "status": 200}
{"id": "t000008770", "svc": "gateway", "phase": "end", "ts": 12932900, "status": 200}
{"id": "t000008771", "svc": "payment", "phase": "start", "ts": 12933000, "status": 200}
{"id": "t000008771", "svc": "payment", "phase": "end", "ts": 12933900, "status": 200}
{"id": "t000008772", "svc": "auth", "phase": "start", "ts": 12934000, "status": 200}
{"id": "t000008772", "svc": "auth", "phase": "end", "ts": 12934900, "status": 200}
{"id": "t000008773", "svc": "gateway", "phase": "start", "ts": 12935000, "status": 200}
{"id": "t000008773", "svc": "gateway", "phase": "end", "ts": 12935900, "status": 200}
{"id": "t000008774", "svc": "payment", "phase": "start", "ts": 12936000, "status": 200}
{"id": "t000008774", "svc": "payment", "phase": "end", "ts": 12936900, "status": 200}
{"id": "t000008775", "svc": "auth", "phase": "start", "ts": 12937000, "status": 200}
{"id": "t000008775", "svc": "auth", "phase": "end", "ts": 12937900, "status": 200}
{"id": "t000008776", "svc": "gateway", "phase": "start", "ts": 12938000, "status": 200}
{"id": "t000008776", "svc": "gateway", "phase": "end", "ts": 12938900, "status": 500}
{"id": "t000008777", "svc": "payment", "phase": "start", "ts": 12939000, "status": 200}
{"id": "t000008777", "svc": "payment", "phase": "end", "ts": 12939900, "status": 200}
{"id": "t000008778", "svc": "auth", "phase": "start", "ts": 12940000, "status": 200}
{"id": "t000008778", "svc": "auth", "phase": "end", "ts": 12940900, "status": 200}
{"id": "t000008779", "svc": "gateway", "phase": "start", "ts": 12941000, "status": 200}
{"id": "t000008779", "svc": "gateway", "phase": "end", "ts": 12941900, "status": 200}
{"id": "t000008780", "svc": "payment", "phase": "start", "ts": 12942000, "status": 200}
{"id": "t000008780", "svc": "payment", "phase": "end", "ts": 12942900, "status": 200}
{"id": "t000008781", "svc": "auth", "phase": "start", "ts": 12943000, "status": 200}
{"id": "t000008781", "svc": "auth", "phase": "end", "ts": 12943900, "status": 200}
{"id": "t000008782", "svc": "gateway", "phase": "start", "ts": 12944000, "status": 200}
{"id": "t000008782", "svc": "gateway", "phase": "end", "ts": 12944900, "status": 200}
{"id": "t000008783", "svc": "payment", "phase": "start", "ts": 12945000, "status": 200}
{"id": "t000008783", "svc": "payment", "phase": "end", "ts": 12945900, "status": 200}
{"id": "t000008784", "svc": "auth", "phase": "start", "ts": 12946000, "status": 200}
{"id": "t000008784", "svc": "auth", "phase": "end", "ts": 12946900, "status": 500}
{"id": "t000008785", "svc": "gateway", "phase": "start", "ts": 12947000, "status": 200}
{"id": "t000008785", "svc": "gateway", "phase": "end", "ts": 12947900, "status": 200}
{"id": "t000008786", "svc": "payment", "phase": "start", "ts": 12948000, "status": 200}
{"id": "t000008786", "svc": "payment", "phase": "end", "ts": 12948900, "status": 200}
{"id": "t000008787", "svc": "auth", "phase": "start", "ts": 12949000, "status": 200}
{"id": "t000008787", "svc": "auth", "phase": "end", "ts": 12949900, "status": 200}
{"id": "t000008788", "svc": "gateway", "phase": "start", "ts": 12950000, "status": 200}
{"id": "t000008788", "svc": "gateway", "phase": "end", "ts": 12950900, "status": 200}
{"id": "t000008789", "svc": "payment", "phase": "start", "ts": 12951000, "status": 200}
{"id": "t000008789", "svc": "payment", "phase": "end", "ts": 12951900, "status": 200}
{"id": "t000008790", "svc": "auth", "phase": "start", "ts": 12952000, "status": 200}
{"id": "t000008790", "svc": "auth", "phase": "end", "ts": 12952900, "status": 200}
{"id": "t000008791", "svc": "gateway", "phase": "start", "ts": 12953000, "status": 200}
{"id": "t000008791", "svc": "gateway", "phase": "end", "ts": 12953900, "status": 200}
{"id": "t000008792", "svc": "payment", "phase": "start", "ts": 12954000, "status": 200}
{"id": "t000008792", "svc": "payment", "phase": "end", "ts": 12954900, "status": 500}
{"id": "t000008793", "svc": "auth", "phase": "start", "ts": 12955000, "status": 200}
{"id": "t000008793", "svc": "auth", "phase": "end", "ts": 12955900, "status": 200}
{"id": "t000008794", "svc": "gateway", "phase": "start", "ts": 12956000, "status": 200}
{"id": "t000008794", "svc": "gateway", "phase": "end", "ts": 12956900, "status": 200}
{"id": "t000008795", "svc": "payment", "phase": "start", "ts": 12957000, "status": 200}
{"id": "t000008795", "svc": "payment", "phase": "end", "ts": 12957900, "status": 200}
{"id": "t000008796", "svc": "auth", "phase": "start", "ts": 12958000, "status": 200}
{"id": "t000008796", "svc": "auth", "phase": "end", "ts": 12958900, "status": 200}
{"id": "t000008797", "svc": "gateway", "phase": "start", "ts": 12959000, "status": 200}
{"id": "t000008797", "svc": "gateway", "phase": "end", "ts": 12959900, "status": 200}
{"id": "t000008798", "svc": "payment", "phase": "start", "ts": 12960000, "status": 200}
{"id": "t000008798", "svc": "payment", "phase": "end", "ts": 12960900, "status": 200}
{"id": "t000008799", "svc": "auth", "phase": "start", "ts": 12961000, "status": 200}
{"id": "t000008799", "svc": "auth", "phase": "end", "ts": 12961900, "status": 200}
{"id": "t000008800", "svc": "gateway", "phase": "start", "ts": 12962000, "status": 200}
{"id": "t000008800", "svc": "gateway", "phase": "end", "ts": 12962900, "status": 500}
{"id": "t000008801", "svc": "payment", "phase": "start", "ts": 12963000, "status": 200}
{"id": "t000008801", "svc": "payment", "phase": "end", "ts": 12963900, "status": 200}
{"id": "t000008802", "svc": "auth", "phase": "start", "ts": 12964000, "status": 200}
{"id": "t000008802", "svc": "auth", "phase": "end", "ts": 12964900, "status": 200}
{"id": "t000008803", "svc": "gateway", "phase": "start", "ts": 12965000, "status": 200}
{"id": "t000008803", "svc": "gateway", "phase": "end", "ts": 12965900, "status": 200}
{"id": "t000008804", "svc": "payment", "phase": "start", "ts": 12966000, "status": 200}
{"id": "t000008804", "svc": "payment", "phase": "end", "ts": 12966900, "status": 200}
{"id": "t000008805", "svc": "auth", "phase": "start", "ts": 12967000, "status": 200}
{"id": "t000008805", "svc": "auth", "phase": "end", "ts": 12967900, "status": 200}
{"id": "t000008806", "svc": "gateway", "phase": "start", "ts": 12968000, "status": 200}
{"id": "t000008806", "svc": "gateway", "phase": "end", "ts": 12968900, "status": 200}
{"id": "t000008807", "svc": "payment", "phase": "start", "ts": 12969000, "status": 200}
{"id": "t000008807", "svc": "payment", "phase": "end", "ts": 12969900, "status": 200}
{"id": "t000008808", "svc": "auth", "phase": "start", "ts": 12970000, "status": 200}
{"id": "t000008808", "svc": "auth", "phase": "end", "ts": 12970900, "status": 500}
{"id": "t000008809", "svc": "gateway", "phase": "start", "ts": 12971000, "status": 200}
{"id": "t000008809", "svc": "gateway", "phase": "end", "ts": 12971900, "status": 200}
{"id": "t000008810", "svc": "payment", "phase": "start", "ts": 12972000, "status": 200}
{"id": "t000008810", "svc": "payment", "phase": "end", "ts": 12972900, "status": 200}
{"id": "t000008811", "svc": "auth", "phase": "start", "ts": 12973000, "status": 200}
{"id": "t000008811", "svc": "auth", "phase": "end", "ts": 12973900, "status": 200}
{"id": "t000008812", "svc": "gateway", "phase": "start", "ts": 12974000, "status": 200}
{"id": "t000008812", "svc": "gateway", "phase": "end", "ts": 12974900, "status": 200}
{"id": "t000008813", "svc": "payment", "phase": "start", "ts": 12975000, "status": 200}
{"id": "t000008813", "svc": "payment", "phase": "end", "ts": 12975900, "status": 200}
{"id": "t000008814", "svc": "auth", "phase": "start", "ts": 12976000, "status": 200}
{"id": "t000008814", "svc": "auth", "phase": "end", "ts": 12976900, "status": 200}
{"id": "t000008815", "svc": "gateway", "phase": "start", "ts": 12977000, "status": 200}
{"id": "t000008815", "svc": "gateway", "phase": "end", "ts": 12977900, "status": 200}
{"id": "t000008816", "svc": "payment", "phase": "start", "ts": 12978000, "status": 200}
{"id": "t000008816", "svc": "payment", "phase": "end", "ts": 12978900, "status": 500}
{"id": "t000008817", "svc": "auth", "phase": "start", "ts": 12979000, "status": 200}
{"id": "t000008817", "svc": "auth", "phase": "end", "ts": 12979900, "status": 200}
{"id": "t000008818", "svc": "gateway", "phase": "start", "ts": 12980000, "status": 200}
{"id": "t000008818", "svc": "gateway", "phase": "end", "ts": 12980900, "status": 200}
{"id": "t000008819", "svc": "payment", "phase": "start", "ts": 12981000, "status": 200}
{"id": "t000008819", "svc": "payment", "phase": "end", "ts": 12981900, "status": 200}
{"id": "t000008820", "svc": "auth", "phase": "start", "ts": 12982000, "status": 200}
{"id": "t000008820", "svc": "auth", "phase": "end", "ts": 12982900, "status": 200}
{"id": "t000008821", "svc": "gateway", "phase": "start", "ts": 12983000, "status": 200}
{"id": "t000008821", "svc": "gateway", "phase": "end", "ts": 12983900, "status": 200}
{"id": "t000008822", "svc": "payment", "phase": "start", "ts": 12984000, "status": 200}
{"id": "t000008822", "svc": "payment", "phase": "end", "ts": 12984900, "status": 200}
{"id": "t000008823", "svc": "auth", "phase": "start", "ts": 12985000, "status": 200}
{"id": "t000008823", "svc": "auth", "phase": "end", "ts": 12985900, "status": 200}
{"id": "t000008824", "svc": "gateway", "phase": "start", "ts": 12986000, "status": 200}
{"id": "t000008824", "svc": "gateway", "phase": "end", "ts": 12986900, "status": 500}
{"id": "t000008825", "svc": "payment", "phase": "start", "ts": 12987000, "status": 200}
{"id": "t000008825", "svc": "payment", "phase": "end", "ts": 12987900, "status": 200}
{"id": "t000008826", "svc": "auth", "phase": "start", "ts": 12988000, "status": 200}
{"id": "t000008826", "svc": "auth", "phase": "end", "ts": 12988900, "status": 200}
{"id": "t000008827", "svc": "gateway", "phase": "start", "ts": 12989000, "status": 200}
{"id": "t000008827", "svc": "gateway", "phase": "end", "ts": 12989900, "status": 200}
{"id": "t000008828", "svc": "payment", "phase": "start", "ts": 12990000, "status": 200}
{"id": "t000008828", "svc": "payment", "phase": "end", "ts": 12990900, "status": 200}
{"id": "t000008829", "svc": "auth", "phase": "start", "ts": 12991000, "status": 200}
{"id": "t000008829", "svc": "auth", "phase": "end", "ts": 12991900, "status": 200}
{"id": "t000008830", "svc": "gateway", "phase": "start", "ts": 12992000, "status": 200}
{"id": "t000008830", "svc": "gateway", "phase": "end", "ts": 12992900, "status": 200}
{"id": "t000008831", "svc": "payment", "phase": "start", "ts": 12993000, "status": 200}
{"id": "t000008831", "svc": "payment", "phase": "end", "ts": 12993900, "status": 200}
{"id": "t000008832", "svc": "auth", "phase": "start", "ts": 12994000, "status": 200}
{"id": "t000008832", "svc": "auth", "phase": "end", "ts": 12994900, "status": 500}
{"id": "t000008833", "svc": "gateway", "phase": "start", "ts": 12995000, "status": 200}
{"id": "t000008833", "svc": "gateway", "phase": "end", "ts": 12995900, "status": 200}
{"id": "t000008834", "svc": "payment", "phase": "start", "ts": 12996000, "status": 200}
{"id": "t000008834", "svc": "payment", "phase": "end", "ts": 12996900, "status": 200}
{"id": "t000008835", "svc": "auth", "phase": "start", "ts": 12997000, "status": 200}
{"id": "t000008835", "svc": "auth", "phase": "end", "ts": 12997900, "status": 200}
{"id": "t000008836", "svc": "gateway", "phase": "start", "ts": 12998000, "status": 200}
{"id": "t000008836", "svc": "gateway", "phase": "end", "ts": 12998900, "status": 200}
{"id": "t000008837", "svc": "payment", "phase": "start", "ts": 12999000, "status": 200}
{"id": "t000008837", "svc": "payment", "phase": "end", "ts": 12999900, "status": 200}
{"id": "t000008838", "svc": "auth", "phase": "start", "ts": 13000000, "status": 200}
{"id": "t000008838", "svc": "auth", "phase": "end", "ts": 13000900, "status": 200}
{"id": "t000008839", "svc": "gateway", "phase": "start", "ts": 13001000, "status": 200}
{"id": "t000008839", "svc": "gateway", "phase": "end", "ts": 13001900, "status": 200}
{"id": "t000008840", "svc": "payment", "phase": "start", "ts": 13002000, "status": 200}
{"id": "t000008840", "svc": "payment", "phase": "end", "ts": 13002900, "status": 500}
{"id": "t000008841", "svc": "auth", "phase": "start", "ts": 13003000, "status": 200}
{"id": "t000008841", "svc": "auth", "phase": "end", "ts": 13003900, "status": 200}
{"id": "t000008842", "svc": "gateway", "phase": "start", "ts": 13004000, "status": 200}
{"id": "t000008842", "svc": "gateway", "phase": "end", "ts": 13004900, "status": 200}
{"id": "t000008843", "svc": "payment", "phase": "start", "ts": 13005000, "status": 200}
{"id": "t000008843", "svc": "payment", "phase": "end", "ts": 13005900, "status": 200}
{"id": "t000008844", "svc": "auth", "phase": "start", "ts": 13006000, "status": 200}
{"id": "t000008844", "svc": "auth", "phase": "end", "ts": 13006900, "status": 200}
{"id": "t000008845", "svc": "gateway", "phase": "start", "ts": 13007000, "status": 200}
{"id": "t000008845", "svc": "gateway", "phase": "end", "ts": 13007900, "status": 200}
{"id": "t000008846", "svc": "payment", "phase": "start", "ts": 13008000, "status": 200}
{"id": "t000008846", "svc": "payment", "phase": "end", "ts": 13008900, "status": 200}
{"id": "t000008847", "svc": "auth", "phase": "start", "ts": 13009000, "status": 200}
{"id": "t000008847", "svc": "auth", "phase": "end", "ts": 13009900, "status": 200}
{"id": "t000008848", "svc": "gateway", "phase": "start", "ts": 13010000, "status": 200}
{"id": "t000008848", "svc": "gateway", "phase": "end", "ts": 13010900, "status": 500}
{"id": "t000008849", "svc": "payment", "phase": "start", "ts": 13011000, "status": 200}
{"id": "t000008849", "svc": "payment", "phase": "end", "ts": 13011900, "status": 200}
{"id": "t000008850", "svc": "auth", "phase": "start", "ts": 13012000, "status": 200}
{"id": "t000008850", "svc": "auth", "phase": "end", "ts": 13012900, "status": 200}
{"id": "t000008851", "svc": "gateway", "phase": "start", "ts": 13013000, "status": 200}
{"id": "t000008851", "svc": "gateway", "phase": "end", "ts": 13013900, "status": 200}
{"id": "t000008852", "svc": "payment", "phase": "start", "ts": 13014000, "status": 200}
{"id": "t000008852", "svc": "payment", "phase": "end", "ts": 13014900, "status": 200}
{"id": "t000008853", "svc": "auth", "phase": "start", "ts": 13015000, "status": 200}
{"id": "t000008853", "svc": "auth", "phase": "end", "ts": 13015900, "status": 200}
{"id": "t000008854", "svc": "gateway", "phase": "start", "ts": 13016000, "status": 200}
{"id": "t000008854", "svc": "gateway", "phase": "end", "ts": 13016900, "status": 200}
{"id": "t000008855", "svc": "payment", "phase": "start", "ts": 13017000, "status": 200}
{"id": "t000008855", "svc": "payment", "phase": "end", "ts": 13017900, "status": 200}
{"id": "t000008856", "svc": "auth", "phase": "start", "ts": 13018000, "status": 200}
{"id": "t000008856", "svc": "auth", "phase": "end", "ts": 13018900, "status": 500}
{"id": "t000008857", "svc": "gateway", "phase": "start", "ts": 13019000, "status": 200}
{"id": "t000008857", "svc": "gateway", "phase": "end", "ts": 13019900, "status": 200}
{"id": "t000008858", "svc": "payment", "phase": "start", "ts": 13020000, "status": 200}
{"id": "t000008858", "svc": "payment", "phase": "end", "ts": 13020900, "status": 200}
{"id": "t000008859", "svc": "auth", "phase": "start", "ts": 13021000, "status": 200}
{"id": "t000008859", "svc": "auth", "phase": "end", "ts": 13021900, "status": 200}
{"id": "t000008860", "svc": "gateway", "phase": "start", "ts": 13022000, "status": 200}
{"id": "t000008860", "svc": "gateway", "phase": "end", "ts": 13022900, "status": 200}
{"id": "t000008861", "svc": "payment", "phase": "start", "ts": 13023000, "status": 200}
{"id": "t000008861", "svc": "payment", "phase": "end", "ts": 13023900, "status": 200}
{"id": "t000008862", "svc": "auth", "phase": "start", "ts": 13024000, "status": 200}
{"id": "t000008862", "svc": "auth", "phase": "end", "ts": 13024900, "status": 200}
{"id": "t000008863", "svc": "gateway", "phase": "start", "ts": 13025000, "status": 200}
{"id": "t000008863", "svc": "gateway", "phase": "end", "ts": 13025900, "status": 200}
{"id": "t000008864", "svc": "payment", "phase": "start", "ts": 13026000, "status": 200}
{"id": "t000008864", "svc": "payment", "phase": "end", "ts": 13026900, "status": 500}
{"id": "t000008865", "svc": "auth", "phase": "start", "ts": 13027000, "status": 200}
{"id": "t000008865", "svc": "auth", "phase": "end", "ts": 13027900, "status": 200}
{"id": "t000008866", "svc": "gateway", "phase": "start", "ts": 13028000, "status": 200}
{"id": "t000008866", "svc": "gateway", "phase": "end", "ts": 13028900, "status": 200}
{"id": "t000008867", "svc": "payment", "phase": "start", "ts": 13029000, "status": 200}
{"id": "t000008867", "svc": "payment", "phase": "end", "ts": 13029900, "status": 200}
{"id": "t000008868", "svc": "auth", "phase": "start", "ts": 13030000, "status": 200}
{"id": "t000008868", "svc": "auth", "phase": "end", "ts": 13030900, "status": 200}
{"id": "t000008869", "svc": "gateway", "phase": "start", "ts": 13031000, "status": 200}
{"id": "t000008869", "svc": "gateway", "phase": "end", "ts": 13031900, "status": 200}
{"id": "t000008870", "svc": "payment", "phase": "start", "ts": 13032000, "status": 200}
{"id": "t000008870", "svc": "payment", "phase": "end", "ts": 13032900, "status": 200}
{"id": "t000008871", "svc": "auth", "phase": "start", "ts": 13033000, "status": 200}
{"id": "t000008871", "svc": "auth", "phase": "end", "ts": 13033900, "status": 200}
{"id": "t000008872", "svc": "gateway", "phase": "start", "ts": 13034000, "status": 200}
{"id": "t000008872", "svc": "gateway", "phase": "end", "ts": 13034900, "status": 500}
{"id": "t000008873", "svc": "payment", "phase": "start", "ts": 13035000, "status": 200}
{"id": "t000008873", "svc": "payment", "phase": "end", "ts": 13035900, "status": 200}
{"id": "t000008874", "svc": "auth", "phase": "start", "ts": 13036000, "status": 200}
{"id": "t000008874", "svc": "auth", "phase": "end", "ts": 13036900, "status": 200}
{"id": "t000008875", "svc": "gateway", "phase": "start", "ts": 13037000, "status": 200}
{"id": "t000008875", "svc": "gateway", "phase": "end", "ts": 13037900, "status": 200}
{"id": "t000008876", "svc": "payment", "phase": "start", "ts": 13038000, "status": 200}
{"id": "t000008876", "svc": "payment", "phase": "end", "ts": 13038900, "status": 200}
{"id": "t000008877", "svc": "auth", "phase": "start", "ts": 13039000, "status": 200}
{"id": "t000008877", "svc": "auth", "phase": "end", "ts": 13039900, "status": 200}
{"id": "t000008878", "svc": "gateway", "phase": "start", "ts": 13040000, "status": 200}
{"id": "t000008878", "svc": "gateway", "phase": "end", "ts": 13040900, "status": 200}
{"id": "t000008879", "svc": "payment", "phase": "start", "ts": 13041000, "status": 200}
{"id": "t000008879", "svc": "payment", "phase": "end", "ts": 13041900, "status": 200}
{"id": "t000008880", "svc": "auth", "phase": "start", "ts": 13042000, "status": 200}
{"id": "t000008880", "svc": "auth", "phase": "end", "ts": 13042900, "status": 500}
{"id": "t000008881", "svc": "gateway", "phase": "start", "ts": 13043000, "status": 200}
{"id": "t000008881", "svc": "gateway", "phase": "end", "ts": 13043900, "status": 200}
{"id": "t000008882", "svc": "payment", "phase": "start", "ts": 13044000, "status": 200}
{"id": "t000008882", "svc": "payment", "phase": "end", "ts": 13044900, "status": 200}
{"id": "t000008883", "svc": "auth", "phase": "start", "ts": 13045000, "status": 200}
{"id": "t000008883", "svc": "auth", "phase": "end", "ts": 13045900, "status": 200}
{"id": "t000008884", "svc": "gateway", "phase": "start", "ts": 13046000, "status": 200}
{"id": "t000008884", "svc": "gateway", "phase": "end", "ts": 13046900, "status": 200}
{"id": "t000008885", "svc": "payment", "phase": "start", "ts": 13047000, "status": 200}
{"id": "t000008885", "svc": "payment", "phase": "end", "ts": 13047900, "status": 200}
{"id": "t000008886", "svc": "auth", "phase": "start", "ts": 13048000, "status": 200}
{"id": "t000008886", "svc": "auth", "phase": "end", "ts": 13048900, "status": 200}
{"id": "t000008887", "svc": "gateway", "phase": "start", "ts": 13049000, "status": 200}
{"id": "t000008887", "svc": "gateway", "phase": "end", "ts": 13049900, "status": 200}
{"id": "t000008888", "svc": "payment", "phase": "start", "ts": 13050000, "status": 200}
{"id": "t000008888", "svc": "payment", "phase": "end", "ts": 13050900, "status": 500}
{"id": "t000008889", "svc": "auth", "phase": "start", "ts": 13051000, "status": 200}
{"id": "t000008889", "svc": "auth", "phase": "end", "ts": 13051900, "status": 200}
{"id": "t000008890", "svc": "gateway", "phase": "start", "ts": 13052000, "status": 200}
{"id": "t000008890", "svc": "gateway", "phase": "end", "ts": 13052900, "status": 200}
{"id": "t000008891", "svc": "payment", "phase": "start", "ts": 13053000, "status": 200}
{"id": "t000008891", "svc": "payment", "phase": "end", "ts": 13053900, "status": 200}
{"id": "t000008892", "svc": "auth", "phase": "start", "ts": 13054000, "status": 200}
{"id": "t000008892", "svc": "auth", "phase": "end", "ts": 13054900, "status": 200}
{"id": "t000008893", "svc": "gateway", "phase": "start", "ts": 13055000, "status": 200}
{"id": "t000008893", "svc": "gateway", "phase": "end", "ts": 13055900, "status": 200}
{"id": "t000008894", "svc": "payment", "phase": "start", "ts": 13056000, "status": 200}
{"id": "t000008894", "svc": "payment", "phase": "end", "ts": 13056900, "status": 200}
{"id": "t000008895", "svc": "auth", "phase": "start", "ts": 13057000, "status": 200}
{"id": "t000008895", "svc": "auth", "phase": "end", "ts": 13057900, "status": 200}
{"id": "t000008896", "svc": "gateway", "phase": "start", "ts": 13058000, "status": 200}
{"id": "t000008896", "svc": "gateway", "phase": "end", "ts": 13058900, "status": 500}
{"id": "t000008897", "svc": "payment", "phase": "start", "ts": 13059000, "status": 200}
{"id": "t000008897", "svc": "payment", "phase": "end", "ts": 13059900, "status": 200}
{"id": "t000008898", "svc": "auth", "phase": "start", "ts": 13060000, "status": 200}
{"id": "t000008898", "svc": "auth", "phase": "end", "ts": 13060900, "status": 200}
{"id": "t000008899", "svc": "gateway", "phase": "start", "ts": 13061000, "status": 200}
{"id": "t000008899", "svc": "gateway", "phase": "end", "ts": 13061900, "status": 200}
{"id": "t000008900", "svc": "payment", "phase": "start", "ts": 13062000, "status": 200}
{"id": "t000008900", "svc": "payment", "phase": "end", "ts": 13062900, "status": 200}
{"id": "t000008901", "svc": "auth", "phase": "start", "ts": 13063000, "status": 200}
{"id": "t000008901", "svc": "auth", "phase": "end", "ts": 13063900, "status": 200}
{"id": "t000008902", "svc": "gateway", "phase": "start", "ts": 13064000, "status": 200}
{"id": "t000008902", "svc": "gateway", "phase": "end", "ts": 13064900, "status": 200}
{"id": "t000008903", "svc": "payment", "phase": "start", "ts": 13065000, "status": 200}
{"id": "t000008903", "svc": "payment", "phase": "end", "ts": 13065900, "status": 200}
{"id": "t000008904", "svc": "auth", "phase": "start", "ts": 13066000, "status": 200}
{"id": "t000008904", "svc": "auth", "phase": "end", "ts": 13066900, "status": 500}
{"id": "t000008905", "svc": "gateway", "phase": "start", "ts": 13067000, "status": 200}
{"id": "t000008905", "svc": "gateway", "phase": "end", "ts": 13067900, "status": 200}
{"id": "t000008906", "svc": "payment", "phase": "start", "ts": 13068000, "status": 200}
{"id": "t000008906", "svc": "payment", "phase": "end", "ts": 13068900, "status": 200}
{"id": "t000008907", "svc": "auth", "phase": "start", "ts": 13069000, "status": 200}
{"id": "t000008907", "svc": "auth", "phase": "end", "ts": 13069900, "status": 200}
{"id": "t000008908", "svc": "gateway", "phase": "start", "ts": 13070000, "status": 200}
{"id": "t000008908", "svc": "gateway", "phase": "end", "ts": 13070900, "status": 200}
{"id": "t000008909", "svc": "payment", "phase": "start", "ts": 13071000, "status": 200}
{"id": "t000008909", "svc": "payment", "phase": "end", "ts": 13071900, "status": 200}
{"id": "t000008910", "svc": "auth", "phase": "start", "ts": 13072000, "status": 200}
{"id": "t000008910", "svc": "auth", "phase": "end", "ts": 13072900, "status": 200}
{"id": "t000008911", "svc": "gateway", "phase": "start", "ts": 13073000, "status": 200}
{"id": "t000008911", "svc": "gateway", "phase": "end", "ts": 13073900, "status": 200}
{"id": "t000008912", "svc": "payment", "phase": "start", "ts": 13074000, "status": 200}
{"id": "t000008912", "svc": "payment", "phase": "end", "ts": 13074900, "status": 500}
{"id": "t000008913", "svc": "auth", "phase": "start", "ts": 13075000, "status": 200}
{"id": "t000008913", "svc": "auth", "phase": "end", "ts": 13075900, "status": 200}
{"id": "t000008914", "svc": "gateway", "phase": "start", "ts": 13076000, "status": 200}
{"id": "t000008914", "svc": "gateway", "phase": "end", "ts": 13076900, "status": 200}
{"id": "t000008915", "svc": "payment", "phase": "start", "ts": 13077000, "status": 200}
{"id": "t000008915", "svc": "payment", "phase": "end", "ts": 13077900, "status": 200}
{"id": "t000008916", "svc": "auth", "phase": "start", "ts": 13078000, "status": 200}
{"id": "t000008916", "svc": "auth", "phase": "end", "ts": 13078900, "status": 200}
{"id": "t000008917", "svc": "gateway", "phase": "start", "ts": 13079000, "status": 200}
{"id": "t000008917", "svc": "gateway", "phase": "end", "ts": 13079900, "status": 200}
{"id": "t000008918", "svc": "payment", "phase": "start", "ts": 13080000, "status": 200}
{"id": "t000008918", "svc": "payment", "phase": "end", "ts": 13080900, "status": 200}
{"id": "t000008919", "svc": "auth", "phase": "start", "ts": 13081000, "status": 200}
{"id": "t000008919", "svc": "auth", "phase": "end", "ts": 13081900, "status": 200}
{"id": "t000008920", "svc": "gateway", "phase": "start", "ts": 13082000, "status": 200}
{"id": "t000008920", "svc": "gateway", "phase": "end", "ts": 13082900, "status": 500}
{"id": "t000008921", "svc": "payment", "phase": "start", "ts": 13083000, "status": 200}
{"id": "t000008921", "svc": "payment", "phase": "end", "ts": 13083900, "status": 200}
{"id": "t000008922", "svc": "auth", "phase": "start", "ts": 13084000, "status": 200}
{"id": "t000008922", "svc": "auth", "phase": "end", "ts": 13084900, "status": 200}
{"id": "t000008923", "svc": "gateway", "phase": "start", "ts": 13085000, "status": 200}
{"id": "t000008923", "svc": "gateway", "phase": "end", "ts": 13085900, "status": 200}
{"id": "t000008924", "svc": "payment", "phase": "start", "ts": 13086000, "status": 200}
{"id": "t000008924", "svc": "payment", "phase": "end", "ts": 13086900, "status": 200}
{"id": "t000008925", "svc": "auth", "phase": "start", "ts": 13087000, "status": 200}
{"id": "t000008925", "svc": "auth", "phase": "end", "ts": 13087900, "status": 200}
{"id": "t000008926", "svc": "gateway", "phase": "start", "ts": 13088000, "status": 200}
{"id": "t000008926", "svc": "gateway", "phase": "end", "ts": 13088900, "status": 200}
{"id": "t000008927", "svc": "payment", "phase": "start", "ts": 13089000, "status": 200}
{"id": "t000008927", "svc": "payment", "phase": "end", "ts": 13089900, "status": 200}
{"id": "t000008928", "svc": "auth", "phase": "start", "ts": 13090000, "status": 200}
{"id": "t000008928", "svc": "auth", "phase": "end", "ts": 13090900, "status": 500}
{"id": "t000008929", "svc": "gateway", "phase": "start", "ts": 13091000, "status": 200}
{"id": "t000008929", "svc": "gateway", "phase": "end", "ts": 13091900, "status": 200}
{"id": "t000008930", "svc": "payment", "phase": "start", "ts": 13092000, "status": 200}
{"id": "t000008930", "svc": "payment", "phase": "end", "ts": 13092900, "status": 200}
{"id": "t000008931", "svc": "auth", "phase": "start", "ts": 13093000, "status": 200}
{"id": "t000008931", "svc": "auth", "phase": "end", "ts": 13093900, "status": 200}
{"id": "t000008932", "svc": "gateway", "phase": "start", "ts": 13094000, "status": 200}
{"id": "t000008932", "svc": "gateway", "phase": "end", "ts": 13094900, "status": 200}
{"id": "t000008933", "svc": "payment", "phase": "start", "ts": 13095000, "status": 200}
{"id": "t000008933", "svc": "payment", "phase": "end", "ts": 13095900, "status": 200}
{"id": "t000008934", "svc": "auth", "phase": "start", "ts": 13096000, "status": 200}
{"id": "t000008934", "svc": "auth", "phase": "end", "ts": 13096900, "status": 200}
{"id": "t000008935", "svc": "gateway", "phase": "start", "ts": 13097000, "status": 200}
{"id": "t000008935", "svc": "gateway", "phase": "end", "ts": 13097900, "status": 200}
{"id": "t000008936", "svc": "payment", "phase": "start", "ts": 13098000, "status": 200}
{"id": "t000008936", "svc": "payment", "phase": "end", "ts": 13098900, "status": 500}
{"id": "t000008937", "svc": "auth", "phase": "start", "ts": 13099000, "status": 200}
{"id": "t000008937", "svc": "auth", "phase": "end", "ts": 13099900, "status": 200}
{"id": "t000008938", "svc": "gateway", "phase": "start", "ts": 13100000, "status": 200}
{"id": "t000008938", "svc": "gateway", "phase": "end", "ts": 13100900, "status": 200}
{"id": "t000008939", "svc": "payment", "phase": "start", "ts": 13101000, "status": 200}
{"id": "t000008939", "svc": "payment", "phase": "end", "ts": 13101900, "status": 200}
{"id": "t000008940", "svc": "auth", "phase": "start", "ts": 13102000, "status": 200}
{"id": "t000008940", "svc": "auth", "phase": "end", "ts": 13102900, "status": 200}
{"id": "t000008941", "svc": "gateway", "phase": "start", "ts": 13103000, "status": 200}
{"id": "t000008941", "svc": "gateway", "phase": "end", "ts": 13103900, "status": 200}
{"id": "t000008942", "svc": "payment", "phase": "start", "ts": 13104000, "status": 200}
{"id": "t000008942", "svc": "payment", "phase": "end", "ts": 13104900, "status": 200}
{"id": "t000008943", "svc": "auth", "phase": "start", "ts": 13105000, "status": 200}
{"id": "t000008943", "svc": "auth", "phase": "end", "ts": 13105900, "status": 200}
{"id": "t000008944", "svc": "gateway", "phase": "start", "ts": 13106000, "status": 200}
{"id": "t000008944", "svc": "gateway", "phase": "end", "ts": 13106900, "status": 500}
{"id": "t000008945", "svc": "payment", "phase": "start", "ts": 13107000, "status": 200}
{"id": "t000008945", "svc": "payment", "phase": "end", "ts": 13107900, "status": 200}
{"id": "t000008946", "svc": "auth", "phase": "start", "ts": 13108000, "status": 200}
{"id": "t000008946", "svc": "auth", "phase": "end", "ts": 13108900, "status": 200}
{"id": "t000008947", "svc": "gateway", "phase": "start", "ts": 13109000, "status": 200}
{"id": "t000008947", "svc": "gateway", "phase": "end", "ts": 13109900, "status": 200}
{"id": "t000008948", "svc": "payment", "phase": "start", "ts": 13110000, "status": 200}
{"id": "t000008948", "svc": "payment", "phase": "end", "ts": 13110900, "status": 200}
{"id": "t000008949", "svc": "auth", "phase": "start", "ts": 13111000, "status": 200}
{"id": "t000008949", "svc": "auth", "phase": "end", "ts": 13111900, "status": 200}
{"id": "t000008950", "svc": "gateway", "phase": "start", "ts": 13112000, "status": 200}
{"id": "t000008950", "svc": "gateway", "phase": "end", "ts": 13112900, "status": 200}
{"id": "t000008951", "svc": "payment", "phase": "start", "ts": 13113000, "status": 200}
{"id": "t000008951", "svc": "payment", "phase": "end", "ts": 13113900, "status": 200}
{"id": "t000008952", "svc": "auth", "phase": "start", "ts": 13114000, "status": 200}
{"id": "t000008952", "svc": "auth", "phase": "end", "ts": 13114900, "status": 500}
{"id": "t000008953", "svc": "gateway", "phase": "start", "ts": 13115000, "status": 200}
{"id": "t000008953", "svc": "gateway", "phase": "end", "ts": 13115900, "status": 200}
{"id": "t000008954", "svc": "payment", "phase": "start", "ts": 13116000, "status": 200}
{"id": "t000008954", "svc": "payment", "phase": "end", "ts": 13116900, "status": 200}
{"id": "t000008955", "svc": "auth", "phase": "start", "ts": 13117000, "status": 200}
{"id": "t000008955", "svc": "auth", "phase": "end", "ts": 13117900, "status": 200}
{"id": "t000008956", "svc": "gateway", "phase": "start", "ts": 13118000, "status": 200}
{"id": "t000008956", "svc": "gateway", "phase": "end", "ts": 13118900, "status": 200}
{"id": "t000008957", "svc": "payment", "phase": "start", "ts": 13119000, "status": 200}
{"id": "t000008957", "svc": "payment", "phase": "end", "ts": 13119900, "status": 200}
{"id": "t000008958", "svc": "auth", "phase": "start", "ts": 13120000, "status": 200}
{"id": "t000008958", "svc": "auth", "phase": "end", "ts": 13120900, "status": 200}
{"id": "t000008959", "svc": "gateway", "phase": "start", "ts": 13121000, "status": 200}
{"id": "t000008959", "svc": "gateway", "phase": "end", "ts": 13121900, "status": 200}
{"id": "t000008960", "svc": "payment", "phase": "start", "ts": 13122000, "status": 200}
{"id": "t000008960", "svc": "payment", "phase": "end", "ts": 13122900, "status": 500}
{"id": "t000008961", "svc": "auth", "phase": "start", "ts": 13123000, "status": 200}
{"id": "t000008961", "svc": "auth", "phase": "end", "ts": 13123900, "status": 200}
{"id": "t000008962", "svc": "gateway", "phase": "start", "ts": 13124000, "status": 200}
{"id": "t000008962", "svc": "gateway", "phase": "end", "ts": 13124900, "status": 200}
{"id": "t000008963", "svc": "payment", "phase": "start", "ts": 13125000, "status": 200}
{"id": "t000008963", "svc": "payment", "phase": "end", "ts": 13125900, "status": 200}
{"id": "t000008964", "svc": "auth", "phase": "start", "ts": 13126000, "status": 200}
{"id": "t000008964", "svc": "auth", "phase": "end", "ts": 13126900, "status": 200}
{"id": "t000008965", "svc": "gateway", "phase": "start", "ts": 13127000, "status": 200}
{"id": "t000008965", "svc": "gateway", "phase": "end", "ts": 13127900, "status": 200}
{"id": "t000008966", "svc": "payment", "phase": "start", "ts": 13128000, "status": 200}
{"id": "t000008966", "svc": "payment", "phase": "end", "ts": 13128900, "status": 200}
{"id": "t000008967", "svc": "auth", "phase": "start", "ts": 13129000, "status": 200}
{"id": "t000008967", "svc": "auth", "phase": "end", "ts": 13129900, "status": 200}
{"id": "t000008968", "svc": "gateway", "phase": "start", "ts": 13130000, "status": 200}
{"id": "t000008968", "svc": "gateway", "phase": "end", "ts": 13130900, "status": 500}
{"id": "t000008969", "svc": "payment", "phase": "start", "ts": 13131000, "status": 200}
{"id": "t000008969", "svc": "payment", "phase": "end", "ts": 13131900, "status": 200}
{"id": "t000008970", "svc": "auth", "phase": "start", "ts": 13132000, "status": 200}
{"id": "t000008970", "svc": "auth", "phase": "end", "ts": 13132900, "status": 200}
{"id": "t000008971", "svc": "gateway", "phase": "start", "ts": 13133000, "status": 200}
{"id": "t000008971", "svc": "gateway", "phase": "end", "ts": 13133900, "status": 200}
{"id": "t000008972", "svc": "payment", "phase": "start", "ts": 13134000, "status": 200}
{"id": "t000008972", "svc": "payment", "phase": "end", "ts": 13134900, "status": 200}
{"id": "t000008973", "svc": "auth", "phase": "start", "ts": 13135000, "status": 200}
{"id": "t000008973", "svc": "auth", "phase": "end", "ts": 13135900, "status": 200}
{"id": "t000008974", "svc": "gateway", "phase": "start", "ts": 13136000, "status": 200}
{"id": "t000008974", "svc": "gateway", "phase": "end", "ts": 13136900, "status": 200}
{"id": "t000008975", "svc": "payment", "phase": "start", "ts": 13137000, "status": 200}
{"id": "t000008975", "svc": "payment", "phase": "end", "ts": 13137900, "status": 200}
{"id": "t000008976", "svc": "auth", "phase": "start", "ts": 13138000, "status": 200}
{"id": "t000008976", "svc": "auth", "phase": "end", "ts": 13138900, "status": 500}
{"id": "t000008977", "svc": "gateway", "phase": "start", "ts": 13139000, "status": 200}
{"id": "t000008977", "svc": "gateway", "phase": "end", "ts": 13139900, "status": 200}
{"id": "t000008978", "svc": "payment", "phase": "start", "ts": 13140000, "status": 200}
{"id": "t000008978", "svc": "payment", "phase": "end", "ts": 13140900, "status": 200}
{"id": "t000008979", "svc": "auth", "phase": "start", "ts": 13141000, "status": 200}
{"id": "t000008979", "svc": "auth", "phase": "end", "ts": 13141900, "status": 200}
{"id": "t000008980", "svc": "gateway", "phase": "start", "ts": 13142000, "status": 200}
{"id": "t000008980", "svc": "gateway", "phase": "end", "ts": 13142900, "status": 200}
{"id": "t000008981", "svc": "payment", "phase": "start", "ts": 13143000, "status": 200}
{"id": "t000008981", "svc": "payment", "phase": "end", "ts": 13143900, "status": 200}
{"id": "t000008982", "svc": "auth", "phase": "start", "ts": 13144000, "status": 200}
{"id": "t000008982", "svc": "auth", "phase": "end", "ts": 13144900, "status": 200}
{"id": "t000008983", "svc": "gateway", "phase": "start", "ts": 13145000, "status": 200}
{"id": "t000008983", "svc": "gateway", "phase": "end", "ts": 13145900, "status": 200}
{"id": "t000008984", "svc": "payment", "phase": "start", "ts": 13146000, "status": 200}
{"id": "t000008984", "svc": "payment", "phase": "end", "ts": 13146900, "status": 500}
{"id": "t000008985", "svc": "auth", "phase": "start", "ts": 13147000, "status": 200}
{"id": "t000008985", "svc": "auth", "phase": "end", "ts": 13147900, "status": 200}
{"id": "t000008986", "svc": "gateway", "phase": "start", "ts": 13148000, "status": 200}
{"id": "t000008986", "svc": "gateway", "phase": "end", "ts": 13148900, "status": 200}
{"id": "t000008987", "svc": "payment", "phase": "start", "ts": 13149000, "status": 200}
{"id": "t000008987", "svc": "payment", "phase": "end", "ts": 13149900, "status": 200}
{"id": "t000008988", "svc": "auth", "phase": "start", "ts": 13150000, "status": 200}
{"id": "t000008988", "svc": "auth", "phase": "end", "ts": 13150900, "status": 200}
{"id": "t000008989", "svc": "gateway", "phase": "start", "ts": 13151000, "status": 200}
{"id": "t000008989", "svc": "gateway", "phase": "end", "ts": 13151900, "status": 200}
{"id": "t000008990", "svc": "payment", "phase": "start", "ts": 13152000, "status": 200}
{"id": "t000008990", "svc": "payment", "phase": "end", "ts": 13152900, "status": 200}
{"id": "t000008991", "svc": "auth", "phase": "start", "ts": 13153000, "status": 200}
{"id": "t000008991", "svc": "auth", "phase": "end", "ts": 13153900, "status": 200}
{"id": "t000008992", "svc": "gateway", "phase": "start", "ts": 13154000, "status": 200}
{"id": "t000008992", "svc": "gateway", "phase": "end", "ts": 13154900, "status": 500}
{"id": "t000008993", "svc": "payment", "phase": "start", "ts": 13155000, "status": 200}
{"id": "t000008993", "svc": "payment", "phase": "end", "ts": 13155900, "status": 200}
{"id": "t000008994", "svc": "auth", "phase": "start", "ts": 13156000, "status": 200}
{"id": "t000008994", "svc": "auth", "phase": "end", "ts": 13156900, "status": 200}
{"id": "t000008995", "svc": "gateway", "phase": "start", "ts": 13157000, "status": 200}
{"id": "t000008995", "svc": "gateway", "phase": "end", "ts": 13157900, "status": 200}
{"id": "t000008996", "svc": "payment", "phase": "start", "ts": 13158000, "status": 200}
{"id": "t000008996", "svc": "payment", "phase": "end", "ts": 13158900, "status": 200}
{"id": "t000008997", "svc": "auth", "phase": "start", "ts": 13159000, "status": 200}
{"id": "t000008997", "svc": "auth", "phase": "end", "ts": 13159900, "status": 200}
{"id": "t000008998", "svc": "gateway", "phase": "start", "ts": 13160000, "status": 200}
{"id": "t000008998", "svc": "gateway", "phase": "end", "ts": 13160900, "status": 200}
{"id": "t000008999", "svc": "payment", "phase": "start", "ts": 13161000, "status": 200}
{"id": "t000008999", "svc": "payment", "phase": "end", "ts": 13161900, "status": 200}
