{"ts": 100025, "svc": "auth", "status": 500, "latency_ms": 100}
   
definitely not json {{
{"ts": 100025, "svc": "gateway", "status": 200, "latency_ms": 101}
{"ts": 100025, "svc": "payment", "status": 200, "latency_ms": 102}
{"ts": 100025, "svc": "auth", "status": 200, "latency_ms": 103}
{"ts": 100025, "svc": "gateway", "status": 200, "latency_ms": 104}
{"ts": 100025, "svc": "payment", "status": 200, "latency_ms": 105}
{"ts": 100026, "svc": "auth", "status": 200, "latency_ms": 106}
{"ts": 100026, "svc": "gateway", "status": 200, "latency_ms": 107}
{"ts": 100026, "svc": "payment", "status": 500, "latency_ms": 108}
{"ts": 100026, "svc": "auth", "status": 200, "latency_ms": 109}
{"ts": 100026, "svc": "gateway", "status": 200, "latency_ms": 110}
{"ts": 100026, "svc": "payment", "status": 200, "latency_ms": 111}
{"ts": 100027, "svc": "auth", "status": 200, "latency_ms": 112}
{"ts": 100027, "svc": "gateway", "status": 200, "latency_ms": 113}
{"ts": 100027, "svc": "payment", "status": 200, "latency_ms": 114}
{"ts": 100027, "svc": "auth", "status": 200, "latency_ms": 115}
{"ts": 100027, "svc": "gateway", "status": 500, "latency_ms": 116}
{"ts": 100027, "svc": "payment", "status": 200, "latency_ms": 117}
{"ts": 100028, "svc": "auth", "status": 200, "latency_ms": 118}
{"ts": 100028, "svc": "gateway", "status": 200, "latency_ms": 119}
{"ts": 100028, "svc": "payment", "status": 200, "latency_ms": 120}
{"ts": 100028, "svc": "auth", "status": 200, "latency_ms": 121}
{"ts": 100028, "svc": "gateway", "status": 200, "latency_ms": 122}
{"ts": 100028, "svc": "payment", "status": 200, "latency_ms": 123}
{"ts": 100029, "svc": "auth", "status": 500, "latency_ms": 124}
{"ts": 100029, "svc": "gateway", "status": 200, "latency_ms": 125}
{"ts": 100029, "svc": "payment", "status": 200, "latency_ms": 126}
{"ts": 100029, "svc": "auth", "status": 200, "latency_ms": 127}
{"ts": 100029, "svc": "gateway", "status": 200, "latency_ms": 128}
{"ts": 100029, "svc": "payment", "status": 200, "latency_ms": 129}
{"ts": 100030, "svc": "auth", "status": 200, "latency_ms": 130}
{"ts": 100030, "svc": "gateway", "status": 200, "latency_ms": 131}
{"ts": 100030, "svc": "payment", "status": 500, "latency_ms": 132}
{"ts": 100030, "svc": "auth", "status": 200, "latency_ms": 133}
{"ts": 100030, "svc": "gateway", "status": 200, "latency_ms": 134}
{"ts": 100030, "svc": "payment", "status": 200, "latency_ms": 135}
{"ts": 100031, "svc": "auth", "status": 200, "latency_ms": 136}
{"ts": 100031, "svc": "gateway", "status": 200, "latency_ms": 137}
{"ts": 100000, "svc": "auth", "status": 200}
{"ts": 100031, "svc": "payment", "status": 200, "latency_ms": 138}
{"ts": 100031, "svc": "auth", "status": 200, "latency_ms": 139}
{"ts": 100031, "svc": "gateway", "status": 500, "latency_ms": 140}
{"ts": 100031, "svc": "payment", "status": 200, "latency_ms": 141}
{"ts": 100032, "svc": "auth", "status": 200, "latency_ms": 142}
{"ts": 100032, "svc": "gateway", "status": 200, "latency_ms": 143}
{"ts": 100032, "svc": "payment", "status": 200, "latency_ms": 144}
{"ts": 100032, "svc": "auth", "status": 200, "latency_ms": 145}
{"ts": 100032, "svc": "gateway", "status": 200, "latency_ms": 146}
{"ts": 100032, "svc": "payment", "status": 200, "latency_ms": 147}
{"ts": 100033, "svc": "auth", "status": 500, "latency_ms": 148}
{"ts": 100033, "svc": "gateway", "status": 200, "latency_ms": 149}
{"ts": 100033, "svc": "payment", "status": 200, "latency_ms": 100}
   
{"ts": 100033, "svc": "auth", "status": 200, "latency_ms": 101}
{"ts": 100033, "svc": "gateway", "status": 200, "latency_ms": 102}
{"ts": 100033, "svc": "payment", "status": 200, "latency_ms": 103}
{"ts": 100034, "svc": "auth", "status": 200, "latency_ms": 104}
{"ts": 100034, "svc": "gateway", "status": 200, "latency_ms": 105}
{"ts": 100034, "svc": "payment", "status": 500, "latency_ms": 106}
{"ts": 100034, "svc": "auth", "status": 200, "latency_ms": 107}
{"ts": 100034, "svc": "gateway", "status": 200, "latency_ms": 108}
{"ts": 100034, "svc": "payment", "status": 200, "latency_ms": 109}
{"ts": 100035, "svc": "auth", "status": 200, "latency_ms": 110}
{"ts": 100035, "svc": "gateway", "status": 200, "latency_ms": 111}
{"ts": 100035, "svc": "payment", "status": 200, "latency_ms": 112}
{"ts": 100035, "svc": "auth", "status": 200, "latency_ms": 113}
{"ts": 100035, "svc": "gateway", "status": 500, "latency_ms": 114}
{"ts": 100035, "svc": "payment", "status": 200, "latency_ms": 115}
{"ts": 100036, "svc": "auth", "status": 200, "latency_ms": 116}
{"ts": 100036, "svc": "gateway", "status": 200, "latency_ms": 117}
{"ts": 100036, "svc": "payment", "status": 200, "latency_ms": 118}
{"ts": 100036, "svc": "auth", "status": 200, "latency_ms": 119}
{"ts": 100036, "svc": "gateway", "status": 200, "latency_ms": 120}
{"ts": 100036, "svc": "payment", "status": 200, "latency_ms": 121}
{"ts": 100037, "svc": "auth", "status": 500, "latency_ms": 122}
{"ts": 100037, "svc": "gateway", "status": 200, "latency_ms": 123}
{"ts": 100037, "svc": "payment", "status": 200, "latency_ms": 124}
{"ts": 100000, "svc": "auth", "status": 200, "latency_ms": 100, "x": 1}
{"ts": 100037, "svc": "auth", "status": 200, "latency_ms": 125}
{"ts": 100037, "svc": "gateway", "status": 200, "latency_ms": 126}
{"ts": 100037, "svc": "payment", "status": 200, "latency_ms": 127}
{"ts": 100038, "svc": "auth", "status": 200, "latency_ms": 128}
{"ts": 100038, "svc": "gateway", "status": 200, "latency_ms": 129}
{"ts": 100038, "svc": "payment", "status": 500, "latency_ms": 130}
{"ts": 100038, "svc": "auth", "status": 200, "latency_ms": 131}
{"ts": 100038, "svc": "gateway", "status": 200, "latency_ms": 132}
{"ts": 100038, "svc": "payment", "status": 200, "latency_ms": 133}
{"ts": 100039, "svc": "auth", "status": 200, "latency_ms": 134}
{"ts": 100039, "svc": "gateway", "status": 200, "latency_ms": 135}
{"ts": 100039, "svc": "payment", "status": 200, "latency_ms": 136}
{"ts": 100039, "svc": "auth", "status": 200, "latency_ms": 137}
{"ts": 100039, "svc": "gateway", "status": 500, "latency_ms": 138}
{"ts": 100039, "svc": "payment", "status": 200, "latency_ms": 139}
{"ts": 100040, "svc": "auth", "status": 200, "latency_ms": 140}
{"ts": 100040, "svc": "gateway", "status": 200, "latency_ms": 141}
{"ts": 100040, "svc": "payment", "status": 200, "latency_ms": 142}
{"ts": 100040, "svc": "auth", "status": 200, "latency_ms": 143}
{"ts": 100040, "svc": "gateway", "status": 200, "latency_ms": 144}
{"ts": 100040, "svc": "payment", "status": 200, "latency_ms": 145}
{"ts": 100041, "svc": "auth", "status": 500, "latency_ms": 146}
{"ts": 100041, "svc": "gateway", "status": 200, "latency_ms": 147}
{"ts": 100041, "svc": "payment", "status": 200, "latency_ms": 148}
{"ts": 100041, "svc": "auth", "status": 200, "latency_ms": 149}
{"ts": 100041, "svc": "gateway", "status": 200, "latency_ms": 100}
   
{"ts": 100041, "svc": "payment", "status": 200, "latency_ms": 101}
{"ts": 100042, "svc": "auth", "status": 200, "latency_ms": 102}
{"ts": 100042, "svc": "gateway", "status": 200, "latency_ms": 103}
{"ts": 100042, "svc": "payment", "status": 500, "latency_ms": 104}
{"ts": 100042, "svc": "auth", "status": 200, "latency_ms": 105}
{"ts": 100042, "svc": "gateway", "status": 200, "latency_ms": 106}
{"ts": 100042, "svc": "payment", "status": 200, "latency_ms": 107}
{"ts": 100043, "svc": "auth", "status": 200, "latency_ms": 108}
{"ts": 100043, "svc": "gateway", "status": 200, "latency_ms": 109}
{"ts": 100043, "svc": "payment", "status": 200, "latency_ms": 110}
{"ts": 100043, "svc": "auth", "status": 200, "latency_ms": 111}
{"ts": 100000, "svc": "gateway", "status": 200.0, "latency_ms": 100}
{"ts": 100043, "svc": "gateway", "status": 500, "latency_ms": 112}
{"ts": 100043, "svc": "payment", "status": 200, "latency_ms": 113}
{"ts": 100044, "svc": "auth", "status": 200, "latency_ms": 114}
{"ts": 100044, "svc": "gateway", "status": 200, "latency_ms": 115}
{"ts": 100044, "svc": "payment", "status": 200, "latency_ms": 116}
{"ts": 100044, "svc": "auth", "status": 200, "latency_ms": 117}
{"ts": 100044, "svc": "gateway", "status": 200, "latency_ms": 118}
{"ts": 100044, "svc": "payment", "status": 200, "latency_ms": 119}
{"ts": 100045, "svc": "auth", "status": 500, "latency_ms": 120}
{"ts": 100045, "svc": "gateway", "status": 200, "latency_ms": 121}
{"ts": 100045, "svc": "payment", "status": 200, "latency_ms": 122}
{"ts": 100045, "svc": "auth", "status": 200, "latency_ms": 123}
{"ts": 100045, "svc": "gateway", "status": 200, "latency_ms": 124}
{"ts": 100045, "svc": "payment", "status": 200, "latency_ms": 125}
{"ts": 100046, "svc": "auth", "status": 200, "latency_ms": 126}
{"ts": 100046, "svc": "gateway", "status": 200, "latency_ms": 127}
{"ts": 100046, "svc": "payment", "status": 500, "latency_ms": 128}
{"ts": 100046, "svc": "auth", "status": 200, "latency_ms": 129}
{"ts": 100046, "svc": "gateway", "status": 200, "latency_ms": 130}
{"ts": 100046, "svc": "payment", "status": 200, "latency_ms": 131}
{"ts": 100047, "svc": "auth", "status": 200, "latency_ms": 132}
{"ts": 100047, "svc": "gateway", "status": 200, "latency_ms": 133}
{"ts": 100047, "svc": "payment", "status": 200, "latency_ms": 134}
{"ts": 100047, "svc": "auth", "status": 200, "latency_ms": 135}
{"ts": 100047, "svc": "gateway", "status": 500, "latency_ms": 136}
{"ts": 100047, "svc": "payment", "status": 200, "latency_ms": 137}
{"ts": 100048, "svc": "auth", "status": 200, "latency_ms": 138}
{"ts": 100048, "svc": "gateway", "status": 200, "latency_ms": 139}
{"ts": 100048, "svc": "payment", "status": 200, "latency_ms": 140}
{"ts": 100048, "svc": "auth", "status": 200, "latency_ms": 141}
{"ts": 100048, "svc": "gateway", "status": 200, "latency_ms": 142}
{"ts": 100048, "svc": "payment", "status": 200, "latency_ms": 143}
{"ts": 100049, "svc": "auth", "status": 500, "latency_ms": 144}
{"ts": 100049, "svc": "gateway", "status": 200, "latency_ms": 145}
{"ts": 100049, "svc": "payment", "status": 200, "latency_ms": 146}
{"ts": 100049, "svc": "auth", "status": 200, "latency_ms": 147}
{"ts": 100049, "svc": "gateway", "status": 200, "latency_ms": 148}
{"ts": true, "svc": "payment", "status": 200, "latency_ms": 100}
{"ts": 100049, "svc": "payment", "status": 200, "latency_ms": 149}
{"ts": 100050, "svc": "auth", "status": 200, "latency_ms": 100}
   
{"ts": 100050, "svc": "gateway", "status": 200, "latency_ms": 101}
{"ts": 100050, "svc": "payment", "status": 500, "latency_ms": 102}
{"ts": 100050, "svc": "auth", "status": 200, "latency_ms": 103}
{"ts": 100050, "svc": "gateway", "status": 200, "latency_ms": 104}
{"ts": 100050, "svc": "payment", "status": 200, "latency_ms": 105}
{"ts": 100051, "svc": "auth", "status": 200, "latency_ms": 106}
{"ts": 100051, "svc": "gateway", "status": 200, "latency_ms": 107}
{"ts": 100051, "svc": "payment", "status": 200, "latency_ms": 108}
{"ts": 100051, "svc": "auth", "status": 200, "latency_ms": 109}
{"ts": 100051, "svc": "gateway", "status": 500, "latency_ms": 110}
{"ts": 100051, "svc": "payment", "status": 200, "latency_ms": 111}
{"ts": 100052, "svc": "auth", "status": 200, "latency_ms": 112}
{"ts": 100052, "svc": "gateway", "status": 200, "latency_ms": 113}
{"ts": 100052, "svc": "payment", "status": 200, "latency_ms": 114}
{"ts": 100052, "svc": "auth", "status": 200, "latency_ms": 115}
{"ts": 100052, "svc": "gateway", "status": 200, "latency_ms": 116}
{"ts": 100052, "svc": "payment", "status": 200, "latency_ms": 117}
{"ts": 100053, "svc": "auth", "status": 500, "latency_ms": 118}
{"ts": 100053, "svc": "gateway", "status": 200, "latency_ms": 119}
{"ts": 100053, "svc": "payment", "status": 200, "latency_ms": 120}
{"ts": 100053, "svc": "auth", "status": 200, "latency_ms": 121}
{"ts": 100053, "svc": "gateway", "status": 200, "latency_ms": 122}
{"ts": 100053, "svc": "payment", "status": 200, "latency_ms": 123}
{"ts": 100054, "svc": "auth", "status": 200, "latency_ms": 124}
{"ts": 100054, "svc": "gateway", "status": 200, "latency_ms": 125}
{"ts": 100054, "svc": "payment", "status": 500, "latency_ms": 126}
{"ts": 100054, "svc": "auth", "status": 200, "latency_ms": 127}
{"ts": 100054, "svc": "gateway", "status": 200, "latency_ms": 128}
{"ts": 100054, "svc": "payment", "status": 200, "latency_ms": 129}
{"ts": 100055, "svc": "auth", "status": 200, "latency_ms": 130}
{"ts": 100055, "svc": "gateway", "status": 200, "latency_ms": 131}
{"ts": 100055, "svc": "payment", "status": 200, "latency_ms": 132}
{"ts": 100055, "svc": "auth", "status": 200, "latency_ms": 133}
{"ts": 100055, "svc": "gateway", "status": 500, "latency_ms": 134}
{"ts": 100055, "svc": "payment", "status": 200, "latency_ms": 135}
{"ts": 100000, "svc": "auth", "status": 99, "latency_ms": 100}
{"ts": 100056, "svc": "auth", "status": 200, "latency_ms": 136}
{"ts": 100056, "svc": "gateway", "status": 200, "latency_ms": 137}
{"ts": 100056, "svc": "payment", "status": 200, "latency_ms": 138}
{"ts": 100056, "svc": "auth", "status": 200, "latency_ms": 139}
{"ts": 100056, "svc": "gateway", "status": 200, "latency_ms": 140}
{"ts": 100056, "svc": "payment", "status": 200, "latency_ms": 141}
{"ts": 100057, "svc": "auth", "status": 500, "latency_ms": 142}
{"ts": 100057, "svc": "gateway", "status": 200, "latency_ms": 143}
{"ts": 100057, "svc": "payment", "status": 200, "latency_ms": 144}
{"ts": 100057, "svc": "auth", "status": 200, "latency_ms": 145}
{"ts": 100057, "svc": "gateway", "status": 200, "latency_ms": 146}
{"ts": 100057, "svc": "payment", "status": 200, "latency_ms": 147}
{"ts": 100058, "svc": "auth", "status": 200, "latency_ms": 148}
{"ts": 100058, "svc": "gateway", "status": 200, "latency_ms": 149}
{"ts": 100058, "svc": "payment", "status": 500, "latency_ms": 100}
   
{"ts": 100058, "svc": "auth", "status": 200, "latency_ms": 101}
{"ts": 100058, "svc": "gateway", "status": 200, "latency_ms": 102}
{"ts": 100058, "svc": "payment", "status": 200, "latency_ms": 103}
{"ts": 100059, "svc": "auth", "status": 200, "latency_ms": 104}
{"ts": 100059, "svc": "gateway", "status": 200, "latency_ms": 105}
{"ts": 100059, "svc": "payment", "status": 200, "latency_ms": 106}
{"ts": 100059, "svc": "auth", "status": 200, "latency_ms": 107}
{"ts": 100059, "svc": "gateway", "status": 500, "latency_ms": 108}
{"ts": 100059, "svc": "payment", "status": 200, "latency_ms": 109}
{"ts": 100060, "svc": "auth", "status": 200, "latency_ms": 110}
{"ts": 100060, "svc": "gateway", "status": 200, "latency_ms": 111}
{"ts": 100060, "svc": "payment", "status": 200, "latency_ms": 112}
{"ts": 100060, "svc": "auth", "status": 200, "latency_ms": 113}
{"ts": 100060, "svc": "gateway", "status": 200, "latency_ms": 114}
{"ts": 100060, "svc": "payment", "status": 200, "latency_ms": 115}
{"ts": 100061, "svc": "auth", "status": 500, "latency_ms": 116}
{"ts": 100061, "svc": "gateway", "status": 200, "latency_ms": 117}
{"ts": 100061, "svc": "payment", "status": 200, "latency_ms": 118}
{"ts": 100061, "svc": "auth", "status": 200, "latency_ms": 119}
{"ts": 100061, "svc": "gateway", "status": 200, "latency_ms": 120}
{"ts": 100061, "svc": "payment", "status": 200, "latency_ms": 121}
{"ts": 100062, "svc": "auth", "status": 200, "latency_ms": 122}
{"ts": 100000, "svc": "billing", "status": 200, "latency_ms": 100}
{"ts": 100062, "svc": "gateway", "status": 200, "latency_ms": 123}
{"ts": 100062, "svc": "payment", "status": 500, "latency_ms": 124}
{"ts": 100062, "svc": "auth", "status": 200, "latency_ms": 125}
{"ts": 100062, "svc": "gateway", "status": 200, "latency_ms": 126}
{"ts": 100062, "svc": "payment", "status": 200, "latency_ms": 127}
{"ts": 100063, "svc": "auth", "status": 200, "latency_ms": 128}
{"ts": 100063, "svc": "gateway", "status": 200, "latency_ms": 129}
{"ts": 100063, "svc": "payment", "status": 200, "latency_ms": 130}
{"ts": 100063, "svc": "auth", "status": 200, "latency_ms": 131}
{"ts": 100063, "svc": "gateway", "status": 500, "latency_ms": 132}
{"ts": 100063, "svc": "payment", "status": 200, "latency_ms": 133}
{"ts": 100064, "svc": "auth", "status": 200, "latency_ms": 134}
{"ts": 100064, "svc": "gateway", "status": 200, "latency_ms": 135}
{"ts": 100064, "svc": "payment", "status": 200, "latency_ms": 136}
{"ts": 100064, "svc": "auth", "status": 200, "latency_ms": 137}
{"ts": 100064, "svc": "gateway", "status": 200, "latency_ms": 138}
{"ts": 100064, "svc": "payment", "status": 200, "latency_ms": 139}
{"ts": 100065, "svc": "auth", "status": 500, "latency_ms": 140}
{"ts": 100065, "svc": "gateway", "status": 200, "latency_ms": 141}
{"ts": 100065, "svc": "payment", "status": 200, "latency_ms": 142}
{"ts": 100065, "svc": "auth", "status": 200, "latency_ms": 143}
{"ts": 100065, "svc": "gateway", "status": 200, "latency_ms": 144}
{"ts": 100065, "svc": "payment", "status": 200, "latency_ms": 145}
{"ts": 100066, "svc": "auth", "status": 200, "latency_ms": 146}
{"ts": 100066, "svc": "gateway", "status": 200, "latency_ms": 147}
{"ts": 100066, "svc": "payment", "status": 500, "latency_ms": 148}
{"ts": 100066, "svc": "auth", "status": 200, "latency_ms": 149}
{"ts": 100066, "svc": "gateway", "status": 200, "latency_ms": 100}
   
{"ts": 100066, "svc": "payment", "status": 200, "latency_ms": 101}
{"ts": 100067, "svc": "auth", "status": 200, "latency_ms": 102}
{"ts": 100067, "svc": "gateway", "status": 200, "latency_ms": 103}
{"ts": 100067, "svc": "payment", "status": 200, "latency_ms": 104}
{"ts": 100067, "svc": "auth", "status": 200, "latency_ms": 105}
{"ts": 100067, "svc": "gateway", "status": 500, "latency_ms": 106}
{"ts": 100067, "svc": "payment", "status": 200, "latency_ms": 107}
{"ts": 100068, "svc": "auth", "status": 200, "latency_ms": 108}
{"ts": 100068, "svc": "gateway", "status": 200, "latency_ms": 109}
{"ts": 100000, "svc": "gateway", "status": 200, "latency_ms": 1001}
{"ts": 100068, "svc": "payment", "status": 200, "latency_ms": 110}
{"ts": 100068, "svc": "auth", "status": 200, "latency_ms": 111}
{"ts": 100068, "svc": "gateway", "status": 200, "latency_ms": 112}
{"ts": 100068, "svc": "payment", "status": 200, "latency_ms": 113}
{"ts": 100069, "svc": "auth", "status": 500, "latency_ms": 114}
{"ts": 100069, "svc": "gateway", "status": 200, "latency_ms": 115}
{"ts": 100069, "svc": "payment", "status": 200, "latency_ms": 116}
{"ts": 100069, "svc": "auth", "status": 200, "latency_ms": 117}
{"ts": 100069, "svc": "gateway", "status": 200, "latency_ms": 118}
{"ts": 100069, "svc": "payment", "status": 200, "latency_ms": 119}
{"ts": 100070, "svc": "auth", "status": 200, "latency_ms": 120}
{"ts": 100070, "svc": "gateway", "status": 200, "latency_ms": 121}
{"ts": 100070, "svc": "payment", "status": 500, "latency_ms": 122}
{"ts": 100070, "svc": "auth", "status": 200, "latency_ms": 123}
{"ts": 100070, "svc": "gateway", "status": 200, "latency_ms": 124}
{"ts": 100070, "svc": "payment", "status": 200, "latency_ms": 125}
{"ts": 100071, "svc": "auth", "status": 200, "latency_ms": 126}
{"ts": 100071, "svc": "gateway", "status": 200, "latency_ms": 127}
{"ts": 100071, "svc": "payment", "status": 200, "latency_ms": 128}
{"ts": 100071, "svc": "auth", "status": 200, "latency_ms": 129}
{"ts": 100071, "svc": "gateway", "status": 500, "latency_ms": 130}
{"ts": 100071, "svc": "payment", "status": 200, "latency_ms": 131}
{"ts": 100072, "svc": "auth", "status": 200, "latency_ms": 132}
{"ts": 100072, "svc": "gateway", "status": 200, "latency_ms": 133}
{"ts": 100072, "svc": "payment", "status": 200, "latency_ms": 134}
{"ts": 100072, "svc": "auth", "status": 200, "latency_ms": 135}
{"ts": 100072, "svc": "gateway", "status": 200, "latency_ms": 136}
{"ts": 100072, "svc": "payment", "status": 200, "latency_ms": 137}
{"ts": 100073, "svc": "auth", "status": 500, "latency_ms": 138}
{"ts": 100073, "svc": "gateway", "status": 200, "latency_ms": 139}
{"ts": 100073, "svc": "payment", "status": 200, "latency_ms": 140}
{"ts": 100073, "svc": "auth", "status": 200, "latency_ms": 141}
{"ts": 100073, "svc": "gateway", "status": 200, "latency_ms": 142}
{"ts": 100073, "svc": "payment", "status": 200, "latency_ms": 143}
{"ts": 100074, "svc": "auth", "status": 200, "latency_ms": 144}
{"ts": 100074, "svc": "gateway", "status": 200, "latency_ms": 145}
{"ts": 100074, "svc": "payment", "status": 500, "latency_ms": 146}
{"ts": 100000, "svc": "payment", "status": 200, "latency_ms": false}
{"ts": 100074, "svc": "auth", "status": 200, "latency_ms": 147}
{"ts": 100074, "svc": "gateway", "status": 200, "latency_ms": 148}
{"ts": 100074, "svc": "payment", "status": 200, "latency_ms": 149}
{"ts": 100034, "svc": "auth", "status": 500, "latency_ms": 100}
{"ts": 100044, "svc": "auth", "status": 200, "latency_ms": 100}
{"ts": 100085, "svc": "gateway", "status": 500, "latency_ms": 100}
   
{"ts": 100000, "svc": "auth", "status": 200}
{"ts": 100085, "svc": "payment", "status": 200, "latency_ms": 101}
{"ts": 100085, "svc": "auth", "status": 200, "latency_ms": 102}
{"ts": 100085, "svc": "gateway", "status": 200, "latency_ms": 103}
{"ts": 100085, "svc": "payment", "status": 200, "latency_ms": 104}
{"ts": 100085, "svc": "auth", "status": 200, "latency_ms": 105}
{"ts": 100086, "svc": "gateway", "status": 200, "latency_ms": 106}
{"ts": 100086, "svc": "payment", "status": 200, "latency_ms": 107}
{"ts": 100086, "svc": "auth", "status": 500, "latency_ms": 108}
{"ts": 100086, "svc": "gateway", "status": 200, "latency_ms": 109}
{"ts": 100086, "svc": "payment", "status": 200, "latency_ms": 110}
{"ts": 100086, "svc": "auth", "status": 200, "latency_ms": 111}
{"ts": 100087, "svc": "gateway", "status": 200, "latency_ms": 112}
{"ts": 100087, "svc": "payment", "status": 200, "latency_ms": 113}
{"ts": 100087, "svc": "auth", "status": 200, "latency_ms": 114}
{"ts": 100087, "svc": "gateway", "status": 200, "latency_ms": 115}
{"ts": 100087, "svc": "payment", "status": 500, "latency_ms": 116}
{"ts": 100087, "svc": "auth", "status": 200, "latency_ms": 117}
{"ts": 100088, "svc": "gateway", "status": 200, "latency_ms": 118}
{"ts": 100088, "svc": "payment", "status": 200, "latency_ms": 119}
{"ts": 100088, "svc": "auth", "status": 200, "latency_ms": 120}
{"ts": 100088, "svc": "gateway", "status": 200, "latency_ms": 121}
{"ts": 100088, "svc": "payment", "status": 200, "latency_ms": 122}
{"ts": 100088, "svc": "auth", "status": 200, "latency_ms": 123}
{"ts": 100089, "svc": "gateway", "status": 500, "latency_ms": 124}
{"ts": 100089, "svc": "payment", "status": 200, "latency_ms": 125}
{"ts": 100089, "svc": "auth", "status": 200, "latency_ms": 126}
{"ts": 100089, "svc": "gateway", "status": 200, "latency_ms": 127}
{"ts": 100089, "svc": "payment", "status": 200, "latency_ms": 128}
{"ts": 100089, "svc": "auth", "status": 200, "latency_ms": 129}
{"ts": 100090, "svc": "gateway", "status": 200, "latency_ms": 130}
{"ts": 100090, "svc": "payment", "status": 200, "latency_ms": 131}
{"ts": 100090, "svc": "auth", "status": 500, "latency_ms": 132}
{"ts": 100090, "svc": "gateway", "status": 200, "latency_ms": 133}
{"ts": 100090, "svc": "payment", "status": 200, "latency_ms": 134}
{"ts": 100090, "svc": "auth", "status": 200, "latency_ms": 135}
{"ts": 100091, "svc": "gateway", "status": 200, "latency_ms": 136}
{"ts": 100091, "svc": "payment", "status": 200, "latency_ms": 137}
{"ts": 100000, "svc": "auth", "status": 200, "latency_ms": 100, "x": 1}
{"ts": 100091, "svc": "auth", "status": 200, "latency_ms": 138}
{"ts": 100091, "svc": "gateway", "status": 200, "latency_ms": 139}
{"ts": 100091, "svc": "payment", "status": 500, "latency_ms": 140}
{"ts": 100091, "svc": "auth", "status": 200, "latency_ms": 141}
{"ts": 100092, "svc": "gateway", "status": 200, "latency_ms": 142}
{"ts": 100092, "svc": "payment", "status": 200, "latency_ms": 143}
{"ts": 100092, "svc": "auth", "status": 200, "latency_ms": 144}
{"ts": 100092, "svc": "gateway", "status": 200, "latency_ms": 145}
{"ts": 100092, "svc": "payment", "status": 200, "latency_ms": 146}
{"ts": 100092, "svc": "auth", "status": 200, "latency_ms": 147}
{"ts": 100093, "svc": "gateway", "status": 500, "latency_ms": 148}
{"ts": 100093, "svc": "payment", "status": 200, "latency_ms": 149}
{"ts": 100093, "svc": "auth", "status": 200, "latency_ms": 100}
   
{"ts": 100093, "svc": "gateway", "status": 200, "latency_ms": 101}
{"ts": 100093, "svc": "payment", "status": 200, "latency_ms": 102}
{"ts": 100093, "svc": "auth", "status": 200, "latency_ms": 103}
{"ts": 100094, "svc": "gateway", "status": 200, "latency_ms": 104}
{"ts": 100094, "svc": "payment", "status": 200, "latency_ms": 105}
{"ts": 100094, "svc": "auth", "status": 500, "latency_ms": 106}
{"ts": 100094, "svc": "gateway", "status": 200, "latency_ms": 107}
{"ts": 100094, "svc": "payment", "status": 200, "latency_ms": 108}
{"ts": 100094, "svc": "auth", "status": 200, "latency_ms": 109}
{"ts": 100095, "svc": "gateway", "status": 200, "latency_ms": 110}
{"ts": 100095, "svc": "payment", "status": 200, "latency_ms": 111}
{"ts": 100095, "svc": "auth", "status": 200, "latency_ms": 112}
{"ts": 100095, "svc": "gateway", "status": 200, "latency_ms": 113}
{"ts": 100095, "svc": "payment", "status": 500, "latency_ms": 114}
{"ts": 100095, "svc": "auth", "status": 200, "latency_ms": 115}
{"ts": 100096, "svc": "gateway", "status": 200, "latency_ms": 116}
{"ts": 100096, "svc": "payment", "status": 200, "latency_ms": 117}
{"ts": 100096, "svc": "auth", "status": 200, "latency_ms": 118}
{"ts": 100096, "svc": "gateway", "status": 200, "latency_ms": 119}
{"ts": 100096, "svc": "payment", "status": 200, "latency_ms": 120}
{"ts": 100096, "svc": "auth", "status": 200, "latency_ms": 121}
{"ts": 100097, "svc": "gateway", "status": 500, "latency_ms": 122}
{"ts": 100097, "svc": "payment", "status": 200, "latency_ms": 123}
{"ts": 100097, "svc": "auth", "status": 200, "latency_ms": 124}
{"ts": 100000, "svc": "gateway", "status": 200.0, "latency_ms": 100}
{"ts": 100097, "svc": "gateway", "status": 200, "latency_ms": 125}
{"ts": 100097, "svc": "payment", "status": 200, "latency_ms": 126}
{"ts": 100097, "svc": "auth", "status": 200, "latency_ms": 127}
{"ts": 100098, "svc": "gateway", "status": 200, "latency_ms": 128}
{"ts": 100098, "svc": "payment", "status": 200, "latency_ms": 129}
{"ts": 100098, "svc": "auth", "status": 500, "latency_ms": 130}
{"ts": 100098, "svc": "gateway", "status": 200, "latency_ms": 131}
{"ts": 100098, "svc": "payment", "status": 200, "latency_ms": 132}
{"ts": 100098, "svc": "auth", "status": 200, "latency_ms": 133}
{"ts": 100099, "svc": "gateway", "status": 200, "latency_ms": 134}
{"ts": 100099, "svc": "payment", "status": 200, "latency_ms": 135}
{"ts": 100099, "svc": "auth", "status": 200, "latency_ms": 136}
{"ts": 100099, "svc": "gateway", "status": 200, "latency_ms": 137}
{"ts": 100099, "svc": "payment", "status": 500, "latency_ms": 138}
{"ts": 100099, "svc": "auth", "status": 200, "latency_ms": 139}
{"ts": 100100, "svc": "gateway", "status": 200, "latency_ms": 140}
{"ts": 100100, "svc": "payment", "status": 200, "latency_ms": 141}
{"ts": 100100, "svc": "auth", "status": 200, "latency_ms": 142}
{"ts": 100100, "svc": "gateway", "status": 200, "latency_ms": 143}
{"ts": 100100, "svc": "payment", "status": 200, "latency_ms": 144}
{"ts": 100100, "svc": "auth", "status": 200, "latency_ms": 145}
{"ts": 100101, "svc": "gateway", "status": 500, "latency_ms": 146}
{"ts": 100101, "svc": "payment", "status": 200, "latency_ms": 147}
{"ts": 100101, "svc": "auth", "status": 200, "latency_ms": 148}
{"ts": 100101, "svc": "gateway", "status": 200, "latency_ms": 149}
{"ts": 100101, "svc": "payment", "status": 200, "latency_ms": 100}
   
{"ts": 100101, "svc": "auth", "status": 200, "latency_ms": 101}
{"ts": 100102, "svc": "gateway", "status": 200, "latency_ms": 102}
{"ts": 100102, "svc": "payment", "status": 200, "latency_ms": 103}
{"ts": 100102, "svc": "auth", "status": 500, "latency_ms": 104}
{"ts": 100102, "svc": "gateway", "status": 200, "latency_ms": 105}
{"ts": 100102, "svc": "payment", "status": 200, "latency_ms": 106}
{"ts": 100102, "svc": "auth", "status": 200, "latency_ms": 107}
{"ts": 100103, "svc": "gateway", "status": 200, "latency_ms": 108}
{"ts": 100103, "svc": "payment", "status": 200, "latency_ms": 109}
{"ts": 100103, "svc": "auth", "status": 200, "latency_ms": 110}
{"ts": 100103, "svc": "gateway", "status": 200, "latency_ms": 111}
{"ts": true, "svc": "payment", "status": 200, "latency_ms": 100}
{"ts": 100103, "svc": "payment", "status": 500, "latency_ms": 112}
{"ts": 100103, "svc": "auth", "status": 200, "latency_ms": 113}
{"ts": 100104, "svc": "gateway", "status": 200, "latency_ms": 114}
{"ts": 100104, "svc": "payment", "status": 200, "latency_ms": 115}
{"ts": 100104, "svc": "auth", "status": 200, "latency_ms": 116}
{"ts": 100104, "svc": "gateway", "status": 200, "latency_ms": 117}
{"ts": 100104, "svc": "payment", "status": 200, "latency_ms": 118}
{"ts": 100104, "svc": "auth", "status": 200, "latency_ms": 119}
{"ts": 100105, "svc": "gateway", "status": 500, "latency_ms": 120}
{"ts": 100105, "svc": "payment", "status": 200, "latency_ms": 121}
{"ts": 100105, "svc": "auth", "status": 200, "latency_ms": 122}
{"ts": 100105, "svc": "gateway", "status": 200, "latency_ms": 123}
{"ts": 100105, "svc": "payment", "status": 200, "latency_ms": 124}
{"ts": 100105, "svc": "auth", "status": 200, "latency_ms": 125}
{"ts": 100106, "svc": "gateway", "status": 200, "latency_ms": 126}
{"ts": 100106, "svc": "payment", "status": 200, "latency_ms": 127}
{"ts": 100106, "svc": "auth", "status": 500, "latency_ms": 128}
{"ts": 100106, "svc": "gateway", "status": 200, "latency_ms": 129}
{"ts": 100106, "svc": "payment", "status": 200, "latency_ms": 130}
{"ts": 100106, "svc": "auth", "status": 200, "latency_ms": 131}
{"ts": 100107, "svc": "gateway", "status": 200, "latency_ms": 132}
{"ts": 100107, "svc": "payment", "status": 200, "latency_ms": 133}
{"ts": 100107, "svc": "auth", "status": 200, "latency_ms": 134}
{"ts": 100107, "svc": "gateway", "status": 200, "latency_ms": 135}
{"ts": 100107, "svc": "payment", "status": 500, "latency_ms": 136}
{"ts": 100107, "svc": "auth", "status": 200, "latency_ms": 137}
{"ts": 100108, "svc": "gateway", "status": 200, "latency_ms": 138}
{"ts": 100108, "svc": "payment", "status": 200, "latency_ms": 139}
{"ts": 100108, "svc": "auth", "status": 200, "latency_ms": 140}
{"ts": 100108, "svc": "gateway", "status": 200, "latency_ms": 141}
{"ts": 100108, "svc": "payment", "status": 200, "latency_ms": 142}
{"ts": 100108, "svc": "auth", "status": 200, "latency_ms": 143}
{"ts": 100109, "svc": "gateway", "status": 500, "latency_ms": 144}
{"ts": 100109, "svc": "payment", "status": 200, "latency_ms": 145}
{"ts": 100109, "svc": "auth", "status": 200, "latency_ms": 146}
{"ts": 100109, "svc": "gateway", "status": 200, "latency_ms": 147}
{"ts": 100109, "svc": "payment", "status": 200, "latency_ms": 148}
{"ts": 100000, "svc": "auth", "status": 99, "latency_ms": 100}
{"ts": 100109, "svc": "auth", "status": 200, "latency_ms": 149}
{"ts": 100110, "svc": "gateway", "status": 200, "latency_ms": 100}
   
{"ts": 100110, "svc": "payment", "status": 200, "latency_ms": 101}
{"ts": 100110, "svc": "auth", "status": 500, "latency_ms": 102}
{"ts": 100110, "svc": "gateway", "status": 200, "latency_ms": 103}
{"ts": 100110, "svc": "payment", "status": 200, "latency_ms": 104}
{"ts": 100110, "svc": "auth", "status": 200, "latency_ms": 105}
{"ts": 100111, "svc": "gateway", "status": 200, "latency_ms": 106}
{"ts": 100111, "svc": "payment", "status": 200, "latency_ms": 107}
{"ts": 100111, "svc": "auth", "status": 200, "latency_ms": 108}
{"ts": 100111, "svc": "gateway", "status": 200, "latency_ms": 109}
{"ts": 100111, "svc": "payment", "status": 500, "latency_ms": 110}
{"ts": 100111, "svc": "auth", "status": 200, "latency_ms": 111}
{"ts": 100112, "svc": "gateway", "status": 200, "latency_ms": 112}
{"ts": 100112, "svc": "payment", "status": 200, "latency_ms": 113}
{"ts": 100112, "svc": "auth", "status": 200, "latency_ms": 114}
{"ts": 100112, "svc": "gateway", "status": 200, "latency_ms": 115}
{"ts": 100112, "svc": "payment", "status": 200, "latency_ms": 116}
{"ts": 100112, "svc": "auth", "status": 200, "latency_ms": 117}
{"ts": 100113, "svc": "gateway", "status": 500, "latency_ms": 118}
{"ts": 100113, "svc": "payment", "status": 200, "latency_ms": 119}
{"ts": 100113, "svc": "auth", "status": 200, "latency_ms": 120}
{"ts": 100113, "svc": "gateway", "status": 200, "latency_ms": 121}
{"ts": 100113, "svc": "payment", "status": 200, "latency_ms": 122}
{"ts": 100113, "svc": "auth", "status": 200, "latency_ms": 123}
{"ts": 100114, "svc": "gateway", "status": 200, "latency_ms": 124}
{"ts": 100114, "svc": "payment", "status": 200, "latency_ms": 125}
{"ts": 100114, "svc": "auth", "status": 500, "latency_ms": 126}
{"ts": 100114, "svc": "gateway", "status": 200, "latency_ms": 127}
{"ts": 100114, "svc": "payment", "status": 200, "latency_ms": 128}
{"ts": 100114, "svc": "auth", "status": 200, "latency_ms": 129}
{"ts": 100115, "svc": "gateway", "status": 200, "latency_ms": 130}
{"ts": 100115, "svc": "payment", "status": 200, "latency_ms": 131}
{"ts": 100115, "svc": "auth", "status": 200, "latency_ms": 132}
{"ts": 100115, "svc": "gateway", "status": 200, "latency_ms": 133}
{"ts": 100115, "svc": "payment", "status": 500, "latency_ms": 134}
{"ts": 100115, "svc": "auth", "status": 200, "latency_ms": 135}
{"ts": 100000, "svc": "billing", "status": 200, "latency_ms": 100}
{"ts": 100116, "svc": "gateway", "status": 200, "latency_ms": 136}
{"ts": 100116, "svc": "payment", "status": 200, "latency_ms": 137}
{"ts": 100116, "svc": "auth", "status": 200, "latency_ms": 138}
{"ts": 100116, "svc": "gateway", "status": 200, "latency_ms": 139}
{"ts": 100116, "svc": "payment", "status": 200, "latency_ms": 140}
{"ts": 100116, "svc": "auth", "status": 200, "latency_ms": 141}
{"ts": 100117, "svc": "gateway", "status": 500, "latency_ms": 142}
{"ts": 100117, "svc": "payment", "status": 200, "latency_ms": 143}
{"ts": 100117, "svc": "auth", "status": 200, "latency_ms": 144}
{"ts": 100117, "svc": "gateway", "status": 200, "latency_ms": 145}
{"ts": 100117, "svc": "payment", "status": 200, "latency_ms": 146}
{"ts": 100117, "svc": "auth", "status": 200, "latency_ms": 147}
{"ts": 100118, "svc": "gateway", "status": 200, "latency_ms": 148}
{"ts": 100118, "svc": "payment", "status": 200, "latency_ms": 149}
{"ts": 100118, "svc": "auth", "status": 500, "latency_ms": 100}
   
{"ts": 100118, "svc": "gateway", "status": 200, "latency_ms": 101}
{"ts": 100118, "svc": "payment", "status": 200, "latency_ms": 102}
{"ts": 100118, "svc": "auth", "status": 200, "latency_ms": 103}
{"ts": 100119, "svc": "gateway", "status": 200, "latency_ms": 104}
{"ts": 100119, "svc": "payment", "status": 200, "latency_ms": 105}
{"ts": 100119, "svc": "auth", "status": 200, "latency_ms": 106}
{"ts": 100119, "svc": "gateway", "status": 200, "latency_ms": 107}
{"ts": 100119, "svc": "payment", "status": 500, "latency_ms": 108}
{"ts": 100119, "svc": "auth", "status": 200, "latency_ms": 109}
{"ts": 100120, "svc": "gateway", "status": 200, "latency_ms": 110}
{"ts": 100120, "svc": "payment", "status": 200, "latency_ms": 111}
{"ts": 100120, "svc": "auth", "status": 200, "latency_ms": 112}
{"ts": 100120, "svc": "gateway", "status": 200, "latency_ms": 113}
{"ts": 100120, "svc": "payment", "status": 200, "latency_ms": 114}
{"ts": 100120, "svc": "auth", "status": 200, "latency_ms": 115}
{"ts": 100121, "svc": "gateway", "status": 500, "latency_ms": 116}
{"ts": 100121, "svc": "payment", "status": 200, "latency_ms": 117}
{"ts": 100121, "svc": "auth", "status": 200, "latency_ms": 118}
{"ts": 100121, "svc": "gateway", "status": 200, "latency_ms": 119}
{"ts": 100121, "svc": "payment", "status": 200, "latency_ms": 120}
{"ts": 100121, "svc": "auth", "status": 200, "latency_ms": 121}
{"ts": 100122, "svc": "gateway", "status": 200, "latency_ms": 122}
{"ts": 100000, "svc": "gateway", "status": 200, "latency_ms": 1001}
{"ts": 100122, "svc": "payment", "status": 200, "latency_ms": 123}
{"ts": 100122, "svc": "auth", "status": 500, "latency_ms": 124}
{"ts": 100122, "svc": "gateway", "status": 200, "latency_ms": 125}
{"ts": 100122, "svc": "payment", "status": 200, "latency_ms": 126}
{"ts": 100122, "svc": "auth", "status": 200, "latency_ms": 127}
{"ts": 100123, "svc": "gateway", "status": 200, "latency_ms": 128}
{"ts": 100123, "svc": "payment", "status": 200, "latency_ms": 129}
{"ts": 100123, "svc": "auth", "status": 200, "latency_ms": 130}
{"ts": 100123, "svc": "gateway", "status": 200, "latency_ms": 131}
{"ts": 100123, "svc": "payment", "status": 500, "latency_ms": 132}
{"ts": 100123, "svc": "auth", "status": 200, "latency_ms": 133}
{"ts": 100124, "svc": "gateway", "status": 200, "latency_ms": 134}
{"ts": 100124, "svc": "payment", "status": 200, "latency_ms": 135}
{"ts": 100124, "svc": "auth", "status": 200, "latency_ms": 136}
{"ts": 100124, "svc": "gateway", "status": 200, "latency_ms": 137}
{"ts": 100124, "svc": "payment", "status": 200, "latency_ms": 138}
{"ts": 100124, "svc": "auth", "status": 200, "latency_ms": 139}
{"ts": 100125, "svc": "gateway", "status": 500, "latency_ms": 140}
{"ts": 100125, "svc": "payment", "status": 200, "latency_ms": 141}
{"ts": 100125, "svc": "auth", "status": 200, "latency_ms": 142}
{"ts": 100125, "svc": "gateway", "status": 200, "latency_ms": 143}
{"ts": 100125, "svc": "payment", "status": 200, "latency_ms": 144}
{"ts": 100125, "svc": "auth", "status": 200, "latency_ms": 145}
{"ts": 100126, "svc": "gateway", "status": 200, "latency_ms": 146}
{"ts": 100126, "svc": "payment", "status": 200, "latency_ms": 147}
{"ts": 100126, "svc": "auth", "status": 500, "latency_ms": 148}
{"ts": 100126, "svc": "gateway", "status": 200, "latency_ms": 149}
{"ts": 100126, "svc": "payment", "status": 200, "latency_ms": 100}
   
{"ts": 100126, "svc": "auth", "status": 200, "latency_ms": 101}
{"ts": 100127, "svc": "gateway", "status": 200, "latency_ms": 102}
{"ts": 100127, "svc": "payment", "status": 200, "latency_ms": 103}
{"ts": 100127, "svc": "auth", "status": 200, "latency_ms": 104}
{"ts": 100127, "svc": "gateway", "status": 200, "latency_ms": 105}
{"ts": 100127, "svc": "payment", "status": 500, "latency_ms": 106}
{"ts": 100127, "svc": "auth", "status": 200, "latency_ms": 107}
{"ts": 100128, "svc": "gateway", "status": 200, "latency_ms": 108}
{"ts": 100128, "svc": "payment", "status": 200, "latency_ms": 109}
{"ts": 100000, "svc": "payment", "status": 200, "latency_ms": false}
{"ts": 100128, "svc": "auth", "status": 200, "latency_ms": 110}
{"ts": 100128, "svc": "gateway", "status": 200, "latency_ms": 111}
{"ts": 100128, "svc": "payment", "status": 200, "latency_ms": 112}
{"ts": 100128, "svc": "auth", "status": 200, "latency_ms": 113}
{"ts": 100129, "svc": "gateway", "status": 500, "latency_ms": 114}
{"ts": 100129, "svc": "payment", "status": 200, "latency_ms": 115}
{"ts": 100129, "svc": "auth", "status": 200, "latency_ms": 116}
{"ts": 100129, "svc": "gateway", "status": 200, "latency_ms": 117}
{"ts": 100129, "svc": "payment", "status": 200, "latency_ms": 118}
{"ts": 100129, "svc": "auth", "status": 200, "latency_ms": 119}
{"ts": 100130, "svc": "gateway", "status": 200, "latency_ms": 120}
{"ts": 100130, "svc": "payment", "status": 200, "latency_ms": 121}
{"ts": 100130, "svc": "auth", "status": 500, "latency_ms": 122}
{"ts": 100130, "svc": "gateway", "status": 200, "latency_ms": 123}
{"ts": 100130, "svc": "payment", "status": 200, "latency_ms": 124}
{"ts": 100130, "svc": "auth", "status": 200, "latency_ms": 125}
{"ts": 100131, "svc": "gateway", "status": 200, "latency_ms": 126}
{"ts": 100131, "svc": "payment", "status": 200, "latency_ms": 127}
{"ts": 100131, "svc": "auth", "status": 200, "latency_ms": 128}
{"ts": 100131, "svc": "gateway", "status": 200, "latency_ms": 129}
{"ts": 100131, "svc": "payment", "status": 500, "latency_ms": 130}
{"ts": 100131, "svc": "auth", "status": 200, "latency_ms": 131}
{"ts": 100132, "svc": "gateway", "status": 200, "latency_ms": 132}
{"ts": 100132, "svc": "payment", "status": 200, "latency_ms": 133}
{"ts": 100132, "svc": "auth", "status": 200, "latency_ms": 134}
{"ts": 100132, "svc": "gateway", "status": 200, "latency_ms": 135}
{"ts": 100132, "svc": "payment", "status": 200, "latency_ms": 136}
{"ts": 100132, "svc": "auth", "status": 200, "latency_ms": 137}
{"ts": 100133, "svc": "gateway", "status": 500, "latency_ms": 138}
{"ts": 100133, "svc": "payment", "status": 200, "latency_ms": 139}
{"ts": 100133, "svc": "auth", "status": 200, "latency_ms": 140}
{"ts": 100133, "svc": "gateway", "status": 200, "latency_ms": 141}
{"ts": 100133, "svc": "payment", "status": 200, "latency_ms": 142}
{"ts": 100133, "svc": "auth", "status": 200, "latency_ms": 143}
{"ts": 100134, "svc": "gateway", "status": 200, "latency_ms": 144}
{"ts": 100134, "svc": "payment", "status": 200, "latency_ms": 145}
{"ts": 100134, "svc": "auth", "status": 500, "latency_ms": 146}
definitely not json {{
{"ts": 100134, "svc": "gateway", "status": 200, "latency_ms": 147}
{"ts": 100134, "svc": "payment", "status": 200, "latency_ms": 148}
{"ts": 100134, "svc": "auth", "status": 200, "latency_ms": 149}
{"ts": 100094, "svc": "gateway", "status": 500, "latency_ms": 100}
{"ts": 100104, "svc": "gateway", "status": 200, "latency_ms": 100}
{"ts": 100145, "svc": "payment", "status": 500, "latency_ms": 100}
   
{"ts": 100000, "svc": "auth", "status": 200, "latency_ms": 100, "x": 1}
{"ts": 100145, "svc": "auth", "status": 200, "latency_ms": 101}
{"ts": 100145, "svc": "gateway", "status": 200, "latency_ms": 102}
{"ts": 100145, "svc": "payment", "status": 200, "latency_ms": 103}
{"ts": 100145, "svc": "auth", "status": 200, "latency_ms": 104}
{"ts": 100145, "svc": "gateway", "status": 200, "latency_ms": 105}
{"ts": 100146, "svc": "payment", "status": 200, "latency_ms": 106}
{"ts": 100146, "svc": "auth", "status": 200, "latency_ms": 107}
{"ts": 100146, "svc": "gateway", "status": 500, "latency_ms": 108}
{"ts": 100146, "svc": "payment", "status": 200, "latency_ms": 109}
{"ts": 100146, "svc": "auth", "status": 200, "latency_ms": 110}
{"ts": 100146, "svc": "gateway", "status": 200, "latency_ms": 111}
{"ts": 100147, "svc": "payment", "status": 200, "latency_ms": 112}
{"ts": 100147, "svc": "auth", "status": 200, "latency_ms": 113}
{"ts": 100147, "svc": "gateway", "status": 200, "latency_ms": 114}
{"ts": 100147, "svc": "payment", "status": 200, "latency_ms": 115}
{"ts": 100147, "svc": "auth", "status": 500, "latency_ms": 116}
{"ts": 100147, "svc": "gateway", "status": 200, "latency_ms": 117}
{"ts": 100148, "svc": "payment", "status": 200, "latency_ms": 118}
{"ts": 100148, "svc": "auth", "status": 200, "latency_ms": 119}
{"ts": 100148, "svc": "gateway", "status": 200, "latency_ms": 120}
{"ts": 100148, "svc": "payment", "status": 200, "latency_ms": 121}
{"ts": 100148, "svc": "auth", "status": 200, "latency_ms": 122}
{"ts": 100148, "svc": "gateway", "status": 200, "latency_ms": 123}
{"ts": 100149, "svc": "payment", "status": 500, "latency_ms": 124}
{"ts": 100149, "svc": "auth", "status": 200, "latency_ms": 125}
{"ts": 100149, "svc": "gateway", "status": 200, "latency_ms": 126}
{"ts": 100149, "svc": "payment", "status": 200, "latency_ms": 127}
{"ts": 100149, "svc": "auth", "status": 200, "latency_ms": 128}
{"ts": 100149, "svc": "gateway", "status": 200, "latency_ms": 129}
{"ts": 100150, "svc": "payment", "status": 200, "latency_ms": 130}
{"ts": 100150, "svc": "auth", "status": 200, "latency_ms": 131}
{"ts": 100150, "svc": "gateway", "status": 500, "latency_ms": 132}
{"ts": 100150, "svc": "payment", "status": 200, "latency_ms": 133}
{"ts": 100150, "svc": "auth", "status": 200, "latency_ms": 134}
{"ts": 100150, "svc": "gateway", "status": 200, "latency_ms": 135}
{"ts": 100151, "svc": "payment", "status": 200, "latency_ms": 136}
{"ts": 100151, "svc": "auth", "status": 200, "latency_ms": 137}
{"ts": 100000, "svc": "gateway", "status": 200.0, "latency_ms": 100}
{"ts": 100151, "svc": "gateway", "status": 200, "latency_ms": 138}
{"ts": 100151, "svc": "payment", "status": 200, "latency_ms": 139}
{"ts": 100151, "svc": "auth", "status": 500, "latency_ms": 140}
{"ts": 100151, "svc": "gateway", "status": 200, "latency_ms": 141}
{"ts": 100152, "svc": "payment", "status": 200, "latency_ms": 142}
{"ts": 100152, "svc": "auth", "status": 200, "latency_ms": 143}
{"ts": 100152, "svc": "gateway", "status": 200, "latency_ms": 144}
{"ts": 100152, "svc": "payment", "status": 200, "latency_ms": 145}
{"ts": 100152, "svc": "auth", "status": 200, "latency_ms": 146}
{"ts": 100152, "svc": "gateway", "status": 200, "latency_ms": 147}
{"ts": 100153, "svc": "payment", "status": 500, "latency_ms": 148}
{"ts": 100153, "svc": "auth", "status": 200, "latency_ms": 149}
{"ts": 100153, "svc": "gateway", "status": 200, "latency_ms": 100}
   
{"ts": 100153, "svc": "payment", "status": 200, "latency_ms": 101}
{"ts": 100153, "svc": "auth", "status": 200, "latency_ms": 102}
{"ts": 100153, "svc": "gateway", "status": 200, "latency_ms": 103}
{"ts": 100154, "svc": "payment", "status": 200, "latency_ms": 104}
{"ts": 100154, "svc": "auth", "status": 200, "latency_ms": 105}
{"ts": 100154, "svc": "gateway", "status": 500, "latency_ms": 106}
{"ts": 100154, "svc": "payment", "status": 200, "latency_ms": 107}
{"ts": 100154, "svc": "auth", "status": 200, "latency_ms": 108}
{"ts": 100154, "svc": "gateway", "status": 200, "latency_ms": 109}
{"ts": 100155, "svc": "payment", "status": 200, "latency_ms": 110}
{"ts": 100155, "svc": "auth", "status": 200, "latency_ms": 111}
{"ts": 100155, "svc": "gateway", "status": 200, "latency_ms": 112}
{"ts": 100155, "svc": "payment", "status": 200, "latency_ms": 113}
{"ts": 100155, "svc": "auth", "status": 500, "latency_ms": 114}
{"ts": 100155, "svc": "gateway", "status": 200, "latency_ms": 115}
{"ts": 100156, "svc": "payment", "status": 200, "latency_ms": 116}
{"ts": 100156, "svc": "auth", "status": 200, "latency_ms": 117}
{"ts": 100156, "svc": "gateway", "status": 200, "latency_ms": 118}
{"ts": 100156, "svc": "payment", "status": 200, "latency_ms": 119}
{"ts": 100156, "svc": "auth", "status": 200, "latency_ms": 120}
{"ts": 100156, "svc": "gateway", "status": 200, "latency_ms": 121}
{"ts": 100157, "svc": "payment", "status": 500, "latency_ms": 122}
{"ts": 100157, "svc": "auth", "status": 200, "latency_ms": 123}
{"ts": 100157, "svc": "gateway", "status": 200, "latency_ms": 124}
{"ts": true, "svc": "payment", "status": 200, "latency_ms": 100}
{"ts": 100157, "svc": "payment", "status": 200, "latency_ms": 125}
{"ts": 100157, "svc": "auth", "status": 200, "latency_ms": 126}
{"ts": 100157, "svc": "gateway", "status": 200, "latency_ms": 127}
{"ts": 100158, "svc": "payment", "status": 200, "latency_ms": 128}
{"ts": 100158, "svc": "auth", "status": 200, "latency_ms": 129}
{"ts": 100158, "svc": "gateway", "status": 500, "latency_ms": 130}
{"ts": 100158, "svc": "payment", "status": 200, "latency_ms": 131}
{"ts": 100158, "svc": "auth", "status": 200, "latency_ms": 132}
{"ts": 100158, "svc": "gateway", "status": 200, "latency_ms": 133}
{"ts": 100159, "svc": "payment", "status": 200, "latency_ms": 134}
{"ts": 100159, "svc": "auth", "status": 200, "latency_ms": 135}
{"ts": 100159, "svc": "gateway", "status": 200, "latency_ms": 136}
{"ts": 100159, "svc": "payment", "status": 200, "latency_ms": 137}
{"ts": 100159, "svc": "auth", "status": 500, "latency_ms": 138}
{"ts": 100159, "svc": "gateway", "status": 200, "latency_ms": 139}
{"ts": 100160, "svc": "payment", "status": 200, "latency_ms": 140}
{"ts": 100160, "svc": "auth", "status": 200, "latency_ms": 141}
{"ts": 100160, "svc": "gateway", "status": 200, "latency_ms": 142}
{"ts": 100160, "svc": "payment", "status": 200, "latency_ms": 143}
{"ts": 100160, "svc": "auth", "status": 200, "latency_ms": 144}
{"ts": 100160, "svc": "gateway", "status": 200, "latency_ms": 145}
{"ts": 100161, "svc": "payment", "status": 500, "latency_ms": 146}
{"ts": 100161, "svc": "auth", "status": 200, "latency_ms": 147}
{"ts": 100161, "svc": "gateway", "status": 200, "latency_ms": 148}
{"ts": 100161, "svc": "payment", "status": 200, "latency_ms": 149}
{"ts": 100161, "svc": "auth", "status": 200, "latency_ms": 100}
   
{"ts": 100161, "svc": "gateway", "status": 200, "latency_ms": 101}
{"ts": 100162, "svc": "payment", "status": 200, "latency_ms": 102}
{"ts": 100162, "svc": "auth", "status": 200, "latency_ms": 103}
{"ts": 100162, "svc": "gateway", "status": 500, "latency_ms": 104}
{"ts": 100162, "svc": "payment", "status": 200, "latency_ms": 105}
{"ts": 100162, "svc": "auth", "status": 200, "latency_ms": 106}
{"ts": 100162, "svc": "gateway", "status": 200, "latency_ms": 107}
{"ts": 100163, "svc": "payment", "status": 200, "latency_ms": 108}
{"ts": 100163, "svc": "auth", "status": 200, "latency_ms": 109}
{"ts": 100163, "svc": "gateway", "status": 200, "latency_ms": 110}
{"ts": 100163, "svc": "payment", "status": 200, "latency_ms": 111}
{"ts": 100000, "svc": "auth", "status": 99, "latency_ms": 100}
{"ts": 100163, "svc": "auth", "status": 500, "latency_ms": 112}
{"ts": 100163, "svc": "gateway", "status": 200, "latency_ms": 113}
{"ts": 100164, "svc": "payment", "status": 200, "latency_ms": 114}
{"ts": 100164, "svc": "auth", "status": 200, "latency_ms": 115}
{"ts": 100164, "svc": "gateway", "status": 200, "latency_ms": 116}
{"ts": 100164, "svc": "payment", "status": 200, "latency_ms": 117}
{"ts": 100164, "svc": "auth", "status": 200, "latency_ms": 118}
{"ts": 100164, "svc": "gateway", "status": 200, "latency_ms": 119}
{"ts": 100165, "svc": "payment", "status": 500, "latency_ms": 120}
{"ts": 100165, "svc": "auth", "status": 200, "latency_ms": 121}
{"ts": 100165, "svc": "gateway", "status": 200, "latency_ms": 122}
{"ts": 100165, "svc": "payment", "status": 200, "latency_ms": 123}
{"ts": 100165, "svc": "auth", "status": 200, "latency_ms": 124}
{"ts": 100165, "svc": "gateway", "status": 200, "latency_ms": 125}
{"ts": 100166, "svc": "payment", "status": 200, "latency_ms": 126}
{"ts": 100166, "svc": "auth", "status": 200, "latency_ms": 127}
{"ts": 100166, "svc": "gateway", "status": 500, "latency_ms": 128}
{"ts": 100166, "svc": "payment", "status": 200, "latency_ms": 129}
{"ts": 100166, "svc": "auth", "status": 200, "latency_ms": 130}
{"ts": 100166, "svc": "gateway", "status": 200, "latency_ms": 131}
{"ts": 100167, "svc": "payment", "status": 200, "latency_ms": 132}
{"ts": 100167, "svc": "auth", "status": 200, "latency_ms": 133}
{"ts": 100167, "svc": "gateway", "status": 200, "latency_ms": 134}
{"ts": 100167, "svc": "payment", "status": 200, "latency_ms": 135}
{"ts": 100167, "svc": "auth", "status": 500, "latency_ms": 136}
{"ts": 100167, "svc": "gateway", "status": 200, "latency_ms": 137}
{"ts": 100168, "svc": "payment", "status": 200, "latency_ms": 138}
{"ts": 100168, "svc": "auth", "status": 200, "latency_ms": 139}
{"ts": 100168, "svc": "gateway", "status": 200, "latency_ms": 140}
{"ts": 100168, "svc": "payment", "status": 200, "latency_ms": 141}
{"ts": 100168, "svc": "auth", "status": 200, "latency_ms": 142}
{"ts": 100168, "svc": "gateway", "status": 200, "latency_ms": 143}
{"ts": 100169, "svc": "payment", "status": 500, "latency_ms": 144}
{"ts": 100169, "svc": "auth", "status": 200, "latency_ms": 145}
{"ts": 100169, "svc": "gateway", "status": 200, "latency_ms": 146}
{"ts": 100169, "svc": "payment", "status": 200, "latency_ms": 147}
{"ts": 100169, "svc": "auth", "status": 200, "latency_ms": 148}
{"ts": 100000, "svc": "billing", "status": 200, "latency_ms": 100}
{"ts": 100169, "svc": "gateway", "status": 200, "latency_ms": 149}
{"ts": 100170, "svc": "payment", "status": 200, "latency_ms": 100}
   
{"ts": 100170, "svc": "auth", "status": 200, "latency_ms": 101}
{"ts": 100170, "svc": "gateway", "status": 500, "latency_ms": 102}
{"ts": 100170, "svc": "payment", "status": 200, "latency_ms": 103}
{"ts": 100170, "svc": "auth", "status": 200, "latency_ms": 104}
{"ts": 100170, "svc": "gateway", "status": 200, "latency_ms": 105}
{"ts": 100171, "svc": "payment", "status": 200, "latency_ms": 106}
{"ts": 100171, "svc": "auth", "status": 200, "latency_ms": 107}
{"ts": 100171, "svc": "gateway", "status": 200, "latency_ms": 108}
{"ts": 100171, "svc": "payment", "status": 200, "latency_ms": 109}
{"ts": 100171, "svc": "auth", "status": 500, "latency_ms": 110}
{"ts": 100171, "svc": "gateway", "status": 200, "latency_ms": 111}
{"ts": 100172, "svc": "payment", "status": 200, "latency_ms": 112}
{"ts": 100172, "svc": "auth", "status": 200, "latency_ms": 113}
{"ts": 100172, "svc": "gateway", "status": 200, "latency_ms": 114}
{"ts": 100172, "svc": "payment", "status": 200, "latency_ms": 115}
{"ts": 100172, "svc": "auth", "status": 200, "latency_ms": 116}
{"ts": 100172, "svc": "gateway", "status": 200, "latency_ms": 117}
{"ts": 100173, "svc": "payment", "status": 500, "latency_ms": 118}
{"ts": 100173, "svc": "auth", "status": 200, "latency_ms": 119}
{"ts": 100173, "svc": "gateway", "status": 200, "latency_ms": 120}
{"ts": 100173, "svc": "payment", "status": 200, "latency_ms": 121}
{"ts": 100173, "svc": "auth", "status": 200, "latency_ms": 122}
{"ts": 100173, "svc": "gateway", "status": 200, "latency_ms": 123}
{"ts": 100174, "svc": "payment", "status": 200, "latency_ms": 124}
{"ts": 100174, "svc": "auth", "status": 200, "latency_ms": 125}
{"ts": 100174, "svc": "gateway", "status": 500, "latency_ms": 126}
{"ts": 100174, "svc": "payment", "status": 200, "latency_ms": 127}
{"ts": 100174, "svc": "auth", "status": 200, "latency_ms": 128}
{"ts": 100174, "svc": "gateway", "status": 200, "latency_ms": 129}
{"ts": 100175, "svc": "payment", "status": 200, "latency_ms": 130}
{"ts": 100175, "svc": "auth", "status": 200, "latency_ms": 131}
{"ts": 100175, "svc": "gateway", "status": 200, "latency_ms": 132}
{"ts": 100175, "svc": "payment", "status": 200, "latency_ms": 133}
{"ts": 100175, "svc": "auth", "status": 500, "latency_ms": 134}
{"ts": 100175, "svc": "gateway", "status": 200, "latency_ms": 135}
{"ts": 100000, "svc": "gateway", "status": 200, "latency_ms": 1001}
{"ts": 100176, "svc": "payment", "status": 200, "latency_ms": 136}
{"ts": 100176, "svc": "auth", "status": 200, "latency_ms": 137}
{"ts": 100176, "svc": "gateway", "status": 200, "latency_ms": 138}
{"ts": 100176, "svc": "payment", "status": 200, "latency_ms": 139}
{"ts": 100176, "svc": "auth", "status": 200, "latency_ms": 140}
{"ts": 100176, "svc": "gateway", "status": 200, "latency_ms": 141}
{"ts": 100177, "svc": "payment", "status": 500, "latency_ms": 142}
{"ts": 100177, "svc": "auth", "status": 200, "latency_ms": 143}
{"ts": 100177, "svc": "gateway", "status": 200, "latency_ms": 144}
{"ts": 100177, "svc": "payment", "status": 200, "latency_ms": 145}
{"ts": 100177, "svc": "auth", "status": 200, "latency_ms": 146}
{"ts": 100177, "svc": "gateway", "status": 200, "latency_ms": 147}
{"ts": 100178, "svc": "payment", "status": 200, "latency_ms": 148}
{"ts": 100178, "svc": "auth", "status": 200, "latency_ms": 149}
{"ts": 100178, "svc": "gateway", "status": 500, "latency_ms": 100}
   
{"ts": 100178, "svc": "payment", "status": 200, "latency_ms": 101}
{"ts": 100178, "svc": "auth", "status": 200, "latency_ms": 102}
{"ts": 100178, "svc": "gateway", "status": 200, "latency_ms": 103}
{"ts": 100179, "svc": "payment", "status": 200, "latency_ms": 104}
{"ts": 100179, "svc": "auth", "status": 200, "latency_ms": 105}
{"ts": 100179, "svc": "gateway", "status": 200, "latency_ms": 106}
{"ts": 100179, "svc": "payment", "status": 200, "latency_ms": 107}
{"ts": 100179, "svc": "auth", "status": 500, "latency_ms": 108}
{"ts": 100179, "svc": "gateway", "status": 200, "latency_ms": 109}
{"ts": 100180, "svc": "payment", "status": 200, "latency_ms": 110}
{"ts": 100180, "svc": "auth", "status": 200, "latency_ms": 111}
{"ts": 100180, "svc": "gateway", "status": 200, "latency_ms": 112}
{"ts": 100180, "svc": "payment", "status": 200, "latency_ms": 113}
{"ts": 100180, "svc": "auth", "status": 200, "latency_ms": 114}
{"ts": 100180, "svc": "gateway", "status": 200, "latency_ms": 115}
{"ts": 100181, "svc": "payment", "status": 500, "latency_ms": 116}
{"ts": 100181, "svc": "auth", "status": 200, "latency_ms": 117}
{"ts": 100181, "svc": "gateway", "status": 200, "latency_ms": 118}
{"ts": 100181, "svc": "payment", "status": 200, "latency_ms": 119}
{"ts": 100181, "svc": "auth", "status": 200, "latency_ms": 120}
{"ts": 100181, "svc": "gateway", "status": 200, "latency_ms": 121}
{"ts": 100182, "svc": "payment", "status": 200, "latency_ms": 122}
{"ts": 100000, "svc": "payment", "status": 200, "latency_ms": false}
{"ts": 100182, "svc": "auth", "status": 200, "latency_ms": 123}
{"ts": 100182, "svc": "gateway", "status": 500, "latency_ms": 124}
{"ts": 100182, "svc": "payment", "status": 200, "latency_ms": 125}
{"ts": 100182, "svc": "auth", "status": 200, "latency_ms": 126}
{"ts": 100182, "svc": "gateway", "status": 200, "latency_ms": 127}
{"ts": 100183, "svc": "payment", "status": 200, "latency_ms": 128}
{"ts": 100183, "svc": "auth", "status": 200, "latency_ms": 129}
{"ts": 100183, "svc": "gateway", "status": 200, "latency_ms": 130}
{"ts": 100183, "svc": "payment", "status": 200, "latency_ms": 131}
{"ts": 100183, "svc": "auth", "status": 500, "latency_ms": 132}
{"ts": 100183, "svc": "gateway", "status": 200, "latency_ms": 133}
{"ts": 100184, "svc": "payment", "status": 200, "latency_ms": 134}
{"ts": 100184, "svc": "auth", "status": 200, "latency_ms": 135}
{"ts": 100184, "svc": "gateway", "status": 200, "latency_ms": 136}
{"ts": 100184, "svc": "payment", "status": 200, "latency_ms": 137}
{"ts": 100184, "svc": "auth", "status": 200, "latency_ms": 138}
{"ts": 100184, "svc": "gateway", "status": 200, "latency_ms": 139}
{"ts": 100185, "svc": "payment", "status": 500, "latency_ms": 140}
{"ts": 100185, "svc": "auth", "status": 200, "latency_ms": 141}
{"ts": 100185, "svc": "gateway", "status": 200, "latency_ms": 142}
{"ts": 100185, "svc": "payment", "status": 200, "latency_ms": 143}
{"ts": 100185, "svc": "auth", "status": 200, "latency_ms": 144}
{"ts": 100185, "svc": "gateway", "status": 200, "latency_ms": 145}
{"ts": 100186, "svc": "payment", "status": 200, "latency_ms": 146}
{"ts": 100186, "svc": "auth", "status": 200, "latency_ms": 147}
{"ts": 100186, "svc": "gateway", "status": 500, "latency_ms": 148}
{"ts": 100186, "svc": "payment", "status": 200, "latency_ms": 149}
{"ts": 100186, "svc": "auth", "status": 200, "latency_ms": 100}
   
{"ts": 100186, "svc": "gateway", "status": 200, "latency_ms": 101}
{"ts": 100187, "svc": "payment", "status": 200, "latency_ms": 102}
{"ts": 100187, "svc": "auth", "status": 200, "latency_ms": 103}
{"ts": 100187, "svc": "gateway", "status": 200, "latency_ms": 104}
{"ts": 100187, "svc": "payment", "status": 200, "latency_ms": 105}
{"ts": 100187, "svc": "auth", "status": 500, "latency_ms": 106}
{"ts": 100187, "svc": "gateway", "status": 200, "latency_ms": 107}
{"ts": 100188, "svc": "payment", "status": 200, "latency_ms": 108}
{"ts": 100188, "svc": "auth", "status": 200, "latency_ms": 109}
definitely not json {{
{"ts": 100188, "svc": "gateway", "status": 200, "latency_ms": 110}
{"ts": 100188, "svc": "payment", "status": 200, "latency_ms": 111}
{"ts": 100188, "svc": "auth", "status": 200, "latency_ms": 112}
{"ts": 100188, "svc": "gateway", "status": 200, "latency_ms": 113}
{"ts": 100189, "svc": "payment", "status": 500, "latency_ms": 114}
{"ts": 100189, "svc": "auth", "status": 200, "latency_ms": 115}
{"ts": 100189, "svc": "gateway", "status": 200, "latency_ms": 116}
{"ts": 100189, "svc": "payment", "status": 200, "latency_ms": 117}
{"ts": 100189, "svc": "auth", "status": 200, "latency_ms": 118}
{"ts": 100189, "svc": "gateway", "status": 200, "latency_ms": 119}
{"ts": 100190, "svc": "payment", "status": 200, "latency_ms": 120}
{"ts": 100190, "svc": "auth", "status": 200, "latency_ms": 121}
{"ts": 100190, "svc": "gateway", "status": 500, "latency_ms": 122}
{"ts": 100190, "svc": "payment", "status": 200, "latency_ms": 123}
{"ts": 100190, "svc": "auth", "status": 200, "latency_ms": 124}
{"ts": 100190, "svc": "gateway", "status": 200, "latency_ms": 125}
{"ts": 100191, "svc": "payment", "status": 200, "latency_ms": 126}
{"ts": 100191, "svc": "auth", "status": 200, "latency_ms": 127}
{"ts": 100191, "svc": "gateway", "status": 200, "latency_ms": 128}
{"ts": 100191, "svc": "payment", "status": 200, "latency_ms": 129}
{"ts": 100191, "svc": "auth", "status": 500, "latency_ms": 130}
{"ts": 100191, "svc": "gateway", "status": 200, "latency_ms": 131}
{"ts": 100192, "svc": "payment", "status": 200, "latency_ms": 132}
{"ts": 100192, "svc": "auth", "status": 200, "latency_ms": 133}
{"ts": 100192, "svc": "gateway", "status": 200, "latency_ms": 134}
{"ts": 100192, "svc": "payment", "status": 200, "latency_ms": 135}
{"ts": 100192, "svc": "auth", "status": 200, "latency_ms": 136}
{"ts": 100192, "svc": "gateway", "status": 200, "latency_ms": 137}
{"ts": 100193, "svc": "payment", "status": 500, "latency_ms": 138}
{"ts": 100193, "svc": "auth", "status": 200, "latency_ms": 139}
{"ts": 100193, "svc": "gateway", "status": 200, "latency_ms": 140}
{"ts": 100193, "svc": "payment", "status": 200, "latency_ms": 141}
{"ts": 100193, "svc": "auth", "status": 200, "latency_ms": 142}
{"ts": 100193, "svc": "gateway", "status": 200, "latency_ms": 143}
{"ts": 100194, "svc": "payment", "status": 200, "latency_ms": 144}
{"ts": 100194, "svc": "auth", "status": 200, "latency_ms": 145}
{"ts": 100194, "svc": "gateway", "status": 500, "latency_ms": 146}
{"ts": 100000, "svc": "auth", "status": 200}
{"ts": 100194, "svc": "payment", "status": 200, "latency_ms": 147}
{"ts": 100194, "svc": "auth", "status": 200, "latency_ms": 148}
{"ts": 100194, "svc": "gateway", "status": 200, "latency_ms": 149}
{"ts": 100154, "svc": "payment", "status": 500, "latency_ms": 100}
{"ts": 100164, "svc": "payment", "status": 200, "latency_ms": 100}
{"ts": 100205, "svc": "auth", "status": 500, "latency_ms": 100}
   
{"ts": 100000, "svc": "gateway", "status": 200.0, "latency_ms": 100}
{"ts": 100205, "svc": "gateway", "status": 200, "latency_ms": 101}
{"ts": 100205, "svc": "payment", "status": 200, "latency_ms": 102}
{"ts": 100205, "svc": "auth", "status": 200, "latency_ms": 103}
{"ts": 100205, "svc": "gateway", "status": 200, "latency_ms": 104}
{"ts": 100205, "svc": "payment", "status": 200, "latency_ms": 105}
{"ts": 100206, "svc": "auth", "status": 200, "latency_ms": 106}
{"ts": 100206, "svc": "gateway", "status": 200, "latency_ms": 107}
{"ts": 100206, "svc": "payment", "status": 500, "latency_ms": 108}
{"ts": 100206, "svc": "auth", "status": 200, "latency_ms": 109}
{"ts": 100206, "svc": "gateway", "status": 200, "latency_ms": 110}
{"ts": 100206, "svc": "payment", "status": 200, "latency_ms": 111}
{"ts": 100207, "svc": "auth", "status": 200, "latency_ms": 112}
{"ts": 100207, "svc": "gateway", "status": 200, "latency_ms": 113}
{"ts": 100207, "svc": "payment", "status": 200, "latency_ms": 114}
{"ts": 100207, "svc": "auth", "status": 200, "latency_ms": 115}
{"ts": 100207, "svc": "gateway", "status": 500, "latency_ms": 116}
{"ts": 100207, "svc": "payment", "status": 200, "latency_ms": 117}
{"ts": 100208, "svc": "auth", "status": 200, "latency_ms": 118}
{"ts": 100208, "svc": "gateway", "status": 200, "latency_ms": 119}
{"ts": 100208, "svc": "payment", "status": 200, "latency_ms": 120}
{"ts": 100208, "svc": "auth", "status": 200, "latency_ms": 121}
{"ts": 100208, "svc": "gateway", "status": 200, "latency_ms": 122}
{"ts": 100208, "svc": "payment", "status": 200, "latency_ms": 123}
{"ts": 100209, "svc": "auth", "status": 500, "latency_ms": 124}
{"ts": 100209, "svc": "gateway", "status": 200, "latency_ms": 125}
{"ts": 100209, "svc": "payment", "status": 200, "latency_ms": 126}
{"ts": 100209, "svc": "auth", "status": 200, "latency_ms": 127}
{"ts": 100209, "svc": "gateway", "status": 200, "latency_ms": 128}
{"ts": 100209, "svc": "payment", "status": 200, "latency_ms": 129}
{"ts": 100210, "svc": "auth", "status": 200, "latency_ms": 130}
{"ts": 100210, "svc": "gateway", "status": 200, "latency_ms": 131}
{"ts": 100210, "svc": "payment", "status": 500, "latency_ms": 132}
{"ts": 100210, "svc": "auth", "status": 200, "latency_ms": 133}
{"ts": 100210, "svc": "gateway", "status": 200, "latency_ms": 134}
{"ts": 100210, "svc": "payment", "status": 200, "latency_ms": 135}
{"ts": 100211, "svc": "auth", "status": 200, "latency_ms": 136}
{"ts": 100211, "svc": "gateway", "status": 200, "latency_ms": 137}
{"ts": true, "svc": "payment", "status": 200, "latency_ms": 100}
{"ts": 100211, "svc": "payment", "status": 200, "latency_ms": 138}
{"ts": 100211, "svc": "auth", "status": 200, "latency_ms": 139}
{"ts": 100211, "svc": "gateway", "status": 500, "latency_ms": 140}
{"ts": 100211, "svc": "payment", "status": 200, "latency_ms": 141}
{"ts": 100212, "svc": "auth", "status": 200, "latency_ms": 142}
{"ts": 100212, "svc": "gateway", "status": 200, "latency_ms": 143}
{"ts": 100212, "svc": "payment", "status": 200, "latency_ms": 144}
{"ts": 100212, "svc": "auth", "status": 200, "latency_ms": 145}
{"ts": 100212, "svc": "gateway", "status": 200, "latency_ms": 146}
{"ts": 100212, "svc": "payment", "status": 200, "latency_ms": 147}
{"ts": 100213, "svc": "auth", "status": 500, "latency_ms": 148}
{"ts": 100213, "svc": "gateway", "status": 200, "latency_ms": 149}
{"ts": 100213, "svc": "payment", "status": 200, "latency_ms": 100}
   
{"ts": 100213, "svc": "auth", "status": 200, "latency_ms": 101}
{"ts": 100213, "svc": "gateway", "status": 200, "latency_ms": 102}
{"ts": 100213, "svc": "payment", "status": 200, "latency_ms": 103}
{"ts": 100214, "svc": "auth", "status": 200, "latency_ms": 104}
{"ts": 100214, "svc": "gateway", "status": 200, "latency_ms": 105}
{"ts": 100214, "svc": "payment", "status": 500, "latency_ms": 106}
{"ts": 100214, "svc": "auth", "status": 200, "latency_ms": 107}
{"ts": 100214, "svc": "gateway", "status": 200, "latency_ms": 108}
{"ts": 100214, "svc": "payment", "status": 200, "latency_ms": 109}
{"ts": 100215, "svc": "auth", "status": 200, "latency_ms": 110}
{"ts": 100215, "svc": "gateway", "status": 200, "latency_ms": 111}
{"ts": 100215, "svc": "payment", "status": 200, "latency_ms": 112}
{"ts": 100215, "svc": "auth", "status": 200, "latency_ms": 113}
{"ts": 100215, "svc": "gateway", "status": 500, "latency_ms": 114}
{"ts": 100215, "svc": "payment", "status": 200, "latency_ms": 115}
{"ts": 100216, "svc": "auth", "status": 200, "latency_ms": 116}
{"ts": 100216, "svc": "gateway", "status": 200, "latency_ms": 117}
{"ts": 100216, "svc": "payment", "status": 200, "latency_ms": 118}
{"ts": 100216, "svc": "auth", "status": 200, "latency_ms": 119}
{"ts": 100216, "svc": "gateway", "status": 200, "latency_ms": 120}
{"ts": 100216, "svc": "payment", "status": 200, "latency_ms": 121}
{"ts": 100217, "svc": "auth", "status": 500, "latency_ms": 122}
{"ts": 100217, "svc": "gateway", "status": 200, "latency_ms": 123}
{"ts": 100217, "svc": "payment", "status": 200, "latency_ms": 124}
{"ts": 100000, "svc": "auth", "status": 99, "latency_ms": 100}
{"ts": 100217, "svc": "auth", "status": 200, "latency_ms": 125}
{"ts": 100217, "svc": "gateway", "status": 200, "latency_ms": 126}
{"ts": 100217, "svc": "payment", "status": 200, "latency_ms": 127}
{"ts": 100218, "svc": "auth", "status": 200, "latency_ms": 128}
{"ts": 100218, "svc": "gateway", "status": 200, "latency_ms": 129}
{"ts": 100218, "svc": "payment", "status": 500, "latency_ms": 130}
{"ts": 100218, "svc": "auth", "status": 200, "latency_ms": 131}
{"ts": 100218, "svc": "gateway", "status": 200, "latency_ms": 132}
{"ts": 100218, "svc": "payment", "status": 200, "latency_ms": 133}
{"ts": 100219, "svc": "auth", "status": 200, "latency_ms": 134}
{"ts": 100219, "svc": "gateway", "status": 200, "latency_ms": 135}
{"ts": 100219, "svc": "payment", "status": 200, "latency_ms": 136}
{"ts": 100219, "svc": "auth", "status": 200, "latency_ms": 137}
{"ts": 100219, "svc": "gateway", "status": 500, "latency_ms": 138}
{"ts": 100219, "svc": "payment", "status": 200, "latency_ms": 139}
{"ts": 100220, "svc": "auth", "status": 200, "latency_ms": 140}
{"ts": 100220, "svc": "gateway", "status": 200, "latency_ms": 141}
{"ts": 100220, "svc": "payment", "status": 200, "latency_ms": 142}
{"ts": 100220, "svc": "auth", "status": 200, "latency_ms": 143}
{"ts": 100220, "svc": "gateway", "status": 200, "latency_ms": 144}
{"ts": 100220, "svc": "payment", "status": 200, "latency_ms": 145}
{"ts": 100221, "svc": "auth", "status": 500, "latency_ms": 146}
{"ts": 100221, "svc": "gateway", "status": 200, "latency_ms": 147}
{"ts": 100221, "svc": "payment", "status": 200, "latency_ms": 148}
{"ts": 100221, "svc": "auth", "status": 200, "latency_ms": 149}
{"ts": 100221, "svc": "gateway", "status": 200, "latency_ms": 100}
   
{"ts": 100221, "svc": "payment", "status": 200, "latency_ms": 101}
{"ts": 100222, "svc": "auth", "status": 200, "latency_ms": 102}
{"ts": 100222, "svc": "gateway", "status": 200, "latency_ms": 103}
{"ts": 100222, "svc": "payment", "status": 500, "latency_ms": 104}
{"ts": 100222, "svc": "auth", "status": 200, "latency_ms": 105}
{"ts": 100222, "svc": "gateway", "status": 200, "latency_ms": 106}
{"ts": 100222, "svc": "payment", "status": 200, "latency_ms": 107}
{"ts": 100223, "svc": "auth", "status": 200, "latency_ms": 108}
{"ts": 100223, "svc": "gateway", "status": 200, "latency_ms": 109}
{"ts": 100223, "svc": "payment", "status": 200, "latency_ms": 110}
{"ts": 100223, "svc": "auth", "status": 200, "latency_ms": 111}
{"ts": 100000, "svc": "billing", "status": 200, "latency_ms": 100}
{"ts": 100223, "svc": "gateway", "status": 500, "latency_ms": 112}
{"ts": 100223, "svc": "payment", "status": 200, "latency_ms": 113}
{"ts": 100224, "svc": "auth", "status": 200, "latency_ms": 114}
{"ts": 100224, "svc": "gateway", "status": 200, "latency_ms": 115}
{"ts": 100224, "svc": "payment", "status": 200, "latency_ms": 116}
{"ts": 100224, "svc": "auth", "status": 200, "latency_ms": 117}
{"ts": 100224, "svc": "gateway", "status": 200, "latency_ms": 118}
{"ts": 100224, "svc": "payment", "status": 200, "latency_ms": 119}
{"ts": 100225, "svc": "auth", "status": 500, "latency_ms": 120}
{"ts": 100225, "svc": "gateway", "status": 200, "latency_ms": 121}
{"ts": 100225, "svc": "payment", "status": 200, "latency_ms": 122}
{"ts": 100225, "svc": "auth", "status": 200, "latency_ms": 123}
{"ts": 100225, "svc": "gateway", "status": 200, "latency_ms": 124}
{"ts": 100225, "svc": "payment", "status": 200, "latency_ms": 125}
{"ts": 100226, "svc": "auth", "status": 200, "latency_ms": 126}
{"ts": 100226, "svc": "gateway", "status": 200, "latency_ms": 127}
{"ts": 100226, "svc": "payment", "status": 500, "latency_ms": 128}
{"ts": 100226, "svc": "auth", "status": 200, "latency_ms": 129}
{"ts": 100226, "svc": "gateway", "status": 200, "latency_ms": 130}
{"ts": 100226, "svc": "payment", "status": 200, "latency_ms": 131}
{"ts": 100227, "svc": "auth", "status": 200, "latency_ms": 132}
{"ts": 100227, "svc": "gateway", "status": 200, "latency_ms": 133}
{"ts": 100227, "svc": "payment", "status": 200, "latency_ms": 134}
{"ts": 100227, "svc": "auth", "status": 200, "latency_ms": 135}
{"ts": 100227, "svc": "gateway", "status": 500, "latency_ms": 136}
{"ts": 100227, "svc": "payment", "status": 200, "latency_ms": 137}
{"ts": 100228, "svc": "auth", "status": 200, "latency_ms": 138}
{"ts": 100228, "svc": "gateway", "status": 200, "latency_ms": 139}
{"ts": 100228, "svc": "payment", "status": 200, "latency_ms": 140}
{"ts": 100228, "svc": "auth", "status": 200, "latency_ms": 141}
{"ts": 100228, "svc": "gateway", "status": 200, "latency_ms": 142}
{"ts": 100228, "svc": "payment", "status": 200, "latency_ms": 143}
{"ts": 100229, "svc": "auth", "status": 500, "latency_ms": 144}
{"ts": 100229, "svc": "gateway", "status": 200, "latency_ms": 145}
{"ts": 100229, "svc": "payment", "status": 200, "latency_ms": 146}
{"ts": 100229, "svc": "auth", "status": 200, "latency_ms": 147}
{"ts": 100229, "svc": "gateway", "status": 200, "latency_ms": 148}
{"ts": 100000, "svc": "gateway", "status": 200, "latency_ms": 1001}
{"ts": 100229, "svc": "payment", "status": 200, "latency_ms": 149}
{"ts": 100230, "svc": "auth", "status": 200, "latency_ms": 100}
   
{"ts": 100230, "svc": "gateway", "status": 200, "latency_ms": 101}
{"ts": 100230, "svc": "payment", "status": 500, "latency_ms": 102}
{"ts": 100230, "svc": "auth", "status": 200, "latency_ms": 103}
{"ts": 100230, "svc": "gateway", "status": 200, "latency_ms": 104}
{"ts": 100230, "svc": "payment", "status": 200, "latency_ms": 105}
{"ts": 100231, "svc": "auth", "status": 200, "latency_ms": 106}
{"ts": 100231, "svc": "gateway", "status": 200, "latency_ms": 107}
{"ts": 100231, "svc": "payment", "status": 200, "latency_ms": 108}
{"ts": 100231, "svc": "auth", "status": 200, "latency_ms": 109}
{"ts": 100231, "svc": "gateway", "status": 500, "latency_ms": 110}
{"ts": 100231, "svc": "payment", "status": 200, "latency_ms": 111}
{"ts": 100232, "svc": "auth", "status": 200, "latency_ms": 112}
{"ts": 100232, "svc": "gateway", "status": 200, "latency_ms": 113}
{"ts": 100232, "svc": "payment", "status": 200, "latency_ms": 114}
{"ts": 100232, "svc": "auth", "status": 200, "latency_ms": 115}
{"ts": 100232, "svc": "gateway", "status": 200, "latency_ms": 116}
{"ts": 100232, "svc": "payment", "status": 200, "latency_ms": 117}
{"ts": 100233, "svc": "auth", "status": 500, "latency_ms": 118}
{"ts": 100233, "svc": "gateway", "status": 200, "latency_ms": 119}
{"ts": 100233, "svc": "payment", "status": 200, "latency_ms": 120}
{"ts": 100233, "svc": "auth", "status": 200, "latency_ms": 121}
{"ts": 100233, "svc": "gateway", "status": 200, "latency_ms": 122}
{"ts": 100233, "svc": "payment", "status": 200, "latency_ms": 123}
{"ts": 100234, "svc": "auth", "status": 200, "latency_ms": 124}
{"ts": 100234, "svc": "gateway", "status": 200, "latency_ms": 125}
{"ts": 100234, "svc": "payment", "status": 500, "latency_ms": 126}
{"ts": 100234, "svc": "auth", "status": 200, "latency_ms": 127}
{"ts": 100234, "svc": "gateway", "status": 200, "latency_ms": 128}
{"ts": 100234, "svc": "payment", "status": 200, "latency_ms": 129}
{"ts": 100235, "svc": "auth", "status": 200, "latency_ms": 130}
{"ts": 100235, "svc": "gateway", "status": 200, "latency_ms": 131}
{"ts": 100235, "svc": "payment", "status": 200, "latency_ms": 132}
{"ts": 100235, "svc": "auth", "status": 200, "latency_ms": 133}
{"ts": 100235, "svc": "gateway", "status": 500, "latency_ms": 134}
{"ts": 100235, "svc": "payment", "status": 200, "latency_ms": 135}
{"ts": 100000, "svc": "payment", "status": 200, "latency_ms": false}
{"ts": 100236, "svc": "auth", "status": 200, "latency_ms": 136}
{"ts": 100236, "svc": "gateway", "status": 200, "latency_ms": 137}
{"ts": 100236, "svc": "payment", "status": 200, "latency_ms": 138}
{"ts": 100236, "svc": "auth", "status": 200, "latency_ms": 139}
{"ts": 100236, "svc": "gateway", "status": 200, "latency_ms": 140}
{"ts": 100236, "svc": "payment", "status": 200, "latency_ms": 141}
{"ts": 100237, "svc": "auth", "status": 500, "latency_ms": 142}
{"ts": 100237, "svc": "gateway", "status": 200, "latency_ms": 143}
{"ts": 100237, "svc": "payment", "status": 200, "latency_ms": 144}
{"ts": 100237, "svc": "auth", "status": 200, "latency_ms": 145}
{"ts": 100237, "svc": "gateway", "status": 200, "latency_ms": 146}
{"ts": 100237, "svc": "payment", "status": 200, "latency_ms": 147}
{"ts": 100238, "svc": "auth", "status": 200, "latency_ms": 148}
{"ts": 100238, "svc": "gateway", "status": 200, "latency_ms": 149}
{"ts": 100238, "svc": "payment", "status": 500, "latency_ms": 100}
   
{"ts": 100238, "svc": "auth", "status": 200, "latency_ms": 101}
{"ts": 100238, "svc": "gateway", "status": 200, "latency_ms": 102}
{"ts": 100238, "svc": "payment", "status": 200, "latency_ms": 103}
{"ts": 100239, "svc": "auth", "status": 200, "latency_ms": 104}
{"ts": 100239, "svc": "gateway", "status": 200, "latency_ms": 105}
{"ts": 100239, "svc": "payment", "status": 200, "latency_ms": 106}
{"ts": 100239, "svc": "auth", "status": 200, "latency_ms": 107}
{"ts": 100239, "svc": "gateway", "status": 500, "latency_ms": 108}
{"ts": 100239, "svc": "payment", "status": 200, "latency_ms": 109}
{"ts": 100240, "svc": "auth", "status": 200, "latency_ms": 110}
{"ts": 100240, "svc": "gateway", "status": 200, "latency_ms": 111}
{"ts": 100240, "svc": "payment", "status": 200, "latency_ms": 112}
{"ts": 100240, "svc": "auth", "status": 200, "latency_ms": 113}
{"ts": 100240, "svc": "gateway", "status": 200, "latency_ms": 114}
{"ts": 100240, "svc": "payment", "status": 200, "latency_ms": 115}
{"ts": 100241, "svc": "auth", "status": 500, "latency_ms": 116}
{"ts": 100241, "svc": "gateway", "status": 200, "latency_ms": 117}
{"ts": 100241, "svc": "payment", "status": 200, "latency_ms": 118}
{"ts": 100241, "svc": "auth", "status": 200, "latency_ms": 119}
{"ts": 100241, "svc": "gateway", "status": 200, "latency_ms": 120}
{"ts": 100241, "svc": "payment", "status": 200, "latency_ms": 121}
{"ts": 100242, "svc": "auth", "status": 200, "latency_ms": 122}
definitely not json {{
{"ts": 100242, "svc": "gateway", "status": 200, "latency_ms": 123}
{"ts": 100242, "svc": "payment", "status": 500, "latency_ms": 124}
{"ts": 100242, "svc": "auth", "status": 200, "latency_ms": 125}
{"ts": 100242, "svc": "gateway", "status": 200, "latency_ms": 126}
{"ts": 100242, "svc": "payment", "status": 200, "latency_ms": 127}
{"ts": 100243, "svc": "auth", "status": 200, "latency_ms": 128}
{"ts": 100243, "svc": "gateway", "status": 200, "latency_ms": 129}
{"ts": 100243, "svc": "payment", "status": 200, "latency_ms": 130}
{"ts": 100243, "svc": "auth", "status": 200, "latency_ms": 131}
{"ts": 100243, "svc": "gateway", "status": 500, "latency_ms": 132}
{"ts": 100243, "svc": "payment", "status": 200, "latency_ms": 133}
{"ts": 100244, "svc": "auth", "status": 200, "latency_ms": 134}
{"ts": 100244, "svc": "gateway", "status": 200, "latency_ms": 135}
{"ts": 100244, "svc": "payment", "status": 200, "latency_ms": 136}
{"ts": 100244, "svc": "auth", "status": 200, "latency_ms": 137}
{"ts": 100244, "svc": "gateway", "status": 200, "latency_ms": 138}
{"ts": 100244, "svc": "payment", "status": 200, "latency_ms": 139}
{"ts": 100245, "svc": "auth", "status": 500, "latency_ms": 140}
{"ts": 100245, "svc": "gateway", "status": 200, "latency_ms": 141}
{"ts": 100245, "svc": "payment", "status": 200, "latency_ms": 142}
{"ts": 100245, "svc": "auth", "status": 200, "latency_ms": 143}
{"ts": 100245, "svc": "gateway", "status": 200, "latency_ms": 144}
{"ts": 100245, "svc": "payment", "status": 200, "latency_ms": 145}
{"ts": 100246, "svc": "auth", "status": 200, "latency_ms": 146}
{"ts": 100246, "svc": "gateway", "status": 200, "latency_ms": 147}
{"ts": 100246, "svc": "payment", "status": 500, "latency_ms": 148}
{"ts": 100246, "svc": "auth", "status": 200, "latency_ms": 149}
{"ts": 100246, "svc": "gateway", "status": 200, "latency_ms": 100}
   
{"ts": 100246, "svc": "payment", "status": 200, "latency_ms": 101}
{"ts": 100247, "svc": "auth", "status": 200, "latency_ms": 102}
{"ts": 100247, "svc": "gateway", "status": 200, "latency_ms": 103}
{"ts": 100247, "svc": "payment", "status": 200, "latency_ms": 104}
{"ts": 100247, "svc": "auth", "status": 200, "latency_ms": 105}
{"ts": 100247, "svc": "gateway", "status": 500, "latency_ms": 106}
{"ts": 100247, "svc": "payment", "status": 200, "latency_ms": 107}
{"ts": 100248, "svc": "auth", "status": 200, "latency_ms": 108}
{"ts": 100248, "svc": "gateway", "status": 200, "latency_ms": 109}
{"ts": 100000, "svc": "auth", "status": 200}
{"ts": 100248, "svc": "payment", "status": 200, "latency_ms": 110}
{"ts": 100248, "svc": "auth", "status": 200, "latency_ms": 111}
{"ts": 100248, "svc": "gateway", "status": 200, "latency_ms": 112}
{"ts": 100248, "svc": "payment", "status": 200, "latency_ms": 113}
{"ts": 100249, "svc": "auth", "status": 500, "latency_ms": 114}
{"ts": 100249, "svc": "gateway", "status": 200, "latency_ms": 115}
{"ts": 100249, "svc": "payment", "status": 200, "latency_ms": 116}
{"ts": 100249, "svc": "auth", "status": 200, "latency_ms": 117}
{"ts": 100249, "svc": "gateway", "status": 200, "latency_ms": 118}
{"ts": 100249, "svc": "payment", "status": 200, "latency_ms": 119}
{"ts": 100250, "svc": "auth", "status": 200, "latency_ms": 120}
{"ts": 100250, "svc": "gateway", "status": 200, "latency_ms": 121}
{"ts": 100250, "svc": "payment", "status": 500, "latency_ms": 122}
{"ts": 100250, "svc": "auth", "status": 200, "latency_ms": 123}
{"ts": 100250, "svc": "gateway", "status": 200, "latency_ms": 124}
{"ts": 100250, "svc": "payment", "status": 200, "latency_ms": 125}
{"ts": 100251, "svc": "auth", "status": 200, "latency_ms": 126}
{"ts": 100251, "svc": "gateway", "status": 200, "latency_ms": 127}
{"ts": 100251, "svc": "payment", "status": 200, "latency_ms": 128}
{"ts": 100251, "svc": "auth", "status": 200, "latency_ms": 129}
{"ts": 100251, "svc": "gateway", "status": 500, "latency_ms": 130}
{"ts": 100251, "svc": "payment", "status": 200, "latency_ms": 131}
{"ts": 100252, "svc": "auth", "status": 200, "latency_ms": 132}
{"ts": 100252, "svc": "gateway", "status": 200, "latency_ms": 133}
{"ts": 100252, "svc": "payment", "status": 200, "latency_ms": 134}
{"ts": 100252, "svc": "auth", "status": 200, "latency_ms": 135}
{"ts": 100252, "svc": "gateway", "status": 200, "latency_ms": 136}
{"ts": 100252, "svc": "payment", "status": 200, "latency_ms": 137}
{"ts": 100253, "svc": "auth", "status": 500, "latency_ms": 138}
{"ts": 100253, "svc": "gateway", "status": 200, "latency_ms": 139}
{"ts": 100253, "svc": "payment", "status": 200, "latency_ms": 140}
{"ts": 100253, "svc": "auth", "status": 200, "latency_ms": 141}
{"ts": 100253, "svc": "gateway", "status": 200, "latency_ms": 142}
{"ts": 100253, "svc": "payment", "status": 200, "latency_ms": 143}
{"ts": 100254, "svc": "auth", "status": 200, "latency_ms": 144}
{"ts": 100254, "svc": "gateway", "status": 200, "latency_ms": 145}
{"ts": 100254, "svc": "payment", "status": 500, "latency_ms": 146}
{"ts": 100000, "svc": "auth", "status": 200, "latency_ms": 100, "x": 1}
{"ts": 100254, "svc": "auth", "status": 200, "latency_ms": 147}
{"ts": 100254, "svc": "gateway", "status": 200, "latency_ms": 148}
{"ts": 100254, "svc": "payment", "status": 200, "latency_ms": 149}
{"ts": 100214, "svc": "auth", "status": 500, "latency_ms": 100}
{"ts": 100224, "svc": "auth", "status": 200, "latency_ms": 100}
{"ts": 100265, "svc": "gateway", "status": 500, "latency_ms": 100}
   
{"ts": true, "svc": "payment", "status": 200, "latency_ms": 100}
{"ts": 100265, "svc": "payment", "status": 200, "latency_ms": 101}
{"ts": 100265, "svc": "auth", "status": 200, "latency_ms": 102}
{"ts": 100265, "svc": "gateway", "status": 200, "latency_ms": 103}
{"ts": 100265, "svc": "payment", "status": 200, "latency_ms": 104}
{"ts": 100265, "svc": "auth", "status": 200, "latency_ms": 105}
{"ts": 100266, "svc": "gateway", "status": 200, "latency_ms": 106}
{"ts": 100266, "svc": "payment", "status": 200, "latency_ms": 107}
{"ts": 100266, "svc": "auth", "status": 500, "latency_ms": 108}
{"ts": 100266, "svc": "gateway", "status": 200, "latency_ms": 109}
{"ts": 100266, "svc": "payment", "status": 200, "latency_ms": 110}
{"ts": 100266, "svc": "auth", "status": 200, "latency_ms": 111}
{"ts": 100267, "svc": "gateway", "status": 200, "latency_ms": 112}
{"ts": 100267, "svc": "payment", "status": 200, "latency_ms": 113}
{"ts": 100267, "svc": "auth", "status": 200, "latency_ms": 114}
{"ts": 100267, "svc": "gateway", "status": 200, "latency_ms": 115}
{"ts": 100267, "svc": "payment", "status": 500, "latency_ms": 116}
{"ts": 100267, "svc": "auth", "status": 200, "latency_ms": 117}
{"ts": 100268, "svc": "gateway", "status": 200, "latency_ms": 118}
{"ts": 100268, "svc": "payment", "status": 200, "latency_ms": 119}
{"ts": 100268, "svc": "auth", "status": 200, "latency_ms": 120}
{"ts": 100268, "svc": "gateway", "status": 200, "latency_ms": 121}
{"ts": 100268, "svc": "payment", "status": 200, "latency_ms": 122}
{"ts": 100268, "svc": "auth", "status": 200, "latency_ms": 123}
{"ts": 100269, "svc": "gateway", "status": 500, "latency_ms": 124}
{"ts": 100269, "svc": "payment", "status": 200, "latency_ms": 125}
{"ts": 100269, "svc": "auth", "status": 200, "latency_ms": 126}
{"ts": 100269, "svc": "gateway", "status": 200, "latency_ms": 127}
{"ts": 100269, "svc": "payment", "status": 200, "latency_ms": 128}
{"ts": 100269, "svc": "auth", "status": 200, "latency_ms": 129}
{"ts": 100270, "svc": "gateway", "status": 200, "latency_ms": 130}
{"ts": 100270, "svc": "payment", "status": 200, "latency_ms": 131}
{"ts": 100270, "svc": "auth", "status": 500, "latency_ms": 132}
{"ts": 100270, "svc": "gateway", "status": 200, "latency_ms": 133}
{"ts": 100270, "svc": "payment", "status": 200, "latency_ms": 134}
{"ts": 100270, "svc": "auth", "status": 200, "latency_ms": 135}
{"ts": 100271, "svc": "gateway", "status": 200, "latency_ms": 136}
{"ts": 100271, "svc": "payment", "status": 200, "latency_ms": 137}
{"ts": 100000, "svc": "auth", "status": 99, "latency_ms": 100}
{"ts": 100271, "svc": "auth", "status": 200, "latency_ms": 138}
{"ts": 100271, "svc": "gateway", "status": 200, "latency_ms": 139}
{"ts": 100271, "svc": "payment", "status": 500, "latency_ms": 140}
{"ts": 100271, "svc": "auth", "status": 200, "latency_ms": 141}
{"ts": 100272, "svc": "gateway", "status": 200, "latency_ms": 142}
{"ts": 100272, "svc": "payment", "status": 200, "latency_ms": 143}
{"ts": 100272, "svc": "auth", "status": 200, "latency_ms": 144}
{"ts": 100272, "svc": "gateway", "status": 200, "latency_ms": 145}
{"ts": 100272, "svc": "payment", "status": 200, "latency_ms": 146}
{"ts": 100272, "svc": "auth", "status": 200, "latency_ms": 147}
{"ts": 100273, "svc": "gateway", "status": 500, "latency_ms": 148}
{"ts": 100273, "svc": "payment", "status": 200, "latency_ms": 149}
{"ts": 100273, "svc": "auth", "status": 200, "latency_ms": 100}
   
{"ts": 100273, "svc": "gateway", "status": 200, "latency_ms": 101}
{"ts": 100273, "svc": "payment", "status": 200, "latency_ms": 102}
{"ts": 100273, "svc": "auth", "status": 200, "latency_ms": 103}
{"ts": 100274, "svc": "gateway", "status": 200, "latency_ms": 104}
{"ts": 100274, "svc": "payment", "status": 200, "latency_ms": 105}
{"ts": 100274, "svc": "auth", "status": 500, "latency_ms": 106}
{"ts": 100274, "svc": "gateway", "status": 200, "latency_ms": 107}
{"ts": 100274, "svc": "payment", "status": 200, "latency_ms": 108}
{"ts": 100274, "svc": "auth", "status": 200, "latency_ms": 109}
{"ts": 100275, "svc": "gateway", "status": 200, "latency_ms": 110}
{"ts": 100275, "svc": "payment", "status": 200, "latency_ms": 111}
{"ts": 100275, "svc": "auth", "status": 200, "latency_ms": 112}
{"ts": 100275, "svc": "gateway", "status": 200, "latency_ms": 113}
{"ts": 100275, "svc": "payment", "status": 500, "latency_ms": 114}
{"ts": 100275, "svc": "auth", "status": 200, "latency_ms": 115}
{"ts": 100276, "svc": "gateway", "status": 200, "latency_ms": 116}
{"ts": 100276, "svc": "payment", "status": 200, "latency_ms": 117}
{"ts": 100276, "svc": "auth", "status": 200, "latency_ms": 118}
{"ts": 100276, "svc": "gateway", "status": 200, "latency_ms": 119}
{"ts": 100276, "svc": "payment", "status": 200, "latency_ms": 120}
{"ts": 100276, "svc": "auth", "status": 200, "latency_ms": 121}
{"ts": 100277, "svc": "gateway", "status": 500, "latency_ms": 122}
{"ts": 100277, "svc": "payment", "status": 200, "latency_ms": 123}
{"ts": 100277, "svc": "auth", "status": 200, "latency_ms": 124}
{"ts": 100000, "svc": "billing", "status": 200, "latency_ms": 100}
{"ts": 100277, "svc": "gateway", "status": 200, "latency_ms": 125}
{"ts": 100277, "svc": "payment", "status": 200, "latency_ms": 126}
{"ts": 100277, "svc": "auth", "status": 200, "latency_ms": 127}
{"ts": 100278, "svc": "gateway", "status": 200, "latency_ms": 128}
{"ts": 100278, "svc": "payment", "status": 200, "latency_ms": 129}
{"ts": 100278, "svc": "auth", "status": 500, "latency_ms": 130}
{"ts": 100278, "svc": "gateway", "status": 200, "latency_ms": 131}
{"ts": 100278, "svc": "payment", "status": 200, "latency_ms": 132}
{"ts": 100278, "svc": "auth", "status": 200, "latency_ms": 133}
{"ts": 100279, "svc": "gateway", "status": 200, "latency_ms": 134}
{"ts": 100279, "svc": "payment", "status": 200, "latency_ms": 135}
{"ts": 100279, "svc": "auth", "status": 200, "latency_ms": 136}
{"ts": 100279, "svc": "gateway", "status": 200, "latency_ms": 137}
{"ts": 100279, "svc": "payment", "status": 500, "latency_ms": 138}
{"ts": 100279, "svc": "auth", "status": 200, "latency_ms": 139}
{"ts": 100280, "svc": "gateway", "status": 200, "latency_ms": 140}
{"ts": 100280, "svc": "payment", "status": 200, "latency_ms": 141}
{"ts": 100280, "svc": "auth", "status": 200, "latency_ms": 142}
{"ts": 100280, "svc": "gateway", "status": 200, "latency_ms": 143}
{"ts": 100280, "svc": "payment", "status": 200, "latency_ms": 144}
{"ts": 100280, "svc": "auth", "status": 200, "latency_ms": 145}
{"ts": 100281, "svc": "gateway", "status": 500, "latency_ms": 146}
{"ts": 100281, "svc": "payment", "status": 200, "latency_ms": 147}
{"ts": 100281, "svc": "auth", "status": 200, "latency_ms": 148}
{"ts": 100281, "svc": "gateway", "status": 200, "latency_ms": 149}
{"ts": 100281, "svc": "payment", "status": 200, "latency_ms": 100}
   
{"ts": 100281, "svc": "auth", "status": 200, "latency_ms": 101}
{"ts": 100282, "svc": "gateway", "status": 200, "latency_ms": 102}
{"ts": 100282, "svc": "payment", "status": 200, "latency_ms": 103}
{"ts": 100282, "svc": "auth", "status": 500, "latency_ms": 104}
{"ts": 100282, "svc": "gateway", "status": 200, "latency_ms": 105}
{"ts": 100282, "svc": "payment", "status": 200, "latency_ms": 106}
{"ts": 100282, "svc": "auth", "status": 200, "latency_ms": 107}
{"ts": 100283, "svc": "gateway", "status": 200, "latency_ms": 108}
{"ts": 100283, "svc": "payment", "status": 200, "latency_ms": 109}
{"ts": 100283, "svc": "auth", "status": 200, "latency_ms": 110}
{"ts": 100283, "svc": "gateway", "status": 200, "latency_ms": 111}
{"ts": 100000, "svc": "gateway", "status": 200, "latency_ms": 1001}
{"ts": 100283, "svc": "payment", "status": 500, "latency_ms": 112}
{"ts": 100283, "svc": "auth", "status": 200, "latency_ms": 113}
{"ts": 100284, "svc": "gateway", "status": 200, "latency_ms": 114}
{"ts": 100284, "svc": "payment", "status": 200, "latency_ms": 115}
{"ts": 100284, "svc": "auth", "status": 200, "latency_ms": 116}
{"ts": 100284, "svc": "gateway", "status": 200, "latency_ms": 117}
{"ts": 100284, "svc": "payment", "status": 200, "latency_ms": 118}
{"ts": 100284, "svc": "auth", "status": 200, "latency_ms": 119}
{"ts": 100285, "svc": "gateway", "status": 500, "latency_ms": 120}
{"ts": 100285, "svc": "payment", "status": 200, "latency_ms": 121}
{"ts": 100285, "svc": "auth", "status": 200, "latency_ms": 122}
{"ts": 100285, "svc": "gateway", "status": 200, "latency_ms": 123}
{"ts": 100285, "svc": "payment", "status": 200, "latency_ms": 124}
{"ts": 100285, "svc": "auth", "status": 200, "latency_ms": 125}
{"ts": 100286, "svc": "gateway", "status": 200, "latency_ms": 126}
{"ts": 100286, "svc": "payment", "status": 200, "latency_ms": 127}
{"ts": 100286, "svc": "auth", "status": 500, "latency_ms": 128}
{"ts": 100286, "svc": "gateway", "status": 200, "latency_ms": 129}
{"ts": 100286, "svc": "payment", "status": 200, "latency_ms": 130}
{"ts": 100286, "svc": "auth", "status": 200, "latency_ms": 131}
{"ts": 100287, "svc": "gateway", "status": 200, "latency_ms": 132}
{"ts": 100287, "svc": "payment", "status": 200, "latency_ms": 133}
{"ts": 100287, "svc": "auth", "status": 200, "latency_ms": 134}
{"ts": 100287, "svc": "gateway", "status": 200, "latency_ms": 135}
{"ts": 100287, "svc": "payment", "status": 500, "latency_ms": 136}
{"ts": 100287, "svc": "auth", "status": 200, "latency_ms": 137}
{"ts": 100288, "svc": "gateway", "status": 200, "latency_ms": 138}
{"ts": 100288, "svc": "payment", "status": 200, "latency_ms": 139}
{"ts": 100288, "svc": "auth", "status": 200, "latency_ms": 140}
{"ts": 100288, "svc": "gateway", "status": 200, "latency_ms": 141}
{"ts": 100288, "svc": "payment", "status": 200, "latency_ms": 142}
{"ts": 100288, "svc": "auth", "status": 200, "latency_ms": 143}
{"ts": 100289, "svc": "gateway", "status": 500, "latency_ms": 144}
{"ts": 100289, "svc": "payment", "status": 200, "latency_ms": 145}
{"ts": 100289, "svc": "auth", "status": 200, "latency_ms": 146}
{"ts": 100289, "svc": "gateway", "status": 200, "latency_ms": 147}
{"ts": 100289, "svc": "payment", "status": 200, "latency_ms": 148}
{"ts": 100000, "svc": "payment", "status": 200, "latency_ms": false}
{"ts": 100289, "svc": "auth", "status": 200, "latency_ms": 149}
{"ts": 100290, "svc": "gateway", "status": 200, "latency_ms": 100}
   
{"ts": 100290, "svc": "payment", "status": 200, "latency_ms": 101}
{"ts": 100290, "svc": "auth", "status": 500, "latency_ms": 102}
{"ts": 100290, "svc": "gateway", "status": 200, "latency_ms": 103}
{"ts": 100290, "svc": "payment", "status": 200, "latency_ms": 104}
{"ts": 100290, "svc": "auth", "status": 200, "latency_ms": 105}
{"ts": 100291, "svc": "gateway", "status": 200, "latency_ms": 106}
{"ts": 100291, "svc": "payment", "status": 200, "latency_ms": 107}
{"ts": 100291, "svc": "auth", "status": 200, "latency_ms": 108}
{"ts": 100291, "svc": "gateway", "status": 200, "latency_ms": 109}
{"ts": 100291, "svc": "payment", "status": 500, "latency_ms": 110}
{"ts": 100291, "svc": "auth", "status": 200, "latency_ms": 111}
{"ts": 100292, "svc": "gateway", "status": 200, "latency_ms": 112}
{"ts": 100292, "svc": "payment", "status": 200, "latency_ms": 113}
{"ts": 100292, "svc": "auth", "status": 200, "latency_ms": 114}
{"ts": 100292, "svc": "gateway", "status": 200, "latency_ms": 115}
{"ts": 100292, "svc": "payment", "status": 200, "latency_ms": 116}
{"ts": 100292, "svc": "auth", "status": 200, "latency_ms": 117}
{"ts": 100293, "svc": "gateway", "status": 500, "latency_ms": 118}
{"ts": 100293, "svc": "payment", "status": 200, "latency_ms": 119}
{"ts": 100293, "svc": "auth", "status": 200, "latency_ms": 120}
{"ts": 100293, "svc": "gateway", "status": 200, "latency_ms": 121}
{"ts": 100293, "svc": "payment", "status": 200, "latency_ms": 122}
{"ts": 100293, "svc": "auth", "status": 200, "latency_ms": 123}
{"ts": 100294, "svc": "gateway", "status": 200, "latency_ms": 124}
{"ts": 100294, "svc": "payment", "status": 200, "latency_ms": 125}
{"ts": 100294, "svc": "auth", "status": 500, "latency_ms": 126}
{"ts": 100294, "svc": "gateway", "status": 200, "latency_ms": 127}
{"ts": 100294, "svc": "payment", "status": 200, "latency_ms": 128}
{"ts": 100294, "svc": "auth", "status": 200, "latency_ms": 129}
{"ts": 100295, "svc": "gateway", "status": 200, "latency_ms": 130}
{"ts": 100295, "svc": "payment", "status": 200, "latency_ms": 131}
{"ts": 100295, "svc": "auth", "status": 200, "latency_ms": 132}
{"ts": 100295, "svc": "gateway", "status": 200, "latency_ms": 133}
{"ts": 100295, "svc": "payment", "status": 500, "latency_ms": 134}
{"ts": 100295, "svc": "auth", "status": 200, "latency_ms": 135}
definitely not json {{
{"ts": 100296, "svc": "gateway", "status": 200, "latency_ms": 136}
{"ts": 100296, "svc": "payment", "status": 200, "latency_ms": 137}
{"ts": 100296, "svc": "auth", "status": 200, "latency_ms": 138}
{"ts": 100296, "svc": "gateway", "status": 200, "latency_ms": 139}
{"ts": 100296, "svc": "payment", "status": 200, "latency_ms": 140}
{"ts": 100296, "svc": "auth", "status": 200, "latency_ms": 141}
{"ts": 100297, "svc": "gateway", "status": 500, "latency_ms": 142}
{"ts": 100297, "svc": "payment", "status": 200, "latency_ms": 143}
{"ts": 100297, "svc": "auth", "status": 200, "latency_ms": 144}
{"ts": 100297, "svc": "gateway", "status": 200, "latency_ms": 145}
{"ts": 100297, "svc": "payment", "status": 200, "latency_ms": 146}
{"ts": 100297, "svc": "auth", "status": 200, "latency_ms": 147}
{"ts": 100298, "svc": "gateway", "status": 200, "latency_ms": 148}
{"ts": 100298, "svc": "payment", "status": 200, "latency_ms": 149}
{"ts": 100298, "svc": "auth", "status": 500, "latency_ms": 100}
   
{"ts": 100298, "svc": "gateway", "status": 200, "latency_ms": 101}
{"ts": 100298, "svc": "payment", "status": 200, "latency_ms": 102}
{"ts": 100298, "svc": "auth", "status": 200, "latency_ms": 103}
{"ts": 100299, "svc": "gateway", "status": 200, "latency_ms": 104}
{"ts": 100299, "svc": "payment", "status": 200, "latency_ms": 105}
{"ts": 100299, "svc": "auth", "status": 200, "latency_ms": 106}
{"ts": 100299, "svc": "gateway", "status": 200, "latency_ms": 107}
{"ts": 100299, "svc": "payment", "status": 500, "latency_ms": 108}
{"ts": 100299, "svc": "auth", "status": 200, "latency_ms": 109}
{"ts": 100300, "svc": "gateway", "status": 200, "latency_ms": 110}
{"ts": 100300, "svc": "payment", "status": 200, "latency_ms": 111}
{"ts": 100300, "svc": "auth", "status": 200, "latency_ms": 112}
{"ts": 100300, "svc": "gateway", "status": 200, "latency_ms": 113}
{"ts": 100300, "svc": "payment", "status": 200, "latency_ms": 114}
{"ts": 100300, "svc": "auth", "status": 200, "latency_ms": 115}
{"ts": 100301, "svc": "gateway", "status": 500, "latency_ms": 116}
{"ts": 100301, "svc": "payment", "status": 200, "latency_ms": 117}
{"ts": 100301, "svc": "auth", "status": 200, "latency_ms": 118}
{"ts": 100301, "svc": "gateway", "status": 200, "latency_ms": 119}
{"ts": 100301, "svc": "payment", "status": 200, "latency_ms": 120}
{"ts": 100301, "svc": "auth", "status": 200, "latency_ms": 121}
{"ts": 100302, "svc": "gateway", "status": 200, "latency_ms": 122}
{"ts": 100000, "svc": "auth", "status": 200}
{"ts": 100302, "svc": "payment", "status": 200, "latency_ms": 123}
{"ts": 100302, "svc": "auth", "status": 500, "latency_ms": 124}
{"ts": 100302, "svc": "gateway", "status": 200, "latency_ms": 125}
{"ts": 100302, "svc": "payment", "status": 200, "latency_ms": 126}
{"ts": 100302, "svc": "auth", "status": 200, "latency_ms": 127}
{"ts": 100303, "svc": "gateway", "status": 200, "latency_ms": 128}
{"ts": 100303, "svc": "payment", "status": 200, "latency_ms": 129}
{"ts": 100303, "svc": "auth", "status": 200, "latency_ms": 130}
{"ts": 100303, "svc": "gateway", "status": 200, "latency_ms": 131}
{"ts": 100303, "svc": "payment", "status": 500, "latency_ms": 132}
{"ts": 100303, "svc": "auth", "status": 200, "latency_ms": 133}
{"ts": 100304, "svc": "gateway", "status": 200, "latency_ms": 134}
{"ts": 100304, "svc": "payment", "status": 200, "latency_ms": 135}
{"ts": 100304, "svc": "auth", "status": 200, "latency_ms": 136}
{"ts": 100304, "svc": "gateway", "status": 200, "latency_ms": 137}
{"ts": 100304, "svc": "payment", "status": 200, "latency_ms": 138}
{"ts": 100304, "svc": "auth", "status": 200, "latency_ms": 139}
{"ts": 100305, "svc": "gateway", "status": 500, "latency_ms": 140}
{"ts": 100305, "svc": "payment", "status": 200, "latency_ms": 141}
{"ts": 100305, "svc": "auth", "status": 200, "latency_ms": 142}
{"ts": 100305, "svc": "gateway", "status": 200, "latency_ms": 143}
{"ts": 100305, "svc": "payment", "status": 200, "latency_ms": 144}
{"ts": 100305, "svc": "auth", "status": 200, "latency_ms": 145}
{"ts": 100306, "svc": "gateway", "status": 200, "latency_ms": 146}
{"ts": 100306, "svc": "payment", "status": 200, "latency_ms": 147}
{"ts": 100306, "svc": "auth", "status": 500, "latency_ms": 148}
{"ts": 100306, "svc": "gateway", "status": 200, "latency_ms": 149}
{"ts": 100306, "svc": "payment", "status": 200, "latency_ms": 100}
   
{"ts": 100306, "svc": "auth", "status": 200, "latency_ms": 101}
{"ts": 100307, "svc": "gateway", "status": 200, "latency_ms": 102}
{"ts": 100307, "svc": "payment", "status": 200, "latency_ms": 103}
{"ts": 100307, "svc": "auth", "status": 200, "latency_ms": 104}
{"ts": 100307, "svc": "gateway", "status": 200, "latency_ms": 105}
{"ts": 100307, "svc": "payment", "status": 500, "latency_ms": 106}
{"ts": 100307, "svc": "auth", "status": 200, "latency_ms": 107}
{"ts": 100308, "svc": "gateway", "status": 200, "latency_ms": 108}
{"ts": 100308, "svc": "payment", "status": 200, "latency_ms": 109}
{"ts": 100000, "svc": "auth", "status": 200, "latency_ms": 100, "x": 1}
{"ts": 100308, "svc": "auth", "status": 200, "latency_ms": 110}
{"ts": 100308, "svc": "gateway", "status": 200, "latency_ms": 111}
{"ts": 100308, "svc": "payment", "status": 200, "latency_ms": 112}
{"ts": 100308, "svc": "auth", "status": 200, "latency_ms": 113}
{"ts": 100309, "svc": "gateway", "status": 500, "latency_ms": 114}
{"ts": 100309, "svc": "payment", "status": 200, "latency_ms": 115}
{"ts": 100309, "svc": "auth", "status": 200, "latency_ms": 116}
{"ts": 100309, "svc": "gateway", "status": 200, "latency_ms": 117}
{"ts": 100309, "svc": "payment", "status": 200, "latency_ms": 118}
{"ts": 100309, "svc": "auth", "status": 200, "latency_ms": 119}
{"ts": 100310, "svc": "gateway", "status": 200, "latency_ms": 120}
{"ts": 100310, "svc": "payment", "status": 200, "latency_ms": 121}
{"ts": 100310, "svc": "auth", "status": 500, "latency_ms": 122}
{"ts": 100310, "svc": "gateway", "status": 200, "latency_ms": 123}
{"ts": 100310, "svc": "payment", "status": 200, "latency_ms": 124}
{"ts": 100310, "svc": "auth", "status": 200, "latency_ms": 125}
{"ts": 100311, "svc": "gateway", "status": 200, "latency_ms": 126}
{"ts": 100311, "svc": "payment", "status": 200, "latency_ms": 127}
{"ts": 100311, "svc": "auth", "status": 200, "latency_ms": 128}
{"ts": 100311, "svc": "gateway", "status": 200, "latency_ms": 129}
{"ts": 100311, "svc": "payment", "status": 500, "latency_ms": 130}
{"ts": 100311, "svc": "auth", "status": 200, "latency_ms": 131}
{"ts": 100312, "svc": "gateway", "status": 200, "latency_ms": 132}
{"ts": 100312, "svc": "payment", "status": 200, "latency_ms": 133}
{"ts": 100312, "svc": "auth", "status": 200, "latency_ms": 134}
{"ts": 100312, "svc": "gateway", "status": 200, "latency_ms": 135}
{"ts": 100312, "svc": "payment", "status": 200, "latency_ms": 136}
{"ts": 100312, "svc": "auth", "status": 200, "latency_ms": 137}
{"ts": 100313, "svc": "gateway", "status": 500, "latency_ms": 138}
{"ts": 100313, "svc": "payment", "status": 200, "latency_ms": 139}
{"ts": 100313, "svc": "auth", "status": 200, "latency_ms": 140}
{"ts": 100313, "svc": "gateway", "status": 200, "latency_ms": 141}
{"ts": 100313, "svc": "payment", "status": 200, "latency_ms": 142}
{"ts": 100313, "svc": "auth", "status": 200, "latency_ms": 143}
{"ts": 100314, "svc": "gateway", "status": 200, "latency_ms": 144}
{"ts": 100314, "svc": "payment", "status": 200, "latency_ms": 145}
{"ts": 100314, "svc": "auth", "status": 500, "latency_ms": 146}
{"ts": 100000, "svc": "gateway", "status": 200.0, "latency_ms": 100}
{"ts": 100314, "svc": "gateway", "status": 200, "latency_ms": 147}
{"ts": 100314, "svc": "payment", "status": 200, "latency_ms": 148}
{"ts": 100314, "svc": "auth", "status": 200, "latency_ms": 149}
{"ts": 100274, "svc": "gateway", "status": 500, "latency_ms": 100}
{"ts": 100284, "svc": "gateway", "status": 200, "latency_ms": 100}
{"ts": 100325, "svc": "payment", "status": 500, "latency_ms": 100}
   
{"ts": 100000, "svc": "auth", "status": 99, "latency_ms": 100}
{"ts": 100325, "svc": "auth", "status": 500, "latency_ms": 100}
{"ts": 100326, "svc": "gateway", "status": 500, "latency_ms": 100}
{"ts": 100326, "svc": "payment", "status": 500, "latency_ms": 100}
{"ts": 100327, "svc": "auth", "status": 500, "latency_ms": 100}
{"ts": 100327, "svc": "gateway", "status": 500, "latency_ms": 100}
{"ts": 100328, "svc": "payment", "status": 500, "latency_ms": 100}
{"ts": 100328, "svc": "auth", "status": 500, "latency_ms": 100}
{"ts": 100329, "svc": "gateway", "status": 500, "latency_ms": 100}
{"ts": 100329, "svc": "payment", "status": 500, "latency_ms": 100}
{"ts": 100330, "svc": "auth", "status": 200, "latency_ms": 100}
{"ts": 100330, "svc": "gateway", "status": 200, "latency_ms": 100}
{"ts": 100331, "svc": "payment", "status": 200, "latency_ms": 100}
{"ts": 100331, "svc": "auth", "status": 200, "latency_ms": 100}
{"ts": 100332, "svc": "gateway", "status": 200, "latency_ms": 100}
{"ts": 100332, "svc": "payment", "status": 200, "latency_ms": 100}
{"ts": 100333, "svc": "auth", "status": 200, "latency_ms": 100}
{"ts": 100333, "svc": "gateway", "status": 200, "latency_ms": 100}
{"ts": 100334, "svc": "payment", "status": 200, "latency_ms": 100}
{"ts": 100334, "svc": "auth", "status": 200, "latency_ms": 100}
{"ts": 100335, "svc": "gateway", "status": 200, "latency_ms": 100}
{"ts": 100335, "svc": "payment", "status": 200, "latency_ms": 100}
{"ts": 100336, "svc": "auth", "status": 200, "latency_ms": 100}
{"ts": 100336, "svc": "gateway", "status": 200, "latency_ms": 100}
{"ts": 100337, "svc": "payment", "status": 200, "latency_ms": 100}
{"ts": 100337, "svc": "auth", "status": 200, "latency_ms": 100}
{"ts": 100338, "svc": "gateway", "status": 200, "latency_ms": 100}
{"ts": 100338, "svc": "payment", "status": 200, "latency_ms": 100}
{"ts": 100339, "svc": "auth", "status": 200, "latency_ms": 100}
{"ts": 100339, "svc": "gateway", "status": 200, "latency_ms": 100}
{"ts": 100340, "svc": "payment", "status": 200, "latency_ms": 100}
{"ts": 100340, "svc": "auth", "status": 200, "latency_ms": 100}
{"ts": 100341, "svc": "gateway", "status": 200, "latency_ms": 100}
{"ts": 100341, "svc": "payment", "status": 200, "latency_ms": 100}
{"ts": 100342, "svc": "auth", "status": 200, "latency_ms": 100}
{"ts": 100342, "svc": "gateway", "status": 200, "latency_ms": 100}
{"ts": 100343, "svc": "payment", "status": 200, "latency_ms": 100}
{"ts": 100343, "svc": "auth", "status": 200, "latency_ms": 100}
{"ts": 100000, "svc": "billing", "status": 200, "latency_ms": 100}
{"ts": 100344, "svc": "gateway", "status": 200, "latency_ms": 100}
{"ts": 100344, "svc": "payment", "status": 200, "latency_ms": 100}
{"ts": 100345, "svc": "auth", "status": 200, "latency_ms": 100}
{"ts": 100345, "svc": "gateway", "status": 200, "latency_ms": 100}
{"ts": 100346, "svc": "payment", "status": 200, "latency_ms": 100}
{"ts": 100346, "svc": "auth", "status": 200, "latency_ms": 100}
{"ts": 100347, "svc": "gateway", "status": 200, "latency_ms": 100}
{"ts": 100347, "svc": "payment", "status": 200, "latency_ms": 100}
{"ts": 100348, "svc": "auth", "status": 200, "latency_ms": 100}
{"ts": 100348, "svc": "gateway", "status": 200, "latency_ms": 100}
{"ts": 100349, "svc": "payment", "status": 200, "latency_ms": 100}
{"ts": 100349, "svc": "auth", "status": 200, "latency_ms": 100}
{"ts": 100350, "svc": "gateway", "status": 200, "latency_ms": 100}
   
{"ts": 100350, "svc": "payment", "status": 200, "latency_ms": 100}
{"ts": 100351, "svc": "auth", "status": 200, "latency_ms": 100}
{"ts": 100351, "svc": "gateway", "status": 200, "latency_ms": 100}
{"ts": 100352, "svc": "payment", "status": 200, "latency_ms": 100}
{"ts": 100352, "svc": "auth", "status": 200, "latency_ms": 100}
{"ts": 100353, "svc": "gateway", "status": 200, "latency_ms": 100}
{"ts": 100353, "svc": "payment", "status": 200, "latency_ms": 100}
{"ts": 100354, "svc": "auth", "status": 200, "latency_ms": 100}
{"ts": 100354, "svc": "gateway", "status": 200, "latency_ms": 100}
{"ts": 100355, "svc": "payment", "status": 200, "latency_ms": 100}
{"ts": 100355, "svc": "auth", "status": 200, "latency_ms": 100}
{"ts": 100356, "svc": "gateway", "status": 200, "latency_ms": 100}
{"ts": 100356, "svc": "payment", "status": 200, "latency_ms": 100}
{"ts": 100357, "svc": "auth", "status": 200, "latency_ms": 100}
{"ts": 100357, "svc": "gateway", "status": 200, "latency_ms": 100}
{"ts": 100358, "svc": "payment", "status": 200, "latency_ms": 100}
{"ts": 100358, "svc": "auth", "status": 200, "latency_ms": 100}
{"ts": 100359, "svc": "gateway", "status": 200, "latency_ms": 100}
{"ts": 100359, "svc": "payment", "status": 200, "latency_ms": 100}
{"ts": 100360, "svc": "auth", "status": 200, "latency_ms": 100}
{"ts": 100360, "svc": "gateway", "status": 200, "latency_ms": 100}
{"ts": 100361, "svc": "payment", "status": 200, "latency_ms": 100}
{"ts": 100361, "svc": "auth", "status": 200, "latency_ms": 100}
{"ts": 100362, "svc": "gateway", "status": 200, "latency_ms": 100}
{"ts": 100000, "svc": "gateway", "status": 200, "latency_ms": 1001}
{"ts": 100362, "svc": "payment", "status": 200, "latency_ms": 100}
{"ts": 100363, "svc": "auth", "status": 200, "latency_ms": 100}
{"ts": 100363, "svc": "gateway", "status": 200, "latency_ms": 100}
{"ts": 100364, "svc": "payment", "status": 200, "latency_ms": 100}
{"ts": 100364, "svc": "auth", "status": 200, "latency_ms": 100}
{"ts": 100365, "svc": "gateway", "status": 200, "latency_ms": 100}
{"ts": 100365, "svc": "payment", "status": 200, "latency_ms": 100}
{"ts": 100366, "svc": "auth", "status": 200, "latency_ms": 100}
{"ts": 100366, "svc": "gateway", "status": 200, "latency_ms": 100}
{"ts": 100367, "svc": "payment", "status": 200, "latency_ms": 100}
{"ts": 100367, "svc": "auth", "status": 200, "latency_ms": 100}
{"ts": 100368, "svc": "gateway", "status": 200, "latency_ms": 100}
{"ts": 100368, "svc": "payment", "status": 200, "latency_ms": 100}
{"ts": 100369, "svc": "auth", "status": 200, "latency_ms": 100}
{"ts": 100369, "svc": "gateway", "status": 200, "latency_ms": 100}
{"ts": 100370, "svc": "payment", "status": 200, "latency_ms": 100}
{"ts": 100370, "svc": "auth", "status": 200, "latency_ms": 100}
{"ts": 100371, "svc": "gateway", "status": 200, "latency_ms": 100}
{"ts": 100371, "svc": "payment", "status": 200, "latency_ms": 100}
{"ts": 100372, "svc": "auth", "status": 200, "latency_ms": 100}
{"ts": 100372, "svc": "gateway", "status": 200, "latency_ms": 900}
{"ts": 100373, "svc": "payment", "status": 200, "latency_ms": 900}
{"ts": 100373, "svc": "auth", "status": 200, "latency_ms": 900}
{"ts": 100374, "svc": "gateway", "status": 200, "latency_ms": 900}
{"ts": 100374, "svc": "payment", "status": 200, "latency_ms": 900}
{"ts": 100334, "svc": "payment", "status": 500, "latency_ms": 100}
{"ts": 100385, "svc": "auth", "status": 500, "latency_ms": 100}
   
{"ts": 100000, "svc": "billing", "status": 200, "latency_ms": 100}
{"ts": 100385, "svc": "gateway", "status": 200, "latency_ms": 101}
{"ts": 100385, "svc": "payment", "status": 200, "latency_ms": 102}
{"ts": 100385, "svc": "auth", "status": 200, "latency_ms": 103}
{"ts": 100385, "svc": "gateway", "status": 200, "latency_ms": 104}
{"ts": 100385, "svc": "payment", "status": 200, "latency_ms": 105}
{"ts": 100386, "svc": "auth", "status": 200, "latency_ms": 106}
{"ts": 100386, "svc": "gateway", "status": 200, "latency_ms": 107}
{"ts": 100386, "svc": "payment", "status": 500, "latency_ms": 108}
{"ts": 100386, "svc": "auth", "status": 200, "latency_ms": 109}
{"ts": 100386, "svc": "gateway", "status": 200, "latency_ms": 110}
{"ts": 100386, "svc": "payment", "status": 200, "latency_ms": 111}
{"ts": 100387, "svc": "auth", "status": 200, "latency_ms": 112}
{"ts": 100387, "svc": "gateway", "status": 200, "latency_ms": 113}
{"ts": 100387, "svc": "payment", "status": 200, "latency_ms": 114}
{"ts": 100387, "svc": "auth", "status": 200, "latency_ms": 115}
{"ts": 100387, "svc": "gateway", "status": 500, "latency_ms": 116}
{"ts": 100387, "svc": "payment", "status": 200, "latency_ms": 117}
{"ts": 100388, "svc": "auth", "status": 200, "latency_ms": 118}
{"ts": 100388, "svc": "gateway", "status": 200, "latency_ms": 119}
{"ts": 100388, "svc": "payment", "status": 200, "latency_ms": 120}
{"ts": 100388, "svc": "auth", "status": 200, "latency_ms": 121}
{"ts": 100388, "svc": "gateway", "status": 200, "latency_ms": 122}
{"ts": 100388, "svc": "payment", "status": 200, "latency_ms": 123}
{"ts": 100389, "svc": "auth", "status": 500, "latency_ms": 124}
{"ts": 100389, "svc": "gateway", "status": 200, "latency_ms": 125}
{"ts": 100389, "svc": "payment", "status": 200, "latency_ms": 126}
{"ts": 100389, "svc": "auth", "status": 200, "latency_ms": 127}
{"ts": 100389, "svc": "gateway", "status": 200, "latency_ms": 128}
{"ts": 100389, "svc": "payment", "status": 200, "latency_ms": 129}
{"ts": 100390, "svc": "auth", "status": 200, "latency_ms": 130}
{"ts": 100390, "svc": "gateway", "status": 200, "latency_ms": 131}
{"ts": 100390, "svc": "payment", "status": 500, "latency_ms": 132}
{"ts": 100390, "svc": "auth", "status": 200, "latency_ms": 133}
{"ts": 100390, "svc": "gateway", "status": 200, "latency_ms": 134}
{"ts": 100390, "svc": "payment", "status": 200, "latency_ms": 135}
{"ts": 100391, "svc": "auth", "status": 200, "latency_ms": 136}
{"ts": 100391, "svc": "gateway", "status": 200, "latency_ms": 137}
{"ts": 100000, "svc": "gateway", "status": 200, "latency_ms": 1001}
{"ts": 100391, "svc": "payment", "status": 200, "latency_ms": 138}
{"ts": 100391, "svc": "auth", "status": 200, "latency_ms": 139}
{"ts": 100391, "svc": "gateway", "status": 500, "latency_ms": 140}
{"ts": 100391, "svc": "payment", "status": 200, "latency_ms": 141}
{"ts": 100392, "svc": "auth", "status": 200, "latency_ms": 142}
{"ts": 100392, "svc": "gateway", "status": 200, "latency_ms": 143}
{"ts": 100392, "svc": "payment", "status": 200, "latency_ms": 144}
{"ts": 100392, "svc": "auth", "status": 200, "latency_ms": 145}
{"ts": 100392, "svc": "gateway", "status": 200, "latency_ms": 146}
{"ts": 100392, "svc": "payment", "status": 200, "latency_ms": 147}
{"ts": 100393, "svc": "auth", "status": 500, "latency_ms": 148}
{"ts": 100393, "svc": "gateway", "status": 200, "latency_ms": 149}
{"ts": 100393, "svc": "payment", "status": 200, "latency_ms": 100}
   
{"ts": 100393, "svc": "auth", "status": 200, "latency_ms": 101}
{"ts": 100393, "svc": "gateway", "status": 200, "latency_ms": 102}
{"ts": 100393, "svc": "payment", "status": 200, "latency_ms": 103}
{"ts": 100394, "svc": "auth", "status": 200, "latency_ms": 104}
{"ts": 100394, "svc": "gateway", "status": 200, "latency_ms": 105}
{"ts": 100394, "svc": "payment", "status": 500, "latency_ms": 106}
{"ts": 100394, "svc": "auth", "status": 200, "latency_ms": 107}
{"ts": 100394, "svc": "gateway", "status": 200, "latency_ms": 108}
{"ts": 100394, "svc": "payment", "status": 200, "latency_ms": 109}
{"ts": 100395, "svc": "auth", "status": 200, "latency_ms": 110}
{"ts": 100395, "svc": "gateway", "status": 200, "latency_ms": 111}
{"ts": 100395, "svc": "payment", "status": 200, "latency_ms": 112}
{"ts": 100395, "svc": "auth", "status": 200, "latency_ms": 113}
{"ts": 100395, "svc": "gateway", "status": 500, "latency_ms": 114}
{"ts": 100395, "svc": "payment", "status": 200, "latency_ms": 115}
{"ts": 100396, "svc": "auth", "status": 200, "latency_ms": 116}
{"ts": 100396, "svc": "gateway", "status": 200, "latency_ms": 117}
{"ts": 100396, "svc": "payment", "status": 200, "latency_ms": 118}
{"ts": 100396, "svc": "auth", "status": 200, "latency_ms": 119}
{"ts": 100396, "svc": "gateway", "status": 200, "latency_ms": 120}
{"ts": 100396, "svc": "payment", "status": 200, "latency_ms": 121}
{"ts": 100397, "svc": "auth", "status": 500, "latency_ms": 122}
{"ts": 100397, "svc": "gateway", "status": 200, "latency_ms": 123}
{"ts": 100397, "svc": "payment", "status": 200, "latency_ms": 124}
{"ts": 100000, "svc": "payment", "status": 200, "latency_ms": false}
{"ts": 100397, "svc": "auth", "status": 200, "latency_ms": 125}
{"ts": 100397, "svc": "gateway", "status": 200, "latency_ms": 126}
{"ts": 100397, "svc": "payment", "status": 200, "latency_ms": 127}
{"ts": 100398, "svc": "auth", "status": 200, "latency_ms": 128}
{"ts": 100398, "svc": "gateway", "status": 200, "latency_ms": 129}
{"ts": 100398, "svc": "payment", "status": 500, "latency_ms": 130}
{"ts": 100398, "svc": "auth", "status": 200, "latency_ms": 131}
{"ts": 100398, "svc": "gateway", "status": 200, "latency_ms": 132}
{"ts": 100398, "svc": "payment", "status": 200, "latency_ms": 133}
{"ts": 100399, "svc": "auth", "status": 200, "latency_ms": 134}
{"ts": 100399, "svc": "gateway", "status": 200, "latency_ms": 135}
{"ts": 100399, "svc": "payment", "status": 200, "latency_ms": 136}
{"ts": 100399, "svc": "auth", "status": 200, "latency_ms": 137}
{"ts": 100399, "svc": "gateway", "status": 500, "latency_ms": 138}
{"ts": 100399, "svc": "payment", "status": 200, "latency_ms": 139}
{"ts": 100400, "svc": "auth", "status": 200, "latency_ms": 140}
{"ts": 100400, "svc": "gateway", "status": 200, "latency_ms": 141}
{"ts": 100400, "svc": "payment", "status": 200, "latency_ms": 142}
{"ts": 100400, "svc": "auth", "status": 200, "latency_ms": 143}
{"ts": 100400, "svc": "gateway", "status": 200, "latency_ms": 144}
{"ts": 100400, "svc": "payment", "status": 200, "latency_ms": 145}
{"ts": 100401, "svc": "auth", "status": 500, "latency_ms": 146}
{"ts": 100401, "svc": "gateway", "status": 200, "latency_ms": 147}
{"ts": 100401, "svc": "payment", "status": 200, "latency_ms": 148}
{"ts": 100401, "svc": "auth", "status": 200, "latency_ms": 149}
{"ts": 100401, "svc": "gateway", "status": 200, "latency_ms": 100}
   
{"ts": 100401, "svc": "payment", "status": 200, "latency_ms": 101}
{"ts": 100402, "svc": "auth", "status": 200, "latency_ms": 102}
{"ts": 100402, "svc": "gateway", "status": 200, "latency_ms": 103}
{"ts": 100402, "svc": "payment", "status": 500, "latency_ms": 104}
{"ts": 100402, "svc": "auth", "status": 200, "latency_ms": 105}
{"ts": 100402, "svc": "gateway", "status": 200, "latency_ms": 106}
{"ts": 100402, "svc": "payment", "status": 200, "latency_ms": 107}
{"ts": 100403, "svc": "auth", "status": 200, "latency_ms": 108}
{"ts": 100403, "svc": "gateway", "status": 200, "latency_ms": 109}
{"ts": 100403, "svc": "payment", "status": 200, "latency_ms": 110}
{"ts": 100403, "svc": "auth", "status": 200, "latency_ms": 111}
definitely not json {{
{"ts": 100403, "svc": "gateway", "status": 500, "latency_ms": 112}
{"ts": 100403, "svc": "payment", "status": 200, "latency_ms": 113}
{"ts": 100404, "svc": "auth", "status": 200, "latency_ms": 114}
{"ts": 100404, "svc": "gateway", "status": 200, "latency_ms": 115}
{"ts": 100404, "svc": "payment", "status": 200, "latency_ms": 116}
{"ts": 100404, "svc": "auth", "status": 200, "latency_ms": 117}
{"ts": 100404, "svc": "gateway", "status": 200, "latency_ms": 118}
{"ts": 100404, "svc": "payment", "status": 200, "latency_ms": 119}
{"ts": 100405, "svc": "auth", "status": 500, "latency_ms": 120}
{"ts": 100405, "svc": "gateway", "status": 200, "latency_ms": 121}
{"ts": 100405, "svc": "payment", "status": 200, "latency_ms": 122}
{"ts": 100405, "svc": "auth", "status": 200, "latency_ms": 123}
{"ts": 100405, "svc": "gateway", "status": 200, "latency_ms": 124}
{"ts": 100405, "svc": "payment", "status": 200, "latency_ms": 125}
{"ts": 100406, "svc": "auth", "status": 200, "latency_ms": 126}
{"ts": 100406, "svc": "gateway", "status": 200, "latency_ms": 127}
{"ts": 100406, "svc": "payment", "status": 500, "latency_ms": 128}
{"ts": 100406, "svc": "auth", "status": 200, "latency_ms": 129}
{"ts": 100406, "svc": "gateway", "status": 200, "latency_ms": 130}
{"ts": 100406, "svc": "payment", "status": 200, "latency_ms": 131}
{"ts": 100407, "svc": "auth", "status": 200, "latency_ms": 132}
{"ts": 100407, "svc": "gateway", "status": 200, "latency_ms": 133}
{"ts": 100407, "svc": "payment", "status": 200, "latency_ms": 134}
{"ts": 100407, "svc": "auth", "status": 200, "latency_ms": 135}
{"ts": 100407, "svc": "gateway", "status": 500, "latency_ms": 136}
{"ts": 100407, "svc": "payment", "status": 200, "latency_ms": 137}
{"ts": 100408, "svc": "auth", "status": 200, "latency_ms": 138}
{"ts": 100408, "svc": "gateway", "status": 200, "latency_ms": 139}
{"ts": 100408, "svc": "payment", "status": 200, "latency_ms": 140}
{"ts": 100408, "svc": "auth", "status": 200, "latency_ms": 141}
{"ts": 100408, "svc": "gateway", "status": 200, "latency_ms": 142}
{"ts": 100408, "svc": "payment", "status": 200, "latency_ms": 143}
{"ts": 100409, "svc": "auth", "status": 500, "latency_ms": 144}
{"ts": 100409, "svc": "gateway", "status": 200, "latency_ms": 145}
{"ts": 100409, "svc": "payment", "status": 200, "latency_ms": 146}
{"ts": 100409, "svc": "auth", "status": 200, "latency_ms": 147}
{"ts": 100409, "svc": "gateway", "status": 200, "latency_ms": 148}
{"ts": 100000, "svc": "auth", "status": 200}
{"ts": 100409, "svc": "payment", "status": 200, "latency_ms": 149}
{"ts": 100410, "svc": "auth", "status": 200, "latency_ms": 100}
   
{"ts": 100410, "svc": "gateway", "status": 200, "latency_ms": 101}
{"ts": 100410, "svc": "payment", "status": 500, "latency_ms": 102}
{"ts": 100410, "svc": "auth", "status": 200, "latency_ms": 103}
{"ts": 100410, "svc": "gateway", "status": 200, "latency_ms": 104}
{"ts": 100410, "svc": "payment", "status": 200, "latency_ms": 105}
{"ts": 100411, "svc": "auth", "status": 200, "latency_ms": 106}
{"ts": 100411, "svc": "gateway", "status": 200, "latency_ms": 107}
{"ts": 100411, "svc": "payment", "status": 200, "latency_ms": 108}
{"ts": 100411, "svc": "auth", "status": 200, "latency_ms": 109}
{"ts": 100411, "svc": "gateway", "status": 500, "latency_ms": 110}
{"ts": 100411, "svc": "payment", "status": 200, "latency_ms": 111}
{"ts": 100412, "svc": "auth", "status": 200, "latency_ms": 112}
{"ts": 100412, "svc": "gateway", "status": 200, "latency_ms": 113}
{"ts": 100412, "svc": "payment", "status": 200, "latency_ms": 114}
{"ts": 100412, "svc": "auth", "status": 200, "latency_ms": 115}
{"ts": 100412, "svc": "gateway", "status": 200, "latency_ms": 116}
{"ts": 100412, "svc": "payment", "status": 200, "latency_ms": 117}
{"ts": 100413, "svc": "auth", "status": 500, "latency_ms": 118}
{"ts": 100413, "svc": "gateway", "status": 200, "latency_ms": 119}
{"ts": 100413, "svc": "payment", "status": 200, "latency_ms": 120}
{"ts": 100413, "svc": "auth", "status": 200, "latency_ms": 121}
{"ts": 100413, "svc": "gateway", "status": 200, "latency_ms": 122}
{"ts": 100413, "svc": "payment", "status": 200, "latency_ms": 123}
{"ts": 100414, "svc": "auth", "status": 200, "latency_ms": 124}
{"ts": 100414, "svc": "gateway", "status": 200, "latency_ms": 125}
{"ts": 100414, "svc": "payment", "status": 500, "latency_ms": 126}
{"ts": 100414, "svc": "auth", "status": 200, "latency_ms": 127}
{"ts": 100414, "svc": "gateway", "status": 200, "latency_ms": 128}
{"ts": 100414, "svc": "payment", "status": 200, "latency_ms": 129}
{"ts": 100415, "svc": "auth", "status": 200, "latency_ms": 130}
{"ts": 100415, "svc": "gateway", "status": 200, "latency_ms": 131}
{"ts": 100415, "svc": "payment", "status": 200, "latency_ms": 132}
{"ts": 100415, "svc": "auth", "status": 200, "latency_ms": 133}
{"ts": 100415, "svc": "gateway", "status": 500, "latency_ms": 134}
{"ts": 100415, "svc": "payment", "status": 200, "latency_ms": 135}
{"ts": 100000, "svc": "auth", "status": 200, "latency_ms": 100, "x": 1}
{"ts": 100416, "svc": "auth", "status": 200, "latency_ms": 136}
{"ts": 100416, "svc": "gateway", "status": 200, "latency_ms": 137}
{"ts": 100416, "svc": "payment", "status": 200, "latency_ms": 138}
{"ts": 100416, "svc": "auth", "status": 200, "latency_ms": 139}
{"ts": 100416, "svc": "gateway", "status": 200, "latency_ms": 140}
{"ts": 100416, "svc": "payment", "status": 200, "latency_ms": 141}
{"ts": 100417, "svc": "auth", "status": 500, "latency_ms": 142}
{"ts": 100417, "svc": "gateway", "status": 200, "latency_ms": 143}
{"ts": 100417, "svc": "payment", "status": 200, "latency_ms": 144}
{"ts": 100417, "svc": "auth", "status": 200, "latency_ms": 145}
{"ts": 100417, "svc": "gateway", "status": 200, "latency_ms": 146}
{"ts": 100417, "svc": "payment", "status": 200, "latency_ms": 147}
{"ts": 100418, "svc": "auth", "status": 200, "latency_ms": 148}
{"ts": 100418, "svc": "gateway", "status": 200, "latency_ms": 149}
{"ts": 100418, "svc": "payment", "status": 500, "latency_ms": 100}
   
{"ts": 100418, "svc": "auth", "status": 200, "latency_ms": 101}
{"ts": 100418, "svc": "gateway", "status": 200, "latency_ms": 102}
{"ts": 100418, "svc": "payment", "status": 200, "latency_ms": 103}
{"ts": 100419, "svc": "auth", "status": 200, "latency_ms": 104}
{"ts": 100419, "svc": "gateway", "status": 200, "latency_ms": 105}
{"ts": 100419, "svc": "payment", "status": 200, "latency_ms": 106}
{"ts": 100419, "svc": "auth", "status": 200, "latency_ms": 107}
{"ts": 100419, "svc": "gateway", "status": 500, "latency_ms": 108}
{"ts": 100419, "svc": "payment", "status": 200, "latency_ms": 109}
{"ts": 100420, "svc": "auth", "status": 200, "latency_ms": 110}
{"ts": 100420, "svc": "gateway", "status": 200, "latency_ms": 111}
{"ts": 100420, "svc": "payment", "status": 200, "latency_ms": 112}
{"ts": 100420, "svc": "auth", "status": 200, "latency_ms": 113}
{"ts": 100420, "svc": "gateway", "status": 200, "latency_ms": 114}
{"ts": 100420, "svc": "payment", "status": 200, "latency_ms": 115}
{"ts": 100421, "svc": "auth", "status": 500, "latency_ms": 116}
{"ts": 100421, "svc": "gateway", "status": 200, "latency_ms": 117}
{"ts": 100421, "svc": "payment", "status": 200, "latency_ms": 118}
{"ts": 100421, "svc": "auth", "status": 200, "latency_ms": 119}
{"ts": 100421, "svc": "gateway", "status": 200, "latency_ms": 120}
{"ts": 100421, "svc": "payment", "status": 200, "latency_ms": 121}
{"ts": 100422, "svc": "auth", "status": 200, "latency_ms": 122}
{"ts": 100000, "svc": "gateway", "status": 200.0, "latency_ms": 100}
{"ts": 100422, "svc": "gateway", "status": 200, "latency_ms": 123}
{"ts": 100422, "svc": "payment", "status": 500, "latency_ms": 124}
{"ts": 100422, "svc": "auth", "status": 200, "latency_ms": 125}
{"ts": 100422, "svc": "gateway", "status": 200, "latency_ms": 126}
{"ts": 100422, "svc": "payment", "status": 200, "latency_ms": 127}
{"ts": 100423, "svc": "auth", "status": 200, "latency_ms": 128}
{"ts": 100423, "svc": "gateway", "status": 200, "latency_ms": 129}
{"ts": 100423, "svc": "payment", "status": 200, "latency_ms": 130}
{"ts": 100423, "svc": "auth", "status": 200, "latency_ms": 131}
{"ts": 100423, "svc": "gateway", "status": 500, "latency_ms": 132}
{"ts": 100423, "svc": "payment", "status": 200, "latency_ms": 133}
{"ts": 100424, "svc": "auth", "status": 200, "latency_ms": 134}
{"ts": 100424, "svc": "gateway", "status": 200, "latency_ms": 135}
{"ts": 100424, "svc": "payment", "status": 200, "latency_ms": 136}
{"ts": 100424, "svc": "auth", "status": 200, "latency_ms": 137}
{"ts": 100424, "svc": "gateway", "status": 200, "latency_ms": 138}
{"ts": 100424, "svc": "payment", "status": 200, "latency_ms": 139}
{"ts": 100425, "svc": "auth", "status": 500, "latency_ms": 140}
{"ts": 100425, "svc": "gateway", "status": 200, "latency_ms": 141}
{"ts": 100425, "svc": "payment", "status": 200, "latency_ms": 142}
{"ts": 100425, "svc": "auth", "status": 200, "latency_ms": 143}
{"ts": 100425, "svc": "gateway", "status": 200, "latency_ms": 144}
{"ts": 100425, "svc": "payment", "status": 200, "latency_ms": 145}
{"ts": 100426, "svc": "auth", "status": 200, "latency_ms": 146}
{"ts": 100426, "svc": "gateway", "status": 200, "latency_ms": 147}
{"ts": 100426, "svc": "payment", "status": 500, "latency_ms": 148}
{"ts": 100426, "svc": "auth", "status": 200, "latency_ms": 149}
{"ts": 100426, "svc": "gateway", "status": 200, "latency_ms": 100}
   
{"ts": 100426, "svc": "payment", "status": 200, "latency_ms": 101}
{"ts": 100427, "svc": "auth", "status": 200, "latency_ms": 102}
{"ts": 100427, "svc": "gateway", "status": 200, "latency_ms": 103}
{"ts": 100427, "svc": "payment", "status": 200, "latency_ms": 104}
{"ts": 100427, "svc": "auth", "status": 200, "latency_ms": 105}
{"ts": 100427, "svc": "gateway", "status": 500, "latency_ms": 106}
{"ts": 100427, "svc": "payment", "status": 200, "latency_ms": 107}
{"ts": 100428, "svc": "auth", "status": 200, "latency_ms": 108}
{"ts": 100428, "svc": "gateway", "status": 200, "latency_ms": 109}
{"ts": true, "svc": "payment", "status": 200, "latency_ms": 100}
{"ts": 100428, "svc": "payment", "status": 200, "latency_ms": 110}
{"ts": 100428, "svc": "auth", "status": 200, "latency_ms": 111}
{"ts": 100428, "svc": "gateway", "status": 200, "latency_ms": 112}
{"ts": 100428, "svc": "payment", "status": 200, "latency_ms": 113}
{"ts": 100429, "svc": "auth", "status": 500, "latency_ms": 114}
{"ts": 100429, "svc": "gateway", "status": 200, "latency_ms": 115}
{"ts": 100429, "svc": "payment", "status": 200, "latency_ms": 116}
{"ts": 100429, "svc": "auth", "status": 200, "latency_ms": 117}
{"ts": 100429, "svc": "gateway", "status": 200, "latency_ms": 118}
{"ts": 100429, "svc": "payment", "status": 200, "latency_ms": 119}
{"ts": 100430, "svc": "auth", "status": 200, "latency_ms": 120}
{"ts": 100430, "svc": "gateway", "status": 200, "latency_ms": 121}
{"ts": 100430, "svc": "payment", "status": 500, "latency_ms": 122}
{"ts": 100430, "svc": "auth", "status": 200, "latency_ms": 123}
{"ts": 100430, "svc": "gateway", "status": 200, "latency_ms": 124}
{"ts": 100430, "svc": "payment", "status": 200, "latency_ms": 125}
{"ts": 100431, "svc": "auth", "status": 200, "latency_ms": 126}
{"ts": 100431, "svc": "gateway", "status": 200, "latency_ms": 127}
{"ts": 100431, "svc": "payment", "status": 200, "latency_ms": 128}
{"ts": 100431, "svc": "auth", "status": 200, "latency_ms": 129}
{"ts": 100431, "svc": "gateway", "status": 500, "latency_ms": 130}
{"ts": 100431, "svc": "payment", "status": 200, "latency_ms": 131}
{"ts": 100432, "svc": "auth", "status": 200, "latency_ms": 132}
{"ts": 100432, "svc": "gateway", "status": 200, "latency_ms": 133}
{"ts": 100432, "svc": "payment", "status": 200, "latency_ms": 134}
{"ts": 100432, "svc": "auth", "status": 200, "latency_ms": 135}
{"ts": 100432, "svc": "gateway", "status": 200, "latency_ms": 136}
{"ts": 100432, "svc": "payment", "status": 200, "latency_ms": 137}
{"ts": 100433, "svc": "auth", "status": 500, "latency_ms": 138}
{"ts": 100433, "svc": "gateway", "status": 200, "latency_ms": 139}
{"ts": 100433, "svc": "payment", "status": 200, "latency_ms": 140}
{"ts": 100433, "svc": "auth", "status": 200, "latency_ms": 141}
{"ts": 100433, "svc": "gateway", "status": 200, "latency_ms": 142}
{"ts": 100433, "svc": "payment", "status": 200, "latency_ms": 143}
{"ts": 100434, "svc": "auth", "status": 200, "latency_ms": 144}
{"ts": 100434, "svc": "gateway", "status": 200, "latency_ms": 145}
{"ts": 100434, "svc": "payment", "status": 500, "latency_ms": 146}
{"ts": 100000, "svc": "auth", "status": 99, "latency_ms": 100}
{"ts": 100434, "svc": "auth", "status": 200, "latency_ms": 147}
{"ts": 100434, "svc": "gateway", "status": 200, "latency_ms": 148}
{"ts": 100434, "svc": "payment", "status": 200, "latency_ms": 149}
{"ts": 100394, "svc": "auth", "status": 500, "latency_ms": 100}
{"ts": 100404, "svc": "auth", "status": 200, "latency_ms": 100}
{"ts": 100445, "svc": "gateway", "status": 500, "latency_ms": 100}
   
{"ts": 100000, "svc": "gateway", "status": 200, "latency_ms": 1001}
{"ts": 100446, "svc": "payment", "status": 200, "latency_ms": 101}
{"ts": 100448, "svc": "auth", "status": 200, "latency_ms": 102}
{"ts": 100449, "svc": "gateway", "status": 200, "latency_ms": 103}
{"ts": 100451, "svc": "payment", "status": 200, "latency_ms": 104}
{"ts": 100452, "svc": "auth", "status": 200, "latency_ms": 105}
{"ts": 100454, "svc": "gateway", "status": 200, "latency_ms": 106}
{"ts": 100455, "svc": "payment", "status": 200, "latency_ms": 107}
{"ts": 100457, "svc": "auth", "status": 200, "latency_ms": 108}
{"ts": 100459, "svc": "gateway", "status": 200, "latency_ms": 109}
{"ts": 100460, "svc": "payment", "status": 200, "latency_ms": 110}
{"ts": 100462, "svc": "auth", "status": 200, "latency_ms": 111}
{"ts": 100463, "svc": "gateway", "status": 200, "latency_ms": 112}
{"ts": 100465, "svc": "payment", "status": 200, "latency_ms": 113}
{"ts": 100466, "svc": "auth", "status": 200, "latency_ms": 114}
{"ts": 100468, "svc": "gateway", "status": 200, "latency_ms": 115}
{"ts": 100470, "svc": "payment", "status": 200, "latency_ms": 116}
{"ts": 100471, "svc": "auth", "status": 200, "latency_ms": 117}
{"ts": 100473, "svc": "gateway", "status": 200, "latency_ms": 118}
{"ts": 100474, "svc": "payment", "status": 200, "latency_ms": 119}
{"ts": 100476, "svc": "auth", "status": 200, "latency_ms": 120}
{"ts": 100477, "svc": "gateway", "status": 200, "latency_ms": 121}
{"ts": 100479, "svc": "payment", "status": 200, "latency_ms": 122}
{"ts": 100480, "svc": "auth", "status": 200, "latency_ms": 123}
{"ts": 100482, "svc": "gateway", "status": 200, "latency_ms": 124}
{"ts": 100484, "svc": "payment", "status": 200, "latency_ms": 125}
{"ts": 100485, "svc": "auth", "status": 200, "latency_ms": 126}
{"ts": 100487, "svc": "gateway", "status": 200, "latency_ms": 127}
{"ts": 100488, "svc": "payment", "status": 200, "latency_ms": 128}
{"ts": 100490, "svc": "auth", "status": 200, "latency_ms": 129}
{"ts": 100491, "svc": "gateway", "status": 200, "latency_ms": 130}
{"ts": 100493, "svc": "payment", "status": 200, "latency_ms": 131}
{"ts": 100453, "svc": "gateway", "status": 500, "latency_ms": 100}
{"ts": 100505, "svc": "payment", "status": 500, "latency_ms": 100}
   
{"ts": 100000, "svc": "payment", "status": 200, "latency_ms": false}
{"ts": 100505, "svc": "auth", "status": 200, "latency_ms": 101}
{"ts": 100505, "svc": "gateway", "status": 200, "latency_ms": 102}
{"ts": 100505, "svc": "payment", "status": 200, "latency_ms": 103}
{"ts": 100505, "svc": "auth", "status": 200, "latency_ms": 104}
{"ts": 100505, "svc": "gateway", "status": 200, "latency_ms": 105}
{"ts": 100506, "svc": "payment", "status": 200, "latency_ms": 106}
{"ts": 100506, "svc": "auth", "status": 200, "latency_ms": 107}
{"ts": 100506, "svc": "gateway", "status": 500, "latency_ms": 108}
{"ts": 100506, "svc": "payment", "status": 200, "latency_ms": 109}
{"ts": 100506, "svc": "auth", "status": 200, "latency_ms": 110}
{"ts": 100506, "svc": "gateway", "status": 200, "latency_ms": 111}
{"ts": 100507, "svc": "payment", "status": 200, "latency_ms": 112}
{"ts": 100507, "svc": "auth", "status": 200, "latency_ms": 113}
{"ts": 100507, "svc": "gateway", "status": 200, "latency_ms": 114}
{"ts": 100507, "svc": "payment", "status": 200, "latency_ms": 115}
{"ts": 100507, "svc": "auth", "status": 500, "latency_ms": 116}
{"ts": 100507, "svc": "gateway", "status": 200, "latency_ms": 117}
{"ts": 100508, "svc": "payment", "status": 200, "latency_ms": 118}
{"ts": 100508, "svc": "auth", "status": 200, "latency_ms": 119}
{"ts": 100508, "svc": "gateway", "status": 200, "latency_ms": 120}
{"ts": 100508, "svc": "payment", "status": 200, "latency_ms": 121}
{"ts": 100508, "svc": "auth", "status": 200, "latency_ms": 122}
{"ts": 100508, "svc": "gateway", "status": 200, "latency_ms": 123}
{"ts": 100509, "svc": "payment", "status": 500, "latency_ms": 124}
{"ts": 100509, "svc": "auth", "status": 200, "latency_ms": 125}
{"ts": 100509, "svc": "gateway", "status": 200, "latency_ms": 126}
{"ts": 100509, "svc": "payment", "status": 200, "latency_ms": 127}
{"ts": 100509, "svc": "auth", "status": 200, "latency_ms": 128}
{"ts": 100509, "svc": "gateway", "status": 200, "latency_ms": 129}
{"ts": 100510, "svc": "payment", "status": 200, "latency_ms": 130}
{"ts": 100510, "svc": "auth", "status": 200, "latency_ms": 131}
{"ts": 100510, "svc": "gateway", "status": 500, "latency_ms": 132}
{"ts": 100510, "svc": "payment", "status": 200, "latency_ms": 133}
{"ts": 100510, "svc": "auth", "status": 200, "latency_ms": 134}
{"ts": 100510, "svc": "gateway", "status": 200, "latency_ms": 135}
{"ts": 100511, "svc": "payment", "status": 200, "latency_ms": 136}
{"ts": 100511, "svc": "auth", "status": 200, "latency_ms": 137}
definitely not json {{
{"ts": 100511, "svc": "gateway", "status": 200, "latency_ms": 138}
{"ts": 100511, "svc": "payment", "status": 200, "latency_ms": 139}
{"ts": 100511, "svc": "auth", "status": 500, "latency_ms": 140}
{"ts": 100511, "svc": "gateway", "status": 200, "latency_ms": 141}
{"ts": 100512, "svc": "payment", "status": 200, "latency_ms": 142}
{"ts": 100512, "svc": "auth", "status": 200, "latency_ms": 143}
{"ts": 100512, "svc": "gateway", "status": 200, "latency_ms": 144}
{"ts": 100512, "svc": "payment", "status": 200, "latency_ms": 145}
{"ts": 100512, "svc": "auth", "status": 200, "latency_ms": 146}
{"ts": 100512, "svc": "gateway", "status": 200, "latency_ms": 147}
{"ts": 100513, "svc": "payment", "status": 500, "latency_ms": 148}
{"ts": 100513, "svc": "auth", "status": 200, "latency_ms": 149}
{"ts": 100513, "svc": "gateway", "status": 200, "latency_ms": 100}
   
{"ts": 100513, "svc": "payment", "status": 200, "latency_ms": 101}
{"ts": 100513, "svc": "auth", "status": 200, "latency_ms": 102}
{"ts": 100513, "svc": "gateway", "status": 200, "latency_ms": 103}
{"ts": 100514, "svc": "payment", "status": 200, "latency_ms": 104}
{"ts": 100514, "svc": "auth", "status": 200, "latency_ms": 105}
{"ts": 100514, "svc": "gateway", "status": 500, "latency_ms": 106}
{"ts": 100514, "svc": "payment", "status": 200, "latency_ms": 107}
{"ts": 100514, "svc": "auth", "status": 200, "latency_ms": 108}
{"ts": 100514, "svc": "gateway", "status": 200, "latency_ms": 109}
{"ts": 100515, "svc": "payment", "status": 200, "latency_ms": 110}
{"ts": 100515, "svc": "auth", "status": 200, "latency_ms": 111}
{"ts": 100515, "svc": "gateway", "status": 200, "latency_ms": 112}
{"ts": 100515, "svc": "payment", "status": 200, "latency_ms": 113}
{"ts": 100515, "svc": "auth", "status": 500, "latency_ms": 114}
{"ts": 100515, "svc": "gateway", "status": 200, "latency_ms": 115}
{"ts": 100516, "svc": "payment", "status": 200, "latency_ms": 116}
{"ts": 100516, "svc": "auth", "status": 200, "latency_ms": 117}
{"ts": 100516, "svc": "gateway", "status": 200, "latency_ms": 118}
{"ts": 100516, "svc": "payment", "status": 200, "latency_ms": 119}
{"ts": 100516, "svc": "auth", "status": 200, "latency_ms": 120}
{"ts": 100516, "svc": "gateway", "status": 200, "latency_ms": 121}
{"ts": 100517, "svc": "payment", "status": 500, "latency_ms": 122}
{"ts": 100517, "svc": "auth", "status": 200, "latency_ms": 123}
{"ts": 100517, "svc": "gateway", "status": 200, "latency_ms": 124}
{"ts": 100000, "svc": "auth", "status": 200}
{"ts": 100517, "svc": "payment", "status": 200, "latency_ms": 125}
{"ts": 100517, "svc": "auth", "status": 200, "latency_ms": 126}
{"ts": 100517, "svc": "gateway", "status": 200, "latency_ms": 127}
{"ts": 100518, "svc": "payment", "status": 200, "latency_ms": 128}
{"ts": 100518, "svc": "auth", "status": 200, "latency_ms": 129}
{"ts": 100518, "svc": "gateway", "status": 500, "latency_ms": 130}
{"ts": 100518, "svc": "payment", "status": 200, "latency_ms": 131}
{"ts": 100518, "svc": "auth", "status": 200, "latency_ms": 132}
{"ts": 100518, "svc": "gateway", "status": 200, "latency_ms": 133}
{"ts": 100519, "svc": "payment", "status": 200, "latency_ms": 134}
{"ts": 100519, "svc": "auth", "status": 200, "latency_ms": 135}
{"ts": 100519, "svc": "gateway", "status": 200, "latency_ms": 136}
{"ts": 100519, "svc": "payment", "status": 200, "latency_ms": 137}
{"ts": 100519, "svc": "auth", "status": 500, "latency_ms": 138}
{"ts": 100519, "svc": "gateway", "status": 200, "latency_ms": 139}
{"ts": 100520, "svc": "payment", "status": 200, "latency_ms": 140}
{"ts": 100520, "svc": "auth", "status": 200, "latency_ms": 141}
{"ts": 100520, "svc": "gateway", "status": 200, "latency_ms": 142}
{"ts": 100520, "svc": "payment", "status": 200, "latency_ms": 143}
{"ts": 100520, "svc": "auth", "status": 200, "latency_ms": 144}
{"ts": 100520, "svc": "gateway", "status": 200, "latency_ms": 145}
{"ts": 100521, "svc": "payment", "status": 500, "latency_ms": 146}
{"ts": 100521, "svc": "auth", "status": 200, "latency_ms": 147}
{"ts": 100521, "svc": "gateway", "status": 200, "latency_ms": 148}
{"ts": 100521, "svc": "payment", "status": 200, "latency_ms": 149}
{"ts": 100521, "svc": "auth", "status": 200, "latency_ms": 100}
   
{"ts": 100521, "svc": "gateway", "status": 200, "latency_ms": 101}
{"ts": 100522, "svc": "payment", "status": 200, "latency_ms": 102}
{"ts": 100522, "svc": "auth", "status": 200, "latency_ms": 103}
{"ts": 100522, "svc": "gateway", "status": 500, "latency_ms": 104}
{"ts": 100522, "svc": "payment", "status": 200, "latency_ms": 105}
{"ts": 100522, "svc": "auth", "status": 200, "latency_ms": 106}
{"ts": 100522, "svc": "gateway", "status": 200, "latency_ms": 107}
{"ts": 100523, "svc": "payment", "status": 200, "latency_ms": 108}
{"ts": 100523, "svc": "auth", "status": 200, "latency_ms": 109}
{"ts": 100523, "svc": "gateway", "status": 200, "latency_ms": 110}
{"ts": 100523, "svc": "payment", "status": 200, "latency_ms": 111}
{"ts": 100000, "svc": "auth", "status": 200, "latency_ms": 100, "x": 1}
{"ts": 100523, "svc": "auth", "status": 500, "latency_ms": 112}
{"ts": 100523, "svc": "gateway", "status": 200, "latency_ms": 113}
{"ts": 100524, "svc": "payment", "status": 200, "latency_ms": 114}
{"ts": 100524, "svc": "auth", "status": 200, "latency_ms": 115}
{"ts": 100524, "svc": "gateway", "status": 200, "latency_ms": 116}
{"ts": 100524, "svc": "payment", "status": 200, "latency_ms": 117}
{"ts": 100524, "svc": "auth", "status": 200, "latency_ms": 118}
{"ts": 100524, "svc": "gateway", "status": 200, "latency_ms": 119}
{"ts": 100525, "svc": "payment", "status": 500, "latency_ms": 120}
{"ts": 100525, "svc": "auth", "status": 200, "latency_ms": 121}
{"ts": 100525, "svc": "gateway", "status": 200, "latency_ms": 122}
{"ts": 100525, "svc": "payment", "status": 200, "latency_ms": 123}
{"ts": 100525, "svc": "auth", "status": 200, "latency_ms": 124}
{"ts": 100525, "svc": "gateway", "status": 200, "latency_ms": 125}
{"ts": 100526, "svc": "payment", "status": 200, "latency_ms": 126}
{"ts": 100526, "svc": "auth", "status": 200, "latency_ms": 127}
{"ts": 100526, "svc": "gateway", "status": 500, "latency_ms": 128}
{"ts": 100526, "svc": "payment", "status": 200, "latency_ms": 129}
{"ts": 100526, "svc": "auth", "status": 200, "latency_ms": 130}
{"ts": 100526, "svc": "gateway", "status": 200, "latency_ms": 131}
{"ts": 100527, "svc": "payment", "status": 200, "latency_ms": 132}
{"ts": 100527, "svc": "auth", "status": 200, "latency_ms": 133}
{"ts": 100527, "svc": "gateway", "status": 200, "latency_ms": 134}
{"ts": 100527, "svc": "payment", "status": 200, "latency_ms": 135}
{"ts": 100527, "svc": "auth", "status": 500, "latency_ms": 136}
{"ts": 100527, "svc": "gateway", "status": 200, "latency_ms": 137}
{"ts": 100528, "svc": "payment", "status": 200, "latency_ms": 138}
{"ts": 100528, "svc": "auth", "status": 200, "latency_ms": 139}
{"ts": 100528, "svc": "gateway", "status": 200, "latency_ms": 140}
{"ts": 100528, "svc": "payment", "status": 200, "latency_ms": 141}
{"ts": 100528, "svc": "auth", "status": 200, "latency_ms": 142}
{"ts": 100528, "svc": "gateway", "status": 200, "latency_ms": 143}
{"ts": 100529, "svc": "payment", "status": 500, "latency_ms": 144}
{"ts": 100529, "svc": "auth", "status": 200, "latency_ms": 145}
{"ts": 100529, "svc": "gateway", "status": 200, "latency_ms": 146}
{"ts": 100529, "svc": "payment", "status": 200, "latency_ms": 147}
{"ts": 100529, "svc": "auth", "status": 200, "latency_ms": 148}
{"ts": 100000, "svc": "gateway", "status": 200.0, "latency_ms": 100}
{"ts": 100529, "svc": "gateway", "status": 200, "latency_ms": 149}
{"ts": 100530, "svc": "payment", "status": 200, "latency_ms": 100}
   
{"ts": 100530, "svc": "auth", "status": 200, "latency_ms": 101}
{"ts": 100530, "svc": "gateway", "status": 500, "latency_ms": 102}
{"ts": 100530, "svc": "payment", "status": 200, "latency_ms": 103}
{"ts": 100530, "svc": "auth", "status": 200, "latency_ms": 104}
{"ts": 100530, "svc": "gateway", "status": 200, "latency_ms": 105}
{"ts": 100531, "svc": "payment", "status": 200, "latency_ms": 106}
{"ts": 100531, "svc": "auth", "status": 200, "latency_ms": 107}
{"ts": 100531, "svc": "gateway", "status": 200, "latency_ms": 108}
{"ts": 100531, "svc": "payment", "status": 200, "latency_ms": 109}
{"ts": 100531, "svc": "auth", "status": 500, "latency_ms": 110}
{"ts": 100531, "svc": "gateway", "status": 200, "latency_ms": 111}
{"ts": 100532, "svc": "payment", "status": 200, "latency_ms": 112}
{"ts": 100532, "svc": "auth", "status": 200, "latency_ms": 113}
{"ts": 100532, "svc": "gateway", "status": 200, "latency_ms": 114}
{"ts": 100532, "svc": "payment", "status": 200, "latency_ms": 115}
{"ts": 100532, "svc": "auth", "status": 200, "latency_ms": 116}
{"ts": 100532, "svc": "gateway", "status": 200, "latency_ms": 117}
{"ts": 100533, "svc": "payment", "status": 500, "latency_ms": 118}
{"ts": 100533, "svc": "auth", "status": 200, "latency_ms": 119}
{"ts": 100533, "svc": "gateway", "status": 200, "latency_ms": 120}
{"ts": 100533, "svc": "payment", "status": 200, "latency_ms": 121}
{"ts": 100533, "svc": "auth", "status": 200, "latency_ms": 122}
{"ts": 100533, "svc": "gateway", "status": 200, "latency_ms": 123}
{"ts": 100534, "svc": "payment", "status": 200, "latency_ms": 124}
{"ts": 100534, "svc": "auth", "status": 200, "latency_ms": 125}
{"ts": 100534, "svc": "gateway", "status": 500, "latency_ms": 126}
{"ts": 100534, "svc": "payment", "status": 200, "latency_ms": 127}
{"ts": 100534, "svc": "auth", "status": 200, "latency_ms": 128}
{"ts": 100534, "svc": "gateway", "status": 200, "latency_ms": 129}
{"ts": 100535, "svc": "payment", "status": 200, "latency_ms": 130}
{"ts": 100535, "svc": "auth", "status": 200, "latency_ms": 131}
{"ts": 100535, "svc": "gateway", "status": 200, "latency_ms": 132}
{"ts": 100535, "svc": "payment", "status": 200, "latency_ms": 133}
{"ts": 100535, "svc": "auth", "status": 500, "latency_ms": 134}
{"ts": 100535, "svc": "gateway", "status": 200, "latency_ms": 135}
{"ts": true, "svc": "payment", "status": 200, "latency_ms": 100}
{"ts": 100536, "svc": "payment", "status": 200, "latency_ms": 136}
{"ts": 100536, "svc": "auth", "status": 200, "latency_ms": 137}
{"ts": 100536, "svc": "gateway", "status": 200, "latency_ms": 138}
{"ts": 100536, "svc": "payment", "status": 200, "latency_ms": 139}
{"ts": 100536, "svc": "auth", "status": 200, "latency_ms": 140}
{"ts": 100536, "svc": "gateway", "status": 200, "latency_ms": 141}
{"ts": 100537, "svc": "payment", "status": 500, "latency_ms": 142}
{"ts": 100537, "svc": "auth", "status": 200, "latency_ms": 143}
{"ts": 100537, "svc": "gateway", "status": 200, "latency_ms": 144}
{"ts": 100537, "svc": "payment", "status": 200, "latency_ms": 145}
{"ts": 100537, "svc": "auth", "status": 200, "latency_ms": 146}
{"ts": 100537, "svc": "gateway", "status": 200, "latency_ms": 147}
{"ts": 100538, "svc": "payment", "status": 200, "latency_ms": 148}
{"ts": 100538, "svc": "auth", "status": 200, "latency_ms": 149}
{"ts": 100538, "svc": "gateway", "status": 500, "latency_ms": 100}
   
{"ts": 100538, "svc": "payment", "status": 200, "latency_ms": 101}
{"ts": 100538, "svc": "auth", "status": 200, "latency_ms": 102}
{"ts": 100538, "svc": "gateway", "status": 200, "latency_ms": 103}
{"ts": 100539, "svc": "payment", "status": 200, "latency_ms": 104}
{"ts": 100539, "svc": "auth", "status": 200, "latency_ms": 105}
{"ts": 100539, "svc": "gateway", "status": 200, "latency_ms": 106}
{"ts": 100539, "svc": "payment", "status": 200, "latency_ms": 107}
{"ts": 100539, "svc": "auth", "status": 500, "latency_ms": 108}
{"ts": 100539, "svc": "gateway", "status": 200, "latency_ms": 109}
{"ts": 100540, "svc": "payment", "status": 200, "latency_ms": 110}
{"ts": 100540, "svc": "auth", "status": 200, "latency_ms": 111}
{"ts": 100540, "svc": "gateway", "status": 200, "latency_ms": 112}
{"ts": 100540, "svc": "payment", "status": 200, "latency_ms": 113}
{"ts": 100540, "svc": "auth", "status": 200, "latency_ms": 114}
{"ts": 100540, "svc": "gateway", "status": 200, "latency_ms": 115}
{"ts": 100541, "svc": "payment", "status": 500, "latency_ms": 116}
{"ts": 100541, "svc": "auth", "status": 200, "latency_ms": 117}
{"ts": 100541, "svc": "gateway", "status": 200, "latency_ms": 118}
{"ts": 100541, "svc": "payment", "status": 200, "latency_ms": 119}
{"ts": 100541, "svc": "auth", "status": 200, "latency_ms": 120}
{"ts": 100541, "svc": "gateway", "status": 200, "latency_ms": 121}
{"ts": 100542, "svc": "payment", "status": 200, "latency_ms": 122}
{"ts": 100000, "svc": "auth", "status": 99, "latency_ms": 100}
{"ts": 100542, "svc": "auth", "status": 200, "latency_ms": 123}
{"ts": 100542, "svc": "gateway", "status": 500, "latency_ms": 124}
{"ts": 100542, "svc": "payment", "status": 200, "latency_ms": 125}
{"ts": 100542, "svc": "auth", "status": 200, "latency_ms": 126}
{"ts": 100542, "svc": "gateway", "status": 200, "latency_ms": 127}
{"ts": 100543, "svc": "payment", "status": 200, "latency_ms": 128}
{"ts": 100543, "svc": "auth", "status": 200, "latency_ms": 129}
{"ts": 100543, "svc": "gateway", "status": 200, "latency_ms": 130}
{"ts": 100543, "svc": "payment", "status": 200, "latency_ms": 131}
{"ts": 100543, "svc": "auth", "status": 500, "latency_ms": 132}
{"ts": 100543, "svc": "gateway", "status": 200, "latency_ms": 133}
{"ts": 100544, "svc": "payment", "status": 200, "latency_ms": 134}
{"ts": 100544, "svc": "auth", "status": 200, "latency_ms": 135}
{"ts": 100544, "svc": "gateway", "status": 200, "latency_ms": 136}
{"ts": 100544, "svc": "payment", "status": 200, "latency_ms": 137}
{"ts": 100544, "svc": "auth", "status": 200, "latency_ms": 138}
{"ts": 100544, "svc": "gateway", "status": 200, "latency_ms": 139}
{"ts": 100545, "svc": "payment", "status": 500, "latency_ms": 140}
{"ts": 100545, "svc": "auth", "status": 200, "latency_ms": 141}
{"ts": 100545, "svc": "gateway", "status": 200, "latency_ms": 142}
{"ts": 100545, "svc": "payment", "status": 200, "latency_ms": 143}
{"ts": 100545, "svc": "auth", "status": 200, "latency_ms": 144}
{"ts": 100545, "svc": "gateway", "status": 200, "latency_ms": 145}
{"ts": 100546, "svc": "payment", "status": 200, "latency_ms": 146}
{"ts": 100546, "svc": "auth", "status": 200, "latency_ms": 147}
{"ts": 100546, "svc": "gateway", "status": 500, "latency_ms": 148}
{"ts": 100546, "svc": "payment", "status": 200, "latency_ms": 149}
{"ts": 100546, "svc": "auth", "status": 200, "latency_ms": 100}
   
{"ts": 100546, "svc": "gateway", "status": 200, "latency_ms": 101}
{"ts": 100547, "svc": "payment", "status": 200, "latency_ms": 102}
{"ts": 100547, "svc": "auth", "status": 200, "latency_ms": 103}
{"ts": 100547, "svc": "gateway", "status": 200, "latency_ms": 104}
{"ts": 100547, "svc": "payment", "status": 200, "latency_ms": 105}
{"ts": 100547, "svc": "auth", "status": 500, "latency_ms": 106}
{"ts": 100547, "svc": "gateway", "status": 200, "latency_ms": 107}
{"ts": 100548, "svc": "payment", "status": 200, "latency_ms": 108}
{"ts": 100548, "svc": "auth", "status": 200, "latency_ms": 109}
{"ts": 100000, "svc": "billing", "status": 200, "latency_ms": 100}
{"ts": 100548, "svc": "gateway", "status": 200, "latency_ms": 110}
{"ts": 100548, "svc": "payment", "status": 200, "latency_ms": 111}
{"ts": 100548, "svc": "auth", "status": 200, "latency_ms": 112}
{"ts": 100548, "svc": "gateway", "status": 200, "latency_ms": 113}
{"ts": 100549, "svc": "payment", "status": 500, "latency_ms": 114}
{"ts": 100549, "svc": "auth", "status": 200, "latency_ms": 115}
{"ts": 100549, "svc": "gateway", "status": 200, "latency_ms": 116}
{"ts": 100549, "svc": "payment", "status": 200, "latency_ms": 117}
{"ts": 100549, "svc": "auth", "status": 200, "latency_ms": 118}
{"ts": 100549, "svc": "gateway", "status": 200, "latency_ms": 119}
{"ts": 100550, "svc": "payment", "status": 200, "latency_ms": 120}
{"ts": 100550, "svc": "auth", "status": 200, "latency_ms": 121}
{"ts": 100550, "svc": "gateway", "status": 500, "latency_ms": 122}
{"ts": 100550, "svc": "payment", "status": 200, "latency_ms": 123}
{"ts": 100550, "svc": "auth", "status": 200, "latency_ms": 124}
{"ts": 100550, "svc": "gateway", "status": 200, "latency_ms": 125}
{"ts": 100551, "svc": "payment", "status": 200, "latency_ms": 126}
{"ts": 100551, "svc": "auth", "status": 200, "latency_ms": 127}
{"ts": 100551, "svc": "gateway", "status": 200, "latency_ms": 128}
{"ts": 100551, "svc": "payment", "status": 200, "latency_ms": 129}
{"ts": 100551, "svc": "auth", "status": 500, "latency_ms": 130}
{"ts": 100551, "svc": "gateway", "status": 200, "latency_ms": 131}
{"ts": 100552, "svc": "payment", "status": 200, "latency_ms": 132}
{"ts": 100552, "svc": "auth", "status": 200, "latency_ms": 133}
{"ts": 100552, "svc": "gateway", "status": 200, "latency_ms": 134}
{"ts": 100552, "svc": "payment", "status": 200, "latency_ms": 135}
{"ts": 100552, "svc": "auth", "status": 200, "latency_ms": 136}
{"ts": 100552, "svc": "gateway", "status": 200, "latency_ms": 137}
{"ts": 100553, "svc": "payment", "status": 500, "latency_ms": 138}
{"ts": 100553, "svc": "auth", "status": 200, "latency_ms": 139}
{"ts": 100553, "svc": "gateway", "status": 200, "latency_ms": 140}
{"ts": 100553, "svc": "payment", "status": 200, "latency_ms": 141}
{"ts": 100553, "svc": "auth", "status": 200, "latency_ms": 142}
{"ts": 100553, "svc": "gateway", "status": 200, "latency_ms": 143}
{"ts": 100554, "svc": "payment", "status": 200, "latency_ms": 144}
{"ts": 100554, "svc": "auth", "status": 200, "latency_ms": 145}
{"ts": 100554, "svc": "gateway", "status": 500, "latency_ms": 146}
{"ts": 100000, "svc": "gateway", "status": 200, "latency_ms": 1001}
{"ts": 100554, "svc": "payment", "status": 200, "latency_ms": 147}
{"ts": 100554, "svc": "auth", "status": 200, "latency_ms": 148}
{"ts": 100554, "svc": "gateway", "status": 200, "latency_ms": 149}
{"ts": 100514, "svc": "payment", "status": 500, "latency_ms": 100}
{"ts": 100524, "svc": "payment", "status": 200, "latency_ms": 100}
{"ts": 100565, "svc": "auth", "status": 500, "latency_ms": 100}
   
definitely not json {{
{"ts": 100565, "svc": "gateway", "status": 200, "latency_ms": 101}
{"ts": 100565, "svc": "payment", "status": 200, "latency_ms": 102}
{"ts": 100565, "svc": "auth", "status": 200, "latency_ms": 103}
{"ts": 100565, "svc": "gateway", "status": 200, "latency_ms": 104}
{"ts": 100565, "svc": "payment", "status": 200, "latency_ms": 105}
{"ts": 100566, "svc": "auth", "status": 200, "latency_ms": 106}
{"ts": 100566, "svc": "gateway", "status": 200, "latency_ms": 107}
{"ts": 100566, "svc": "payment", "status": 500, "latency_ms": 108}
{"ts": 100566, "svc": "auth", "status": 200, "latency_ms": 109}
{"ts": 100566, "svc": "gateway", "status": 200, "latency_ms": 110}
{"ts": 100566, "svc": "payment", "status": 200, "latency_ms": 111}
{"ts": 100567, "svc": "auth", "status": 200, "latency_ms": 112}
{"ts": 100567, "svc": "gateway", "status": 200, "latency_ms": 113}
{"ts": 100567, "svc": "payment", "status": 200, "latency_ms": 114}
{"ts": 100567, "svc": "auth", "status": 200, "latency_ms": 115}
{"ts": 100567, "svc": "gateway", "status": 500, "latency_ms": 116}
{"ts": 100567, "svc": "payment", "status": 200, "latency_ms": 117}
{"ts": 100568, "svc": "auth", "status": 200, "latency_ms": 118}
{"ts": 100568, "svc": "gateway", "status": 200, "latency_ms": 119}
{"ts": 100568, "svc": "payment", "status": 200, "latency_ms": 120}
{"ts": 100568, "svc": "auth", "status": 200, "latency_ms": 121}
{"ts": 100568, "svc": "gateway", "status": 200, "latency_ms": 122}
{"ts": 100568, "svc": "payment", "status": 200, "latency_ms": 123}
{"ts": 100569, "svc": "auth", "status": 500, "latency_ms": 124}
{"ts": 100569, "svc": "gateway", "status": 200, "latency_ms": 125}
{"ts": 100569, "svc": "payment", "status": 200, "latency_ms": 126}
{"ts": 100569, "svc": "auth", "status": 200, "latency_ms": 127}
{"ts": 100569, "svc": "gateway", "status": 200, "latency_ms": 128}
{"ts": 100569, "svc": "payment", "status": 200, "latency_ms": 129}
{"ts": 100570, "svc": "auth", "status": 200, "latency_ms": 130}
{"ts": 100570, "svc": "gateway", "status": 200, "latency_ms": 131}
{"ts": 100570, "svc": "payment", "status": 500, "latency_ms": 132}
{"ts": 100570, "svc": "auth", "status": 200, "latency_ms": 133}
{"ts": 100570, "svc": "gateway", "status": 200, "latency_ms": 134}
{"ts": 100570, "svc": "payment", "status": 200, "latency_ms": 135}
{"ts": 100571, "svc": "auth", "status": 200, "latency_ms": 136}
{"ts": 100571, "svc": "gateway", "status": 200, "latency_ms": 137}
{"ts": 100000, "svc": "auth", "status": 200}
{"ts": 100571, "svc": "payment", "status": 200, "latency_ms": 138}
{"ts": 100571, "svc": "auth", "status": 200, "latency_ms": 139}
{"ts": 100571, "svc": "gateway", "status": 500, "latency_ms": 140}
{"ts": 100571, "svc": "payment", "status": 200, "latency_ms": 141}
{"ts": 100572, "svc": "auth", "status": 200, "latency_ms": 142}
{"ts": 100572, "svc": "gateway", "status": 200, "latency_ms": 143}
{"ts": 100572, "svc": "payment", "status": 200, "latency_ms": 144}
{"ts": 100572, "svc": "auth", "status": 200, "latency_ms": 145}
{"ts": 100572, "svc": "gateway", "status": 200, "latency_ms": 146}
{"ts": 100572, "svc": "payment", "status": 200, "latency_ms": 147}
{"ts": 100573, "svc": "auth", "status": 500, "latency_ms": 148}
{"ts": 100573, "svc": "gateway", "status": 200, "latency_ms": 149}
{"ts": 100573, "svc": "payment", "status": 200, "latency_ms": 100}
   
{"ts": 100573, "svc": "auth", "status": 200, "latency_ms": 101}
{"ts": 100573, "svc": "gateway", "status": 200, "latency_ms": 102}
{"ts": 100573, "svc": "payment", "status": 200, "latency_ms": 103}
{"ts": 100574, "svc": "auth", "status": 200, "latency_ms": 104}
{"ts": 100574, "svc": "gateway", "status": 200, "latency_ms": 105}
{"ts": 100574, "svc": "payment", "status": 500, "latency_ms": 106}
{"ts": 100574, "svc": "auth", "status": 200, "latency_ms": 107}
{"ts": 100574, "svc": "gateway", "status": 200, "latency_ms": 108}
{"ts": 100574, "svc": "payment", "status": 200, "latency_ms": 109}
{"ts": 100575, "svc": "auth", "status": 200, "latency_ms": 110}
{"ts": 100575, "svc": "gateway", "status": 200, "latency_ms": 111}
{"ts": 100575, "svc": "payment", "status": 200, "latency_ms": 112}
{"ts": 100575, "svc": "auth", "status": 200, "latency_ms": 113}
{"ts": 100575, "svc": "gateway", "status": 500, "latency_ms": 114}
{"ts": 100575, "svc": "payment", "status": 200, "latency_ms": 115}
{"ts": 100576, "svc": "auth", "status": 200, "latency_ms": 116}
{"ts": 100576, "svc": "gateway", "status": 200, "latency_ms": 117}
{"ts": 100576, "svc": "payment", "status": 200, "latency_ms": 118}
{"ts": 100576, "svc": "auth", "status": 200, "latency_ms": 119}
{"ts": 100576, "svc": "gateway", "status": 200, "latency_ms": 120}
{"ts": 100576, "svc": "payment", "status": 200, "latency_ms": 121}
{"ts": 100577, "svc": "auth", "status": 500, "latency_ms": 122}
{"ts": 100577, "svc": "gateway", "status": 200, "latency_ms": 123}
{"ts": 100577, "svc": "payment", "status": 200, "latency_ms": 124}
{"ts": 100000, "svc": "auth", "status": 200, "latency_ms": 100, "x": 1}
{"ts": 100577, "svc": "auth", "status": 200, "latency_ms": 125}
{"ts": 100577, "svc": "gateway", "status": 200, "latency_ms": 126}
{"ts": 100577, "svc": "payment", "status": 200, "latency_ms": 127}
{"ts": 100578, "svc": "auth", "status": 200, "latency_ms": 128}
{"ts": 100578, "svc": "gateway", "status": 200, "latency_ms": 129}
{"ts": 100578, "svc": "payment", "status": 500, "latency_ms": 130}
{"ts": 100578, "svc": "auth", "status": 200, "latency_ms": 131}
{"ts": 100578, "svc": "gateway", "status": 200, "latency_ms": 132}
{"ts": 100578, "svc": "payment", "status": 200, "latency_ms": 133}
{"ts": 100579, "svc": "auth", "status": 200, "latency_ms": 134}
{"ts": 100579, "svc": "gateway", "status": 200, "latency_ms": 135}
{"ts": 100579, "svc": "payment", "status": 200, "latency_ms": 136}
{"ts": 100579, "svc": "auth", "status": 200, "latency_ms": 137}
{"ts": 100579, "svc": "gateway", "status": 500, "latency_ms": 138}
{"ts": 100579, "svc": "payment", "status": 200, "latency_ms": 139}
{"ts": 100580, "svc": "auth", "status": 200, "latency_ms": 140}
{"ts": 100580, "svc": "gateway", "status": 200, "latency_ms": 141}
{"ts": 100580, "svc": "payment", "status": 200, "latency_ms": 142}
{"ts": 100580, "svc": "auth", "status": 200, "latency_ms": 143}
{"ts": 100580, "svc": "gateway", "status": 200, "latency_ms": 144}
{"ts": 100580, "svc": "payment", "status": 200, "latency_ms": 145}
{"ts": 100581, "svc": "auth", "status": 500, "latency_ms": 146}
{"ts": 100581, "svc": "gateway", "status": 200, "latency_ms": 147}
{"ts": 100581, "svc": "payment", "status": 200, "latency_ms": 148}
{"ts": 100581, "svc": "auth", "status": 200, "latency_ms": 149}
{"ts": 100581, "svc": "gateway", "status": 200, "latency_ms": 100}
   
{"ts": 100581, "svc": "payment", "status": 200, "latency_ms": 101}
{"ts": 100582, "svc": "auth", "status": 200, "latency_ms": 102}
{"ts": 100582, "svc": "gateway", "status": 200, "latency_ms": 103}
{"ts": 100582, "svc": "payment", "status": 500, "latency_ms": 104}
{"ts": 100582, "svc": "auth", "status": 200, "latency_ms": 105}
{"ts": 100582, "svc": "gateway", "status": 200, "latency_ms": 106}
{"ts": 100582, "svc": "payment", "status": 200, "latency_ms": 107}
{"ts": 100583, "svc": "auth", "status": 200, "latency_ms": 108}
{"ts": 100583, "svc": "gateway", "status": 200, "latency_ms": 109}
{"ts": 100583, "svc": "payment", "status": 200, "latency_ms": 110}
{"ts": 100583, "svc": "auth", "status": 200, "latency_ms": 111}
{"ts": 100000, "svc": "gateway", "status": 200.0, "latency_ms": 100}
{"ts": 100583, "svc": "gateway", "status": 500, "latency_ms": 112}
{"ts": 100583, "svc": "payment", "status": 200, "latency_ms": 113}
{"ts": 100584, "svc": "auth", "status": 200, "latency_ms": 114}
{"ts": 100584, "svc": "gateway", "status": 200, "latency_ms": 115}
{"ts": 100584, "svc": "payment", "status": 200, "latency_ms": 116}
{"ts": 100584, "svc": "auth", "status": 200, "latency_ms": 117}
{"ts": 100584, "svc": "gateway", "status": 200, "latency_ms": 118}
{"ts": 100584, "svc": "payment", "status": 200, "latency_ms": 119}
{"ts": 100585, "svc": "auth", "status": 500, "latency_ms": 120}
{"ts": 100585, "svc": "gateway", "status": 200, "latency_ms": 121}
{"ts": 100585, "svc": "payment", "status": 200, "latency_ms": 122}
{"ts": 100585, "svc": "auth", "status": 200, "latency_ms": 123}
{"ts": 100585, "svc": "gateway", "status": 200, "latency_ms": 124}
{"ts": 100585, "svc": "payment", "status": 200, "latency_ms": 125}
{"ts": 100586, "svc": "auth", "status": 200, "latency_ms": 126}
{"ts": 100586, "svc": "gateway", "status": 200, "latency_ms": 127}
{"ts": 100586, "svc": "payment", "status": 500, "latency_ms": 128}
{"ts": 100586, "svc": "auth", "status": 200, "latency_ms": 129}
{"ts": 100586, "svc": "gateway", "status": 200, "latency_ms": 130}
{"ts": 100586, "svc": "payment", "status": 200, "latency_ms": 131}
{"ts": 100587, "svc": "auth", "status": 200, "latency_ms": 132}
{"ts": 100587, "svc": "gateway", "status": 200, "latency_ms": 133}
{"ts": 100587, "svc": "payment", "status": 200, "latency_ms": 134}
{"ts": 100587, "svc": "auth", "status": 200, "latency_ms": 135}
{"ts": 100587, "svc": "gateway", "status": 500, "latency_ms": 136}
{"ts": 100587, "svc": "payment", "status": 200, "latency_ms": 137}
{"ts": 100588, "svc": "auth", "status": 200, "latency_ms": 138}
{"ts": 100588, "svc": "gateway", "status": 200, "latency_ms": 139}
{"ts": 100588, "svc": "payment", "status": 200, "latency_ms": 140}
{"ts": 100588, "svc": "auth", "status": 200, "latency_ms": 141}
{"ts": 100588, "svc": "gateway", "status": 200, "latency_ms": 142}
{"ts": 100588, "svc": "payment", "status": 200, "latency_ms": 143}
{"ts": 100589, "svc": "auth", "status": 500, "latency_ms": 144}
{"ts": 100589, "svc": "gateway", "status": 200, "latency_ms": 145}
{"ts": 100589, "svc": "payment", "status": 200, "latency_ms": 146}
{"ts": 100589, "svc": "auth", "status": 200, "latency_ms": 147}
{"ts": 100589, "svc": "gateway", "status": 200, "latency_ms": 148}
{"ts": true, "svc": "payment", "status": 200, "latency_ms": 100}
{"ts": 100589, "svc": "payment", "status": 200, "latency_ms": 149}
{"ts": 100590, "svc": "auth", "status": 200, "latency_ms": 100}
   
{"ts": 100590, "svc": "gateway", "status": 200, "latency_ms": 101}
{"ts": 100590, "svc": "payment", "status": 500, "latency_ms": 102}
{"ts": 100590, "svc": "auth", "status": 200, "latency_ms": 103}
{"ts": 100590, "svc": "gateway", "status": 200, "latency_ms": 104}
{"ts": 100590, "svc": "payment", "status": 200, "latency_ms": 105}
{"ts": 100591, "svc": "auth", "status": 200, "latency_ms": 106}
{"ts": 100591, "svc": "gateway", "status": 200, "latency_ms": 107}
{"ts": 100591, "svc": "payment", "status": 200, "latency_ms": 108}
{"ts": 100591, "svc": "auth", "status": 200, "latency_ms": 109}
{"ts": 100591, "svc": "gateway", "status": 500, "latency_ms": 110}
{"ts": 100591, "svc": "payment", "status": 200, "latency_ms": 111}
{"ts": 100592, "svc": "auth", "status": 200, "latency_ms": 112}
{"ts": 100592, "svc": "gateway", "status": 200, "latency_ms": 113}
{"ts": 100592, "svc": "payment", "status": 200, "latency_ms": 114}
{"ts": 100592, "svc": "auth", "status": 200, "latency_ms": 115}
{"ts": 100592, "svc": "gateway", "status": 200, "latency_ms": 116}
{"ts": 100592, "svc": "payment", "status": 200, "latency_ms": 117}
{"ts": 100593, "svc": "auth", "status": 500, "latency_ms": 118}
{"ts": 100593, "svc": "gateway", "status": 200, "latency_ms": 119}
{"ts": 100593, "svc": "payment", "status": 200, "latency_ms": 120}
{"ts": 100593, "svc": "auth", "status": 200, "latency_ms": 121}
{"ts": 100593, "svc": "gateway", "status": 200, "latency_ms": 122}
{"ts": 100593, "svc": "payment", "status": 200, "latency_ms": 123}
{"ts": 100594, "svc": "auth", "status": 200, "latency_ms": 124}
{"ts": 100594, "svc": "gateway", "status": 200, "latency_ms": 125}
{"ts": 100594, "svc": "payment", "status": 500, "latency_ms": 126}
{"ts": 100594, "svc": "auth", "status": 200, "latency_ms": 127}
{"ts": 100594, "svc": "gateway", "status": 200, "latency_ms": 128}
{"ts": 100594, "svc": "payment", "status": 200, "latency_ms": 129}
{"ts": 100595, "svc": "auth", "status": 200, "latency_ms": 130}
{"ts": 100595, "svc": "gateway", "status": 200, "latency_ms": 131}
{"ts": 100595, "svc": "payment", "status": 200, "latency_ms": 132}
{"ts": 100595, "svc": "auth", "status": 200, "latency_ms": 133}
{"ts": 100595, "svc": "gateway", "status": 500, "latency_ms": 134}
{"ts": 100595, "svc": "payment", "status": 200, "latency_ms": 135}
{"ts": 100000, "svc": "auth", "status": 99, "latency_ms": 100}
{"ts": 100596, "svc": "auth", "status": 200, "latency_ms": 136}
{"ts": 100596, "svc": "gateway", "status": 200, "latency_ms": 137}
{"ts": 100596, "svc": "payment", "status": 200, "latency_ms": 138}
{"ts": 100596, "svc": "auth", "status": 200, "latency_ms": 139}
{"ts": 100596, "svc": "gateway", "status": 200, "latency_ms": 140}
{"ts": 100596, "svc": "payment", "status": 200, "latency_ms": 141}
{"ts": 100597, "svc": "auth", "status": 500, "latency_ms": 142}
{"ts": 100597, "svc": "gateway", "status": 200, "latency_ms": 143}
{"ts": 100597, "svc": "payment", "status": 200, "latency_ms": 144}
{"ts": 100597, "svc": "auth", "status": 200, "latency_ms": 145}
{"ts": 100597, "svc": "gateway", "status": 200, "latency_ms": 146}
{"ts": 100597, "svc": "payment", "status": 200, "latency_ms": 147}
{"ts": 100598, "svc": "auth", "status": 200, "latency_ms": 148}
{"ts": 100598, "svc": "gateway", "status": 200, "latency_ms": 149}
{"ts": 100598, "svc": "payment", "status": 500, "latency_ms": 100}
   
{"ts": 100598, "svc": "auth", "status": 200, "latency_ms": 101}
{"ts": 100598, "svc": "gateway", "status": 200, "latency_ms": 102}
{"ts": 100598, "svc": "payment", "status": 200, "latency_ms": 103}
{"ts": 100599, "svc": "auth", "status": 200, "latency_ms": 104}
{"ts": 100599, "svc": "gateway", "status": 200, "latency_ms": 105}
{"ts": 100599, "svc": "payment", "status": 200, "latency_ms": 106}
{"ts": 100599, "svc": "auth", "status": 200, "latency_ms": 107}
{"ts": 100599, "svc": "gateway", "status": 500, "latency_ms": 108}
{"ts": 100599, "svc": "payment", "status": 200, "latency_ms": 109}
{"ts": 100600, "svc": "auth", "status": 200, "latency_ms": 110}
{"ts": 100600, "svc": "gateway", "status": 200, "latency_ms": 111}
{"ts": 100600, "svc": "payment", "status": 200, "latency_ms": 112}
{"ts": 100600, "svc": "auth", "status": 200, "latency_ms": 113}
{"ts": 100600, "svc": "gateway", "status": 200, "latency_ms": 114}
{"ts": 100600, "svc": "payment", "status": 200, "latency_ms": 115}
{"ts": 100601, "svc": "auth", "status": 500, "latency_ms": 116}
{"ts": 100601, "svc": "gateway", "status": 200, "latency_ms": 117}
{"ts": 100601, "svc": "payment", "status": 200, "latency_ms": 118}
{"ts": 100601, "svc": "auth", "status": 200, "latency_ms": 119}
{"ts": 100601, "svc": "gateway", "status": 200, "latency_ms": 120}
{"ts": 100601, "svc": "payment", "status": 200, "latency_ms": 121}
{"ts": 100602, "svc": "auth", "status": 200, "latency_ms": 122}
{"ts": 100000, "svc": "billing", "status": 200, "latency_ms": 100}
{"ts": 100602, "svc": "gateway", "status": 200, "latency_ms": 123}
{"ts": 100602, "svc": "payment", "status": 500, "latency_ms": 124}
{"ts": 100602, "svc": "auth", "status": 200, "latency_ms": 125}
{"ts": 100602, "svc": "gateway", "status": 200, "latency_ms": 126}
{"ts": 100602, "svc": "payment", "status": 200, "latency_ms": 127}
{"ts": 100603, "svc": "auth", "status": 200, "latency_ms": 128}
{"ts": 100603, "svc": "gateway", "status": 200, "latency_ms": 129}
{"ts": 100603, "svc": "payment", "status": 200, "latency_ms": 130}
{"ts": 100603, "svc": "auth", "status": 200, "latency_ms": 131}
{"ts": 100603, "svc": "gateway", "status": 500, "latency_ms": 132}
{"ts": 100603, "svc": "payment", "status": 200, "latency_ms": 133}
{"ts": 100604, "svc": "auth", "status": 200, "latency_ms": 134}
{"ts": 100604, "svc": "gateway", "status": 200, "latency_ms": 135}
{"ts": 100604, "svc": "payment", "status": 200, "latency_ms": 136}
{"ts": 100604, "svc": "auth", "status": 200, "latency_ms": 137}
{"ts": 100604, "svc": "gateway", "status": 200, "latency_ms": 138}
{"ts": 100604, "svc": "payment", "status": 200, "latency_ms": 139}
{"ts": 100605, "svc": "auth", "status": 500, "latency_ms": 140}
{"ts": 100605, "svc": "gateway", "status": 200, "latency_ms": 141}
{"ts": 100605, "svc": "payment", "status": 200, "latency_ms": 142}
{"ts": 100605, "svc": "auth", "status": 200, "latency_ms": 143}
{"ts": 100605, "svc": "gateway", "status": 200, "latency_ms": 144}
{"ts": 100605, "svc": "payment", "status": 200, "latency_ms": 145}
{"ts": 100606, "svc": "auth", "status": 200, "latency_ms": 146}
{"ts": 100606, "svc": "gateway", "status": 200, "latency_ms": 147}
{"ts": 100606, "svc": "payment", "status": 500, "latency_ms": 148}
{"ts": 100606, "svc": "auth", "status": 200, "latency_ms": 149}
{"ts": 100606, "svc": "gateway", "status": 200, "latency_ms": 100}
   
{"ts": 100606, "svc": "payment", "status": 200, "latency_ms": 101}
{"ts": 100607, "svc": "auth", "status": 200, "latency_ms": 102}
{"ts": 100607, "svc": "gateway", "status": 200, "latency_ms": 103}
{"ts": 100607, "svc": "payment", "status": 200, "latency_ms": 104}
{"ts": 100607, "svc": "auth", "status": 200, "latency_ms": 105}
{"ts": 100607, "svc": "gateway", "status": 500, "latency_ms": 106}
{"ts": 100607, "svc": "payment", "status": 200, "latency_ms": 107}
{"ts": 100608, "svc": "auth", "status": 200, "latency_ms": 108}
{"ts": 100608, "svc": "gateway", "status": 200, "latency_ms": 109}
{"ts": 100000, "svc": "gateway", "status": 200, "latency_ms": 1001}
{"ts": 100608, "svc": "payment", "status": 200, "latency_ms": 110}
{"ts": 100608, "svc": "auth", "status": 200, "latency_ms": 111}
{"ts": 100608, "svc": "gateway", "status": 200, "latency_ms": 112}
{"ts": 100608, "svc": "payment", "status": 200, "latency_ms": 113}
{"ts": 100609, "svc": "auth", "status": 500, "latency_ms": 114}
{"ts": 100609, "svc": "gateway", "status": 200, "latency_ms": 115}
{"ts": 100609, "svc": "payment", "status": 200, "latency_ms": 116}
{"ts": 100609, "svc": "auth", "status": 200, "latency_ms": 117}
{"ts": 100609, "svc": "gateway", "status": 200, "latency_ms": 118}
{"ts": 100609, "svc": "payment", "status": 200, "latency_ms": 119}
{"ts": 100610, "svc": "auth", "status": 200, "latency_ms": 120}
{"ts": 100610, "svc": "gateway", "status": 200, "latency_ms": 121}
{"ts": 100610, "svc": "payment", "status": 500, "latency_ms": 122}
{"ts": 100610, "svc": "auth", "status": 200, "latency_ms": 123}
{"ts": 100610, "svc": "gateway", "status": 200, "latency_ms": 124}
{"ts": 100610, "svc": "payment", "status": 200, "latency_ms": 125}
{"ts": 100611, "svc": "auth", "status": 200, "latency_ms": 126}
{"ts": 100611, "svc": "gateway", "status": 200, "latency_ms": 127}
{"ts": 100611, "svc": "payment", "status": 200, "latency_ms": 128}
{"ts": 100611, "svc": "auth", "status": 200, "latency_ms": 129}
{"ts": 100611, "svc": "gateway", "status": 500, "latency_ms": 130}
{"ts": 100611, "svc": "payment", "status": 200, "latency_ms": 131}
{"ts": 100612, "svc": "auth", "status": 200, "latency_ms": 132}
{"ts": 100612, "svc": "gateway", "status": 200, "latency_ms": 133}
{"ts": 100612, "svc": "payment", "status": 200, "latency_ms": 134}
{"ts": 100612, "svc": "auth", "status": 200, "latency_ms": 135}
{"ts": 100612, "svc": "gateway", "status": 200, "latency_ms": 136}
{"ts": 100612, "svc": "payment", "status": 200, "latency_ms": 137}
{"ts": 100613, "svc": "auth", "status": 500, "latency_ms": 138}
{"ts": 100613, "svc": "gateway", "status": 200, "latency_ms": 139}
{"ts": 100613, "svc": "payment", "status": 200, "latency_ms": 140}
{"ts": 100613, "svc": "auth", "status": 200, "latency_ms": 141}
{"ts": 100613, "svc": "gateway", "status": 200, "latency_ms": 142}
{"ts": 100613, "svc": "payment", "status": 200, "latency_ms": 143}
{"ts": 100614, "svc": "auth", "status": 200, "latency_ms": 144}
{"ts": 100614, "svc": "gateway", "status": 200, "latency_ms": 145}
{"ts": 100614, "svc": "payment", "status": 500, "latency_ms": 146}
{"ts": 100000, "svc": "payment", "status": 200, "latency_ms": false}
{"ts": 100614, "svc": "auth", "status": 200, "latency_ms": 147}
{"ts": 100614, "svc": "gateway", "status": 200, "latency_ms": 148}
{"ts": 100614, "svc": "payment", "status": 200, "latency_ms": 149}
{"ts": 100574, "svc": "auth", "status": 500, "latency_ms": 100}
{"ts": 100584, "svc": "auth", "status": 200, "latency_ms": 100}
{"ts": 100625, "svc": "gateway", "status": 500, "latency_ms": 100}
   
{"ts": 100000, "svc": "auth", "status": 200}
{"ts": 100625, "svc": "payment", "status": 200, "latency_ms": 101}
{"ts": 100625, "svc": "auth", "status": 200, "latency_ms": 102}
{"ts": 100625, "svc": "gateway", "status": 200, "latency_ms": 103}
{"ts": 100625, "svc": "payment", "status": 200, "latency_ms": 104}
{"ts": 100625, "svc": "auth", "status": 200, "latency_ms": 105}
{"ts": 100626, "svc": "gateway", "status": 200, "latency_ms": 106}
{"ts": 100626, "svc": "payment", "status": 200, "latency_ms": 107}
{"ts": 100626, "svc": "auth", "status": 500, "latency_ms": 108}
{"ts": 100626, "svc": "gateway", "status": 200, "latency_ms": 109}
{"ts": 100626, "svc": "payment", "status": 200, "latency_ms": 110}
{"ts": 100626, "svc": "auth", "status": 200, "latency_ms": 111}
{"ts": 100627, "svc": "gateway", "status": 200, "latency_ms": 112}
{"ts": 100627, "svc": "payment", "status": 200, "latency_ms": 113}
{"ts": 100627, "svc": "auth", "status": 200, "latency_ms": 114}
{"ts": 100627, "svc": "gateway", "status": 200, "latency_ms": 115}
{"ts": 100627, "svc": "payment", "status": 500, "latency_ms": 116}
{"ts": 100627, "svc": "auth", "status": 200, "latency_ms": 117}
{"ts": 100628, "svc": "gateway", "status": 200, "latency_ms": 118}
{"ts": 100628, "svc": "payment", "status": 200, "latency_ms": 119}
{"ts": 100628, "svc": "auth", "status": 200, "latency_ms": 120}
{"ts": 100628, "svc": "gateway", "status": 200, "latency_ms": 121}
{"ts": 100628, "svc": "payment", "status": 200, "latency_ms": 122}
{"ts": 100628, "svc": "auth", "status": 200, "latency_ms": 123}
{"ts": 100629, "svc": "gateway", "status": 500, "latency_ms": 124}
{"ts": 100629, "svc": "payment", "status": 200, "latency_ms": 125}
{"ts": 100629, "svc": "auth", "status": 200, "latency_ms": 126}
{"ts": 100629, "svc": "gateway", "status": 200, "latency_ms": 127}
{"ts": 100629, "svc": "payment", "status": 200, "latency_ms": 128}
{"ts": 100629, "svc": "auth", "status": 200, "latency_ms": 129}
{"ts": 100630, "svc": "gateway", "status": 200, "latency_ms": 130}
{"ts": 100630, "svc": "payment", "status": 200, "latency_ms": 131}
{"ts": 100630, "svc": "auth", "status": 500, "latency_ms": 132}
{"ts": 100630, "svc": "gateway", "status": 200, "latency_ms": 133}
{"ts": 100630, "svc": "payment", "status": 200, "latency_ms": 134}
{"ts": 100630, "svc": "auth", "status": 200, "latency_ms": 135}
{"ts": 100631, "svc": "gateway", "status": 200, "latency_ms": 136}
{"ts": 100631, "svc": "payment", "status": 200, "latency_ms": 137}
{"ts": 100000, "svc": "auth", "status": 200, "latency_ms": 100, "x": 1}
{"ts": 100631, "svc": "auth", "status": 200, "latency_ms": 138}
{"ts": 100631, "svc": "gateway", "status": 200, "latency_ms": 139}
{"ts": 100631, "svc": "payment", "status": 500, "latency_ms": 140}
{"ts": 100631, "svc": "auth", "status": 200, "latency_ms": 141}
{"ts": 100632, "svc": "gateway", "status": 200, "latency_ms": 142}
{"ts": 100632, "svc": "payment", "status": 200, "latency_ms": 143}
{"ts": 100632, "svc": "auth", "status": 200, "latency_ms": 144}
{"ts": 100632, "svc": "gateway", "status": 200, "latency_ms": 145}
{"ts": 100632, "svc": "payment", "status": 200, "latency_ms": 146}
{"ts": 100632, "svc": "auth", "status": 200, "latency_ms": 147}
{"ts": 100633, "svc": "gateway", "status": 500, "latency_ms": 148}
{"ts": 100633, "svc": "payment", "status": 200, "latency_ms": 149}
{"ts": 100633, "svc": "auth", "status": 200, "latency_ms": 100}
   
{"ts": 100633, "svc": "gateway", "status": 200, "latency_ms": 101}
{"ts": 100633, "svc": "payment", "status": 200, "latency_ms": 102}
{"ts": 100633, "svc": "auth", "status": 200, "latency_ms": 103}
{"ts": 100634, "svc": "gateway", "status": 200, "latency_ms": 104}
{"ts": 100634, "svc": "payment", "status": 200, "latency_ms": 105}
{"ts": 100634, "svc": "auth", "status": 500, "latency_ms": 106}
{"ts": 100634, "svc": "gateway", "status": 200, "latency_ms": 107}
{"ts": 100634, "svc": "payment", "status": 200, "latency_ms": 108}
{"ts": 100634, "svc": "auth", "status": 200, "latency_ms": 109}
{"ts": 100635, "svc": "gateway", "status": 200, "latency_ms": 110}
{"ts": 100635, "svc": "payment", "status": 200, "latency_ms": 111}
{"ts": 100635, "svc": "auth", "status": 200, "latency_ms": 112}
{"ts": 100635, "svc": "gateway", "status": 200, "latency_ms": 113}
{"ts": 100635, "svc": "payment", "status": 500, "latency_ms": 114}
{"ts": 100635, "svc": "auth", "status": 200, "latency_ms": 115}
{"ts": 100636, "svc": "gateway", "status": 200, "latency_ms": 116}
{"ts": 100636, "svc": "payment", "status": 200, "latency_ms": 117}
{"ts": 100636, "svc": "auth", "status": 200, "latency_ms": 118}
{"ts": 100636, "svc": "gateway", "status": 200, "latency_ms": 119}
{"ts": 100636, "svc": "payment", "status": 200, "latency_ms": 120}
{"ts": 100636, "svc": "auth", "status": 200, "latency_ms": 121}
{"ts": 100637, "svc": "gateway", "status": 500, "latency_ms": 122}
{"ts": 100637, "svc": "payment", "status": 200, "latency_ms": 123}
{"ts": 100637, "svc": "auth", "status": 200, "latency_ms": 124}
{"ts": 100000, "svc": "gateway", "status": 200.0, "latency_ms": 100}
{"ts": 100637, "svc": "gateway", "status": 200, "latency_ms": 125}
{"ts": 100637, "svc": "payment", "status": 200, "latency_ms": 126}
{"ts": 100637, "svc": "auth", "status": 200, "latency_ms": 127}
{"ts": 100638, "svc": "gateway", "status": 200, "latency_ms": 128}
{"ts": 100638, "svc": "payment", "status": 200, "latency_ms": 129}
{"ts": 100638, "svc": "auth", "status": 500, "latency_ms": 130}
{"ts": 100638, "svc": "gateway", "status": 200, "latency_ms": 131}
{"ts": 100638, "svc": "payment", "status": 200, "latency_ms": 132}
{"ts": 100638, "svc": "auth", "status": 200, "latency_ms": 133}
{"ts": 100639, "svc": "gateway", "status": 200, "latency_ms": 134}
{"ts": 100639, "svc": "payment", "status": 200, "latency_ms": 135}
{"ts": 100639, "svc": "auth", "status": 200, "latency_ms": 136}
{"ts": 100639, "svc": "gateway", "status": 200, "latency_ms": 137}
{"ts": 100639, "svc": "payment", "status": 500, "latency_ms": 138}
{"ts": 100639, "svc": "auth", "status": 200, "latency_ms": 139}
{"ts": 100640, "svc": "gateway", "status": 200, "latency_ms": 140}
{"ts": 100640, "svc": "payment", "status": 200, "latency_ms": 141}
{"ts": 100640, "svc": "auth", "status": 200, "latency_ms": 142}
{"ts": 100640, "svc": "gateway", "status": 200, "latency_ms": 143}
{"ts": 100640, "svc": "payment", "status": 200, "latency_ms": 144}
{"ts": 100640, "svc": "auth", "status": 200, "latency_ms": 145}
{"ts": 100641, "svc": "gateway", "status": 500, "latency_ms": 146}
{"ts": 100641, "svc": "payment", "status": 200, "latency_ms": 147}
{"ts": 100641, "svc": "auth", "status": 200, "latency_ms": 148}
{"ts": 100641, "svc": "gateway", "status": 200, "latency_ms": 149}
{"ts": 100641, "svc": "payment", "status": 200, "latency_ms": 100}
   
{"ts": 100641, "svc": "auth", "status": 200, "latency_ms": 101}
{"ts": 100642, "svc": "gateway", "status": 200, "latency_ms": 102}
{"ts": 100642, "svc": "payment", "status": 200, "latency_ms": 103}
{"ts": 100642, "svc": "auth", "status": 500, "latency_ms": 104}
{"ts": 100642, "svc": "gateway", "status": 200, "latency_ms": 105}
{"ts": 100642, "svc": "payment", "status": 200, "latency_ms": 106}
{"ts": 100642, "svc": "auth", "status": 200, "latency_ms": 107}
{"ts": 100643, "svc": "gateway", "status": 200, "latency_ms": 108}
{"ts": 100643, "svc": "payment", "status": 200, "latency_ms": 109}
{"ts": 100643, "svc": "auth", "status": 200, "latency_ms": 110}
{"ts": 100643, "svc": "gateway", "status": 200, "latency_ms": 111}
{"ts": true, "svc": "payment", "status": 200, "latency_ms": 100}
{"ts": 100643, "svc": "payment", "status": 500, "latency_ms": 112}
{"ts": 100643, "svc": "auth", "status": 200, "latency_ms": 113}
{"ts": 100644, "svc": "gateway", "status": 200, "latency_ms": 114}
{"ts": 100644, "svc": "payment", "status": 200, "latency_ms": 115}
{"ts": 100644, "svc": "auth", "status": 200, "latency_ms": 116}
{"ts": 100644, "svc": "gateway", "status": 200, "latency_ms": 117}
{"ts": 100644, "svc": "payment", "status": 200, "latency_ms": 118}
{"ts": 100644, "svc": "auth", "status": 200, "latency_ms": 119}
{"ts": 100645, "svc": "gateway", "status": 500, "latency_ms": 120}
{"ts": 100645, "svc": "payment", "status": 200, "latency_ms": 121}
{"ts": 100645, "svc": "auth", "status": 200, "latency_ms": 122}
{"ts": 100645, "svc": "gateway", "status": 200, "latency_ms": 123}
{"ts": 100645, "svc": "payment", "status": 200, "latency_ms": 124}
{"ts": 100645, "svc": "auth", "status": 200, "latency_ms": 125}
{"ts": 100646, "svc": "gateway", "status": 200, "latency_ms": 126}
{"ts": 100646, "svc": "payment", "status": 200, "latency_ms": 127}
{"ts": 100646, "svc": "auth", "status": 500, "latency_ms": 128}
{"ts": 100646, "svc": "gateway", "status": 200, "latency_ms": 129}
{"ts": 100646, "svc": "payment", "status": 200, "latency_ms": 130}
{"ts": 100646, "svc": "auth", "status": 200, "latency_ms": 131}
{"ts": 100647, "svc": "gateway", "status": 200, "latency_ms": 132}
{"ts": 100647, "svc": "payment", "status": 200, "latency_ms": 133}
{"ts": 100647, "svc": "auth", "status": 200, "latency_ms": 134}
{"ts": 100647, "svc": "gateway", "status": 200, "latency_ms": 135}
{"ts": 100647, "svc": "payment", "status": 500, "latency_ms": 136}
{"ts": 100647, "svc": "auth", "status": 200, "latency_ms": 137}
{"ts": 100648, "svc": "gateway", "status": 200, "latency_ms": 138}
{"ts": 100648, "svc": "payment", "status": 200, "latency_ms": 139}
{"ts": 100648, "svc": "auth", "status": 200, "latency_ms": 140}
{"ts": 100648, "svc": "gateway", "status": 200, "latency_ms": 141}
{"ts": 100648, "svc": "payment", "status": 200, "latency_ms": 142}
{"ts": 100648, "svc": "auth", "status": 200, "latency_ms": 143}
{"ts": 100649, "svc": "gateway", "status": 500, "latency_ms": 144}
{"ts": 100649, "svc": "payment", "status": 200, "latency_ms": 145}
{"ts": 100649, "svc": "auth", "status": 200, "latency_ms": 146}
{"ts": 100649, "svc": "gateway", "status": 200, "latency_ms": 147}
{"ts": 100649, "svc": "payment", "status": 200, "latency_ms": 148}
{"ts": 100000, "svc": "auth", "status": 99, "latency_ms": 100}
{"ts": 100649, "svc": "auth", "status": 200, "latency_ms": 149}
{"ts": 100650, "svc": "gateway", "status": 200, "latency_ms": 100}
   
{"ts": 100650, "svc": "payment", "status": 200, "latency_ms": 101}
{"ts": 100650, "svc": "auth", "status": 500, "latency_ms": 102}
{"ts": 100650, "svc": "gateway", "status": 200, "latency_ms": 103}
{"ts": 100650, "svc": "payment", "status": 200, "latency_ms": 104}
{"ts": 100650, "svc": "auth", "status": 200, "latency_ms": 105}
{"ts": 100651, "svc": "gateway", "status": 200, "latency_ms": 106}
{"ts": 100651, "svc": "payment", "status": 200, "latency_ms": 107}
{"ts": 100651, "svc": "auth", "status": 200, "latency_ms": 108}
{"ts": 100651, "svc": "gateway", "status": 200, "latency_ms": 109}
{"ts": 100651, "svc": "payment", "status": 500, "latency_ms": 110}
{"ts": 100651, "svc": "auth", "status": 200, "latency_ms": 111}
{"ts": 100652, "svc": "gateway", "status": 200, "latency_ms": 112}
{"ts": 100652, "svc": "payment", "status": 200, "latency_ms": 113}
{"ts": 100652, "svc": "auth", "status": 200, "latency_ms": 114}
{"ts": 100652, "svc": "gateway", "status": 200, "latency_ms": 115}
{"ts": 100652, "svc": "payment", "status": 200, "latency_ms": 116}
{"ts": 100652, "svc": "auth", "status": 200, "latency_ms": 117}
{"ts": 100653, "svc": "gateway", "status": 500, "latency_ms": 118}
{"ts": 100653, "svc": "payment", "status": 200, "latency_ms": 119}
{"ts": 100653, "svc": "auth", "status": 200, "latency_ms": 120}
{"ts": 100653, "svc": "gateway", "status": 200, "latency_ms": 121}
{"ts": 100653, "svc": "payment", "status": 200, "latency_ms": 122}
{"ts": 100653, "svc": "auth", "status": 200, "latency_ms": 123}
{"ts": 100654, "svc": "gateway", "status": 200, "latency_ms": 124}
{"ts": 100654, "svc": "payment", "status": 200, "latency_ms": 125}
{"ts": 100654, "svc": "auth", "status": 500, "latency_ms": 126}
{"ts": 100654, "svc": "gateway", "status": 200, "latency_ms": 127}
{"ts": 100654, "svc": "payment", "status": 200, "latency_ms": 128}
{"ts": 100654, "svc": "auth", "status": 200, "latency_ms": 129}
{"ts": 100655, "svc": "gateway", "status": 200, "latency_ms": 130}
{"ts": 100655, "svc": "payment", "status": 200, "latency_ms": 131}
{"ts": 100655, "svc": "auth", "status": 200, "latency_ms": 132}
{"ts": 100655, "svc": "gateway", "status": 200, "latency_ms": 133}
{"ts": 100655, "svc": "payment", "status": 500, "latency_ms": 134}
{"ts": 100655, "svc": "auth", "status": 200, "latency_ms": 135}
{"ts": 100000, "svc": "billing", "status": 200, "latency_ms": 100}
{"ts": 100656, "svc": "gateway", "status": 200, "latency_ms": 136}
{"ts": 100656, "svc": "payment", "status": 200, "latency_ms": 137}
{"ts": 100656, "svc": "auth", "status": 200, "latency_ms": 138}
{"ts": 100656, "svc": "gateway", "status": 200, "latency_ms": 139}
{"ts": 100656, "svc": "payment", "status": 200, "latency_ms": 140}
{"ts": 100656, "svc": "auth", "status": 200, "latency_ms": 141}
{"ts": 100657, "svc": "gateway", "status": 500, "latency_ms": 142}
{"ts": 100657, "svc": "payment", "status": 200, "latency_ms": 143}
{"ts": 100657, "svc": "auth", "status": 200, "latency_ms": 144}
{"ts": 100657, "svc": "gateway", "status": 200, "latency_ms": 145}
{"ts": 100657, "svc": "payment", "status": 200, "latency_ms": 146}
{"ts": 100657, "svc": "auth", "status": 200, "latency_ms": 147}
{"ts": 100658, "svc": "gateway", "status": 200, "latency_ms": 148}
{"ts": 100658, "svc": "payment", "status": 200, "latency_ms": 149}
{"ts": 100658, "svc": "auth", "status": 500, "latency_ms": 100}
   
{"ts": 100658, "svc": "gateway", "status": 200, "latency_ms": 101}
{"ts": 100658, "svc": "payment", "status": 200, "latency_ms": 102}
{"ts": 100658, "svc": "auth", "status": 200, "latency_ms": 103}
{"ts": 100659, "svc": "gateway", "status": 200, "latency_ms": 104}
{"ts": 100659, "svc": "payment", "status": 200, "latency_ms": 105}
{"ts": 100659, "svc": "auth", "status": 200, "latency_ms": 106}
{"ts": 100659, "svc": "gateway", "status": 200, "latency_ms": 107}
{"ts": 100659, "svc": "payment", "status": 500, "latency_ms": 108}
{"ts": 100659, "svc": "auth", "status": 200, "latency_ms": 109}
{"ts": 100660, "svc": "gateway", "status": 200, "latency_ms": 110}
{"ts": 100660, "svc": "payment", "status": 200, "latency_ms": 111}
{"ts": 100660, "svc": "auth", "status": 200, "latency_ms": 112}
{"ts": 100660, "svc": "gateway", "status": 200, "latency_ms": 113}
{"ts": 100660, "svc": "payment", "status": 200, "latency_ms": 114}
{"ts": 100660, "svc": "auth", "status": 200, "latency_ms": 115}
{"ts": 100661, "svc": "gateway", "status": 500, "latency_ms": 116}
{"ts": 100661, "svc": "payment", "status": 200, "latency_ms": 117}
{"ts": 100661, "svc": "auth", "status": 200, "latency_ms": 118}
{"ts": 100661, "svc": "gateway", "status": 200, "latency_ms": 119}
{"ts": 100661, "svc": "payment", "status": 200, "latency_ms": 120}
{"ts": 100661, "svc": "auth", "status": 200, "latency_ms": 121}
{"ts": 100662, "svc": "gateway", "status": 200, "latency_ms": 122}
{"ts": 100000, "svc": "gateway", "status": 200, "latency_ms": 1001}
{"ts": 100662, "svc": "payment", "status": 200, "latency_ms": 123}
{"ts": 100662, "svc": "auth", "status": 500, "latency_ms": 124}
{"ts": 100662, "svc": "gateway", "status": 200, "latency_ms": 125}
{"ts": 100662, "svc": "payment", "status": 200, "latency_ms": 126}
{"ts": 100662, "svc": "auth", "status": 200, "latency_ms": 127}
{"ts": 100663, "svc": "gateway", "status": 200, "latency_ms": 128}
{"ts": 100663, "svc": "payment", "status": 200, "latency_ms": 129}
{"ts": 100663, "svc": "auth", "status": 200, "latency_ms": 130}
{"ts": 100663, "svc": "gateway", "status": 200, "latency_ms": 131}
{"ts": 100663, "svc": "payment", "status": 500, "latency_ms": 132}
{"ts": 100663, "svc": "auth", "status": 200, "latency_ms": 133}
{"ts": 100664, "svc": "gateway", "status": 200, "latency_ms": 134}
{"ts": 100664, "svc": "payment", "status": 200, "latency_ms": 135}
{"ts": 100664, "svc": "auth", "status": 200, "latency_ms": 136}
{"ts": 100664, "svc": "gateway", "status": 200, "latency_ms": 137}
{"ts": 100664, "svc": "payment", "status": 200, "latency_ms": 138}
{"ts": 100664, "svc": "auth", "status": 200, "latency_ms": 139}
{"ts": 100665, "svc": "gateway", "status": 500, "latency_ms": 140}
{"ts": 100665, "svc": "payment", "status": 200, "latency_ms": 141}
{"ts": 100665, "svc": "auth", "status": 200, "latency_ms": 142}
{"ts": 100665, "svc": "gateway", "status": 200, "latency_ms": 143}
{"ts": 100665, "svc": "payment", "status": 200, "latency_ms": 144}
{"ts": 100665, "svc": "auth", "status": 200, "latency_ms": 145}
{"ts": 100666, "svc": "gateway", "status": 200, "latency_ms": 146}
{"ts": 100666, "svc": "payment", "status": 200, "latency_ms": 147}
{"ts": 100666, "svc": "auth", "status": 500, "latency_ms": 148}
{"ts": 100666, "svc": "gateway", "status": 200, "latency_ms": 149}
{"ts": 100666, "svc": "payment", "status": 200, "latency_ms": 100}
   
{"ts": 100666, "svc": "auth", "status": 200, "latency_ms": 101}
{"ts": 100667, "svc": "gateway", "status": 200, "latency_ms": 102}
{"ts": 100667, "svc": "payment", "status": 200, "latency_ms": 103}
{"ts": 100667, "svc": "auth", "status": 200, "latency_ms": 104}
{"ts": 100667, "svc": "gateway", "status": 200, "latency_ms": 105}
{"ts": 100667, "svc": "payment", "status": 500, "latency_ms": 106}
{"ts": 100667, "svc": "auth", "status": 200, "latency_ms": 107}
{"ts": 100668, "svc": "gateway", "status": 200, "latency_ms": 108}
{"ts": 100668, "svc": "payment", "status": 200, "latency_ms": 109}
{"ts": 100000, "svc": "payment", "status": 200, "latency_ms": false}
{"ts": 100668, "svc": "auth", "status": 200, "latency_ms": 110}
{"ts": 100668, "svc": "gateway", "status": 200, "latency_ms": 111}
{"ts": 100668, "svc": "payment", "status": 200, "latency_ms": 112}
{"ts": 100668, "svc": "auth", "status": 200, "latency_ms": 113}
{"ts": 100669, "svc": "gateway", "status": 500, "latency_ms": 114}
{"ts": 100669, "svc": "payment", "status": 200, "latency_ms": 115}
{"ts": 100669, "svc": "auth", "status": 200, "latency_ms": 116}
{"ts": 100669, "svc": "gateway", "status": 200, "latency_ms": 117}
{"ts": 100669, "svc": "payment", "status": 200, "latency_ms": 118}
{"ts": 100669, "svc": "auth", "status": 200, "latency_ms": 119}
{"ts": 100670, "svc": "gateway", "status": 200, "latency_ms": 120}
{"ts": 100670, "svc": "payment", "status": 200, "latency_ms": 121}
{"ts": 100670, "svc": "auth", "status": 500, "latency_ms": 122}
{"ts": 100670, "svc": "gateway", "status": 200, "latency_ms": 123}
{"ts": 100670, "svc": "payment", "status": 200, "latency_ms": 124}
{"ts": 100670, "svc": "auth", "status": 200, "latency_ms": 125}
{"ts": 100671, "svc": "gateway", "status": 200, "latency_ms": 126}
{"ts": 100671, "svc": "payment", "status": 200, "latency_ms": 127}
{"ts": 100671, "svc": "auth", "status": 200, "latency_ms": 128}
{"ts": 100671, "svc": "gateway", "status": 200, "latency_ms": 129}
{"ts": 100671, "svc": "payment", "status": 500, "latency_ms": 130}
{"ts": 100671, "svc": "auth", "status": 200, "latency_ms": 131}
{"ts": 100672, "svc": "gateway", "status": 200, "latency_ms": 132}
{"ts": 100672, "svc": "payment", "status": 200, "latency_ms": 133}
{"ts": 100672, "svc": "auth", "status": 200, "latency_ms": 134}
{"ts": 100672, "svc": "gateway", "status": 200, "latency_ms": 135}
{"ts": 100672, "svc": "payment", "status": 200, "latency_ms": 136}
{"ts": 100672, "svc": "auth", "status": 200, "latency_ms": 137}
{"ts": 100673, "svc": "gateway", "status": 500, "latency_ms": 138}
{"ts": 100673, "svc": "payment", "status": 200, "latency_ms": 139}
{"ts": 100673, "svc": "auth", "status": 200, "latency_ms": 140}
{"ts": 100673, "svc": "gateway", "status": 200, "latency_ms": 141}
{"ts": 100673, "svc": "payment", "status": 200, "latency_ms": 142}
{"ts": 100673, "svc": "auth", "status": 200, "latency_ms": 143}
{"ts": 100674, "svc": "gateway", "status": 200, "latency_ms": 144}
{"ts": 100674, "svc": "payment", "status": 200, "latency_ms": 145}
{"ts": 100674, "svc": "auth", "status": 500, "latency_ms": 146}
definitely not json {{
{"ts": 100674, "svc": "gateway", "status": 200, "latency_ms": 147}
{"ts": 100674, "svc": "payment", "status": 200, "latency_ms": 148}
{"ts": 100674, "svc": "auth", "status": 200, "latency_ms": 149}
{"ts": 100634, "svc": "gateway", "status": 500, "latency_ms": 100}
{"ts": 100644, "svc": "gateway", "status": 200, "latency_ms": 100}
{"ts": 100685, "svc": "payment", "status": 500, "latency_ms": 100}
   
{"ts": 100000, "svc": "auth", "status": 200, "latency_ms": 100, "x": 1}
{"ts": 100685, "svc": "auth", "status": 200, "latency_ms": 101}
{"ts": 100685, "svc": "gateway", "status": 200, "latency_ms": 102}
{"ts": 100685, "svc": "payment", "status": 200, "latency_ms": 103}
{"ts": 100685, "svc": "auth", "status": 200, "latency_ms": 104}
{"ts": 100685, "svc": "gateway", "status": 200, "latency_ms": 105}
{"ts": 100686, "svc": "payment", "status": 200, "latency_ms": 106}
{"ts": 100686, "svc": "auth", "status": 200, "latency_ms": 107}
{"ts": 100686, "svc": "gateway", "status": 500, "latency_ms": 108}
{"ts": 100686, "svc": "payment", "status": 200, "latency_ms": 109}
{"ts": 100686, "svc": "auth", "status": 200, "latency_ms": 110}
{"ts": 100686, "svc": "gateway", "status": 200, "latency_ms": 111}
{"ts": 100687, "svc": "payment", "status": 200, "latency_ms": 112}
{"ts": 100687, "svc": "auth", "status": 200, "latency_ms": 113}
{"ts": 100687, "svc": "gateway", "status": 200, "latency_ms": 114}
{"ts": 100687, "svc": "payment", "status": 200, "latency_ms": 115}
{"ts": 100687, "svc": "auth", "status": 500, "latency_ms": 116}
{"ts": 100687, "svc": "gateway", "status": 200, "latency_ms": 117}
{"ts": 100688, "svc": "payment", "status": 200, "latency_ms": 118}
{"ts": 100688, "svc": "auth", "status": 200, "latency_ms": 119}
{"ts": 100688, "svc": "gateway", "status": 200, "latency_ms": 120}
{"ts": 100688, "svc": "payment", "status": 200, "latency_ms": 121}
{"ts": 100688, "svc": "auth", "status": 200, "latency_ms": 122}
{"ts": 100688, "svc": "gateway", "status": 200, "latency_ms": 123}
{"ts": 100689, "svc": "payment", "status": 500, "latency_ms": 124}
{"ts": 100689, "svc": "auth", "status": 200, "latency_ms": 125}
{"ts": 100689, "svc": "gateway", "status": 200, "latency_ms": 126}
{"ts": 100689, "svc": "payment", "status": 200, "latency_ms": 127}
{"ts": 100689, "svc": "auth", "status": 200, "latency_ms": 128}
{"ts": 100689, "svc": "gateway", "status": 200, "latency_ms": 129}
{"ts": 100690, "svc": "payment", "status": 200, "latency_ms": 130}
{"ts": 100690, "svc": "auth", "status": 200, "latency_ms": 131}
{"ts": 100690, "svc": "gateway", "status": 500, "latency_ms": 132}
{"ts": 100690, "svc": "payment", "status": 200, "latency_ms": 133}
{"ts": 100690, "svc": "auth", "status": 200, "latency_ms": 134}
{"ts": 100690, "svc": "gateway", "status": 200, "latency_ms": 135}
{"ts": 100691, "svc": "payment", "status": 200, "latency_ms": 136}
{"ts": 100691, "svc": "auth", "status": 200, "latency_ms": 137}
{"ts": 100000, "svc": "gateway", "status": 200.0, "latency_ms": 100}
{"ts": 100691, "svc": "gateway", "status": 200, "latency_ms": 138}
{"ts": 100691, "svc": "payment", "status": 200, "latency_ms": 139}
{"ts": 100691, "svc": "auth", "status": 500, "latency_ms": 140}
{"ts": 100691, "svc": "gateway", "status": 200, "latency_ms": 141}
{"ts": 100692, "svc": "payment", "status": 200, "latency_ms": 142}
{"ts": 100692, "svc": "auth", "status": 200, "latency_ms": 143}
{"ts": 100692, "svc": "gateway", "status": 200, "latency_ms": 144}
{"ts": 100692, "svc": "payment", "status": 200, "latency_ms": 145}
{"ts": 100692, "svc": "auth", "status": 200, "latency_ms": 146}
{"ts": 100692, "svc": "gateway", "status": 200, "latency_ms": 147}
{"ts": 100693, "svc": "payment", "status": 500, "latency_ms": 148}
{"ts": 100693, "svc": "auth", "status": 200, "latency_ms": 149}
{"ts": 100693, "svc": "gateway", "status": 200, "latency_ms": 100}
   
{"ts": 100693, "svc": "payment", "status": 200, "latency_ms": 101}
{"ts": 100693, "svc": "auth", "status": 200, "latency_ms": 102}
{"ts": 100693, "svc": "gateway", "status": 200, "latency_ms": 103}
{"ts": 100694, "svc": "payment", "status": 200, "latency_ms": 104}
{"ts": 100694, "svc": "auth", "status": 200, "latency_ms": 105}
{"ts": 100694, "svc": "gateway", "status": 500, "latency_ms": 106}
{"ts": 100694, "svc": "payment", "status": 200, "latency_ms": 107}
{"ts": 100694, "svc": "auth", "status": 200, "latency_ms": 108}
{"ts": 100694, "svc": "gateway", "status": 200, "latency_ms": 109}
{"ts": 100695, "svc": "payment", "status": 200, "latency_ms": 110}
{"ts": 100695, "svc": "auth", "status": 200, "latency_ms": 111}
{"ts": 100695, "svc": "gateway", "status": 200, "latency_ms": 112}
{"ts": 100695, "svc": "payment", "status": 200, "latency_ms": 113}
{"ts": 100695, "svc": "auth", "status": 500, "latency_ms": 114}
{"ts": 100695, "svc": "gateway", "status": 200, "latency_ms": 115}
{"ts": 100696, "svc": "payment", "status": 200, "latency_ms": 116}
{"ts": 100696, "svc": "auth", "status": 200, "latency_ms": 117}
{"ts": 100696, "svc": "gateway", "status": 200, "latency_ms": 118}
{"ts": 100696, "svc": "payment", "status": 200, "latency_ms": 119}
{"ts": 100696, "svc": "auth", "status": 200, "latency_ms": 120}
{"ts": 100696, "svc": "gateway", "status": 200, "latency_ms": 121}
{"ts": 100697, "svc": "payment", "status": 500, "latency_ms": 122}
{"ts": 100697, "svc": "auth", "status": 200, "latency_ms": 123}
{"ts": 100697, "svc": "gateway", "status": 200, "latency_ms": 124}
{"ts": true, "svc": "payment", "status": 200, "latency_ms": 100}
{"ts": 100697, "svc": "payment", "status": 200, "latency_ms": 125}
{"ts": 100697, "svc": "auth", "status": 200, "latency_ms": 126}
{"ts": 100697, "svc": "gateway", "status": 200, "latency_ms": 127}
{"ts": 100698, "svc": "payment", "status": 200, "latency_ms": 128}
{"ts": 100698, "svc": "auth", "status": 200, "latency_ms": 129}
{"ts": 100698, "svc": "gateway", "status": 500, "latency_ms": 130}
{"ts": 100698, "svc": "payment", "status": 200, "latency_ms": 131}
{"ts": 100698, "svc": "auth", "status": 200, "latency_ms": 132}
{"ts": 100698, "svc": "gateway", "status": 200, "latency_ms": 133}
{"ts": 100699, "svc": "payment", "status": 200, "latency_ms": 134}
{"ts": 100699, "svc": "auth", "status": 200, "latency_ms": 135}
{"ts": 100699, "svc": "gateway", "status": 200, "latency_ms": 136}
{"ts": 100699, "svc": "payment", "status": 200, "latency_ms": 137}
{"ts": 100699, "svc": "auth", "status": 500, "latency_ms": 138}
{"ts": 100699, "svc": "gateway", "status": 200, "latency_ms": 139}
{"ts": 100700, "svc": "payment", "status": 200, "latency_ms": 140}
{"ts": 100700, "svc": "auth", "status": 200, "latency_ms": 141}
{"ts": 100700, "svc": "gateway", "status": 200, "latency_ms": 142}
{"ts": 100700, "svc": "payment", "status": 200, "latency_ms": 143}
{"ts": 100700, "svc": "auth", "status": 200, "latency_ms": 144}
{"ts": 100700, "svc": "gateway", "status": 200, "latency_ms": 145}
{"ts": 100701, "svc": "payment", "status": 500, "latency_ms": 146}
{"ts": 100701, "svc": "auth", "status": 200, "latency_ms": 147}
{"ts": 100701, "svc": "gateway", "status": 200, "latency_ms": 148}
{"ts": 100701, "svc": "payment", "status": 200, "latency_ms": 149}
{"ts": 100701, "svc": "auth", "status": 200, "latency_ms": 100}
   
{"ts": 100701, "svc": "gateway", "status": 200, "latency_ms": 101}
{"ts": 100702, "svc": "payment", "status": 200, "latency_ms": 102}
{"ts": 100702, "svc": "auth", "status": 200, "latency_ms": 103}
{"ts": 100702, "svc": "gateway", "status": 500, "latency_ms": 104}
{"ts": 100702, "svc": "payment", "status": 200, "latency_ms": 105}
{"ts": 100702, "svc": "auth", "status": 200, "latency_ms": 106}
{"ts": 100702, "svc": "gateway", "status": 200, "latency_ms": 107}
{"ts": 100703, "svc": "payment", "status": 200, "latency_ms": 108}
{"ts": 100703, "svc": "auth", "status": 200, "latency_ms": 109}
{"ts": 100703, "svc": "gateway", "status": 200, "latency_ms": 110}
{"ts": 100703, "svc": "payment", "status": 200, "latency_ms": 111}
{"ts": 100000, "svc": "auth", "status": 99, "latency_ms": 100}
{"ts": 100703, "svc": "auth", "status": 500, "latency_ms": 112}
{"ts": 100703, "svc": "gateway", "status": 200, "latency_ms": 113}
{"ts": 100704, "svc": "payment", "status": 200, "latency_ms": 114}
{"ts": 100704, "svc": "auth", "status": 200, "latency_ms": 115}
{"ts": 100704, "svc": "gateway", "status": 200, "latency_ms": 116}
{"ts": 100704, "svc": "payment", "status": 200, "latency_ms": 117}
{"ts": 100704, "svc": "auth", "status": 200, "latency_ms": 118}
{"ts": 100704, "svc": "gateway", "status": 200, "latency_ms": 119}
{"ts": 100705, "svc": "payment", "status": 500, "latency_ms": 120}
{"ts": 100705, "svc": "auth", "status": 200, "latency_ms": 121}
{"ts": 100705, "svc": "gateway", "status": 200, "latency_ms": 122}
{"ts": 100705, "svc": "payment", "status": 200, "latency_ms": 123}
{"ts": 100705, "svc": "auth", "status": 200, "latency_ms": 124}
{"ts": 100705, "svc": "gateway", "status": 200, "latency_ms": 125}
{"ts": 100706, "svc": "payment", "status": 200, "latency_ms": 126}
{"ts": 100706, "svc": "auth", "status": 200, "latency_ms": 127}
{"ts": 100706, "svc": "gateway", "status": 500, "latency_ms": 128}
{"ts": 100706, "svc": "payment", "status": 200, "latency_ms": 129}
{"ts": 100706, "svc": "auth", "status": 200, "latency_ms": 130}
{"ts": 100706, "svc": "gateway", "status": 200, "latency_ms": 131}
{"ts": 100707, "svc": "payment", "status": 200, "latency_ms": 132}
{"ts": 100707, "svc": "auth", "status": 200, "latency_ms": 133}
{"ts": 100707, "svc": "gateway", "status": 200, "latency_ms": 134}
{"ts": 100707, "svc": "payment", "status": 200, "latency_ms": 135}
{"ts": 100707, "svc": "auth", "status": 500, "latency_ms": 136}
{"ts": 100707, "svc": "gateway", "status": 200, "latency_ms": 137}
{"ts": 100708, "svc": "payment", "status": 200, "latency_ms": 138}
{"ts": 100708, "svc": "auth", "status": 200, "latency_ms": 139}
{"ts": 100708, "svc": "gateway", "status": 200, "latency_ms": 140}
{"ts": 100708, "svc": "payment", "status": 200, "latency_ms": 141}
{"ts": 100708, "svc": "auth", "status": 200, "latency_ms": 142}
{"ts": 100708, "svc": "gateway", "status": 200, "latency_ms": 143}
{"ts": 100709, "svc": "payment", "status": 500, "latency_ms": 144}
{"ts": 100709, "svc": "auth", "status": 200, "latency_ms": 145}
{"ts": 100709, "svc": "gateway", "status": 200, "latency_ms": 146}
{"ts": 100709, "svc": "payment", "status": 200, "latency_ms": 147}
{"ts": 100709, "svc": "auth", "status": 200, "latency_ms": 148}
{"ts": 100000, "svc": "billing", "status": 200, "latency_ms": 100}
{"ts": 100709, "svc": "gateway", "status": 200, "latency_ms": 149}
{"ts": 100710, "svc": "payment", "status": 200, "latency_ms": 100}
   
{"ts": 100710, "svc": "auth", "status": 200, "latency_ms": 101}
{"ts": 100710, "svc": "gateway", "status": 500, "latency_ms": 102}
{"ts": 100710, "svc": "payment", "status": 200, "latency_ms": 103}
{"ts": 100710, "svc": "auth", "status": 200, "latency_ms": 104}
{"ts": 100710, "svc": "gateway", "status": 200, "latency_ms": 105}
{"ts": 100711, "svc": "payment", "status": 200, "latency_ms": 106}
{"ts": 100711, "svc": "auth", "status": 200, "latency_ms": 107}
{"ts": 100711, "svc": "gateway", "status": 200, "latency_ms": 108}
{"ts": 100711, "svc": "payment", "status": 200, "latency_ms": 109}
{"ts": 100711, "svc": "auth", "status": 500, "latency_ms": 110}
{"ts": 100711, "svc": "gateway", "status": 200, "latency_ms": 111}
{"ts": 100712, "svc": "payment", "status": 200, "latency_ms": 112}
{"ts": 100712, "svc": "auth", "status": 200, "latency_ms": 113}
{"ts": 100712, "svc": "gateway", "status": 200, "latency_ms": 114}
{"ts": 100712, "svc": "payment", "status": 200, "latency_ms": 115}
{"ts": 100712, "svc": "auth", "status": 200, "latency_ms": 116}
{"ts": 100712, "svc": "gateway", "status": 200, "latency_ms": 117}
{"ts": 100713, "svc": "payment", "status": 500, "latency_ms": 118}
{"ts": 100713, "svc": "auth", "status": 200, "latency_ms": 119}
{"ts": 100713, "svc": "gateway", "status": 200, "latency_ms": 120}
{"ts": 100713, "svc": "payment", "status": 200, "latency_ms": 121}
{"ts": 100713, "svc": "auth", "status": 200, "latency_ms": 122}
{"ts": 100713, "svc": "gateway", "status": 200, "latency_ms": 123}
{"ts": 100714, "svc": "payment", "status": 200, "latency_ms": 124}
{"ts": 100714, "svc": "auth", "status": 200, "latency_ms": 125}
{"ts": 100714, "svc": "gateway", "status": 500, "latency_ms": 126}
{"ts": 100714, "svc": "payment", "status": 200, "latency_ms": 127}
{"ts": 100714, "svc": "auth", "status": 200, "latency_ms": 128}
{"ts": 100714, "svc": "gateway", "status": 200, "latency_ms": 129}
{"ts": 100715, "svc": "payment", "status": 200, "latency_ms": 130}
{"ts": 100715, "svc": "auth", "status": 200, "latency_ms": 131}
{"ts": 100715, "svc": "gateway", "status": 200, "latency_ms": 132}
{"ts": 100715, "svc": "payment", "status": 200, "latency_ms": 133}
{"ts": 100715, "svc": "auth", "status": 500, "latency_ms": 134}
{"ts": 100715, "svc": "gateway", "status": 200, "latency_ms": 135}
{"ts": 100000, "svc": "gateway", "status": 200, "latency_ms": 1001}
{"ts": 100716, "svc": "payment", "status": 200, "latency_ms": 136}
{"ts": 100716, "svc": "auth", "status": 200, "latency_ms": 137}
{"ts": 100716, "svc": "gateway", "status": 200, "latency_ms": 138}
{"ts": 100716, "svc": "payment", "status": 200, "latency_ms": 139}
{"ts": 100716, "svc": "auth", "status": 200, "latency_ms": 140}
{"ts": 100716, "svc": "gateway", "status": 200, "latency_ms": 141}
{"ts": 100717, "svc": "payment", "status": 500, "latency_ms": 142}
{"ts": 100717, "svc": "auth", "status": 200, "latency_ms": 143}
{"ts": 100717, "svc": "gateway", "status": 200, "latency_ms": 144}
{"ts": 100717, "svc": "payment", "status": 200, "latency_ms": 145}
{"ts": 100717, "svc": "auth", "status": 200, "latency_ms": 146}
{"ts": 100717, "svc": "gateway", "status": 200, "latency_ms": 147}
{"ts": 100718, "svc": "payment", "status": 200, "latency_ms": 148}
{"ts": 100718, "svc": "auth", "status": 200, "latency_ms": 149}
{"ts": 100718, "svc": "gateway", "status": 500, "latency_ms": 100}
   
{"ts": 100718, "svc": "payment", "status": 200, "latency_ms": 101}
{"ts": 100718, "svc": "auth", "status": 200, "latency_ms": 102}
{"ts": 100718, "svc": "gateway", "status": 200, "latency_ms": 103}
{"ts": 100719, "svc": "payment", "status": 200, "latency_ms": 104}
{"ts": 100719, "svc": "auth", "status": 200, "latency_ms": 105}
{"ts": 100719, "svc": "gateway", "status": 200, "latency_ms": 106}
{"ts": 100719, "svc": "payment", "status": 200, "latency_ms": 107}
{"ts": 100719, "svc": "auth", "status": 500, "latency_ms": 108}
{"ts": 100719, "svc": "gateway", "status": 200, "latency_ms": 109}
{"ts": 100720, "svc": "payment", "status": 200, "latency_ms": 110}
{"ts": 100720, "svc": "auth", "status": 200, "latency_ms": 111}
{"ts": 100720, "svc": "gateway", "status": 200, "latency_ms": 112}
{"ts": 100720, "svc": "payment", "status": 200, "latency_ms": 113}
{"ts": 100720, "svc": "auth", "status": 200, "latency_ms": 114}
{"ts": 100720, "svc": "gateway", "status": 200, "latency_ms": 115}
{"ts": 100721, "svc": "payment", "status": 500, "latency_ms": 116}
{"ts": 100721, "svc": "auth", "status": 200, "latency_ms": 117}
{"ts": 100721, "svc": "gateway", "status": 200, "latency_ms": 118}
{"ts": 100721, "svc": "payment", "status": 200, "latency_ms": 119}
{"ts": 100721, "svc": "auth", "status": 200, "latency_ms": 120}
{"ts": 100721, "svc": "gateway", "status": 200, "latency_ms": 121}
{"ts": 100722, "svc": "payment", "status": 200, "latency_ms": 122}
{"ts": 100000, "svc": "payment", "status": 200, "latency_ms": false}
{"ts": 100722, "svc": "auth", "status": 200, "latency_ms": 123}
{"ts": 100722, "svc": "gateway", "status": 500, "latency_ms": 124}
{"ts": 100722, "svc": "payment", "status": 200, "latency_ms": 125}
{"ts": 100722, "svc": "auth", "status": 200, "latency_ms": 126}
{"ts": 100722, "svc": "gateway", "status": 200, "latency_ms": 127}
{"ts": 100723, "svc": "payment", "status": 200, "latency_ms": 128}
{"ts": 100723, "svc": "auth", "status": 200, "latency_ms": 129}
{"ts": 100723, "svc": "gateway", "status": 200, "latency_ms": 130}
{"ts": 100723, "svc": "payment", "status": 200, "latency_ms": 131}
{"ts": 100723, "svc": "auth", "status": 500, "latency_ms": 132}
{"ts": 100723, "svc": "gateway", "status": 200, "latency_ms": 133}
{"ts": 100724, "svc": "payment", "status": 200, "latency_ms": 134}
{"ts": 100724, "svc": "auth", "status": 200, "latency_ms": 135}
{"ts": 100724, "svc": "gateway", "status": 200, "latency_ms": 136}
{"ts": 100724, "svc": "payment", "status": 200, "latency_ms": 137}
{"ts": 100724, "svc": "auth", "status": 200, "latency_ms": 138}
{"ts": 100724, "svc": "gateway", "status": 200, "latency_ms": 139}
{"ts": 100725, "svc": "payment", "status": 500, "latency_ms": 140}
{"ts": 100725, "svc": "auth", "status": 200, "latency_ms": 141}
{"ts": 100725, "svc": "gateway", "status": 200, "latency_ms": 142}
{"ts": 100725, "svc": "payment", "status": 200, "latency_ms": 143}
{"ts": 100725, "svc": "auth", "status": 200, "latency_ms": 144}
{"ts": 100725, "svc": "gateway", "status": 200, "latency_ms": 145}
{"ts": 100726, "svc": "payment", "status": 200, "latency_ms": 146}
{"ts": 100726, "svc": "auth", "status": 200, "latency_ms": 147}
{"ts": 100726, "svc": "gateway", "status": 500, "latency_ms": 148}
{"ts": 100726, "svc": "payment", "status": 200, "latency_ms": 149}
{"ts": 100726, "svc": "auth", "status": 200, "latency_ms": 100}
   
{"ts": 100726, "svc": "gateway", "status": 200, "latency_ms": 101}
{"ts": 100727, "svc": "payment", "status": 200, "latency_ms": 102}
{"ts": 100727, "svc": "auth", "status": 200, "latency_ms": 103}
{"ts": 100727, "svc": "gateway", "status": 200, "latency_ms": 104}
{"ts": 100727, "svc": "payment", "status": 200, "latency_ms": 105}
{"ts": 100727, "svc": "auth", "status": 500, "latency_ms": 106}
{"ts": 100727, "svc": "gateway", "status": 200, "latency_ms": 107}
{"ts": 100728, "svc": "payment", "status": 200, "latency_ms": 108}
{"ts": 100728, "svc": "auth", "status": 200, "latency_ms": 109}
definitely not json {{
{"ts": 100728, "svc": "gateway", "status": 200, "latency_ms": 110}
{"ts": 100728, "svc": "payment", "status": 200, "latency_ms": 111}
{"ts": 100728, "svc": "auth", "status": 200, "latency_ms": 112}
{"ts": 100728, "svc": "gateway", "status": 200, "latency_ms": 113}
{"ts": 100729, "svc": "payment", "status": 500, "latency_ms": 114}
{"ts": 100729, "svc": "auth", "status": 200, "latency_ms": 115}
{"ts": 100729, "svc": "gateway", "status": 200, "latency_ms": 116}
{"ts": 100729, "svc": "payment", "status": 200, "latency_ms": 117}
{"ts": 100729, "svc": "auth", "status": 200, "latency_ms": 118}
{"ts": 100729, "svc": "gateway", "status": 200, "latency_ms": 119}
{"ts": 100730, "svc": "payment", "status": 200, "latency_ms": 120}
{"ts": 100730, "svc": "auth", "status": 200, "latency_ms": 121}
{"ts": 100730, "svc": "gateway", "status": 500, "latency_ms": 122}
{"ts": 100730, "svc": "payment", "status": 200, "latency_ms": 123}
{"ts": 100730, "svc": "auth", "status": 200, "latency_ms": 124}
{"ts": 100730, "svc": "gateway", "status": 200, "latency_ms": 125}
{"ts": 100731, "svc": "payment", "status": 200, "latency_ms": 126}
{"ts": 100731, "svc": "auth", "status": 200, "latency_ms": 127}
{"ts": 100731, "svc": "gateway", "status": 200, "latency_ms": 128}
{"ts": 100731, "svc": "payment", "status": 200, "latency_ms": 129}
{"ts": 100731, "svc": "auth", "status": 500, "latency_ms": 130}
{"ts": 100731, "svc": "gateway", "status": 200, "latency_ms": 131}
{"ts": 100732, "svc": "payment", "status": 200, "latency_ms": 132}
{"ts": 100732, "svc": "auth", "status": 200, "latency_ms": 133}
{"ts": 100732, "svc": "gateway", "status": 200, "latency_ms": 134}
{"ts": 100732, "svc": "payment", "status": 200, "latency_ms": 135}
{"ts": 100732, "svc": "auth", "status": 200, "latency_ms": 136}
{"ts": 100732, "svc": "gateway", "status": 200, "latency_ms": 137}
{"ts": 100733, "svc": "payment", "status": 500, "latency_ms": 138}
{"ts": 100733, "svc": "auth", "status": 200, "latency_ms": 139}
{"ts": 100733, "svc": "gateway", "status": 200, "latency_ms": 140}
{"ts": 100733, "svc": "payment", "status": 200, "latency_ms": 141}
{"ts": 100733, "svc": "auth", "status": 200, "latency_ms": 142}
{"ts": 100733, "svc": "gateway", "status": 200, "latency_ms": 143}
{"ts": 100734, "svc": "payment", "status": 200, "latency_ms": 144}
{"ts": 100734, "svc": "auth", "status": 200, "latency_ms": 145}
{"ts": 100734, "svc": "gateway", "status": 500, "latency_ms": 146}
{"ts": 100000, "svc": "auth", "status": 200}
{"ts": 100734, "svc": "payment", "status": 200, "latency_ms": 147}
{"ts": 100734, "svc": "auth", "status": 200, "latency_ms": 148}
{"ts": 100734, "svc": "gateway", "status": 200, "latency_ms": 149}
{"ts": 100694, "svc": "payment", "status": 500, "latency_ms": 100}
{"ts": 100704, "svc": "payment", "status": 200, "latency_ms": 100}
{"ts": 100745, "svc": "auth", "status": 500, "latency_ms": 100}
   
{"ts": 100000, "svc": "gateway", "status": 200.0, "latency_ms": 100}
{"ts": 100745, "svc": "gateway", "status": 200, "latency_ms": 101}
{"ts": 100745, "svc": "payment", "status": 200, "latency_ms": 102}
{"ts": 100745, "svc": "auth", "status": 200, "latency_ms": 103}
{"ts": 100745, "svc": "gateway", "status": 200, "latency_ms": 104}
{"ts": 100745, "svc": "payment", "status": 200, "latency_ms": 105}
{"ts": 100746, "svc": "auth", "status": 200, "latency_ms": 106}
{"ts": 100746, "svc": "gateway", "status": 200, "latency_ms": 107}
{"ts": 100746, "svc": "payment", "status": 500, "latency_ms": 108}
{"ts": 100746, "svc": "auth", "status": 200, "latency_ms": 109}
{"ts": 100746, "svc": "gateway", "status": 200, "latency_ms": 110}
{"ts": 100746, "svc": "payment", "status": 200, "latency_ms": 111}
{"ts": 100747, "svc": "auth", "status": 200, "latency_ms": 112}
{"ts": 100747, "svc": "gateway", "status": 200, "latency_ms": 113}
{"ts": 100747, "svc": "payment", "status": 200, "latency_ms": 114}
{"ts": 100747, "svc": "auth", "status": 200, "latency_ms": 115}
{"ts": 100747, "svc": "gateway", "status": 500, "latency_ms": 116}
{"ts": 100747, "svc": "payment", "status": 200, "latency_ms": 117}
{"ts": 100748, "svc": "auth", "status": 200, "latency_ms": 118}
{"ts": 100748, "svc": "gateway", "status": 200, "latency_ms": 119}
{"ts": 100748, "svc": "payment", "status": 200, "latency_ms": 120}
{"ts": 100748, "svc": "auth", "status": 200, "latency_ms": 121}
{"ts": 100748, "svc": "gateway", "status": 200, "latency_ms": 122}
{"ts": 100748, "svc": "payment", "status": 200, "latency_ms": 123}
{"ts": 100749, "svc": "auth", "status": 500, "latency_ms": 124}
{"ts": 100749, "svc": "gateway", "status": 200, "latency_ms": 125}
{"ts": 100749, "svc": "payment", "status": 200, "latency_ms": 126}
{"ts": 100749, "svc": "auth", "status": 200, "latency_ms": 127}
{"ts": 100749, "svc": "gateway", "status": 200, "latency_ms": 128}
{"ts": 100749, "svc": "payment", "status": 200, "latency_ms": 129}
{"ts": 100750, "svc": "auth", "status": 200, "latency_ms": 130}
{"ts": 100750, "svc": "gateway", "status": 200, "latency_ms": 131}
{"ts": 100750, "svc": "payment", "status": 500, "latency_ms": 132}
{"ts": 100750, "svc": "auth", "status": 200, "latency_ms": 133}
{"ts": 100750, "svc": "gateway", "status": 200, "latency_ms": 134}
{"ts": 100750, "svc": "payment", "status": 200, "latency_ms": 135}
{"ts": 100751, "svc": "auth", "status": 200, "latency_ms": 136}
{"ts": 100751, "svc": "gateway", "status": 200, "latency_ms": 137}
{"ts": true, "svc": "payment", "status": 200, "latency_ms": 100}
{"ts": 100751, "svc": "payment", "status": 200, "latency_ms": 138}
{"ts": 100751, "svc": "auth", "status": 200, "latency_ms": 139}
{"ts": 100751, "svc": "gateway", "status": 500, "latency_ms": 140}
{"ts": 100751, "svc": "payment", "status": 200, "latency_ms": 141}
{"ts": 100752, "svc": "auth", "status": 200, "latency_ms": 142}
{"ts": 100752, "svc": "gateway", "status": 200, "latency_ms": 143}
{"ts": 100752, "svc": "payment", "status": 200, "latency_ms": 144}
{"ts": 100752, "svc": "auth", "status": 200, "latency_ms": 145}
{"ts": 100752, "svc": "gateway", "status": 200, "latency_ms": 146}
{"ts": 100752, "svc": "payment", "status": 200, "latency_ms": 147}
{"ts": 100753, "svc": "auth", "status": 500, "latency_ms": 148}
{"ts": 100753, "svc": "gateway", "status": 200, "latency_ms": 149}
{"ts": 100753, "svc": "payment", "status": 200, "latency_ms": 100}
   
{"ts": 100753, "svc": "auth", "status": 200, "latency_ms": 101}
{"ts": 100753, "svc": "gateway", "status": 200, "latency_ms": 102}
{"ts": 100753, "svc": "payment", "status": 200, "latency_ms": 103}
{"ts": 100754, "svc": "auth", "status": 200, "latency_ms": 104}
{"ts": 100754, "svc": "gateway", "status": 200, "latency_ms": 105}
{"ts": 100754, "svc": "payment", "status": 500, "latency_ms": 106}
{"ts": 100754, "svc": "auth", "status": 200, "latency_ms": 107}
{"ts": 100754, "svc": "gateway", "status": 200, "latency_ms": 108}
{"ts": 100754, "svc": "payment", "status": 200, "latency_ms": 109}
{"ts": 100755, "svc": "auth", "status": 200, "latency_ms": 110}
{"ts": 100755, "svc": "gateway", "status": 200, "latency_ms": 111}
{"ts": 100755, "svc": "payment", "status": 200, "latency_ms": 112}
{"ts": 100755, "svc": "auth", "status": 200, "latency_ms": 113}
{"ts": 100755, "svc": "gateway", "status": 500, "latency_ms": 114}
{"ts": 100755, "svc": "payment", "status": 200, "latency_ms": 115}
{"ts": 100756, "svc": "auth", "status": 200, "latency_ms": 116}
{"ts": 100756, "svc": "gateway", "status": 200, "latency_ms": 117}
{"ts": 100756, "svc": "payment", "status": 200, "latency_ms": 118}
{"ts": 100756, "svc": "auth", "status": 200, "latency_ms": 119}
{"ts": 100756, "svc": "gateway", "status": 200, "latency_ms": 120}
{"ts": 100756, "svc": "payment", "status": 200, "latency_ms": 121}
{"ts": 100757, "svc": "auth", "status": 500, "latency_ms": 122}
{"ts": 100757, "svc": "gateway", "status": 200, "latency_ms": 123}
{"ts": 100757, "svc": "payment", "status": 200, "latency_ms": 124}
{"ts": 100000, "svc": "auth", "status": 99, "latency_ms": 100}
{"ts": 100757, "svc": "auth", "status": 200, "latency_ms": 125}
{"ts": 100757, "svc": "gateway", "status": 200, "latency_ms": 126}
{"ts": 100757, "svc": "payment", "status": 200, "latency_ms": 127}
{"ts": 100758, "svc": "auth", "status": 200, "latency_ms": 128}
{"ts": 100758, "svc": "gateway", "status": 200, "latency_ms": 129}
{"ts": 100758, "svc": "payment", "status": 500, "latency_ms": 130}
{"ts": 100758, "svc": "auth", "status": 200, "latency_ms": 131}
{"ts": 100758, "svc": "gateway", "status": 200, "latency_ms": 132}
{"ts": 100758, "svc": "payment", "status": 200, "latency_ms": 133}
{"ts": 100759, "svc": "auth", "status": 200, "latency_ms": 134}
{"ts": 100759, "svc": "gateway", "status": 200, "latency_ms": 135}
{"ts": 100759, "svc": "payment", "status": 200, "latency_ms": 136}
{"ts": 100759, "svc": "auth", "status": 200, "latency_ms": 137}
{"ts": 100759, "svc": "gateway", "status": 500, "latency_ms": 138}
{"ts": 100759, "svc": "payment", "status": 200, "latency_ms": 139}
{"ts": 100760, "svc": "auth", "status": 200, "latency_ms": 140}
{"ts": 100760, "svc": "gateway", "status": 200, "latency_ms": 141}
{"ts": 100760, "svc": "payment", "status": 200, "latency_ms": 142}
{"ts": 100760, "svc": "auth", "status": 200, "latency_ms": 143}
{"ts": 100760, "svc": "gateway", "status": 200, "latency_ms": 144}
{"ts": 100760, "svc": "payment", "status": 200, "latency_ms": 145}
{"ts": 100761, "svc": "auth", "status": 500, "latency_ms": 146}
{"ts": 100761, "svc": "gateway", "status": 200, "latency_ms": 147}
{"ts": 100761, "svc": "payment", "status": 200, "latency_ms": 148}
{"ts": 100761, "svc": "auth", "status": 200, "latency_ms": 149}
{"ts": 100761, "svc": "gateway", "status": 200, "latency_ms": 100}
   
{"ts": 100761, "svc": "payment", "status": 200, "latency_ms": 101}
{"ts": 100762, "svc": "auth", "status": 200, "latency_ms": 102}
{"ts": 100762, "svc": "gateway", "status": 200, "latency_ms": 103}
{"ts": 100762, "svc": "payment", "status": 500, "latency_ms": 104}
{"ts": 100762, "svc": "auth", "status": 200, "latency_ms": 105}
{"ts": 100762, "svc": "gateway", "status": 200, "latency_ms": 106}
{"ts": 100762, "svc": "payment", "status": 200, "latency_ms": 107}
{"ts": 100763, "svc": "auth", "status": 200, "latency_ms": 108}
{"ts": 100763, "svc": "gateway", "status": 200, "latency_ms": 109}
{"ts": 100763, "svc": "payment", "status": 200, "latency_ms": 110}
{"ts": 100763, "svc": "auth", "status": 200, "latency_ms": 111}
{"ts": 100000, "svc": "billing", "status": 200, "latency_ms": 100}
{"ts": 100763, "svc": "gateway", "status": 500, "latency_ms": 112}
{"ts": 100763, "svc": "payment", "status": 200, "latency_ms": 113}
{"ts": 100764, "svc": "auth", "status": 200, "latency_ms": 114}
{"ts": 100764, "svc": "gateway", "status": 200, "latency_ms": 115}
{"ts": 100764, "svc": "payment", "status": 200, "latency_ms": 116}
{"ts": 100764, "svc": "auth", "status": 200, "latency_ms": 117}
{"ts": 100764, "svc": "gateway", "status": 200, "latency_ms": 118}
{"ts": 100764, "svc": "payment", "status": 200, "latency_ms": 119}
{"ts": 100765, "svc": "auth", "status": 500, "latency_ms": 120}
{"ts": 100765, "svc": "gateway", "status": 200, "latency_ms": 121}
{"ts": 100765, "svc": "payment", "status": 200, "latency_ms": 122}
{"ts": 100765, "svc": "auth", "status": 200, "latency_ms": 123}
{"ts": 100765, "svc": "gateway", "status": 200, "latency_ms": 124}
{"ts": 100765, "svc": "payment", "status": 200, "latency_ms": 125}
{"ts": 100766, "svc": "auth", "status": 200, "latency_ms": 126}
{"ts": 100766, "svc": "gateway", "status": 200, "latency_ms": 127}
{"ts": 100766, "svc": "payment", "status": 500, "latency_ms": 128}
{"ts": 100766, "svc": "auth", "status": 200, "latency_ms": 129}
{"ts": 100766, "svc": "gateway", "status": 200, "latency_ms": 130}
{"ts": 100766, "svc": "payment", "status": 200, "latency_ms": 131}
{"ts": 100767, "svc": "auth", "status": 200, "latency_ms": 132}
{"ts": 100767, "svc": "gateway", "status": 200, "latency_ms": 133}
{"ts": 100767, "svc": "payment", "status": 200, "latency_ms": 134}
{"ts": 100767, "svc": "auth", "status": 200, "latency_ms": 135}
{"ts": 100767, "svc": "gateway", "status": 500, "latency_ms": 136}
{"ts": 100767, "svc": "payment", "status": 200, "latency_ms": 137}
{"ts": 100768, "svc": "auth", "status": 200, "latency_ms": 138}
{"ts": 100768, "svc": "gateway", "status": 200, "latency_ms": 139}
{"ts": 100768, "svc": "payment", "status": 200, "latency_ms": 140}
{"ts": 100768, "svc": "auth", "status": 200, "latency_ms": 141}
{"ts": 100768, "svc": "gateway", "status": 200, "latency_ms": 142}
{"ts": 100768, "svc": "payment", "status": 200, "latency_ms": 143}
{"ts": 100769, "svc": "auth", "status": 500, "latency_ms": 144}
{"ts": 100769, "svc": "gateway", "status": 200, "latency_ms": 145}
{"ts": 100769, "svc": "payment", "status": 200, "latency_ms": 146}
{"ts": 100769, "svc": "auth", "status": 200, "latency_ms": 147}
{"ts": 100769, "svc": "gateway", "status": 200, "latency_ms": 148}
{"ts": 100000, "svc": "gateway", "status": 200, "latency_ms": 1001}
{"ts": 100769, "svc": "payment", "status": 200, "latency_ms": 149}
{"ts": 100770, "svc": "auth", "status": 200, "latency_ms": 100}
   
{"ts": 100770, "svc": "gateway", "status": 200, "latency_ms": 101}
{"ts": 100770, "svc": "payment", "status": 500, "latency_ms": 102}
{"ts": 100770, "svc": "auth", "status": 200, "latency_ms": 103}
{"ts": 100770, "svc": "gateway", "status": 200, "latency_ms": 104}
{"ts": 100770, "svc": "payment", "status": 200, "latency_ms": 105}
{"ts": 100771, "svc": "auth", "status": 200, "latency_ms": 106}
{"ts": 100771, "svc": "gateway", "status": 200, "latency_ms": 107}
{"ts": 100771, "svc": "payment", "status": 200, "latency_ms": 108}
{"ts": 100771, "svc": "auth", "status": 200, "latency_ms": 109}
{"ts": 100771, "svc": "gateway", "status": 500, "latency_ms": 110}
{"ts": 100771, "svc": "payment", "status": 200, "latency_ms": 111}
{"ts": 100772, "svc": "auth", "status": 200, "latency_ms": 112}
{"ts": 100772, "svc": "gateway", "status": 200, "latency_ms": 113}
{"ts": 100772, "svc": "payment", "status": 200, "latency_ms": 114}
{"ts": 100772, "svc": "auth", "status": 200, "latency_ms": 115}
{"ts": 100772, "svc": "gateway", "status": 200, "latency_ms": 116}
{"ts": 100772, "svc": "payment", "status": 200, "latency_ms": 117}
{"ts": 100773, "svc": "auth", "status": 500, "latency_ms": 118}
{"ts": 100773, "svc": "gateway", "status": 200, "latency_ms": 119}
{"ts": 100773, "svc": "payment", "status": 200, "latency_ms": 120}
{"ts": 100773, "svc": "auth", "status": 200, "latency_ms": 121}
{"ts": 100773, "svc": "gateway", "status": 200, "latency_ms": 122}
{"ts": 100773, "svc": "payment", "status": 200, "latency_ms": 123}
{"ts": 100774, "svc": "auth", "status": 200, "latency_ms": 124}
{"ts": 100774, "svc": "gateway", "status": 200, "latency_ms": 125}
{"ts": 100774, "svc": "payment", "status": 500, "latency_ms": 126}
{"ts": 100774, "svc": "auth", "status": 200, "latency_ms": 127}
{"ts": 100774, "svc": "gateway", "status": 200, "latency_ms": 128}
{"ts": 100774, "svc": "payment", "status": 200, "latency_ms": 129}
{"ts": 100775, "svc": "auth", "status": 200, "latency_ms": 130}
{"ts": 100775, "svc": "gateway", "status": 200, "latency_ms": 131}
{"ts": 100775, "svc": "payment", "status": 200, "latency_ms": 132}
{"ts": 100775, "svc": "auth", "status": 200, "latency_ms": 133}
{"ts": 100775, "svc": "gateway", "status": 500, "latency_ms": 134}
{"ts": 100775, "svc": "payment", "status": 200, "latency_ms": 135}
{"ts": 100000, "svc": "payment", "status": 200, "latency_ms": false}
{"ts": 100776, "svc": "auth", "status": 200, "latency_ms": 136}
{"ts": 100776, "svc": "gateway", "status": 200, "latency_ms": 137}
{"ts": 100776, "svc": "payment", "status": 200, "latency_ms": 138}
{"ts": 100776, "svc": "auth", "status": 200, "latency_ms": 139}
{"ts": 100776, "svc": "gateway", "status": 200, "latency_ms": 140}
{"ts": 100776, "svc": "payment", "status": 200, "latency_ms": 141}
{"ts": 100777, "svc": "auth", "status": 500, "latency_ms": 142}
{"ts": 100777, "svc": "gateway", "status": 200, "latency_ms": 143}
{"ts": 100777, "svc": "payment", "status": 200, "latency_ms": 144}
{"ts": 100777, "svc": "auth", "status": 200, "latency_ms": 145}
{"ts": 100777, "svc": "gateway", "status": 200, "latency_ms": 146}
{"ts": 100777, "svc": "payment", "status": 200, "latency_ms": 147}
{"ts": 100778, "svc": "auth", "status": 200, "latency_ms": 148}
{"ts": 100778, "svc": "gateway", "status": 200, "latency_ms": 149}
{"ts": 100778, "svc": "payment", "status": 500, "latency_ms": 100}
   
{"ts": 100778, "svc": "auth", "status": 200, "latency_ms": 101}
{"ts": 100778, "svc": "gateway", "status": 200, "latency_ms": 102}
{"ts": 100778, "svc": "payment", "status": 200, "latency_ms": 103}
{"ts": 100779, "svc": "auth", "status": 200, "latency_ms": 104}
{"ts": 100779, "svc": "gateway", "status": 200, "latency_ms": 105}
{"ts": 100779, "svc": "payment", "status": 200, "latency_ms": 106}
{"ts": 100779, "svc": "auth", "status": 200, "latency_ms": 107}
{"ts": 100779, "svc": "gateway", "status": 500, "latency_ms": 108}
{"ts": 100779, "svc": "payment", "status": 200, "latency_ms": 109}
{"ts": 100780, "svc": "auth", "status": 200, "latency_ms": 110}
{"ts": 100780, "svc": "gateway", "status": 200, "latency_ms": 111}
{"ts": 100780, "svc": "payment", "status": 200, "latency_ms": 112}
{"ts": 100780, "svc": "auth", "status": 200, "latency_ms": 113}
{"ts": 100780, "svc": "gateway", "status": 200, "latency_ms": 114}
{"ts": 100780, "svc": "payment", "status": 200, "latency_ms": 115}
{"ts": 100781, "svc": "auth", "status": 500, "latency_ms": 116}
{"ts": 100781, "svc": "gateway", "status": 200, "latency_ms": 117}
{"ts": 100781, "svc": "payment", "status": 200, "latency_ms": 118}
{"ts": 100781, "svc": "auth", "status": 200, "latency_ms": 119}
{"ts": 100781, "svc": "gateway", "status": 200, "latency_ms": 120}
{"ts": 100781, "svc": "payment", "status": 200, "latency_ms": 121}
{"ts": 100782, "svc": "auth", "status": 200, "latency_ms": 122}
definitely not json {{
{"ts": 100782, "svc": "gateway", "status": 200, "latency_ms": 123}
{"ts": 100782, "svc": "payment", "status": 500, "latency_ms": 124}
{"ts": 100782, "svc": "auth", "status": 200, "latency_ms": 125}
{"ts": 100782, "svc": "gateway", "status": 200, "latency_ms": 126}
{"ts": 100782, "svc": "payment", "status": 200, "latency_ms": 127}
{"ts": 100783, "svc": "auth", "status": 200, "latency_ms": 128}
{"ts": 100783, "svc": "gateway", "status": 200, "latency_ms": 129}
{"ts": 100783, "svc": "payment", "status": 200, "latency_ms": 130}
{"ts": 100783, "svc": "auth", "status": 200, "latency_ms": 131}
{"ts": 100783, "svc": "gateway", "status": 500, "latency_ms": 132}
{"ts": 100783, "svc": "payment", "status": 200, "latency_ms": 133}
{"ts": 100784, "svc": "auth", "status": 200, "latency_ms": 134}
{"ts": 100784, "svc": "gateway", "status": 200, "latency_ms": 135}
{"ts": 100784, "svc": "payment", "status": 200, "latency_ms": 136}
{"ts": 100784, "svc": "auth", "status": 200, "latency_ms": 137}
{"ts": 100784, "svc": "gateway", "status": 200, "latency_ms": 138}
{"ts": 100784, "svc": "payment", "status": 200, "latency_ms": 139}
{"ts": 100785, "svc": "auth", "status": 500, "latency_ms": 140}
{"ts": 100785, "svc": "gateway", "status": 200, "latency_ms": 141}
{"ts": 100785, "svc": "payment", "status": 200, "latency_ms": 142}
{"ts": 100785, "svc": "auth", "status": 200, "latency_ms": 143}
{"ts": 100785, "svc": "gateway", "status": 200, "latency_ms": 144}
{"ts": 100785, "svc": "payment", "status": 200, "latency_ms": 145}
{"ts": 100786, "svc": "auth", "status": 200, "latency_ms": 146}
{"ts": 100786, "svc": "gateway", "status": 200, "latency_ms": 147}
{"ts": 100786, "svc": "payment", "status": 500, "latency_ms": 148}
{"ts": 100786, "svc": "auth", "status": 200, "latency_ms": 149}
{"ts": 100786, "svc": "gateway", "status": 200, "latency_ms": 100}
   
{"ts": 100786, "svc": "payment", "status": 200, "latency_ms": 101}
{"ts": 100787, "svc": "auth", "status": 200, "latency_ms": 102}
{"ts": 100787, "svc": "gateway", "status": 200, "latency_ms": 103}
{"ts": 100787, "svc": "payment", "status": 200, "latency_ms": 104}
{"ts": 100787, "svc": "auth", "status": 200, "latency_ms": 105}
{"ts": 100787, "svc": "gateway", "status": 500, "latency_ms": 106}
{"ts": 100787, "svc": "payment", "status": 200, "latency_ms": 107}
{"ts": 100788, "svc": "auth", "status": 200, "latency_ms": 108}
{"ts": 100788, "svc": "gateway", "status": 200, "latency_ms": 109}
{"ts": 100000, "svc": "auth", "status": 200}
{"ts": 100788, "svc": "payment", "status": 200, "latency_ms": 110}
{"ts": 100788, "svc": "auth", "status": 200, "latency_ms": 111}
{"ts": 100788, "svc": "gateway", "status": 200, "latency_ms": 112}
{"ts": 100788, "svc": "payment", "status": 200, "latency_ms": 113}
{"ts": 100789, "svc": "auth", "status": 500, "latency_ms": 114}
{"ts": 100789, "svc": "gateway", "status": 200, "latency_ms": 115}
{"ts": 100789, "svc": "payment", "status": 200, "latency_ms": 116}
{"ts": 100789, "svc": "auth", "status": 200, "latency_ms": 117}
{"ts": 100789, "svc": "gateway", "status": 200, "latency_ms": 118}
{"ts": 100789, "svc": "payment", "status": 200, "latency_ms": 119}
{"ts": 100790, "svc": "auth", "status": 200, "latency_ms": 120}
{"ts": 100790, "svc": "gateway", "status": 200, "latency_ms": 121}
{"ts": 100790, "svc": "payment", "status": 500, "latency_ms": 122}
{"ts": 100790, "svc": "auth", "status": 200, "latency_ms": 123}
{"ts": 100790, "svc": "gateway", "status": 200, "latency_ms": 124}
{"ts": 100790, "svc": "payment", "status": 200, "latency_ms": 125}
{"ts": 100791, "svc": "auth", "status": 200, "latency_ms": 126}
{"ts": 100791, "svc": "gateway", "status": 200, "latency_ms": 127}
{"ts": 100791, "svc": "payment", "status": 200, "latency_ms": 128}
{"ts": 100791, "svc": "auth", "status": 200, "latency_ms": 129}
{"ts": 100791, "svc": "gateway", "status": 500, "latency_ms": 130}
{"ts": 100791, "svc": "payment", "status": 200, "latency_ms": 131}
{"ts": 100792, "svc": "auth", "status": 200, "latency_ms": 132}
{"ts": 100792, "svc": "gateway", "status": 200, "latency_ms": 133}
{"ts": 100792, "svc": "payment", "status": 200, "latency_ms": 134}
{"ts": 100792, "svc": "auth", "status": 200, "latency_ms": 135}
{"ts": 100792, "svc": "gateway", "status": 200, "latency_ms": 136}
{"ts": 100792, "svc": "payment", "status": 200, "latency_ms": 137}
{"ts": 100793, "svc": "auth", "status": 500, "latency_ms": 138}
{"ts": 100793, "svc": "gateway", "status": 200, "latency_ms": 139}
{"ts": 100793, "svc": "payment", "status": 200, "latency_ms": 140}
{"ts": 100793, "svc": "auth", "status": 200, "latency_ms": 141}
{"ts": 100793, "svc": "gateway", "status": 200, "latency_ms": 142}
{"ts": 100793, "svc": "payment", "status": 200, "latency_ms": 143}
{"ts": 100794, "svc": "auth", "status": 200, "latency_ms": 144}
{"ts": 100794, "svc": "gateway", "status": 200, "latency_ms": 145}
{"ts": 100794, "svc": "payment", "status": 500, "latency_ms": 146}
{"ts": 100000, "svc": "auth", "status": 200, "latency_ms": 100, "x": 1}
{"ts": 100794, "svc": "auth", "status": 200, "latency_ms": 147}
{"ts": 100794, "svc": "gateway", "status": 200, "latency_ms": 148}
{"ts": 100794, "svc": "payment", "status": 200, "latency_ms": 149}
{"ts": 100754, "svc": "auth", "status": 500, "latency_ms": 100}
{"ts": 100764, "svc": "auth", "status": 200, "latency_ms": 100}
{"ts": 100805, "svc": "gateway", "status": 500, "latency_ms": 100}
   
{"ts": true, "svc": "payment", "status": 200, "latency_ms": 100}
{"ts": 100805, "svc": "payment", "status": 200, "latency_ms": 101}
{"ts": 100805, "svc": "auth", "status": 200, "latency_ms": 102}
{"ts": 100805, "svc": "gateway", "status": 200, "latency_ms": 103}
{"ts": 100805, "svc": "payment", "status": 200, "latency_ms": 104}
{"ts": 100805, "svc": "auth", "status": 200, "latency_ms": 105}
{"ts": 100806, "svc": "gateway", "status": 200, "latency_ms": 106}
{"ts": 100806, "svc": "payment", "status": 200, "latency_ms": 107}
{"ts": 100806, "svc": "auth", "status": 500, "latency_ms": 108}
{"ts": 100806, "svc": "gateway", "status": 200, "latency_ms": 109}
{"ts": 100806, "svc": "payment", "status": 200, "latency_ms": 110}
{"ts": 100806, "svc": "auth", "status": 200, "latency_ms": 111}
{"ts": 100807, "svc": "gateway", "status": 200, "latency_ms": 112}
{"ts": 100807, "svc": "payment", "status": 200, "latency_ms": 113}
{"ts": 100807, "svc": "auth", "status": 200, "latency_ms": 114}
{"ts": 100807, "svc": "gateway", "status": 200, "latency_ms": 115}
{"ts": 100807, "svc": "payment", "status": 500, "latency_ms": 116}
{"ts": 100807, "svc": "auth", "status": 200, "latency_ms": 117}
{"ts": 100808, "svc": "gateway", "status": 200, "latency_ms": 118}
{"ts": 100808, "svc": "payment", "status": 200, "latency_ms": 119}
{"ts": 100808, "svc": "auth", "status": 200, "latency_ms": 120}
{"ts": 100808, "svc": "gateway", "status": 200, "latency_ms": 121}
{"ts": 100808, "svc": "payment", "status": 200, "latency_ms": 122}
{"ts": 100808, "svc": "auth", "status": 200, "latency_ms": 123}
{"ts": 100809, "svc": "gateway", "status": 500, "latency_ms": 124}
{"ts": 100809, "svc": "payment", "status": 200, "latency_ms": 125}
{"ts": 100809, "svc": "auth", "status": 200, "latency_ms": 126}
{"ts": 100809, "svc": "gateway", "status": 200, "latency_ms": 127}
{"ts": 100809, "svc": "payment", "status": 200, "latency_ms": 128}
{"ts": 100809, "svc": "auth", "status": 200, "latency_ms": 129}
{"ts": 100810, "svc": "gateway", "status": 200, "latency_ms": 130}
{"ts": 100810, "svc": "payment", "status": 200, "latency_ms": 131}
{"ts": 100810, "svc": "auth", "status": 500, "latency_ms": 132}
{"ts": 100810, "svc": "gateway", "status": 200, "latency_ms": 133}
{"ts": 100810, "svc": "payment", "status": 200, "latency_ms": 134}
{"ts": 100810, "svc": "auth", "status": 200, "latency_ms": 135}
{"ts": 100811, "svc": "gateway", "status": 200, "latency_ms": 136}
{"ts": 100811, "svc": "payment", "status": 200, "latency_ms": 137}
{"ts": 100000, "svc": "auth", "status": 99, "latency_ms": 100}
{"ts": 100811, "svc": "auth", "status": 200, "latency_ms": 138}
{"ts": 100811, "svc": "gateway", "status": 200, "latency_ms": 139}
{"ts": 100811, "svc": "payment", "status": 500, "latency_ms": 140}
{"ts": 100811, "svc": "auth", "status": 200, "latency_ms": 141}
{"ts": 100812, "svc": "gateway", "status": 200, "latency_ms": 142}
{"ts": 100812, "svc": "payment", "status": 200, "latency_ms": 143}
{"ts": 100812, "svc": "auth", "status": 200, "latency_ms": 144}
{"ts": 100812, "svc": "gateway", "status": 200, "latency_ms": 145}
{"ts": 100812, "svc": "payment", "status": 200, "latency_ms": 146}
{"ts": 100812, "svc": "auth", "status": 200, "latency_ms": 147}
{"ts": 100813, "svc": "gateway", "status": 500, "latency_ms": 148}
{"ts": 100813, "svc": "payment", "status": 200, "latency_ms": 149}
{"ts": 100813, "svc": "auth", "status": 200, "latency_ms": 100}
   
{"ts": 100813, "svc": "gateway", "status": 200, "latency_ms": 101}
{"ts": 100813, "svc": "payment", "status": 200, "latency_ms": 102}
{"ts": 100813, "svc": "auth", "status": 200, "latency_ms": 103}
{"ts": 100814, "svc": "gateway", "status": 200, "latency_ms": 104}
{"ts": 100814, "svc": "payment", "status": 200, "latency_ms": 105}
{"ts": 100814, "svc": "auth", "status": 500, "latency_ms": 106}
{"ts": 100814, "svc": "gateway", "status": 200, "latency_ms": 107}
{"ts": 100814, "svc": "payment", "status": 200, "latency_ms": 108}
{"ts": 100814, "svc": "auth", "status": 200, "latency_ms": 109}
{"ts": 100815, "svc": "gateway", "status": 200, "latency_ms": 110}
{"ts": 100815, "svc": "payment", "status": 200, "latency_ms": 111}
{"ts": 100815, "svc": "auth", "status": 200, "latency_ms": 112}
{"ts": 100815, "svc": "gateway", "status": 200, "latency_ms": 113}
{"ts": 100815, "svc": "payment", "status": 500, "latency_ms": 114}
{"ts": 100815, "svc": "auth", "status": 200, "latency_ms": 115}
{"ts": 100816, "svc": "gateway", "status": 200, "latency_ms": 116}
{"ts": 100816, "svc": "payment", "status": 200, "latency_ms": 117}
{"ts": 100816, "svc": "auth", "status": 200, "latency_ms": 118}
{"ts": 100816, "svc": "gateway", "status": 200, "latency_ms": 119}
{"ts": 100816, "svc": "payment", "status": 200, "latency_ms": 120}
{"ts": 100816, "svc": "auth", "status": 200, "latency_ms": 121}
{"ts": 100817, "svc": "gateway", "status": 500, "latency_ms": 122}
{"ts": 100817, "svc": "payment", "status": 200, "latency_ms": 123}
{"ts": 100817, "svc": "auth", "status": 200, "latency_ms": 124}
{"ts": 100000, "svc": "billing", "status": 200, "latency_ms": 100}
{"ts": 100817, "svc": "gateway", "status": 200, "latency_ms": 125}
{"ts": 100817, "svc": "payment", "status": 200, "latency_ms": 126}
{"ts": 100817, "svc": "auth", "status": 200, "latency_ms": 127}
{"ts": 100818, "svc": "gateway", "status": 200, "latency_ms": 128}
{"ts": 100818, "svc": "payment", "status": 200, "latency_ms": 129}
{"ts": 100818, "svc": "auth", "status": 500, "latency_ms": 130}
{"ts": 100818, "svc": "gateway", "status": 200, "latency_ms": 131}
{"ts": 100818, "svc": "payment", "status": 200, "latency_ms": 132}
{"ts": 100818, "svc": "auth", "status": 200, "latency_ms": 133}
{"ts": 100819, "svc": "gateway", "status": 200, "latency_ms": 134}
{"ts": 100819, "svc": "payment", "status": 200, "latency_ms": 135}
{"ts": 100819, "svc": "auth", "status": 200, "latency_ms": 136}
{"ts": 100819, "svc": "gateway", "status": 200, "latency_ms": 137}
{"ts": 100819, "svc": "payment", "status": 500, "latency_ms": 138}
{"ts": 100819, "svc": "auth", "status": 200, "latency_ms": 139}
{"ts": 100820, "svc": "gateway", "status": 200, "latency_ms": 140}
{"ts": 100820, "svc": "payment", "status": 200, "latency_ms": 141}
{"ts": 100820, "svc": "auth", "status": 200, "latency_ms": 142}
{"ts": 100820, "svc": "gateway", "status": 200, "latency_ms": 143}
{"ts": 100820, "svc": "payment", "status": 200, "latency_ms": 144}
{"ts": 100820, "svc": "auth", "status": 200, "latency_ms": 145}
{"ts": 100821, "svc": "gateway", "status": 500, "latency_ms": 146}
{"ts": 100821, "svc": "payment", "status": 200, "latency_ms": 147}
{"ts": 100821, "svc": "auth", "status": 200, "latency_ms": 148}
{"ts": 100821, "svc": "gateway", "status": 200, "latency_ms": 149}
{"ts": 100821, "svc": "payment", "status": 200, "latency_ms": 100}
   
{"ts": 100821, "svc": "auth", "status": 200, "latency_ms": 101}
{"ts": 100822, "svc": "gateway", "status": 200, "latency_ms": 102}
{"ts": 100822, "svc": "payment", "status": 200, "latency_ms": 103}
{"ts": 100822, "svc": "auth", "status": 500, "latency_ms": 104}
{"ts": 100822, "svc": "gateway", "status": 200, "latency_ms": 105}
{"ts": 100822, "svc": "payment", "status": 200, "latency_ms": 106}
{"ts": 100822, "svc": "auth", "status": 200, "latency_ms": 107}
{"ts": 100823, "svc": "gateway", "status": 200, "latency_ms": 108}
{"ts": 100823, "svc": "payment", "status": 200, "latency_ms": 109}
{"ts": 100823, "svc": "auth", "status": 200, "latency_ms": 110}
{"ts": 100823, "svc": "gateway", "status": 200, "latency_ms": 111}
{"ts": 100000, "svc": "gateway", "status": 200, "latency_ms": 1001}
{"ts": 100823, "svc": "payment", "status": 500, "latency_ms": 112}
{"ts": 100823, "svc": "auth", "status": 200, "latency_ms": 113}
{"ts": 100824, "svc": "gateway", "status": 200, "latency_ms": 114}
{"ts": 100824, "svc": "payment", "status": 200, "latency_ms": 115}
{"ts": 100824, "svc": "auth", "status": 200, "latency_ms": 116}
{"ts": 100824, "svc": "gateway", "status": 200, "latency_ms": 117}
{"ts": 100824, "svc": "payment", "status": 200, "latency_ms": 118}
{"ts": 100824, "svc": "auth", "status": 200, "latency_ms": 119}
{"ts": 100825, "svc": "gateway", "status": 500, "latency_ms": 120}
{"ts": 100825, "svc": "payment", "status": 200, "latency_ms": 121}
{"ts": 100825, "svc": "auth", "status": 200, "latency_ms": 122}
{"ts": 100825, "svc": "gateway", "status": 200, "latency_ms": 123}
{"ts": 100825, "svc": "payment", "status": 200, "latency_ms": 124}
{"ts": 100825, "svc": "auth", "status": 200, "latency_ms": 125}
{"ts": 100826, "svc": "gateway", "status": 200, "latency_ms": 126}
{"ts": 100826, "svc": "payment", "status": 200, "latency_ms": 127}
{"ts": 100826, "svc": "auth", "status": 500, "latency_ms": 128}
{"ts": 100826, "svc": "gateway", "status": 200, "latency_ms": 129}
{"ts": 100826, "svc": "payment", "status": 200, "latency_ms": 130}
{"ts": 100826, "svc": "auth", "status": 200, "latency_ms": 131}
{"ts": 100827, "svc": "gateway", "status": 200, "latency_ms": 132}
{"ts": 100827, "svc": "payment", "status": 200, "latency_ms": 133}
{"ts": 100827, "svc": "auth", "status": 200, "latency_ms": 134}
{"ts": 100827, "svc": "gateway", "status": 200, "latency_ms": 135}
{"ts": 100827, "svc": "payment", "status": 500, "latency_ms": 136}
{"ts": 100827, "svc": "auth", "status": 200, "latency_ms": 137}
{"ts": 100828, "svc": "gateway", "status": 200, "latency_ms": 138}
{"ts": 100828, "svc": "payment", "status": 200, "latency_ms": 139}
{"ts": 100828, "svc": "auth", "status": 200, "latency_ms": 140}
{"ts": 100828, "svc": "gateway", "status": 200, "latency_ms": 141}
{"ts": 100828, "svc": "payment", "status": 200, "latency_ms": 142}
{"ts": 100828, "svc": "auth", "status": 200, "latency_ms": 143}
{"ts": 100829, "svc": "gateway", "status": 500, "latency_ms": 144}
{"ts": 100829, "svc": "payment", "status": 200, "latency_ms": 145}
{"ts": 100829, "svc": "auth", "status": 200, "latency_ms": 146}
{"ts": 100829, "svc": "gateway", "status": 200, "latency_ms": 147}
{"ts": 100829, "svc": "payment", "status": 200, "latency_ms": 148}
{"ts": 100000, "svc": "payment", "status": 200, "latency_ms": false}
{"ts": 100829, "svc": "auth", "status": 200, "latency_ms": 149}
{"ts": 100830, "svc": "gateway", "status": 200, "latency_ms": 100}
   
{"ts": 100830, "svc": "payment", "status": 200, "latency_ms": 101}
{"ts": 100830, "svc": "auth", "status": 500, "latency_ms": 102}
{"ts": 100830, "svc": "gateway", "status": 200, "latency_ms": 103}
{"ts": 100830, "svc": "payment", "status": 200, "latency_ms": 104}
{"ts": 100830, "svc": "auth", "status": 200, "latency_ms": 105}
{"ts": 100831, "svc": "gateway", "status": 200, "latency_ms": 106}
{"ts": 100831, "svc": "payment", "status": 200, "latency_ms": 107}
{"ts": 100831, "svc": "auth", "status": 200, "latency_ms": 108}
{"ts": 100831, "svc": "gateway", "status": 200, "latency_ms": 109}
{"ts": 100831, "svc": "payment", "status": 500, "latency_ms": 110}
{"ts": 100831, "svc": "auth", "status": 200, "latency_ms": 111}
{"ts": 100832, "svc": "gateway", "status": 200, "latency_ms": 112}
{"ts": 100832, "svc": "payment", "status": 200, "latency_ms": 113}
{"ts": 100832, "svc": "auth", "status": 200, "latency_ms": 114}
{"ts": 100832, "svc": "gateway", "status": 200, "latency_ms": 115}
{"ts": 100832, "svc": "payment", "status": 200, "latency_ms": 116}
{"ts": 100832, "svc": "auth", "status": 200, "latency_ms": 117}
{"ts": 100833, "svc": "gateway", "status": 500, "latency_ms": 118}
{"ts": 100833, "svc": "payment", "status": 200, "latency_ms": 119}
{"ts": 100833, "svc": "auth", "status": 200, "latency_ms": 120}
{"ts": 100833, "svc": "gateway", "status": 200, "latency_ms": 121}
{"ts": 100833, "svc": "payment", "status": 200, "latency_ms": 122}
{"ts": 100833, "svc": "auth", "status": 200, "latency_ms": 123}
{"ts": 100834, "svc": "gateway", "status": 200, "latency_ms": 124}
{"ts": 100834, "svc": "payment", "status": 200, "latency_ms": 125}
{"ts": 100834, "svc": "auth", "status": 500, "latency_ms": 126}
{"ts": 100834, "svc": "gateway", "status": 200, "latency_ms": 127}
{"ts": 100834, "svc": "payment", "status": 200, "latency_ms": 128}
{"ts": 100834, "svc": "auth", "status": 200, "latency_ms": 129}
{"ts": 100835, "svc": "gateway", "status": 200, "latency_ms": 130}
{"ts": 100835, "svc": "payment", "status": 200, "latency_ms": 131}
{"ts": 100835, "svc": "auth", "status": 200, "latency_ms": 132}
{"ts": 100835, "svc": "gateway", "status": 200, "latency_ms": 133}
{"ts": 100835, "svc": "payment", "status": 500, "latency_ms": 134}
{"ts": 100835, "svc": "auth", "status": 200, "latency_ms": 135}
definitely not json {{
{"ts": 100836, "svc": "gateway", "status": 200, "latency_ms": 136}
{"ts": 100836, "svc": "payment", "status": 200, "latency_ms": 137}
{"ts": 100836, "svc": "auth", "status": 200, "latency_ms": 138}
{"ts": 100836, "svc": "gateway", "status": 200, "latency_ms": 139}
{"ts": 100836, "svc": "payment", "status": 200, "latency_ms": 140}
{"ts": 100836, "svc": "auth", "status": 200, "latency_ms": 141}
{"ts": 100837, "svc": "gateway", "status": 500, "latency_ms": 142}
{"ts": 100837, "svc": "payment", "status": 200, "latency_ms": 143}
{"ts": 100837, "svc": "auth", "status": 200, "latency_ms": 144}
{"ts": 100837, "svc": "gateway", "status": 200, "latency_ms": 145}
{"ts": 100837, "svc": "payment", "status": 200, "latency_ms": 146}
{"ts": 100837, "svc": "auth", "status": 200, "latency_ms": 147}
{"ts": 100838, "svc": "gateway", "status": 200, "latency_ms": 148}
{"ts": 100838, "svc": "payment", "status": 200, "latency_ms": 149}
{"ts": 100838, "svc": "auth", "status": 500, "latency_ms": 100}
   
{"ts": 100838, "svc": "gateway", "status": 200, "latency_ms": 101}
{"ts": 100838, "svc": "payment", "status": 200, "latency_ms": 102}
{"ts": 100838, "svc": "auth", "status": 200, "latency_ms": 103}
{"ts": 100839, "svc": "gateway", "status": 200, "latency_ms": 104}
{"ts": 100839, "svc": "payment", "status": 200, "latency_ms": 105}
{"ts": 100839, "svc": "auth", "status": 200, "latency_ms": 106}
{"ts": 100839, "svc": "gateway", "status": 200, "latency_ms": 107}
{"ts": 100839, "svc": "payment", "status": 500, "latency_ms": 108}
{"ts": 100839, "svc": "auth", "status": 200, "latency_ms": 109}
{"ts": 100840, "svc": "gateway", "status": 200, "latency_ms": 110}
{"ts": 100840, "svc": "payment", "status": 200, "latency_ms": 111}
{"ts": 100840, "svc": "auth", "status": 200, "latency_ms": 112}
{"ts": 100840, "svc": "gateway", "status": 200, "latency_ms": 113}
{"ts": 100840, "svc": "payment", "status": 200, "latency_ms": 114}
{"ts": 100840, "svc": "auth", "status": 200, "latency_ms": 115}
{"ts": 100841, "svc": "gateway", "status": 500, "latency_ms": 116}
{"ts": 100841, "svc": "payment", "status": 200, "latency_ms": 117}
{"ts": 100841, "svc": "auth", "status": 200, "latency_ms": 118}
{"ts": 100841, "svc": "gateway", "status": 200, "latency_ms": 119}
{"ts": 100841, "svc": "payment", "status": 200, "latency_ms": 120}
{"ts": 100841, "svc": "auth", "status": 200, "latency_ms": 121}
{"ts": 100842, "svc": "gateway", "status": 200, "latency_ms": 122}
{"ts": 100000, "svc": "auth", "status": 200}
{"ts": 100842, "svc": "payment", "status": 200, "latency_ms": 123}
{"ts": 100842, "svc": "auth", "status": 500, "latency_ms": 124}
{"ts": 100842, "svc": "gateway", "status": 200, "latency_ms": 125}
{"ts": 100842, "svc": "payment", "status": 200, "latency_ms": 126}
{"ts": 100842, "svc": "auth", "status": 200, "latency_ms": 127}
{"ts": 100843, "svc": "gateway", "status": 200, "latency_ms": 128}
{"ts": 100843, "svc": "payment", "status": 200, "latency_ms": 129}
{"ts": 100843, "svc": "auth", "status": 200, "latency_ms": 130}
{"ts": 100843, "svc": "gateway", "status": 200, "latency_ms": 131}
{"ts": 100843, "svc": "payment", "status": 500, "latency_ms": 132}
{"ts": 100843, "svc": "auth", "status": 200, "latency_ms": 133}
{"ts": 100844, "svc": "gateway", "status": 200, "latency_ms": 134}
{"ts": 100844, "svc": "payment", "status": 200, "latency_ms": 135}
{"ts": 100844, "svc": "auth", "status": 200, "latency_ms": 136}
{"ts": 100844, "svc": "gateway", "status": 200, "latency_ms": 137}
{"ts": 100844, "svc": "payment", "status": 200, "latency_ms": 138}
{"ts": 100844, "svc": "auth", "status": 200, "latency_ms": 139}
{"ts": 100845, "svc": "gateway", "status": 500, "latency_ms": 140}
{"ts": 100845, "svc": "payment", "status": 200, "latency_ms": 141}
{"ts": 100845, "svc": "auth", "status": 200, "latency_ms": 142}
{"ts": 100845, "svc": "gateway", "status": 200, "latency_ms": 143}
{"ts": 100845, "svc": "payment", "status": 200, "latency_ms": 144}
{"ts": 100845, "svc": "auth", "status": 200, "latency_ms": 145}
{"ts": 100846, "svc": "gateway", "status": 200, "latency_ms": 146}
{"ts": 100846, "svc": "payment", "status": 200, "latency_ms": 147}
{"ts": 100846, "svc": "auth", "status": 500, "latency_ms": 148}
{"ts": 100846, "svc": "gateway", "status": 200, "latency_ms": 149}
{"ts": 100846, "svc": "payment", "status": 200, "latency_ms": 100}
   
{"ts": 100846, "svc": "auth", "status": 200, "latency_ms": 101}
{"ts": 100847, "svc": "gateway", "status": 200, "latency_ms": 102}
{"ts": 100847, "svc": "payment", "status": 200, "latency_ms": 103}
{"ts": 100847, "svc": "auth", "status": 200, "latency_ms": 104}
{"ts": 100847, "svc": "gateway", "status": 200, "latency_ms": 105}
{"ts": 100847, "svc": "payment", "status": 500, "latency_ms": 106}
{"ts": 100847, "svc": "auth", "status": 200, "latency_ms": 107}
{"ts": 100848, "svc": "gateway", "status": 200, "latency_ms": 108}
{"ts": 100848, "svc": "payment", "status": 200, "latency_ms": 109}
{"ts": 100000, "svc": "auth", "status": 200, "latency_ms": 100, "x": 1}
{"ts": 100848, "svc": "auth", "status": 200, "latency_ms": 110}
{"ts": 100848, "svc": "gateway", "status": 200, "latency_ms": 111}
{"ts": 100848, "svc": "payment", "status": 200, "latency_ms": 112}
{"ts": 100848, "svc": "auth", "status": 200, "latency_ms": 113}
{"ts": 100849, "svc": "gateway", "status": 500, "latency_ms": 114}
{"ts": 100849, "svc": "payment", "status": 200, "latency_ms": 115}
{"ts": 100849, "svc": "auth", "status": 200, "latency_ms": 116}
{"ts": 100849, "svc": "gateway", "status": 200, "latency_ms": 117}
{"ts": 100849, "svc": "payment", "status": 200, "latency_ms": 118}
{"ts": 100849, "svc": "auth", "status": 200, "latency_ms": 119}
{"ts": 100850, "svc": "gateway", "status": 200, "latency_ms": 120}
{"ts": 100850, "svc": "payment", "status": 200, "latency_ms": 121}
{"ts": 100850, "svc": "auth", "status": 500, "latency_ms": 122}
{"ts": 100850, "svc": "gateway", "status": 200, "latency_ms": 123}
{"ts": 100850, "svc": "payment", "status": 200, "latency_ms": 124}
{"ts": 100850, "svc": "auth", "status": 200, "latency_ms": 125}
{"ts": 100851, "svc": "gateway", "status": 200, "latency_ms": 126}
{"ts": 100851, "svc": "payment", "status": 200, "latency_ms": 127}
{"ts": 100851, "svc": "auth", "status": 200, "latency_ms": 128}
{"ts": 100851, "svc": "gateway", "status": 200, "latency_ms": 129}
{"ts": 100851, "svc": "payment", "status": 500, "latency_ms": 130}
{"ts": 100851, "svc": "auth", "status": 200, "latency_ms": 131}
{"ts": 100852, "svc": "gateway", "status": 200, "latency_ms": 132}
{"ts": 100852, "svc": "payment", "status": 200, "latency_ms": 133}
{"ts": 100852, "svc": "auth", "status": 200, "latency_ms": 134}
{"ts": 100852, "svc": "gateway", "status": 200, "latency_ms": 135}
{"ts": 100852, "svc": "payment", "status": 200, "latency_ms": 136}
{"ts": 100852, "svc": "auth", "status": 200, "latency_ms": 137}
{"ts": 100853, "svc": "gateway", "status": 500, "latency_ms": 138}
{"ts": 100853, "svc": "payment", "status": 200, "latency_ms": 139}
{"ts": 100853, "svc": "auth", "status": 200, "latency_ms": 140}
{"ts": 100853, "svc": "gateway", "status": 200, "latency_ms": 141}
{"ts": 100853, "svc": "payment", "status": 200, "latency_ms": 142}
{"ts": 100853, "svc": "auth", "status": 200, "latency_ms": 143}
{"ts": 100854, "svc": "gateway", "status": 200, "latency_ms": 144}
{"ts": 100854, "svc": "payment", "status": 200, "latency_ms": 145}
{"ts": 100854, "svc": "auth", "status": 500, "latency_ms": 146}
{"ts": 100000, "svc": "gateway", "status": 200.0, "latency_ms": 100}
{"ts": 100854, "svc": "gateway", "status": 200, "latency_ms": 147}
{"ts": 100854, "svc": "payment", "status": 200, "latency_ms": 148}
{"ts": 100854, "svc": "auth", "status": 200, "latency_ms": 149}
{"ts": 100814, "svc": "gateway", "status": 500, "latency_ms": 100}
{"ts": 100824, "svc": "gateway", "status": 200, "latency_ms": 100}
{"ts": 100865, "svc": "payment", "status": 500, "latency_ms": 100}
   
{"ts": 100000, "svc": "auth", "status": 99, "latency_ms": 100}
{"ts": 100865, "svc": "auth", "status": 200, "latency_ms": 101}
{"ts": 100865, "svc": "gateway", "status": 200, "latency_ms": 102}
{"ts": 100865, "svc": "payment", "status": 200, "latency_ms": 103}
{"ts": 100865, "svc": "auth", "status": 200, "latency_ms": 104}
{"ts": 100865, "svc": "gateway", "status": 200, "latency_ms": 105}
{"ts": 100866, "svc": "payment", "status": 200, "latency_ms": 106}
{"ts": 100866, "svc": "auth", "status": 200, "latency_ms": 107}
{"ts": 100866, "svc": "gateway", "status": 500, "latency_ms": 108}
{"ts": 100866, "svc": "payment", "status": 200, "latency_ms": 109}
{"ts": 100866, "svc": "auth", "status": 200, "latency_ms": 110}
{"ts": 100866, "svc": "gateway", "status": 200, "latency_ms": 111}
{"ts": 100867, "svc": "payment", "status": 200, "latency_ms": 112}
{"ts": 100867, "svc": "auth", "status": 200, "latency_ms": 113}
{"ts": 100867, "svc": "gateway", "status": 200, "latency_ms": 114}
{"ts": 100867, "svc": "payment", "status": 200, "latency_ms": 115}
{"ts": 100867, "svc": "auth", "status": 500, "latency_ms": 116}
{"ts": 100867, "svc": "gateway", "status": 200, "latency_ms": 117}
{"ts": 100868, "svc": "payment", "status": 200, "latency_ms": 118}
{"ts": 100868, "svc": "auth", "status": 200, "latency_ms": 119}
{"ts": 100868, "svc": "gateway", "status": 200, "latency_ms": 120}
{"ts": 100868, "svc": "payment", "status": 200, "latency_ms": 121}
{"ts": 100868, "svc": "auth", "status": 200, "latency_ms": 122}
{"ts": 100868, "svc": "gateway", "status": 200, "latency_ms": 123}
{"ts": 100869, "svc": "payment", "status": 500, "latency_ms": 124}
{"ts": 100869, "svc": "auth", "status": 200, "latency_ms": 125}
{"ts": 100869, "svc": "gateway", "status": 200, "latency_ms": 126}
{"ts": 100869, "svc": "payment", "status": 200, "latency_ms": 127}
{"ts": 100869, "svc": "auth", "status": 200, "latency_ms": 128}
{"ts": 100869, "svc": "gateway", "status": 200, "latency_ms": 129}
{"ts": 100870, "svc": "payment", "status": 200, "latency_ms": 130}
{"ts": 100870, "svc": "auth", "status": 200, "latency_ms": 131}
{"ts": 100870, "svc": "gateway", "status": 500, "latency_ms": 132}
{"ts": 100870, "svc": "payment", "status": 200, "latency_ms": 133}
{"ts": 100870, "svc": "auth", "status": 200, "latency_ms": 134}
{"ts": 100870, "svc": "gateway", "status": 200, "latency_ms": 135}
{"ts": 100871, "svc": "payment", "status": 200, "latency_ms": 136}
{"ts": 100871, "svc": "auth", "status": 200, "latency_ms": 137}
{"ts": 100000, "svc": "billing", "status": 200, "latency_ms": 100}
{"ts": 100871, "svc": "gateway", "status": 200, "latency_ms": 138}
{"ts": 100871, "svc": "payment", "status": 200, "latency_ms": 139}
{"ts": 100871, "svc": "auth", "status": 500, "latency_ms": 140}
{"ts": 100871, "svc": "gateway", "status": 200, "latency_ms": 141}
{"ts": 100872, "svc": "payment", "status": 200, "latency_ms": 142}
{"ts": 100872, "svc": "auth", "status": 200, "latency_ms": 143}
{"ts": 100872, "svc": "gateway", "status": 200, "latency_ms": 144}
{"ts": 100872, "svc": "payment", "status": 200, "latency_ms": 145}
{"ts": 100872, "svc": "auth", "status": 200, "latency_ms": 146}
{"ts": 100872, "svc": "gateway", "status": 200, "latency_ms": 147}
{"ts": 100873, "svc": "payment", "status": 500, "latency_ms": 148}
{"ts": 100873, "svc": "auth", "status": 200, "latency_ms": 149}
{"ts": 100873, "svc": "gateway", "status": 200, "latency_ms": 100}
   
{"ts": 100873, "svc": "payment", "status": 200, "latency_ms": 101}
{"ts": 100873, "svc": "auth", "status": 200, "latency_ms": 102}
{"ts": 100873, "svc": "gateway", "status": 200, "latency_ms": 103}
{"ts": 100874, "svc": "payment", "status": 200, "latency_ms": 104}
{"ts": 100874, "svc": "auth", "status": 200, "latency_ms": 105}
{"ts": 100874, "svc": "gateway", "status": 500, "latency_ms": 106}
{"ts": 100874, "svc": "payment", "status": 200, "latency_ms": 107}
{"ts": 100874, "svc": "auth", "status": 200, "latency_ms": 108}
{"ts": 100874, "svc": "gateway", "status": 200, "latency_ms": 109}
{"ts": 100875, "svc": "payment", "status": 200, "latency_ms": 110}
{"ts": 100875, "svc": "auth", "status": 200, "latency_ms": 111}
{"ts": 100875, "svc": "gateway", "status": 200, "latency_ms": 112}
{"ts": 100875, "svc": "payment", "status": 200, "latency_ms": 113}
{"ts": 100875, "svc": "auth", "status": 500, "latency_ms": 114}
{"ts": 100875, "svc": "gateway", "status": 200, "latency_ms": 115}
{"ts": 100876, "svc": "payment", "status": 200, "latency_ms": 116}
{"ts": 100876, "svc": "auth", "status": 200, "latency_ms": 117}
{"ts": 100876, "svc": "gateway", "status": 200, "latency_ms": 118}
{"ts": 100876, "svc": "payment", "status": 200, "latency_ms": 119}
{"ts": 100876, "svc": "auth", "status": 200, "latency_ms": 120}
{"ts": 100876, "svc": "gateway", "status": 200, "latency_ms": 121}
{"ts": 100877, "svc": "payment", "status": 500, "latency_ms": 122}
{"ts": 100877, "svc": "auth", "status": 200, "latency_ms": 123}
{"ts": 100877, "svc": "gateway", "status": 200, "latency_ms": 124}
{"ts": 100000, "svc": "gateway", "status": 200, "latency_ms": 1001}
{"ts": 100877, "svc": "payment", "status": 200, "latency_ms": 125}
{"ts": 100877, "svc": "auth", "status": 200, "latency_ms": 126}
{"ts": 100877, "svc": "gateway", "status": 200, "latency_ms": 127}
{"ts": 100878, "svc": "payment", "status": 200, "latency_ms": 128}
{"ts": 100878, "svc": "auth", "status": 200, "latency_ms": 129}
{"ts": 100878, "svc": "gateway", "status": 500, "latency_ms": 130}
{"ts": 100878, "svc": "payment", "status": 200, "latency_ms": 131}
{"ts": 100878, "svc": "auth", "status": 200, "latency_ms": 132}
{"ts": 100878, "svc": "gateway", "status": 200, "latency_ms": 133}
{"ts": 100879, "svc": "payment", "status": 200, "latency_ms": 134}
{"ts": 100879, "svc": "auth", "status": 200, "latency_ms": 135}
{"ts": 100879, "svc": "gateway", "status": 200, "latency_ms": 136}
{"ts": 100879, "svc": "payment", "status": 200, "latency_ms": 137}
{"ts": 100879, "svc": "auth", "status": 500, "latency_ms": 138}
{"ts": 100879, "svc": "gateway", "status": 200, "latency_ms": 139}
{"ts": 100880, "svc": "payment", "status": 200, "latency_ms": 140}
{"ts": 100880, "svc": "auth", "status": 200, "latency_ms": 141}
{"ts": 100880, "svc": "gateway", "status": 200, "latency_ms": 142}
{"ts": 100880, "svc": "payment", "status": 200, "latency_ms": 143}
{"ts": 100880, "svc": "auth", "status": 200, "latency_ms": 144}
{"ts": 100880, "svc": "gateway", "status": 200, "latency_ms": 145}
{"ts": 100881, "svc": "payment", "status": 500, "latency_ms": 146}
{"ts": 100881, "svc": "auth", "status": 200, "latency_ms": 147}
{"ts": 100881, "svc": "gateway", "status": 200, "latency_ms": 148}
{"ts": 100881, "svc": "payment", "status": 200, "latency_ms": 149}
{"ts": 100881, "svc": "auth", "status": 200, "latency_ms": 100}
   
{"ts": 100881, "svc": "gateway", "status": 200, "latency_ms": 101}
{"ts": 100882, "svc": "payment", "status": 200, "latency_ms": 102}
{"ts": 100882, "svc": "auth", "status": 200, "latency_ms": 103}
{"ts": 100882, "svc": "gateway", "status": 500, "latency_ms": 104}
{"ts": 100882, "svc": "payment", "status": 200, "latency_ms": 105}
{"ts": 100882, "svc": "auth", "status": 200, "latency_ms": 106}
{"ts": 100882, "svc": "gateway", "status": 200, "latency_ms": 107}
{"ts": 100883, "svc": "payment", "status": 200, "latency_ms": 108}
{"ts": 100883, "svc": "auth", "status": 200, "latency_ms": 109}
{"ts": 100883, "svc": "gateway", "status": 200, "latency_ms": 110}
{"ts": 100883, "svc": "payment", "status": 200, "latency_ms": 111}
{"ts": 100000, "svc": "payment", "status": 200, "latency_ms": false}
{"ts": 100883, "svc": "auth", "status": 500, "latency_ms": 112}
{"ts": 100883, "svc": "gateway", "status": 200, "latency_ms": 113}
{"ts": 100884, "svc": "payment", "status": 200, "latency_ms": 114}
{"ts": 100884, "svc": "auth", "status": 200, "latency_ms": 115}
{"ts": 100884, "svc": "gateway", "status": 200, "latency_ms": 116}
{"ts": 100884, "svc": "payment", "status": 200, "latency_ms": 117}
{"ts": 100884, "svc": "auth", "status": 200, "latency_ms": 118}
{"ts": 100884, "svc": "gateway", "status": 200, "latency_ms": 119}
{"ts": 100885, "svc": "payment", "status": 500, "latency_ms": 120}
{"ts": 100885, "svc": "auth", "status": 200, "latency_ms": 121}
{"ts": 100885, "svc": "gateway", "status": 200, "latency_ms": 122}
{"ts": 100885, "svc": "payment", "status": 200, "latency_ms": 123}
{"ts": 100885, "svc": "auth", "status": 200, "latency_ms": 124}
{"ts": 100885, "svc": "gateway", "status": 200, "latency_ms": 125}
{"ts": 100886, "svc": "payment", "status": 200, "latency_ms": 126}
{"ts": 100886, "svc": "auth", "status": 200, "latency_ms": 127}
{"ts": 100886, "svc": "gateway", "status": 500, "latency_ms": 128}
{"ts": 100886, "svc": "payment", "status": 200, "latency_ms": 129}
{"ts": 100886, "svc": "auth", "status": 200, "latency_ms": 130}
{"ts": 100886, "svc": "gateway", "status": 200, "latency_ms": 131}
{"ts": 100887, "svc": "payment", "status": 200, "latency_ms": 132}
{"ts": 100887, "svc": "auth", "status": 200, "latency_ms": 133}
{"ts": 100887, "svc": "gateway", "status": 200, "latency_ms": 134}
{"ts": 100887, "svc": "payment", "status": 200, "latency_ms": 135}
{"ts": 100887, "svc": "auth", "status": 500, "latency_ms": 136}
{"ts": 100887, "svc": "gateway", "status": 200, "latency_ms": 137}
{"ts": 100888, "svc": "payment", "status": 200, "latency_ms": 138}
{"ts": 100888, "svc": "auth", "status": 200, "latency_ms": 139}
{"ts": 100888, "svc": "gateway", "status": 200, "latency_ms": 140}
{"ts": 100888, "svc": "payment", "status": 200, "latency_ms": 141}
{"ts": 100888, "svc": "auth", "status": 200, "latency_ms": 142}
{"ts": 100888, "svc": "gateway", "status": 200, "latency_ms": 143}
{"ts": 100889, "svc": "payment", "status": 500, "latency_ms": 144}
{"ts": 100889, "svc": "auth", "status": 200, "latency_ms": 145}
{"ts": 100889, "svc": "gateway", "status": 200, "latency_ms": 146}
{"ts": 100889, "svc": "payment", "status": 200, "latency_ms": 147}
{"ts": 100889, "svc": "auth", "status": 200, "latency_ms": 148}
definitely not json {{
{"ts": 100889, "svc": "gateway", "status": 200, "latency_ms": 149}
{"ts": 100890, "svc": "payment", "status": 200, "latency_ms": 100}
   
{"ts": 100890, "svc": "auth", "status": 200, "latency_ms": 101}
{"ts": 100890, "svc": "gateway", "status": 500, "latency_ms": 102}
{"ts": 100890, "svc": "payment", "status": 200, "latency_ms": 103}
{"ts": 100890, "svc": "auth", "status": 200, "latency_ms": 104}
{"ts": 100890, "svc": "gateway", "status": 200, "latency_ms": 105}
{"ts": 100891, "svc": "payment", "status": 200, "latency_ms": 106}
{"ts": 100891, "svc": "auth", "status": 200, "latency_ms": 107}
{"ts": 100891, "svc": "gateway", "status": 200, "latency_ms": 108}
{"ts": 100891, "svc": "payment", "status": 200, "latency_ms": 109}
{"ts": 100891, "svc": "auth", "status": 500, "latency_ms": 110}
{"ts": 100891, "svc": "gateway", "status": 200, "latency_ms": 111}
{"ts": 100892, "svc": "payment", "status": 200, "latency_ms": 112}
{"ts": 100892, "svc": "auth", "status": 200, "latency_ms": 113}
{"ts": 100892, "svc": "gateway", "status": 200, "latency_ms": 114}
{"ts": 100892, "svc": "payment", "status": 200, "latency_ms": 115}
{"ts": 100892, "svc": "auth", "status": 200, "latency_ms": 116}
{"ts": 100892, "svc": "gateway", "status": 200, "latency_ms": 117}
{"ts": 100893, "svc": "payment", "status": 500, "latency_ms": 118}
{"ts": 100893, "svc": "auth", "status": 200, "latency_ms": 119}
{"ts": 100893, "svc": "gateway", "status": 200, "latency_ms": 120}
{"ts": 100893, "svc": "payment", "status": 200, "latency_ms": 121}
{"ts": 100893, "svc": "auth", "status": 200, "latency_ms": 122}
{"ts": 100893, "svc": "gateway", "status": 200, "latency_ms": 123}
{"ts": 100894, "svc": "payment", "status": 200, "latency_ms": 124}
{"ts": 100894, "svc": "auth", "status": 200, "latency_ms": 125}
{"ts": 100894, "svc": "gateway", "status": 500, "latency_ms": 126}
{"ts": 100894, "svc": "payment", "status": 200, "latency_ms": 127}
{"ts": 100894, "svc": "auth", "status": 200, "latency_ms": 128}
{"ts": 100894, "svc": "gateway", "status": 200, "latency_ms": 129}
{"ts": 100895, "svc": "payment", "status": 200, "latency_ms": 130}
{"ts": 100895, "svc": "auth", "status": 200, "latency_ms": 131}
{"ts": 100895, "svc": "gateway", "status": 200, "latency_ms": 132}
{"ts": 100895, "svc": "payment", "status": 200, "latency_ms": 133}
{"ts": 100895, "svc": "auth", "status": 500, "latency_ms": 134}
{"ts": 100895, "svc": "gateway", "status": 200, "latency_ms": 135}
{"ts": 100000, "svc": "auth", "status": 200}
{"ts": 100896, "svc": "payment", "status": 200, "latency_ms": 136}
{"ts": 100896, "svc": "auth", "status": 200, "latency_ms": 137}
{"ts": 100896, "svc": "gateway", "status": 200, "latency_ms": 138}
{"ts": 100896, "svc": "payment", "status": 200, "latency_ms": 139}
{"ts": 100896, "svc": "auth", "status": 200, "latency_ms": 140}
{"ts": 100896, "svc": "gateway", "status": 200, "latency_ms": 141}
{"ts": 100897, "svc": "payment", "status": 500, "latency_ms": 142}
{"ts": 100897, "svc": "auth", "status": 200, "latency_ms": 143}
{"ts": 100897, "svc": "gateway", "status": 200, "latency_ms": 144}
{"ts": 100897, "svc": "payment", "status": 200, "latency_ms": 145}
{"ts": 100897, "svc": "auth", "status": 200, "latency_ms": 146}
{"ts": 100897, "svc": "gateway", "status": 200, "latency_ms": 147}
{"ts": 100898, "svc": "payment", "status": 200, "latency_ms": 148}
{"ts": 100898, "svc": "auth", "status": 200, "latency_ms": 149}
{"ts": 100898, "svc": "gateway", "status": 500, "latency_ms": 100}
   
{"ts": 100898, "svc": "payment", "status": 200, "latency_ms": 101}
{"ts": 100898, "svc": "auth", "status": 200, "latency_ms": 102}
{"ts": 100898, "svc": "gateway", "status": 200, "latency_ms": 103}
{"ts": 100899, "svc": "payment", "status": 200, "latency_ms": 104}
{"ts": 100899, "svc": "auth", "status": 200, "latency_ms": 105}
{"ts": 100899, "svc": "gateway", "status": 200, "latency_ms": 106}
{"ts": 100899, "svc": "payment", "status": 200, "latency_ms": 107}
{"ts": 100899, "svc": "auth", "status": 500, "latency_ms": 108}
{"ts": 100899, "svc": "gateway", "status": 200, "latency_ms": 109}
{"ts": 100900, "svc": "payment", "status": 200, "latency_ms": 110}
{"ts": 100900, "svc": "auth", "status": 200, "latency_ms": 111}
{"ts": 100900, "svc": "gateway", "status": 200, "latency_ms": 112}
{"ts": 100900, "svc": "payment", "status": 200, "latency_ms": 113}
{"ts": 100900, "svc": "auth", "status": 200, "latency_ms": 114}
{"ts": 100900, "svc": "gateway", "status": 200, "latency_ms": 115}
{"ts": 100901, "svc": "payment", "status": 500, "latency_ms": 116}
{"ts": 100901, "svc": "auth", "status": 200, "latency_ms": 117}
{"ts": 100901, "svc": "gateway", "status": 200, "latency_ms": 118}
{"ts": 100901, "svc": "payment", "status": 200, "latency_ms": 119}
{"ts": 100901, "svc": "auth", "status": 200, "latency_ms": 120}
{"ts": 100901, "svc": "gateway", "status": 200, "latency_ms": 121}
{"ts": 100902, "svc": "payment", "status": 200, "latency_ms": 122}
{"ts": 100000, "svc": "auth", "status": 200, "latency_ms": 100, "x": 1}
{"ts": 100902, "svc": "auth", "status": 200, "latency_ms": 123}
{"ts": 100902, "svc": "gateway", "status": 500, "latency_ms": 124}
{"ts": 100902, "svc": "payment", "status": 200, "latency_ms": 125}
{"ts": 100902, "svc": "auth", "status": 200, "latency_ms": 126}
{"ts": 100902, "svc": "gateway", "status": 200, "latency_ms": 127}
{"ts": 100903, "svc": "payment", "status": 200, "latency_ms": 128}
{"ts": 100903, "svc": "auth", "status": 200, "latency_ms": 129}
{"ts": 100903, "svc": "gateway", "status": 200, "latency_ms": 130}
{"ts": 100903, "svc": "payment", "status": 200, "latency_ms": 131}
{"ts": 100903, "svc": "auth", "status": 500, "latency_ms": 132}
{"ts": 100903, "svc": "gateway", "status": 200, "latency_ms": 133}
{"ts": 100904, "svc": "payment", "status": 200, "latency_ms": 134}
{"ts": 100904, "svc": "auth", "status": 200, "latency_ms": 135}
{"ts": 100904, "svc": "gateway", "status": 200, "latency_ms": 136}
{"ts": 100904, "svc": "payment", "status": 200, "latency_ms": 137}
{"ts": 100904, "svc": "auth", "status": 200, "latency_ms": 138}
{"ts": 100904, "svc": "gateway", "status": 200, "latency_ms": 139}
{"ts": 100905, "svc": "payment", "status": 500, "latency_ms": 140}
{"ts": 100905, "svc": "auth", "status": 200, "latency_ms": 141}
{"ts": 100905, "svc": "gateway", "status": 200, "latency_ms": 142}
{"ts": 100905, "svc": "payment", "status": 200, "latency_ms": 143}
{"ts": 100905, "svc": "auth", "status": 200, "latency_ms": 144}
{"ts": 100905, "svc": "gateway", "status": 200, "latency_ms": 145}
{"ts": 100906, "svc": "payment", "status": 200, "latency_ms": 146}
{"ts": 100906, "svc": "auth", "status": 200, "latency_ms": 147}
{"ts": 100906, "svc": "gateway", "status": 500, "latency_ms": 148}
{"ts": 100906, "svc": "payment", "status": 200, "latency_ms": 149}
{"ts": 100906, "svc": "auth", "status": 200, "latency_ms": 100}
   
{"ts": 100906, "svc": "gateway", "status": 200, "latency_ms": 101}
{"ts": 100907, "svc": "payment", "status": 200, "latency_ms": 102}
{"ts": 100907, "svc": "auth", "status": 200, "latency_ms": 103}
{"ts": 100907, "svc": "gateway", "status": 200, "latency_ms": 104}
{"ts": 100907, "svc": "payment", "status": 200, "latency_ms": 105}
{"ts": 100907, "svc": "auth", "status": 500, "latency_ms": 106}
{"ts": 100907, "svc": "gateway", "status": 200, "latency_ms": 107}
{"ts": 100908, "svc": "payment", "status": 200, "latency_ms": 108}
{"ts": 100908, "svc": "auth", "status": 200, "latency_ms": 109}
{"ts": 100000, "svc": "gateway", "status": 200.0, "latency_ms": 100}
{"ts": 100908, "svc": "gateway", "status": 200, "latency_ms": 110}
{"ts": 100908, "svc": "payment", "status": 200, "latency_ms": 111}
{"ts": 100908, "svc": "auth", "status": 200, "latency_ms": 112}
{"ts": 100908, "svc": "gateway", "status": 200, "latency_ms": 113}
{"ts": 100909, "svc": "payment", "status": 500, "latency_ms": 114}
{"ts": 100909, "svc": "auth", "status": 200, "latency_ms": 115}
{"ts": 100909, "svc": "gateway", "status": 200, "latency_ms": 116}
{"ts": 100909, "svc": "payment", "status": 200, "latency_ms": 117}
{"ts": 100909, "svc": "auth", "status": 200, "latency_ms": 118}
{"ts": 100909, "svc": "gateway", "status": 200, "latency_ms": 119}
{"ts": 100910, "svc": "payment", "status": 200, "latency_ms": 120}
{"ts": 100910, "svc": "auth", "status": 200, "latency_ms": 121}
{"ts": 100910, "svc": "gateway", "status": 500, "latency_ms": 122}
{"ts": 100910, "svc": "payment", "status": 200, "latency_ms": 123}
{"ts": 100910, "svc": "auth", "status": 200, "latency_ms": 124}
{"ts": 100910, "svc": "gateway", "status": 200, "latency_ms": 125}
{"ts": 100911, "svc": "payment", "status": 200, "latency_ms": 126}
{"ts": 100911, "svc": "auth", "status": 200, "latency_ms": 127}
{"ts": 100911, "svc": "gateway", "status": 200, "latency_ms": 128}
{"ts": 100911, "svc": "payment", "status": 200, "latency_ms": 129}
{"ts": 100911, "svc": "auth", "status": 500, "latency_ms": 130}
{"ts": 100911, "svc": "gateway", "status": 200, "latency_ms": 131}
{"ts": 100912, "svc": "payment", "status": 200, "latency_ms": 132}
{"ts": 100912, "svc": "auth", "status": 200, "latency_ms": 133}
{"ts": 100912, "svc": "gateway", "status": 200, "latency_ms": 134}
{"ts": 100912, "svc": "payment", "status": 200, "latency_ms": 135}
{"ts": 100912, "svc": "auth", "status": 200, "latency_ms": 136}
{"ts": 100912, "svc": "gateway", "status": 200, "latency_ms": 137}
{"ts": 100913, "svc": "payment", "status": 500, "latency_ms": 138}
{"ts": 100913, "svc": "auth", "status": 200, "latency_ms": 139}
{"ts": 100913, "svc": "gateway", "status": 200, "latency_ms": 140}
{"ts": 100913, "svc": "payment", "status": 200, "latency_ms": 141}
{"ts": 100913, "svc": "auth", "status": 200, "latency_ms": 142}
{"ts": 100913, "svc": "gateway", "status": 200, "latency_ms": 143}
{"ts": 100914, "svc": "payment", "status": 200, "latency_ms": 144}
{"ts": 100914, "svc": "auth", "status": 200, "latency_ms": 145}
{"ts": 100914, "svc": "gateway", "status": 500, "latency_ms": 146}
{"ts": true, "svc": "payment", "status": 200, "latency_ms": 100}
{"ts": 100914, "svc": "payment", "status": 200, "latency_ms": 147}
{"ts": 100914, "svc": "auth", "status": 200, "latency_ms": 148}
{"ts": 100914, "svc": "gateway", "status": 200, "latency_ms": 149}
{"ts": 100874, "svc": "payment", "status": 500, "latency_ms": 100}
{"ts": 100884, "svc": "payment", "status": 200, "latency_ms": 100}
{"ts": 100925, "svc": "auth", "status": 500, "latency_ms": 100}
   
{"ts": 100000, "svc": "billing", "status": 200, "latency_ms": 100}
{"ts": 100925, "svc": "gateway", "status": 200, "latency_ms": 101}
{"ts": 100925, "svc": "payment", "status": 200, "latency_ms": 102}
{"ts": 100925, "svc": "auth", "status": 200, "latency_ms": 103}
{"ts": 100925, "svc": "gateway", "status": 200, "latency_ms": 104}
{"ts": 100925, "svc": "payment", "status": 200, "latency_ms": 105}
{"ts": 100926, "svc": "auth", "status": 200, "latency_ms": 106}
{"ts": 100926, "svc": "gateway", "status": 200, "latency_ms": 107}
{"ts": 100926, "svc": "payment", "status": 500, "latency_ms": 108}
{"ts": 100926, "svc": "auth", "status": 200, "latency_ms": 109}
{"ts": 100926, "svc": "gateway", "status": 200, "latency_ms": 110}
{"ts": 100926, "svc": "payment", "status": 200, "latency_ms": 111}
{"ts": 100927, "svc": "auth", "status": 200, "latency_ms": 112}
{"ts": 100927, "svc": "gateway", "status": 200, "latency_ms": 113}
{"ts": 100927, "svc": "payment", "status": 200, "latency_ms": 114}
{"ts": 100927, "svc": "auth", "status": 200, "latency_ms": 115}
{"ts": 100927, "svc": "gateway", "status": 500, "latency_ms": 116}
{"ts": 100927, "svc": "payment", "status": 200, "latency_ms": 117}
{"ts": 100928, "svc": "auth", "status": 200, "latency_ms": 118}
{"ts": 100928, "svc": "gateway", "status": 200, "latency_ms": 119}
{"ts": 100928, "svc": "payment", "status": 200, "latency_ms": 120}
{"ts": 100928, "svc": "auth", "status": 200, "latency_ms": 121}
{"ts": 100928, "svc": "gateway", "status": 200, "latency_ms": 122}
{"ts": 100928, "svc": "payment", "status": 200, "latency_ms": 123}
{"ts": 100929, "svc": "auth", "status": 500, "latency_ms": 124}
{"ts": 100929, "svc": "gateway", "status": 200, "latency_ms": 125}
{"ts": 100929, "svc": "payment", "status": 200, "latency_ms": 126}
{"ts": 100929, "svc": "auth", "status": 200, "latency_ms": 127}
{"ts": 100929, "svc": "gateway", "status": 200, "latency_ms": 128}
{"ts": 100929, "svc": "payment", "status": 200, "latency_ms": 129}
{"ts": 100930, "svc": "auth", "status": 200, "latency_ms": 130}
{"ts": 100930, "svc": "gateway", "status": 200, "latency_ms": 131}
{"ts": 100930, "svc": "payment", "status": 500, "latency_ms": 132}
{"ts": 100930, "svc": "auth", "status": 200, "latency_ms": 133}
{"ts": 100930, "svc": "gateway", "status": 200, "latency_ms": 134}
{"ts": 100930, "svc": "payment", "status": 200, "latency_ms": 135}
{"ts": 100931, "svc": "auth", "status": 200, "latency_ms": 136}
{"ts": 100931, "svc": "gateway", "status": 200, "latency_ms": 137}
{"ts": 100000, "svc": "gateway", "status": 200, "latency_ms": 1001}
{"ts": 100931, "svc": "payment", "status": 200, "latency_ms": 138}
{"ts": 100931, "svc": "auth", "status": 200, "latency_ms": 139}
{"ts": 100931, "svc": "gateway", "status": 500, "latency_ms": 140}
{"ts": 100931, "svc": "payment", "status": 200, "latency_ms": 141}
{"ts": 100932, "svc": "auth", "status": 200, "latency_ms": 142}
{"ts": 100932, "svc": "gateway", "status": 200, "latency_ms": 143}
{"ts": 100932, "svc": "payment", "status": 200, "latency_ms": 144}
{"ts": 100932, "svc": "auth", "status": 200, "latency_ms": 145}
{"ts": 100932, "svc": "gateway", "status": 200, "latency_ms": 146}
{"ts": 100932, "svc": "payment", "status": 200, "latency_ms": 147}
{"ts": 100933, "svc": "auth", "status": 500, "latency_ms": 148}
{"ts": 100933, "svc": "gateway", "status": 200, "latency_ms": 149}
{"ts": 100933, "svc": "payment", "status": 200, "latency_ms": 100}
   
{"ts": 100933, "svc": "auth", "status": 200, "latency_ms": 101}
{"ts": 100933, "svc": "gateway", "status": 200, "latency_ms": 102}
{"ts": 100933, "svc": "payment", "status": 200, "latency_ms": 103}
{"ts": 100934, "svc": "auth", "status": 200, "latency_ms": 104}
{"ts": 100934, "svc": "gateway", "status": 200, "latency_ms": 105}
{"ts": 100934, "svc": "payment", "status": 500, "latency_ms": 106}
{"ts": 100934, "svc": "auth", "status": 200, "latency_ms": 107}
{"ts": 100934, "svc": "gateway", "status": 200, "latency_ms": 108}
{"ts": 100934, "svc": "payment", "status": 200, "latency_ms": 109}
{"ts": 100935, "svc": "auth", "status": 200, "latency_ms": 110}
{"ts": 100935, "svc": "gateway", "status": 200, "latency_ms": 111}
{"ts": 100935, "svc": "payment", "status": 200, "latency_ms": 112}
{"ts": 100935, "svc": "auth", "status": 200, "latency_ms": 113}
{"ts": 100935, "svc": "gateway", "status": 500, "latency_ms": 114}
{"ts": 100935, "svc": "payment", "status": 200, "latency_ms": 115}
{"ts": 100936, "svc": "auth", "status": 200, "latency_ms": 116}
{"ts": 100936, "svc": "gateway", "status": 200, "latency_ms": 117}
{"ts": 100936, "svc": "payment", "status": 200, "latency_ms": 118}
{"ts": 100936, "svc": "auth", "status": 200, "latency_ms": 119}
{"ts": 100936, "svc": "gateway", "status": 200, "latency_ms": 120}
{"ts": 100936, "svc": "payment", "status": 200, "latency_ms": 121}
{"ts": 100937, "svc": "auth", "status": 500, "latency_ms": 122}
{"ts": 100937, "svc": "gateway", "status": 200, "latency_ms": 123}
{"ts": 100937, "svc": "payment", "status": 200, "latency_ms": 124}
{"ts": 100000, "svc": "payment", "status": 200, "latency_ms": false}
{"ts": 100937, "svc": "auth", "status": 200, "latency_ms": 125}
{"ts": 100937, "svc": "gateway", "status": 200, "latency_ms": 126}
{"ts": 100937, "svc": "payment", "status": 200, "latency_ms": 127}
{"ts": 100938, "svc": "auth", "status": 200, "latency_ms": 128}
{"ts": 100938, "svc": "gateway", "status": 200, "latency_ms": 129}
{"ts": 100938, "svc": "payment", "status": 500, "latency_ms": 130}
{"ts": 100938, "svc": "auth", "status": 200, "latency_ms": 131}
{"ts": 100938, "svc": "gateway", "status": 200, "latency_ms": 132}
{"ts": 100938, "svc": "payment", "status": 200, "latency_ms": 133}
{"ts": 100939, "svc": "auth", "status": 200, "latency_ms": 134}
{"ts": 100939, "svc": "gateway", "status": 200, "latency_ms": 135}
{"ts": 100939, "svc": "payment", "status": 200, "latency_ms": 136}
{"ts": 100939, "svc": "auth", "status": 200, "latency_ms": 137}
{"ts": 100939, "svc": "gateway", "status": 500, "latency_ms": 138}
{"ts": 100939, "svc": "payment", "status": 200, "latency_ms": 139}
{"ts": 100940, "svc": "auth", "status": 200, "latency_ms": 140}
{"ts": 100940, "svc": "gateway", "status": 200, "latency_ms": 141}
{"ts": 100940, "svc": "payment", "status": 200, "latency_ms": 142}
{"ts": 100940, "svc": "auth", "status": 200, "latency_ms": 143}
{"ts": 100940, "svc": "gateway", "status": 200, "latency_ms": 144}
{"ts": 100940, "svc": "payment", "status": 200, "latency_ms": 145}
{"ts": 100941, "svc": "auth", "status": 500, "latency_ms": 146}
{"ts": 100941, "svc": "gateway", "status": 200, "latency_ms": 147}
{"ts": 100941, "svc": "payment", "status": 200, "latency_ms": 148}
{"ts": 100941, "svc": "auth", "status": 200, "latency_ms": 149}
{"ts": 100941, "svc": "gateway", "status": 200, "latency_ms": 100}
   
{"ts": 100941, "svc": "payment", "status": 200, "latency_ms": 101}
{"ts": 100942, "svc": "auth", "status": 200, "latency_ms": 102}
{"ts": 100942, "svc": "gateway", "status": 200, "latency_ms": 103}
{"ts": 100942, "svc": "payment", "status": 500, "latency_ms": 104}
{"ts": 100942, "svc": "auth", "status": 200, "latency_ms": 105}
{"ts": 100942, "svc": "gateway", "status": 200, "latency_ms": 106}
{"ts": 100942, "svc": "payment", "status": 200, "latency_ms": 107}
{"ts": 100943, "svc": "auth", "status": 200, "latency_ms": 108}
{"ts": 100943, "svc": "gateway", "status": 200, "latency_ms": 109}
{"ts": 100943, "svc": "payment", "status": 200, "latency_ms": 110}
{"ts": 100943, "svc": "auth", "status": 200, "latency_ms": 111}
definitely not json {{
{"ts": 100943, "svc": "gateway", "status": 500, "latency_ms": 112}
{"ts": 100943, "svc": "payment", "status": 200, "latency_ms": 113}
{"ts": 100944, "svc": "auth", "status": 200, "latency_ms": 114}
{"ts": 100944, "svc": "gateway", "status": 200, "latency_ms": 115}
{"ts": 100944, "svc": "payment", "status": 200, "latency_ms": 116}
{"ts": 100944, "svc": "auth", "status": 200, "latency_ms": 117}
{"ts": 100944, "svc": "gateway", "status": 200, "latency_ms": 118}
{"ts": 100944, "svc": "payment", "status": 200, "latency_ms": 119}
{"ts": 100945, "svc": "auth", "status": 500, "latency_ms": 120}
{"ts": 100945, "svc": "gateway", "status": 200, "latency_ms": 121}
{"ts": 100945, "svc": "payment", "status": 200, "latency_ms": 122}
{"ts": 100945, "svc": "auth", "status": 200, "latency_ms": 123}
{"ts": 100945, "svc": "gateway", "status": 200, "latency_ms": 124}
{"ts": 100945, "svc": "payment", "status": 200, "latency_ms": 125}
{"ts": 100946, "svc": "auth", "status": 200, "latency_ms": 126}
{"ts": 100946, "svc": "gateway", "status": 200, "latency_ms": 127}
{"ts": 100946, "svc": "payment", "status": 500, "latency_ms": 128}
{"ts": 100946, "svc": "auth", "status": 200, "latency_ms": 129}
{"ts": 100946, "svc": "gateway", "status": 200, "latency_ms": 130}
{"ts": 100946, "svc": "payment", "status": 200, "latency_ms": 131}
{"ts": 100947, "svc": "auth", "status": 200, "latency_ms": 132}
{"ts": 100947, "svc": "gateway", "status": 200, "latency_ms": 133}
{"ts": 100947, "svc": "payment", "status": 200, "latency_ms": 134}
{"ts": 100947, "svc": "auth", "status": 200, "latency_ms": 135}
{"ts": 100947, "svc": "gateway", "status": 500, "latency_ms": 136}
{"ts": 100947, "svc": "payment", "status": 200, "latency_ms": 137}
{"ts": 100948, "svc": "auth", "status": 200, "latency_ms": 138}
{"ts": 100948, "svc": "gateway", "status": 200, "latency_ms": 139}
{"ts": 100948, "svc": "payment", "status": 200, "latency_ms": 140}
{"ts": 100948, "svc": "auth", "status": 200, "latency_ms": 141}
{"ts": 100948, "svc": "gateway", "status": 200, "latency_ms": 142}
{"ts": 100948, "svc": "payment", "status": 200, "latency_ms": 143}
{"ts": 100949, "svc": "auth", "status": 500, "latency_ms": 144}
{"ts": 100949, "svc": "gateway", "status": 200, "latency_ms": 145}
{"ts": 100949, "svc": "payment", "status": 200, "latency_ms": 146}
{"ts": 100949, "svc": "auth", "status": 200, "latency_ms": 147}
{"ts": 100949, "svc": "gateway", "status": 200, "latency_ms": 148}
{"ts": 100000, "svc": "auth", "status": 200}
{"ts": 100949, "svc": "payment", "status": 200, "latency_ms": 149}
{"ts": 100950, "svc": "auth", "status": 200, "latency_ms": 100}
   
{"ts": 100950, "svc": "gateway", "status": 200, "latency_ms": 101}
{"ts": 100950, "svc": "payment", "status": 500, "latency_ms": 102}
{"ts": 100950, "svc": "auth", "status": 200, "latency_ms": 103}
{"ts": 100950, "svc": "gateway", "status": 200, "latency_ms": 104}
{"ts": 100950, "svc": "payment", "status": 200, "latency_ms": 105}
{"ts": 100951, "svc": "auth", "status": 200, "latency_ms": 106}
{"ts": 100951, "svc": "gateway", "status": 200, "latency_ms": 107}
{"ts": 100951, "svc": "payment", "status": 200, "latency_ms": 108}
{"ts": 100951, "svc": "auth", "status": 200, "latency_ms": 109}
{"ts": 100951, "svc": "gateway", "status": 500, "latency_ms": 110}
{"ts": 100951, "svc": "payment", "status": 200, "latency_ms": 111}
{"ts": 100952, "svc": "auth", "status": 200, "latency_ms": 112}
{"ts": 100952, "svc": "gateway", "status": 200, "latency_ms": 113}
{"ts": 100952, "svc": "payment", "status": 200, "latency_ms": 114}
{"ts": 100952, "svc": "auth", "status": 200, "latency_ms": 115}
{"ts": 100952, "svc": "gateway", "status": 200, "latency_ms": 116}
{"ts": 100952, "svc": "payment", "status": 200, "latency_ms": 117}
{"ts": 100953, "svc": "auth", "status": 500, "latency_ms": 118}
{"ts": 100953, "svc": "gateway", "status": 200, "latency_ms": 119}
{"ts": 100953, "svc": "payment", "status": 200, "latency_ms": 120}
{"ts": 100953, "svc": "auth", "status": 200, "latency_ms": 121}
{"ts": 100953, "svc": "gateway", "status": 200, "latency_ms": 122}
{"ts": 100953, "svc": "payment", "status": 200, "latency_ms": 123}
{"ts": 100954, "svc": "auth", "status": 200, "latency_ms": 124}
{"ts": 100954, "svc": "gateway", "status": 200, "latency_ms": 125}
{"ts": 100954, "svc": "payment", "status": 500, "latency_ms": 126}
{"ts": 100954, "svc": "auth", "status": 200, "latency_ms": 127}
{"ts": 100954, "svc": "gateway", "status": 200, "latency_ms": 128}
{"ts": 100954, "svc": "payment", "status": 200, "latency_ms": 129}
{"ts": 100955, "svc": "auth", "status": 200, "latency_ms": 130}
{"ts": 100955, "svc": "gateway", "status": 200, "latency_ms": 131}
{"ts": 100955, "svc": "payment", "status": 200, "latency_ms": 132}
{"ts": 100955, "svc": "auth", "status": 200, "latency_ms": 133}
{"ts": 100955, "svc": "gateway", "status": 500, "latency_ms": 134}
{"ts": 100955, "svc": "payment", "status": 200, "latency_ms": 135}
{"ts": 100000, "svc": "auth", "status": 200, "latency_ms": 100, "x": 1}
{"ts": 100956, "svc": "auth", "status": 200, "latency_ms": 136}
{"ts": 100956, "svc": "gateway", "status": 200, "latency_ms": 137}
{"ts": 100956, "svc": "payment", "status": 200, "latency_ms": 138}
{"ts": 100956, "svc": "auth", "status": 200, "latency_ms": 139}
{"ts": 100956, "svc": "gateway", "status": 200, "latency_ms": 140}
{"ts": 100956, "svc": "payment", "status": 200, "latency_ms": 141}
{"ts": 100957, "svc": "auth", "status": 500, "latency_ms": 142}
{"ts": 100957, "svc": "gateway", "status": 200, "latency_ms": 143}
{"ts": 100957, "svc": "payment", "status": 200, "latency_ms": 144}
{"ts": 100957, "svc": "auth", "status": 200, "latency_ms": 145}
{"ts": 100957, "svc": "gateway", "status": 200, "latency_ms": 146}
{"ts": 100957, "svc": "payment", "status": 200, "latency_ms": 147}
{"ts": 100958, "svc": "auth", "status": 200, "latency_ms": 148}
{"ts": 100958, "svc": "gateway", "status": 200, "latency_ms": 149}
{"ts": 100958, "svc": "payment", "status": 500, "latency_ms": 100}
   
{"ts": 100958, "svc": "auth", "status": 200, "latency_ms": 101}
{"ts": 100958, "svc": "gateway", "status": 200, "latency_ms": 102}
{"ts": 100958, "svc": "payment", "status": 200, "latency_ms": 103}
{"ts": 100959, "svc": "auth", "status": 200, "latency_ms": 104}
{"ts": 100959, "svc": "gateway", "status": 200, "latency_ms": 105}
{"ts": 100959, "svc": "payment", "status": 200, "latency_ms": 106}
{"ts": 100959, "svc": "auth", "status": 200, "latency_ms": 107}
{"ts": 100959, "svc": "gateway", "status": 500, "latency_ms": 108}
{"ts": 100959, "svc": "payment", "status": 200, "latency_ms": 109}
{"ts": 100960, "svc": "auth", "status": 200, "latency_ms": 110}
{"ts": 100960, "svc": "gateway", "status": 200, "latency_ms": 111}
{"ts": 100960, "svc": "payment", "status": 200, "latency_ms": 112}
{"ts": 100960, "svc": "auth", "status": 200, "latency_ms": 113}
{"ts": 100960, "svc": "gateway", "status": 200, "latency_ms": 114}
{"ts": 100960, "svc": "payment", "status": 200, "latency_ms": 115}
{"ts": 100961, "svc": "auth", "status": 500, "latency_ms": 116}
{"ts": 100961, "svc": "gateway", "status": 200, "latency_ms": 117}
{"ts": 100961, "svc": "payment", "status": 200, "latency_ms": 118}
{"ts": 100961, "svc": "auth", "status": 200, "latency_ms": 119}
{"ts": 100961, "svc": "gateway", "status": 200, "latency_ms": 120}
{"ts": 100961, "svc": "payment", "status": 200, "latency_ms": 121}
{"ts": 100962, "svc": "auth", "status": 200, "latency_ms": 122}
{"ts": 100000, "svc": "gateway", "status": 200.0, "latency_ms": 100}
{"ts": 100962, "svc": "gateway", "status": 200, "latency_ms": 123}
{"ts": 100962, "svc": "payment", "status": 500, "latency_ms": 124}
{"ts": 100962, "svc": "auth", "status": 200, "latency_ms": 125}
{"ts": 100962, "svc": "gateway", "status": 200, "latency_ms": 126}
{"ts": 100962, "svc": "payment", "status": 200, "latency_ms": 127}
{"ts": 100963, "svc": "auth", "status": 200, "latency_ms": 128}
{"ts": 100963, "svc": "gateway", "status": 200, "latency_ms": 129}
{"ts": 100963, "svc": "payment", "status": 200, "latency_ms": 130}
{"ts": 100963, "svc": "auth", "status": 200, "latency_ms": 131}
{"ts": 100963, "svc": "gateway", "status": 500, "latency_ms": 132}
{"ts": 100963, "svc": "payment", "status": 200, "latency_ms": 133}
{"ts": 100964, "svc": "auth", "status": 200, "latency_ms": 134}
{"ts": 100964, "svc": "gateway", "status": 200, "latency_ms": 135}
{"ts": 100964, "svc": "payment", "status": 200, "latency_ms": 136}
{"ts": 100964, "svc": "auth", "status": 200, "latency_ms": 137}
{"ts": 100964, "svc": "gateway", "status": 200, "latency_ms": 138}
{"ts": 100964, "svc": "payment", "status": 200, "latency_ms": 139}
{"ts": 100965, "svc": "auth", "status": 500, "latency_ms": 140}
{"ts": 100965, "svc": "gateway", "status": 200, "latency_ms": 141}
{"ts": 100965, "svc": "payment", "status": 200, "latency_ms": 142}
{"ts": 100965, "svc": "auth", "status": 200, "latency_ms": 143}
{"ts": 100965, "svc": "gateway", "status": 200, "latency_ms": 144}
{"ts": 100965, "svc": "payment", "status": 200, "latency_ms": 145}
{"ts": 100966, "svc": "auth", "status": 200, "latency_ms": 146}
{"ts": 100966, "svc": "gateway", "status": 200, "latency_ms": 147}
{"ts": 100966, "svc": "payment", "status": 500, "latency_ms": 148}
{"ts": 100966, "svc": "auth", "status": 200, "latency_ms": 149}
{"ts": 100966, "svc": "gateway", "status": 200, "latency_ms": 100}
   
{"ts": 100966, "svc": "payment", "status": 200, "latency_ms": 101}
{"ts": 100967, "svc": "auth", "status": 200, "latency_ms": 102}
{"ts": 100967, "svc": "gateway", "status": 200, "latency_ms": 103}
{"ts": 100967, "svc": "payment", "status": 200, "latency_ms": 104}
{"ts": 100967, "svc": "auth", "status": 200, "latency_ms": 105}
{"ts": 100967, "svc": "gateway", "status": 500, "latency_ms": 106}
{"ts": 100967, "svc": "payment", "status": 200, "latency_ms": 107}
{"ts": 100968, "svc": "auth", "status": 200, "latency_ms": 108}
{"ts": 100968, "svc": "gateway", "status": 200, "latency_ms": 109}
{"ts": true, "svc": "payment", "status": 200, "latency_ms": 100}
{"ts": 100968, "svc": "payment", "status": 200, "latency_ms": 110}
{"ts": 100968, "svc": "auth", "status": 200, "latency_ms": 111}
{"ts": 100968, "svc": "gateway", "status": 200, "latency_ms": 112}
{"ts": 100968, "svc": "payment", "status": 200, "latency_ms": 113}
{"ts": 100969, "svc": "auth", "status": 500, "latency_ms": 114}
{"ts": 100969, "svc": "gateway", "status": 200, "latency_ms": 115}
{"ts": 100969, "svc": "payment", "status": 200, "latency_ms": 116}
{"ts": 100969, "svc": "auth", "status": 200, "latency_ms": 117}
{"ts": 100969, "svc": "gateway", "status": 200, "latency_ms": 118}
{"ts": 100969, "svc": "payment", "status": 200, "latency_ms": 119}
{"ts": 100970, "svc": "auth", "status": 200, "latency_ms": 120}
{"ts": 100970, "svc": "gateway", "status": 200, "latency_ms": 121}
{"ts": 100970, "svc": "payment", "status": 500, "latency_ms": 122}
{"ts": 100970, "svc": "auth", "status": 200, "latency_ms": 123}
{"ts": 100970, "svc": "gateway", "status": 200, "latency_ms": 124}
{"ts": 100970, "svc": "payment", "status": 200, "latency_ms": 125}
{"ts": 100971, "svc": "auth", "status": 200, "latency_ms": 126}
{"ts": 100971, "svc": "gateway", "status": 200, "latency_ms": 127}
{"ts": 100971, "svc": "payment", "status": 200, "latency_ms": 128}
{"ts": 100971, "svc": "auth", "status": 200, "latency_ms": 129}
{"ts": 100971, "svc": "gateway", "status": 500, "latency_ms": 130}
{"ts": 100971, "svc": "payment", "status": 200, "latency_ms": 131}
{"ts": 100972, "svc": "auth", "status": 200, "latency_ms": 132}
{"ts": 100972, "svc": "gateway", "status": 200, "latency_ms": 133}
{"ts": 100972, "svc": "payment", "status": 200, "latency_ms": 134}
{"ts": 100972, "svc": "auth", "status": 200, "latency_ms": 135}
{"ts": 100972, "svc": "gateway", "status": 200, "latency_ms": 136}
{"ts": 100972, "svc": "payment", "status": 200, "latency_ms": 137}
{"ts": 100973, "svc": "auth", "status": 500, "latency_ms": 138}
{"ts": 100973, "svc": "gateway", "status": 200, "latency_ms": 139}
{"ts": 100973, "svc": "payment", "status": 200, "latency_ms": 140}
{"ts": 100973, "svc": "auth", "status": 200, "latency_ms": 141}
{"ts": 100973, "svc": "gateway", "status": 200, "latency_ms": 142}
{"ts": 100973, "svc": "payment", "status": 200, "latency_ms": 143}
{"ts": 100974, "svc": "auth", "status": 200, "latency_ms": 144}
{"ts": 100974, "svc": "gateway", "status": 200, "latency_ms": 145}
{"ts": 100974, "svc": "payment", "status": 500, "latency_ms": 146}
{"ts": 100000, "svc": "auth", "status": 99, "latency_ms": 100}
{"ts": 100974, "svc": "auth", "status": 200, "latency_ms": 147}
{"ts": 100974, "svc": "gateway", "status": 200, "latency_ms": 148}
{"ts": 100974, "svc": "payment", "status": 200, "latency_ms": 149}
{"ts": 100934, "svc": "auth", "status": 500, "latency_ms": 100}
{"ts": 100944, "svc": "auth", "status": 200, "latency_ms": 100}
{"ts": 100985, "svc": "gateway", "status": 500, "latency_ms": 100}
   
{"ts": 100000, "svc": "gateway", "status": 200, "latency_ms": 1001}
{"ts": 100985, "svc": "payment", "status": 200, "latency_ms": 101}
{"ts": 100985, "svc": "auth", "status": 200, "latency_ms": 102}
{"ts": 100985, "svc": "gateway", "status": 200, "latency_ms": 103}
{"ts": 100985, "svc": "payment", "status": 200, "latency_ms": 104}
{"ts": 100985, "svc": "auth", "status": 200, "latency_ms": 105}
{"ts": 100986, "svc": "gateway", "status": 200, "latency_ms": 106}
{"ts": 100986, "svc": "payment", "status": 200, "latency_ms": 107}
{"ts": 100986, "svc": "auth", "status": 500, "latency_ms": 108}
{"ts": 100986, "svc": "gateway", "status": 200, "latency_ms": 109}
{"ts": 100986, "svc": "payment", "status": 200, "latency_ms": 110}
{"ts": 100986, "svc": "auth", "status": 200, "latency_ms": 111}
{"ts": 100987, "svc": "gateway", "status": 200, "latency_ms": 112}
{"ts": 100987, "svc": "payment", "status": 200, "latency_ms": 113}
{"ts": 100987, "svc": "auth", "status": 200, "latency_ms": 114}
{"ts": 100987, "svc": "gateway", "status": 200, "latency_ms": 115}
{"ts": 100987, "svc": "payment", "status": 500, "latency_ms": 116}
{"ts": 100987, "svc": "auth", "status": 200, "latency_ms": 117}
{"ts": 100988, "svc": "gateway", "status": 200, "latency_ms": 118}
{"ts": 100988, "svc": "payment", "status": 200, "latency_ms": 119}
{"ts": 100988, "svc": "auth", "status": 200, "latency_ms": 120}
{"ts": 100988, "svc": "gateway", "status": 200, "latency_ms": 121}
{"ts": 100988, "svc": "payment", "status": 200, "latency_ms": 122}
{"ts": 100988, "svc": "auth", "status": 200, "latency_ms": 123}
{"ts": 100989, "svc": "gateway", "status": 500, "latency_ms": 124}
{"ts": 100989, "svc": "payment", "status": 200, "latency_ms": 125}
{"ts": 100989, "svc": "auth", "status": 200, "latency_ms": 126}
{"ts": 100989, "svc": "gateway", "status": 200, "latency_ms": 127}
{"ts": 100989, "svc": "payment", "status": 200, "latency_ms": 128}
{"ts": 100989, "svc": "auth", "status": 200, "latency_ms": 129}
{"ts": 100990, "svc": "gateway", "status": 200, "latency_ms": 130}
{"ts": 100990, "svc": "payment", "status": 200, "latency_ms": 131}
{"ts": 100990, "svc": "auth", "status": 500, "latency_ms": 132}
{"ts": 100990, "svc": "gateway", "status": 200, "latency_ms": 133}
{"ts": 100990, "svc": "payment", "status": 200, "latency_ms": 134}
{"ts": 100990, "svc": "auth", "status": 200, "latency_ms": 135}
{"ts": 100991, "svc": "gateway", "status": 200, "latency_ms": 136}
{"ts": 100991, "svc": "payment", "status": 200, "latency_ms": 137}
{"ts": 100000, "svc": "payment", "status": 200, "latency_ms": false}
{"ts": 100991, "svc": "auth", "status": 200, "latency_ms": 138}
{"ts": 100991, "svc": "gateway", "status": 200, "latency_ms": 139}
{"ts": 100991, "svc": "payment", "status": 500, "latency_ms": 140}
{"ts": 100991, "svc": "auth", "status": 200, "latency_ms": 141}
{"ts": 100992, "svc": "gateway", "status": 200, "latency_ms": 142}
{"ts": 100992, "svc": "payment", "status": 200, "latency_ms": 143}
{"ts": 100992, "svc": "auth", "status": 200, "latency_ms": 144}
{"ts": 100992, "svc": "gateway", "status": 200, "latency_ms": 145}
{"ts": 100992, "svc": "payment", "status": 200, "latency_ms": 146}
{"ts": 100992, "svc": "auth", "status": 200, "latency_ms": 147}
{"ts": 100993, "svc": "gateway", "status": 500, "latency_ms": 148}
{"ts": 100993, "svc": "payment", "status": 200, "latency_ms": 149}
{"ts": 100993, "svc": "auth", "status": 200, "latency_ms": 100}
   
{"ts": 100993, "svc": "gateway", "status": 200, "latency_ms": 101}
{"ts": 100993, "svc": "payment", "status": 200, "latency_ms": 102}
{"ts": 100993, "svc": "auth", "status": 200, "latency_ms": 103}
{"ts": 100994, "svc": "gateway", "status": 200, "latency_ms": 104}
{"ts": 100994, "svc": "payment", "status": 200, "latency_ms": 105}
{"ts": 100994, "svc": "auth", "status": 500, "latency_ms": 106}
{"ts": 100994, "svc": "gateway", "status": 200, "latency_ms": 107}
{"ts": 100994, "svc": "payment", "status": 200, "latency_ms": 108}
{"ts": 100994, "svc": "auth", "status": 200, "latency_ms": 109}
{"ts": 100995, "svc": "gateway", "status": 200, "latency_ms": 110}
{"ts": 100995, "svc": "payment", "status": 200, "latency_ms": 111}
{"ts": 100995, "svc": "auth", "status": 200, "latency_ms": 112}
{"ts": 100995, "svc": "gateway", "status": 200, "latency_ms": 113}
{"ts": 100995, "svc": "payment", "status": 500, "latency_ms": 114}
{"ts": 100995, "svc": "auth", "status": 200, "latency_ms": 115}
{"ts": 100996, "svc": "gateway", "status": 200, "latency_ms": 116}
{"ts": 100996, "svc": "payment", "status": 200, "latency_ms": 117}
{"ts": 100996, "svc": "auth", "status": 200, "latency_ms": 118}
{"ts": 100996, "svc": "gateway", "status": 200, "latency_ms": 119}
{"ts": 100996, "svc": "payment", "status": 200, "latency_ms": 120}
{"ts": 100996, "svc": "auth", "status": 200, "latency_ms": 121}
{"ts": 100997, "svc": "gateway", "status": 500, "latency_ms": 122}
{"ts": 100997, "svc": "payment", "status": 200, "latency_ms": 123}
{"ts": 100997, "svc": "auth", "status": 200, "latency_ms": 124}
definitely not json {{
{"ts": 100997, "svc": "gateway", "status": 200, "latency_ms": 125}
{"ts": 100997, "svc": "payment", "status": 200, "latency_ms": 126}
{"ts": 100997, "svc": "auth", "status": 200, "latency_ms": 127}
{"ts": 100998, "svc": "gateway", "status": 200, "latency_ms": 128}
{"ts": 100998, "svc": "payment", "status": 200, "latency_ms": 129}
{"ts": 100998, "svc": "auth", "status": 500, "latency_ms": 130}
{"ts": 100998, "svc": "gateway", "status": 200, "latency_ms": 131}
{"ts": 100998, "svc": "payment", "status": 200, "latency_ms": 132}
{"ts": 100998, "svc": "auth", "status": 200, "latency_ms": 133}
{"ts": 100999, "svc": "gateway", "status": 200, "latency_ms": 134}
{"ts": 100999, "svc": "payment", "status": 200, "latency_ms": 135}
{"ts": 100999, "svc": "auth", "status": 200, "latency_ms": 136}
{"ts": 100999, "svc": "gateway", "status": 200, "latency_ms": 137}
{"ts": 100999, "svc": "payment", "status": 500, "latency_ms": 138}
{"ts": 100999, "svc": "auth", "status": 200, "latency_ms": 139}
{"ts": 101000, "svc": "gateway", "status": 200, "latency_ms": 140}
{"ts": 101000, "svc": "payment", "status": 200, "latency_ms": 141}
{"ts": 101000, "svc": "auth", "status": 200, "latency_ms": 142}
{"ts": 101000, "svc": "gateway", "status": 200, "latency_ms": 143}
{"ts": 101000, "svc": "payment", "status": 200, "latency_ms": 144}
{"ts": 101000, "svc": "auth", "status": 200, "latency_ms": 145}
{"ts": 101001, "svc": "gateway", "status": 500, "latency_ms": 146}
{"ts": 101001, "svc": "payment", "status": 200, "latency_ms": 147}
{"ts": 101001, "svc": "auth", "status": 200, "latency_ms": 148}
{"ts": 101001, "svc": "gateway", "status": 200, "latency_ms": 149}
{"ts": 101001, "svc": "payment", "status": 200, "latency_ms": 100}
   
{"ts": 101001, "svc": "auth", "status": 200, "latency_ms": 101}
{"ts": 101002, "svc": "gateway", "status": 200, "latency_ms": 102}
{"ts": 101002, "svc": "payment", "status": 200, "latency_ms": 103}
{"ts": 101002, "svc": "auth", "status": 500, "latency_ms": 104}
{"ts": 101002, "svc": "gateway", "status": 200, "latency_ms": 105}
{"ts": 101002, "svc": "payment", "status": 200, "latency_ms": 106}
{"ts": 101002, "svc": "auth", "status": 200, "latency_ms": 107}
{"ts": 101003, "svc": "gateway", "status": 200, "latency_ms": 108}
{"ts": 101003, "svc": "payment", "status": 200, "latency_ms": 109}
{"ts": 101003, "svc": "auth", "status": 200, "latency_ms": 110}
{"ts": 101003, "svc": "gateway", "status": 200, "latency_ms": 111}
{"ts": 100000, "svc": "auth", "status": 200}
{"ts": 101003, "svc": "payment", "status": 500, "latency_ms": 112}
{"ts": 101003, "svc": "auth", "status": 200, "latency_ms": 113}
{"ts": 101004, "svc": "gateway", "status": 200, "latency_ms": 114}
{"ts": 101004, "svc": "payment", "status": 200, "latency_ms": 115}
{"ts": 101004, "svc": "auth", "status": 200, "latency_ms": 116}
{"ts": 101004, "svc": "gateway", "status": 200, "latency_ms": 117}
{"ts": 101004, "svc": "payment", "status": 200, "latency_ms": 118}
{"ts": 101004, "svc": "auth", "status": 200, "latency_ms": 119}
{"ts": 101005, "svc": "gateway", "status": 500, "latency_ms": 120}
{"ts": 101005, "svc": "payment", "status": 200, "latency_ms": 121}
{"ts": 101005, "svc": "auth", "status": 200, "latency_ms": 122}
{"ts": 101005, "svc": "gateway", "status": 200, "latency_ms": 123}
{"ts": 101005, "svc": "payment", "status": 200, "latency_ms": 124}
{"ts": 101005, "svc": "auth", "status": 200, "latency_ms": 125}
{"ts": 101006, "svc": "gateway", "status": 200, "latency_ms": 126}
{"ts": 101006, "svc": "payment", "status": 200, "latency_ms": 127}
{"ts": 101006, "svc": "auth", "status": 500, "latency_ms": 128}
{"ts": 101006, "svc": "gateway", "status": 200, "latency_ms": 129}
{"ts": 101006, "svc": "payment", "status": 200, "latency_ms": 130}
{"ts": 101006, "svc": "auth", "status": 200, "latency_ms": 131}
{"ts": 101007, "svc": "gateway", "status": 200, "latency_ms": 132}
{"ts": 101007, "svc": "payment", "status": 200, "latency_ms": 133}
{"ts": 101007, "svc": "auth", "status": 200, "latency_ms": 134}
{"ts": 101007, "svc": "gateway", "status": 200, "latency_ms": 135}
{"ts": 101007, "svc": "payment", "status": 500, "latency_ms": 136}
{"ts": 101007, "svc": "auth", "status": 200, "latency_ms": 137}
{"ts": 101008, "svc": "gateway", "status": 200, "latency_ms": 138}
{"ts": 101008, "svc": "payment", "status": 200, "latency_ms": 139}
{"ts": 101008, "svc": "auth", "status": 200, "latency_ms": 140}
{"ts": 101008, "svc": "gateway", "status": 200, "latency_ms": 141}
{"ts": 101008, "svc": "payment", "status": 200, "latency_ms": 142}
{"ts": 101008, "svc": "auth", "status": 200, "latency_ms": 143}
{"ts": 101009, "svc": "gateway", "status": 500, "latency_ms": 144}
{"ts": 101009, "svc": "payment", "status": 200, "latency_ms": 145}
{"ts": 101009, "svc": "auth", "status": 200, "latency_ms": 146}
{"ts": 101009, "svc": "gateway", "status": 200, "latency_ms": 147}
{"ts": 101009, "svc": "payment", "status": 200, "latency_ms": 148}
{"ts": 100000, "svc": "auth", "status": 200, "latency_ms": 100, "x": 1}
{"ts": 101009, "svc": "auth", "status": 200, "latency_ms": 149}
{"ts": 101010, "svc": "gateway", "status": 200, "latency_ms": 100}
   
{"ts": 101010, "svc": "payment", "status": 200, "latency_ms": 101}
{"ts": 101010, "svc": "auth", "status": 500, "latency_ms": 102}
{"ts": 101010, "svc": "gateway", "status": 200, "latency_ms": 103}
{"ts": 101010, "svc": "payment", "status": 200, "latency_ms": 104}
{"ts": 101010, "svc": "auth", "status": 200, "latency_ms": 105}
{"ts": 101011, "svc": "gateway", "status": 200, "latency_ms": 106}
{"ts": 101011, "svc": "payment", "status": 200, "latency_ms": 107}
{"ts": 101011, "svc": "auth", "status": 200, "latency_ms": 108}
{"ts": 101011, "svc": "gateway", "status": 200, "latency_ms": 109}
{"ts": 101011, "svc": "payment", "status": 500, "latency_ms": 110}
{"ts": 101011, "svc": "auth", "status": 200, "latency_ms": 111}
{"ts": 101012, "svc": "gateway", "status": 200, "latency_ms": 112}
{"ts": 101012, "svc": "payment", "status": 200, "latency_ms": 113}
{"ts": 101012, "svc": "auth", "status": 200, "latency_ms": 114}
{"ts": 101012, "svc": "gateway", "status": 200, "latency_ms": 115}
{"ts": 101012, "svc": "payment", "status": 200, "latency_ms": 116}
{"ts": 101012, "svc": "auth", "status": 200, "latency_ms": 117}
{"ts": 101013, "svc": "gateway", "status": 500, "latency_ms": 118}
{"ts": 101013, "svc": "payment", "status": 200, "latency_ms": 119}
{"ts": 101013, "svc": "auth", "status": 200, "latency_ms": 120}
{"ts": 101013, "svc": "gateway", "status": 200, "latency_ms": 121}
{"ts": 101013, "svc": "payment", "status": 200, "latency_ms": 122}
{"ts": 101013, "svc": "auth", "status": 200, "latency_ms": 123}
{"ts": 101014, "svc": "gateway", "status": 200, "latency_ms": 124}
{"ts": 101014, "svc": "payment", "status": 200, "latency_ms": 125}
{"ts": 101014, "svc": "auth", "status": 500, "latency_ms": 126}
{"ts": 101014, "svc": "gateway", "status": 200, "latency_ms": 127}
{"ts": 101014, "svc": "payment", "status": 200, "latency_ms": 128}
{"ts": 101014, "svc": "auth", "status": 200, "latency_ms": 129}
{"ts": 101015, "svc": "gateway", "status": 200, "latency_ms": 130}
{"ts": 101015, "svc": "payment", "status": 200, "latency_ms": 131}
{"ts": 101015, "svc": "auth", "status": 200, "latency_ms": 132}
{"ts": 101015, "svc": "gateway", "status": 200, "latency_ms": 133}
{"ts": 101015, "svc": "payment", "status": 500, "latency_ms": 134}
{"ts": 101015, "svc": "auth", "status": 200, "latency_ms": 135}
{"ts": 100000, "svc": "gateway", "status": 200.0, "latency_ms": 100}
{"ts": 101016, "svc": "gateway", "status": 200, "latency_ms": 136}
{"ts": 101016, "svc": "payment", "status": 200, "latency_ms": 137}
{"ts": 101016, "svc": "auth", "status": 200, "latency_ms": 138}
{"ts": 101016, "svc": "gateway", "status": 200, "latency_ms": 139}
{"ts": 101016, "svc": "payment", "status": 200, "latency_ms": 140}
{"ts": 101016, "svc": "auth", "status": 200, "latency_ms": 141}
{"ts": 101017, "svc": "gateway", "status": 500, "latency_ms": 142}
{"ts": 101017, "svc": "payment", "status": 200, "latency_ms": 143}
{"ts": 101017, "svc": "auth", "status": 200, "latency_ms": 144}
{"ts": 101017, "svc": "gateway", "status": 200, "latency_ms": 145}
{"ts": 101017, "svc": "payment", "status": 200, "latency_ms": 146}
{"ts": 101017, "svc": "auth", "status": 200, "latency_ms": 147}
{"ts": 101018, "svc": "gateway", "status": 200, "latency_ms": 148}
{"ts": 101018, "svc": "payment", "status": 200, "latency_ms": 149}
{"ts": 101018, "svc": "auth", "status": 500, "latency_ms": 100}
   
{"ts": 101018, "svc": "gateway", "status": 200, "latency_ms": 101}
{"ts": 101018, "svc": "payment", "status": 200, "latency_ms": 102}
{"ts": 101018, "svc": "auth", "status": 200, "latency_ms": 103}
{"ts": 101019, "svc": "gateway", "status": 200, "latency_ms": 104}
{"ts": 101019, "svc": "payment", "status": 200, "latency_ms": 105}
{"ts": 101019, "svc": "auth", "status": 200, "latency_ms": 106}
{"ts": 101019, "svc": "gateway", "status": 200, "latency_ms": 107}
{"ts": 101019, "svc": "payment", "status": 500, "latency_ms": 108}
{"ts": 101019, "svc": "auth", "status": 200, "latency_ms": 109}
{"ts": 101020, "svc": "gateway", "status": 200, "latency_ms": 110}
{"ts": 101020, "svc": "payment", "status": 200, "latency_ms": 111}
{"ts": 101020, "svc": "auth", "status": 200, "latency_ms": 112}
{"ts": 101020, "svc": "gateway", "status": 200, "latency_ms": 113}
{"ts": 101020, "svc": "payment", "status": 200, "latency_ms": 114}
{"ts": 101020, "svc": "auth", "status": 200, "latency_ms": 115}
{"ts": 101021, "svc": "gateway", "status": 500, "latency_ms": 116}
{"ts": 101021, "svc": "payment", "status": 200, "latency_ms": 117}
{"ts": 101021, "svc": "auth", "status": 200, "latency_ms": 118}
{"ts": 101021, "svc": "gateway", "status": 200, "latency_ms": 119}
{"ts": 101021, "svc": "payment", "status": 200, "latency_ms": 120}
{"ts": 101021, "svc": "auth", "status": 200, "latency_ms": 121}
{"ts": 101022, "svc": "gateway", "status": 200, "latency_ms": 122}
{"ts": true, "svc": "payment", "status": 200, "latency_ms": 100}
{"ts": 101022, "svc": "payment", "status": 200, "latency_ms": 123}
{"ts": 101022, "svc": "auth", "status": 500, "latency_ms": 124}
{"ts": 101022, "svc": "gateway", "status": 200, "latency_ms": 125}
{"ts": 101022, "svc": "payment", "status": 200, "latency_ms": 126}
{"ts": 101022, "svc": "auth", "status": 200, "latency_ms": 127}
{"ts": 101023, "svc": "gateway", "status": 200, "latency_ms": 128}
{"ts": 101023, "svc": "payment", "status": 200, "latency_ms": 129}
{"ts": 101023, "svc": "auth", "status": 200, "latency_ms": 130}
{"ts": 101023, "svc": "gateway", "status": 200, "latency_ms": 131}
{"ts": 101023, "svc": "payment", "status": 500, "latency_ms": 132}
{"ts": 101023, "svc": "auth", "status": 200, "latency_ms": 133}
{"ts": 101024, "svc": "gateway", "status": 200, "latency_ms": 134}
{"ts": 101024, "svc": "payment", "status": 200, "latency_ms": 135}
{"ts": 101024, "svc": "auth", "status": 200, "latency_ms": 136}
{"ts": 101024, "svc": "gateway", "status": 200, "latency_ms": 137}
{"ts": 101024, "svc": "payment", "status": 200, "latency_ms": 138}
{"ts": 101024, "svc": "auth", "status": 200, "latency_ms": 139}
{"ts": 101025, "svc": "gateway", "status": 500, "latency_ms": 140}
{"ts": 101025, "svc": "payment", "status": 200, "latency_ms": 141}
{"ts": 101025, "svc": "auth", "status": 200, "latency_ms": 142}
{"ts": 101025, "svc": "gateway", "status": 200, "latency_ms": 143}
{"ts": 101025, "svc": "payment", "status": 200, "latency_ms": 144}
{"ts": 101025, "svc": "auth", "status": 200, "latency_ms": 145}
{"ts": 101026, "svc": "gateway", "status": 200, "latency_ms": 146}
{"ts": 101026, "svc": "payment", "status": 200, "latency_ms": 147}
{"ts": 101026, "svc": "auth", "status": 500, "latency_ms": 148}
{"ts": 101026, "svc": "gateway", "status": 200, "latency_ms": 149}
{"ts": 101026, "svc": "payment", "status": 200, "latency_ms": 100}
   
{"ts": 101026, "svc": "auth", "status": 200, "latency_ms": 101}
{"ts": 101027, "svc": "gateway", "status": 200, "latency_ms": 102}
{"ts": 101027, "svc": "payment", "status": 200, "latency_ms": 103}
{"ts": 101027, "svc": "auth", "status": 200, "latency_ms": 104}
{"ts": 101027, "svc": "gateway", "status": 200, "latency_ms": 105}
{"ts": 101027, "svc": "payment", "status": 500, "latency_ms": 106}
{"ts": 101027, "svc": "auth", "status": 200, "latency_ms": 107}
{"ts": 101028, "svc": "gateway", "status": 200, "latency_ms": 108}
{"ts": 101028, "svc": "payment", "status": 200, "latency_ms": 109}
{"ts": 100000, "svc": "auth", "status": 99, "latency_ms": 100}
{"ts": 101028, "svc": "auth", "status": 200, "latency_ms": 110}
{"ts": 101028, "svc": "gateway", "status": 200, "latency_ms": 111}
{"ts": 101028, "svc": "payment", "status": 200, "latency_ms": 112}
{"ts": 101028, "svc": "auth", "status": 200, "latency_ms": 113}
{"ts": 101029, "svc": "gateway", "status": 500, "latency_ms": 114}
{"ts": 101029, "svc": "payment", "status": 200, "latency_ms": 115}
{"ts": 101029, "svc": "auth", "status": 200, "latency_ms": 116}
{"ts": 101029, "svc": "gateway", "status": 200, "latency_ms": 117}
{"ts": 101029, "svc": "payment", "status": 200, "latency_ms": 118}
{"ts": 101029, "svc": "auth", "status": 200, "latency_ms": 119}
{"ts": 101030, "svc": "gateway", "status": 200, "latency_ms": 120}
{"ts": 101030, "svc": "payment", "status": 200, "latency_ms": 121}
{"ts": 101030, "svc": "auth", "status": 500, "latency_ms": 122}
{"ts": 101030, "svc": "gateway", "status": 200, "latency_ms": 123}
{"ts": 101030, "svc": "payment", "status": 200, "latency_ms": 124}
{"ts": 101030, "svc": "auth", "status": 200, "latency_ms": 125}
{"ts": 101031, "svc": "gateway", "status": 200, "latency_ms": 126}
{"ts": 101031, "svc": "payment", "status": 200, "latency_ms": 127}
{"ts": 101031, "svc": "auth", "status": 200, "latency_ms": 128}
{"ts": 101031, "svc": "gateway", "status": 200, "latency_ms": 129}
{"ts": 101031, "svc": "payment", "status": 500, "latency_ms": 130}
{"ts": 101031, "svc": "auth", "status": 200, "latency_ms": 131}
{"ts": 101032, "svc": "gateway", "status": 200, "latency_ms": 132}
{"ts": 101032, "svc": "payment", "status": 200, "latency_ms": 133}
{"ts": 101032, "svc": "auth", "status": 200, "latency_ms": 134}
{"ts": 101032, "svc": "gateway", "status": 200, "latency_ms": 135}
{"ts": 101032, "svc": "payment", "status": 200, "latency_ms": 136}
{"ts": 101032, "svc": "auth", "status": 200, "latency_ms": 137}
{"ts": 101033, "svc": "gateway", "status": 500, "latency_ms": 138}
{"ts": 101033, "svc": "payment", "status": 200, "latency_ms": 139}
{"ts": 101033, "svc": "auth", "status": 200, "latency_ms": 140}
{"ts": 101033, "svc": "gateway", "status": 200, "latency_ms": 141}
{"ts": 101033, "svc": "payment", "status": 200, "latency_ms": 142}
{"ts": 101033, "svc": "auth", "status": 200, "latency_ms": 143}
{"ts": 101034, "svc": "gateway", "status": 200, "latency_ms": 144}
{"ts": 101034, "svc": "payment", "status": 200, "latency_ms": 145}
{"ts": 101034, "svc": "auth", "status": 500, "latency_ms": 146}
{"ts": 100000, "svc": "billing", "status": 200, "latency_ms": 100}
{"ts": 101034, "svc": "gateway", "status": 200, "latency_ms": 147}
{"ts": 101034, "svc": "payment", "status": 200, "latency_ms": 148}
{"ts": 101034, "svc": "auth", "status": 200, "latency_ms": 149}
{"ts": 100994, "svc": "gateway", "status": 500, "latency_ms": 100}
{"ts": 101004, "svc": "gateway", "status": 200, "latency_ms": 100}
{"ts": 101045, "svc": "payment", "status": 500, "latency_ms": 100}
   
{"ts": 100000, "svc": "payment", "status": 200, "latency_ms": false}
{"ts": 101045, "svc": "auth", "status": 200, "latency_ms": 101}
{"ts": 101045, "svc": "gateway", "status": 200, "latency_ms": 102}
{"ts": 101045, "svc": "payment", "status": 200, "latency_ms": 103}
{"ts": 101045, "svc": "auth", "status": 200, "latency_ms": 104}
{"ts": 101045, "svc": "gateway", "status": 200, "latency_ms": 105}
{"ts": 101046, "svc": "payment", "status": 200, "latency_ms": 106}
{"ts": 101046, "svc": "auth", "status": 200, "latency_ms": 107}
{"ts": 101046, "svc": "gateway", "status": 500, "latency_ms": 108}
{"ts": 101046, "svc": "payment", "status": 200, "latency_ms": 109}
{"ts": 101046, "svc": "auth", "status": 200, "latency_ms": 110}
{"ts": 101046, "svc": "gateway", "status": 200, "latency_ms": 111}
{"ts": 101047, "svc": "payment", "status": 200, "latency_ms": 112}
{"ts": 101047, "svc": "auth", "status": 200, "latency_ms": 113}
{"ts": 101047, "svc": "gateway", "status": 200, "latency_ms": 114}
{"ts": 101047, "svc": "payment", "status": 200, "latency_ms": 115}
{"ts": 101047, "svc": "auth", "status": 500, "latency_ms": 116}
{"ts": 101047, "svc": "gateway", "status": 200, "latency_ms": 117}
{"ts": 101048, "svc": "payment", "status": 200, "latency_ms": 118}
{"ts": 101048, "svc": "auth", "status": 200, "latency_ms": 119}
{"ts": 101048, "svc": "gateway", "status": 200, "latency_ms": 120}
{"ts": 101048, "svc": "payment", "status": 200, "latency_ms": 121}
{"ts": 101048, "svc": "auth", "status": 200, "latency_ms": 122}
{"ts": 101048, "svc": "gateway", "status": 200, "latency_ms": 123}
{"ts": 101049, "svc": "payment", "status": 500, "latency_ms": 124}
{"ts": 101049, "svc": "auth", "status": 200, "latency_ms": 125}
{"ts": 101049, "svc": "gateway", "status": 200, "latency_ms": 126}
{"ts": 101049, "svc": "payment", "status": 200, "latency_ms": 127}
{"ts": 101049, "svc": "auth", "status": 200, "latency_ms": 128}
{"ts": 101049, "svc": "gateway", "status": 200, "latency_ms": 129}
{"ts": 101050, "svc": "payment", "status": 200, "latency_ms": 130}
{"ts": 101050, "svc": "auth", "status": 200, "latency_ms": 131}
{"ts": 101050, "svc": "gateway", "status": 500, "latency_ms": 132}
{"ts": 101050, "svc": "payment", "status": 200, "latency_ms": 133}
{"ts": 101050, "svc": "auth", "status": 200, "latency_ms": 134}
{"ts": 101050, "svc": "gateway", "status": 200, "latency_ms": 135}
{"ts": 101051, "svc": "payment", "status": 200, "latency_ms": 136}
{"ts": 101051, "svc": "auth", "status": 200, "latency_ms": 137}
definitely not json {{
{"ts": 101051, "svc": "gateway", "status": 200, "latency_ms": 138}
{"ts": 101051, "svc": "payment", "status": 200, "latency_ms": 139}
{"ts": 101051, "svc": "auth", "status": 500, "latency_ms": 140}
{"ts": 101051, "svc": "gateway", "status": 200, "latency_ms": 141}
{"ts": 101052, "svc": "payment", "status": 200, "latency_ms": 142}
{"ts": 101052, "svc": "auth", "status": 200, "latency_ms": 143}
{"ts": 101052, "svc": "gateway", "status": 200, "latency_ms": 144}
{"ts": 101052, "svc": "payment", "status": 200, "latency_ms": 145}
{"ts": 101052, "svc": "auth", "status": 200, "latency_ms": 146}
{"ts": 101052, "svc": "gateway", "status": 200, "latency_ms": 147}
{"ts": 101053, "svc": "payment", "status": 500, "latency_ms": 148}
{"ts": 101053, "svc": "auth", "status": 200, "latency_ms": 149}
{"ts": 101053, "svc": "gateway", "status": 200, "latency_ms": 100}
   
{"ts": 101053, "svc": "payment", "status": 200, "latency_ms": 101}
{"ts": 101053, "svc": "auth", "status": 200, "latency_ms": 102}
{"ts": 101053, "svc": "gateway", "status": 200, "latency_ms": 103}
{"ts": 101054, "svc": "payment", "status": 200, "latency_ms": 104}
{"ts": 101054, "svc": "auth", "status": 200, "latency_ms": 105}
{"ts": 101054, "svc": "gateway", "status": 500, "latency_ms": 106}
{"ts": 101054, "svc": "payment", "status": 200, "latency_ms": 107}
{"ts": 101054, "svc": "auth", "status": 200, "latency_ms": 108}
{"ts": 101054, "svc": "gateway", "status": 200, "latency_ms": 109}
{"ts": 101055, "svc": "payment", "status": 200, "latency_ms": 110}
{"ts": 101055, "svc": "auth", "status": 200, "latency_ms": 111}
{"ts": 101055, "svc": "gateway", "status": 200, "latency_ms": 112}
{"ts": 101055, "svc": "payment", "status": 200, "latency_ms": 113}
{"ts": 101055, "svc": "auth", "status": 500, "latency_ms": 114}
{"ts": 101055, "svc": "gateway", "status": 200, "latency_ms": 115}
{"ts": 101056, "svc": "payment", "status": 200, "latency_ms": 116}
{"ts": 101056, "svc": "auth", "status": 200, "latency_ms": 117}
{"ts": 101056, "svc": "gateway", "status": 200, "latency_ms": 118}
{"ts": 101056, "svc": "payment", "status": 200, "latency_ms": 119}
{"ts": 101056, "svc": "auth", "status": 200, "latency_ms": 120}
{"ts": 101056, "svc": "gateway", "status": 200, "latency_ms": 121}
{"ts": 101057, "svc": "payment", "status": 500, "latency_ms": 122}
{"ts": 101057, "svc": "auth", "status": 200, "latency_ms": 123}
{"ts": 101057, "svc": "gateway", "status": 200, "latency_ms": 124}
{"ts": 100000, "svc": "auth", "status": 200}
{"ts": 101057, "svc": "payment", "status": 200, "latency_ms": 125}
{"ts": 101057, "svc": "auth", "status": 200, "latency_ms": 126}
{"ts": 101057, "svc": "gateway", "status": 200, "latency_ms": 127}
{"ts": 101058, "svc": "payment", "status": 200, "latency_ms": 128}
{"ts": 101058, "svc": "auth", "status": 200, "latency_ms": 129}
{"ts": 101058, "svc": "gateway", "status": 500, "latency_ms": 130}
{"ts": 101058, "svc": "payment", "status": 200, "latency_ms": 131}
{"ts": 101058, "svc": "auth", "status": 200, "latency_ms": 132}
{"ts": 101058, "svc": "gateway", "status": 200, "latency_ms": 133}
{"ts": 101059, "svc": "payment", "status": 200, "latency_ms": 134}
{"ts": 101059, "svc": "auth", "status": 200, "latency_ms": 135}
{"ts": 101059, "svc": "gateway", "status": 200, "latency_ms": 136}
{"ts": 101059, "svc": "payment", "status": 200, "latency_ms": 137}
{"ts": 101059, "svc": "auth", "status": 500, "latency_ms": 138}
{"ts": 101059, "svc": "gateway", "status": 200, "latency_ms": 139}
{"ts": 101060, "svc": "payment", "status": 200, "latency_ms": 140}
{"ts": 101060, "svc": "auth", "status": 200, "latency_ms": 141}
{"ts": 101060, "svc": "gateway", "status": 200, "latency_ms": 142}
{"ts": 101060, "svc": "payment", "status": 200, "latency_ms": 143}
{"ts": 101060, "svc": "auth", "status": 200, "latency_ms": 144}
{"ts": 101060, "svc": "gateway", "status": 200, "latency_ms": 145}
{"ts": 101061, "svc": "payment", "status": 500, "latency_ms": 146}
{"ts": 101061, "svc": "auth", "status": 200, "latency_ms": 147}
{"ts": 101061, "svc": "gateway", "status": 200, "latency_ms": 148}
{"ts": 101061, "svc": "payment", "status": 200, "latency_ms": 149}
{"ts": 101061, "svc": "auth", "status": 200, "latency_ms": 100}
   
{"ts": 101061, "svc": "gateway", "status": 200, "latency_ms": 101}
{"ts": 101062, "svc": "payment", "status": 200, "latency_ms": 102}
{"ts": 101062, "svc": "auth", "status": 200, "latency_ms": 103}
{"ts": 101062, "svc": "gateway", "status": 500, "latency_ms": 104}
{"ts": 101062, "svc": "payment", "status": 200, "latency_ms": 105}
{"ts": 101062, "svc": "auth", "status": 200, "latency_ms": 106}
{"ts": 101062, "svc": "gateway", "status": 200, "latency_ms": 107}
{"ts": 101063, "svc": "payment", "status": 200, "latency_ms": 108}
{"ts": 101063, "svc": "auth", "status": 200, "latency_ms": 109}
{"ts": 101063, "svc": "gateway", "status": 200, "latency_ms": 110}
{"ts": 101063, "svc": "payment", "status": 200, "latency_ms": 111}
{"ts": 100000, "svc": "auth", "status": 200, "latency_ms": 100, "x": 1}
{"ts": 101063, "svc": "auth", "status": 500, "latency_ms": 112}
{"ts": 101063, "svc": "gateway", "status": 200, "latency_ms": 113}
{"ts": 101064, "svc": "payment", "status": 200, "latency_ms": 114}
{"ts": 101064, "svc": "auth", "status": 200, "latency_ms": 115}
{"ts": 101064, "svc": "gateway", "status": 200, "latency_ms": 116}
{"ts": 101064, "svc": "payment", "status": 200, "latency_ms": 117}
{"ts": 101064, "svc": "auth", "status": 200, "latency_ms": 118}
{"ts": 101064, "svc": "gateway", "status": 200, "latency_ms": 119}
{"ts": 101065, "svc": "payment", "status": 500, "latency_ms": 120}
{"ts": 101065, "svc": "auth", "status": 200, "latency_ms": 121}
{"ts": 101065, "svc": "gateway", "status": 200, "latency_ms": 122}
{"ts": 101065, "svc": "payment", "status": 200, "latency_ms": 123}
{"ts": 101065, "svc": "auth", "status": 200, "latency_ms": 124}
{"ts": 101065, "svc": "gateway", "status": 200, "latency_ms": 125}
{"ts": 101066, "svc": "payment", "status": 200, "latency_ms": 126}
{"ts": 101066, "svc": "auth", "status": 200, "latency_ms": 127}
{"ts": 101066, "svc": "gateway", "status": 500, "latency_ms": 128}
{"ts": 101066, "svc": "payment", "status": 200, "latency_ms": 129}
{"ts": 101066, "svc": "auth", "status": 200, "latency_ms": 130}
{"ts": 101066, "svc": "gateway", "status": 200, "latency_ms": 131}
{"ts": 101067, "svc": "payment", "status": 200, "latency_ms": 132}
{"ts": 101067, "svc": "auth", "status": 200, "latency_ms": 133}
{"ts": 101067, "svc": "gateway", "status": 200, "latency_ms": 134}
{"ts": 101067, "svc": "payment", "status": 200, "latency_ms": 135}
{"ts": 101067, "svc": "auth", "status": 500, "latency_ms": 136}
{"ts": 101067, "svc": "gateway", "status": 200, "latency_ms": 137}
{"ts": 101068, "svc": "payment", "status": 200, "latency_ms": 138}
{"ts": 101068, "svc": "auth", "status": 200, "latency_ms": 139}
{"ts": 101068, "svc": "gateway", "status": 200, "latency_ms": 140}
{"ts": 101068, "svc": "payment", "status": 200, "latency_ms": 141}
{"ts": 101068, "svc": "auth", "status": 200, "latency_ms": 142}
{"ts": 101068, "svc": "gateway", "status": 200, "latency_ms": 143}
{"ts": 101069, "svc": "payment", "status": 500, "latency_ms": 144}
{"ts": 101069, "svc": "auth", "status": 200, "latency_ms": 145}
{"ts": 101069, "svc": "gateway", "status": 200, "latency_ms": 146}
{"ts": 101069, "svc": "payment", "status": 200, "latency_ms": 147}
{"ts": 101069, "svc": "auth", "status": 200, "latency_ms": 148}
{"ts": 100000, "svc": "gateway", "status": 200.0, "latency_ms": 100}
{"ts": 101069, "svc": "gateway", "status": 200, "latency_ms": 149}
{"ts": 101070, "svc": "payment", "status": 200, "latency_ms": 100}
   
{"ts": 101070, "svc": "auth", "status": 200, "latency_ms": 101}
{"ts": 101070, "svc": "gateway", "status": 500, "latency_ms": 102}
{"ts": 101070, "svc": "payment", "status": 200, "latency_ms": 103}
{"ts": 101070, "svc": "auth", "status": 200, "latency_ms": 104}
{"ts": 101070, "svc": "gateway", "status": 200, "latency_ms": 105}
{"ts": 101071, "svc": "payment", "status": 200, "latency_ms": 106}
{"ts": 101071, "svc": "auth", "status": 200, "latency_ms": 107}
{"ts": 101071, "svc": "gateway", "status": 200, "latency_ms": 108}
{"ts": 101071, "svc": "payment", "status": 200, "latency_ms": 109}
{"ts": 101071, "svc": "auth", "status": 500, "latency_ms": 110}
{"ts": 101071, "svc": "gateway", "status": 200, "latency_ms": 111}
{"ts": 101072, "svc": "payment", "status": 200, "latency_ms": 112}
{"ts": 101072, "svc": "auth", "status": 200, "latency_ms": 113}
{"ts": 101072, "svc": "gateway", "status": 200, "latency_ms": 114}
{"ts": 101072, "svc": "payment", "status": 200, "latency_ms": 115}
{"ts": 101072, "svc": "auth", "status": 200, "latency_ms": 116}
{"ts": 101072, "svc": "gateway", "status": 200, "latency_ms": 117}
{"ts": 101073, "svc": "payment", "status": 500, "latency_ms": 118}
{"ts": 101073, "svc": "auth", "status": 200, "latency_ms": 119}
{"ts": 101073, "svc": "gateway", "status": 200, "latency_ms": 120}
{"ts": 101073, "svc": "payment", "status": 200, "latency_ms": 121}
{"ts": 101073, "svc": "auth", "status": 200, "latency_ms": 122}
{"ts": 101073, "svc": "gateway", "status": 200, "latency_ms": 123}
{"ts": 101074, "svc": "payment", "status": 200, "latency_ms": 124}
{"ts": 101074, "svc": "auth", "status": 200, "latency_ms": 125}
{"ts": 101074, "svc": "gateway", "status": 500, "latency_ms": 126}
{"ts": 101074, "svc": "payment", "status": 200, "latency_ms": 127}
{"ts": 101074, "svc": "auth", "status": 200, "latency_ms": 128}
{"ts": 101074, "svc": "gateway", "status": 200, "latency_ms": 129}
{"ts": 101075, "svc": "payment", "status": 200, "latency_ms": 130}
{"ts": 101075, "svc": "auth", "status": 200, "latency_ms": 131}
{"ts": 101075, "svc": "gateway", "status": 200, "latency_ms": 132}
{"ts": 101075, "svc": "payment", "status": 200, "latency_ms": 133}
{"ts": 101075, "svc": "auth", "status": 500, "latency_ms": 134}
{"ts": 101075, "svc": "gateway", "status": 200, "latency_ms": 135}
{"ts": true, "svc": "payment", "status": 200, "latency_ms": 100}
{"ts": 101076, "svc": "payment", "status": 200, "latency_ms": 136}
{"ts": 101076, "svc": "auth", "status": 200, "latency_ms": 137}
{"ts": 101076, "svc": "gateway", "status": 200, "latency_ms": 138}
{"ts": 101076, "svc": "payment", "status": 200, "latency_ms": 139}
{"ts": 101076, "svc": "auth", "status": 200, "latency_ms": 140}
{"ts": 101076, "svc": "gateway", "status": 200, "latency_ms": 141}
{"ts": 101077, "svc": "payment", "status": 500, "latency_ms": 142}
{"ts": 101077, "svc": "auth", "status": 200, "latency_ms": 143}
{"ts": 101077, "svc": "gateway", "status": 200, "latency_ms": 144}
{"ts": 101077, "svc": "payment", "status": 200, "latency_ms": 145}
{"ts": 101077, "svc": "auth", "status": 200, "latency_ms": 146}
{"ts": 101077, "svc": "gateway", "status": 200, "latency_ms": 147}
{"ts": 101078, "svc": "payment", "status": 200, "latency_ms": 148}
{"ts": 101078, "svc": "auth", "status": 200, "latency_ms": 149}
{"ts": 101078, "svc": "gateway", "status": 500, "latency_ms": 100}
   
{"ts": 101078, "svc": "payment", "status": 200, "latency_ms": 101}
{"ts": 101078, "svc": "auth", "status": 200, "latency_ms": 102}
{"ts": 101078, "svc": "gateway", "status": 200, "latency_ms": 103}
{"ts": 101079, "svc": "payment", "status": 200, "latency_ms": 104}
{"ts": 101079, "svc": "auth", "status": 200, "latency_ms": 105}
{"ts": 101079, "svc": "gateway", "status": 200, "latency_ms": 106}
{"ts": 101079, "svc": "payment", "status": 200, "latency_ms": 107}
{"ts": 101079, "svc": "auth", "status": 500, "latency_ms": 108}
{"ts": 101079, "svc": "gateway", "status": 200, "latency_ms": 109}
{"ts": 101080, "svc": "payment", "status": 200, "latency_ms": 110}
{"ts": 101080, "svc": "auth", "status": 200, "latency_ms": 111}
{"ts": 101080, "svc": "gateway", "status": 200, "latency_ms": 112}
{"ts": 101080, "svc": "payment", "status": 200, "latency_ms": 113}
{"ts": 101080, "svc": "auth", "status": 200, "latency_ms": 114}
{"ts": 101080, "svc": "gateway", "status": 200, "latency_ms": 115}
{"ts": 101081, "svc": "payment", "status": 500, "latency_ms": 116}
{"ts": 101081, "svc": "auth", "status": 200, "latency_ms": 117}
{"ts": 101081, "svc": "gateway", "status": 200, "latency_ms": 118}
{"ts": 101081, "svc": "payment", "status": 200, "latency_ms": 119}
{"ts": 101081, "svc": "auth", "status": 200, "latency_ms": 120}
{"ts": 101081, "svc": "gateway", "status": 200, "latency_ms": 121}
{"ts": 101082, "svc": "payment", "status": 200, "latency_ms": 122}
{"ts": 100000, "svc": "auth", "status": 99, "latency_ms": 100}
{"ts": 101082, "svc": "auth", "status": 200, "latency_ms": 123}
{"ts": 101082, "svc": "gateway", "status": 500, "latency_ms": 124}
{"ts": 101082, "svc": "payment", "status": 200, "latency_ms": 125}
{"ts": 101082, "svc": "auth", "status": 200, "latency_ms": 126}
{"ts": 101082, "svc": "gateway", "status": 200, "latency_ms": 127}
{"ts": 101083, "svc": "payment", "status": 200, "latency_ms": 128}
{"ts": 101083, "svc": "auth", "status": 200, "latency_ms": 129}
{"ts": 101083, "svc": "gateway", "status": 200, "latency_ms": 130}
{"ts": 101083, "svc": "payment", "status": 200, "latency_ms": 131}
{"ts": 101083, "svc": "auth", "status": 500, "latency_ms": 132}
{"ts": 101083, "svc": "gateway", "status": 200, "latency_ms": 133}
{"ts": 101084, "svc": "payment", "status": 200, "latency_ms": 134}
{"ts": 101084, "svc": "auth", "status": 200, "latency_ms": 135}
{"ts": 101084, "svc": "gateway", "status": 200, "latency_ms": 136}
{"ts": 101084, "svc": "payment", "status": 200, "latency_ms": 137}
{"ts": 101084, "svc": "auth", "status": 200, "latency_ms": 138}
{"ts": 101084, "svc": "gateway", "status": 200, "latency_ms": 139}
{"ts": 101085, "svc": "payment", "status": 500, "latency_ms": 140}
{"ts": 101085, "svc": "auth", "status": 200, "latency_ms": 141}
{"ts": 101085, "svc": "gateway", "status": 200, "latency_ms": 142}
{"ts": 101085, "svc": "payment", "status": 200, "latency_ms": 143}
{"ts": 101085, "svc": "auth", "status": 200, "latency_ms": 144}
{"ts": 101085, "svc": "gateway", "status": 200, "latency_ms": 145}
{"ts": 101086, "svc": "payment", "status": 200, "latency_ms": 146}
{"ts": 101086, "svc": "auth", "status": 200, "latency_ms": 147}
{"ts": 101086, "svc": "gateway", "status": 500, "latency_ms": 148}
{"ts": 101086, "svc": "payment", "status": 200, "latency_ms": 149}
{"ts": 101086, "svc": "auth", "status": 200, "latency_ms": 100}
   
{"ts": 101086, "svc": "gateway", "status": 200, "latency_ms": 101}
{"ts": 101087, "svc": "payment", "status": 200, "latency_ms": 102}
{"ts": 101087, "svc": "auth", "status": 200, "latency_ms": 103}
{"ts": 101087, "svc": "gateway", "status": 200, "latency_ms": 104}
{"ts": 101087, "svc": "payment", "status": 200, "latency_ms": 105}
{"ts": 101087, "svc": "auth", "status": 500, "latency_ms": 106}
{"ts": 101087, "svc": "gateway", "status": 200, "latency_ms": 107}
{"ts": 101088, "svc": "payment", "status": 200, "latency_ms": 108}
{"ts": 101088, "svc": "auth", "status": 200, "latency_ms": 109}
{"ts": 100000, "svc": "billing", "status": 200, "latency_ms": 100}
{"ts": 101088, "svc": "gateway", "status": 200, "latency_ms": 110}
{"ts": 101088, "svc": "payment", "status": 200, "latency_ms": 111}
{"ts": 101088, "svc": "auth", "status": 200, "latency_ms": 112}
{"ts": 101088, "svc": "gateway", "status": 200, "latency_ms": 113}
{"ts": 101089, "svc": "payment", "status": 500, "latency_ms": 114}
{"ts": 101089, "svc": "auth", "status": 200, "latency_ms": 115}
{"ts": 101089, "svc": "gateway", "status": 200, "latency_ms": 116}
{"ts": 101089, "svc": "payment", "status": 200, "latency_ms": 117}
{"ts": 101089, "svc": "auth", "status": 200, "latency_ms": 118}
{"ts": 101089, "svc": "gateway", "status": 200, "latency_ms": 119}
{"ts": 101090, "svc": "payment", "status": 200, "latency_ms": 120}
{"ts": 101090, "svc": "auth", "status": 200, "latency_ms": 121}
{"ts": 101090, "svc": "gateway", "status": 500, "latency_ms": 122}
{"ts": 101090, "svc": "payment", "status": 200, "latency_ms": 123}
{"ts": 101090, "svc": "auth", "status": 200, "latency_ms": 124}
{"ts": 101090, "svc": "gateway", "status": 200, "latency_ms": 125}
{"ts": 101091, "svc": "payment", "status": 200, "latency_ms": 126}
{"ts": 101091, "svc": "auth", "status": 200, "latency_ms": 127}
{"ts": 101091, "svc": "gateway", "status": 200, "latency_ms": 128}
{"ts": 101091, "svc": "payment", "status": 200, "latency_ms": 129}
{"ts": 101091, "svc": "auth", "status": 500, "latency_ms": 130}
{"ts": 101091, "svc": "gateway", "status": 200, "latency_ms": 131}
{"ts": 101092, "svc": "payment", "status": 200, "latency_ms": 132}
{"ts": 101092, "svc": "auth", "status": 200, "latency_ms": 133}
{"ts": 101092, "svc": "gateway", "status": 200, "latency_ms": 134}
{"ts": 101092, "svc": "payment", "status": 200, "latency_ms": 135}
{"ts": 101092, "svc": "auth", "status": 200, "latency_ms": 136}
{"ts": 101092, "svc": "gateway", "status": 200, "latency_ms": 137}
{"ts": 101093, "svc": "payment", "status": 500, "latency_ms": 138}
{"ts": 101093, "svc": "auth", "status": 200, "latency_ms": 139}
{"ts": 101093, "svc": "gateway", "status": 200, "latency_ms": 140}
{"ts": 101093, "svc": "payment", "status": 200, "latency_ms": 141}
{"ts": 101093, "svc": "auth", "status": 200, "latency_ms": 142}
{"ts": 101093, "svc": "gateway", "status": 200, "latency_ms": 143}
{"ts": 101094, "svc": "payment", "status": 200, "latency_ms": 144}
{"ts": 101094, "svc": "auth", "status": 200, "latency_ms": 145}
{"ts": 101094, "svc": "gateway", "status": 500, "latency_ms": 146}
{"ts": 100000, "svc": "gateway", "status": 200, "latency_ms": 1001}
{"ts": 101094, "svc": "payment", "status": 200, "latency_ms": 147}
{"ts": 101094, "svc": "auth", "status": 200, "latency_ms": 148}
{"ts": 101094, "svc": "gateway", "status": 200, "latency_ms": 149}
{"ts": 101054, "svc": "payment", "status": 500, "latency_ms": 100}
{"ts": 101064, "svc": "payment", "status": 200, "latency_ms": 100}
{"ts": 101105, "svc": "auth", "status": 500, "latency_ms": 100}
   
definitely not json {{
{"ts": 101105, "svc": "gateway", "status": 200, "latency_ms": 101}
{"ts": 101105, "svc": "payment", "status": 200, "latency_ms": 102}
{"ts": 101105, "svc": "auth", "status": 200, "latency_ms": 103}
{"ts": 101105, "svc": "gateway", "status": 200, "latency_ms": 104}
{"ts": 101105, "svc": "payment", "status": 200, "latency_ms": 105}
{"ts": 101106, "svc": "auth", "status": 200, "latency_ms": 106}
{"ts": 101106, "svc": "gateway", "status": 200, "latency_ms": 107}
{"ts": 101106, "svc": "payment", "status": 500, "latency_ms": 108}
{"ts": 101106, "svc": "auth", "status": 200, "latency_ms": 109}
{"ts": 101106, "svc": "gateway", "status": 200, "latency_ms": 110}
{"ts": 101106, "svc": "payment", "status": 200, "latency_ms": 111}
{"ts": 101107, "svc": "auth", "status": 200, "latency_ms": 112}
{"ts": 101107, "svc": "gateway", "status": 200, "latency_ms": 113}
{"ts": 101107, "svc": "payment", "status": 200, "latency_ms": 114}
{"ts": 101107, "svc": "auth", "status": 200, "latency_ms": 115}
{"ts": 101107, "svc": "gateway", "status": 500, "latency_ms": 116}
{"ts": 101107, "svc": "payment", "status": 200, "latency_ms": 117}
{"ts": 101108, "svc": "auth", "status": 200, "latency_ms": 118}
{"ts": 101108, "svc": "gateway", "status": 200, "latency_ms": 119}
{"ts": 101108, "svc": "payment", "status": 200, "latency_ms": 120}
{"ts": 101108, "svc": "auth", "status": 200, "latency_ms": 121}
{"ts": 101108, "svc": "gateway", "status": 200, "latency_ms": 122}
{"ts": 101108, "svc": "payment", "status": 200, "latency_ms": 123}
{"ts": 101109, "svc": "auth", "status": 500, "latency_ms": 124}
{"ts": 101109, "svc": "gateway", "status": 200, "latency_ms": 125}
{"ts": 101109, "svc": "payment", "status": 200, "latency_ms": 126}
{"ts": 101109, "svc": "auth", "status": 200, "latency_ms": 127}
{"ts": 101109, "svc": "gateway", "status": 200, "latency_ms": 128}
{"ts": 101109, "svc": "payment", "status": 200, "latency_ms": 129}
{"ts": 101110, "svc": "auth", "status": 200, "latency_ms": 130}
{"ts": 101110, "svc": "gateway", "status": 200, "latency_ms": 131}
{"ts": 101110, "svc": "payment", "status": 500, "latency_ms": 132}
{"ts": 101110, "svc": "auth", "status": 200, "latency_ms": 133}
{"ts": 101110, "svc": "gateway", "status": 200, "latency_ms": 134}
{"ts": 101110, "svc": "payment", "status": 200, "latency_ms": 135}
{"ts": 101111, "svc": "auth", "status": 200, "latency_ms": 136}
{"ts": 101111, "svc": "gateway", "status": 200, "latency_ms": 137}
{"ts": 100000, "svc": "auth", "status": 200}
{"ts": 101111, "svc": "payment", "status": 200, "latency_ms": 138}
{"ts": 101111, "svc": "auth", "status": 200, "latency_ms": 139}
{"ts": 101111, "svc": "gateway", "status": 500, "latency_ms": 140}
{"ts": 101111, "svc": "payment", "status": 200, "latency_ms": 141}
{"ts": 101112, "svc": "auth", "status": 200, "latency_ms": 142}
{"ts": 101112, "svc": "gateway", "status": 200, "latency_ms": 143}
{"ts": 101112, "svc": "payment", "status": 200, "latency_ms": 144}
{"ts": 101112, "svc": "auth", "status": 200, "latency_ms": 145}
{"ts": 101112, "svc": "gateway", "status": 200, "latency_ms": 146}
{"ts": 101112, "svc": "payment", "status": 200, "latency_ms": 147}
{"ts": 101113, "svc": "auth", "status": 500, "latency_ms": 148}
{"ts": 101113, "svc": "gateway", "status": 200, "latency_ms": 149}
{"ts": 101113, "svc": "payment", "status": 200, "latency_ms": 100}
   
{"ts": 101113, "svc": "auth", "status": 200, "latency_ms": 101}
{"ts": 101113, "svc": "gateway", "status": 200, "latency_ms": 102}
{"ts": 101113, "svc": "payment", "status": 200, "latency_ms": 103}
{"ts": 101114, "svc": "auth", "status": 200, "latency_ms": 104}
{"ts": 101114, "svc": "gateway", "status": 200, "latency_ms": 105}
{"ts": 101114, "svc": "payment", "status": 500, "latency_ms": 106}
{"ts": 101114, "svc": "auth", "status": 200, "latency_ms": 107}
{"ts": 101114, "svc": "gateway", "status": 200, "latency_ms": 108}
{"ts": 101114, "svc": "payment", "status": 200, "latency_ms": 109}
{"ts": 101115, "svc": "auth", "status": 200, "latency_ms": 110}
{"ts": 101115, "svc": "gateway", "status": 200, "latency_ms": 111}
{"ts": 101115, "svc": "payment", "status": 200, "latency_ms": 112}
{"ts": 101115, "svc": "auth", "status": 200, "latency_ms": 113}
{"ts": 101115, "svc": "gateway", "status": 500, "latency_ms": 114}
{"ts": 101115, "svc": "payment", "status": 200, "latency_ms": 115}
{"ts": 101116, "svc": "auth", "status": 200, "latency_ms": 116}
{"ts": 101116, "svc": "gateway", "status": 200, "latency_ms": 117}
{"ts": 101116, "svc": "payment", "status": 200, "latency_ms": 118}
{"ts": 101116, "svc": "auth", "status": 200, "latency_ms": 119}
{"ts": 101116, "svc": "gateway", "status": 200, "latency_ms": 120}
{"ts": 101116, "svc": "payment", "status": 200, "latency_ms": 121}
{"ts": 101117, "svc": "auth", "status": 500, "latency_ms": 122}
{"ts": 101117, "svc": "gateway", "status": 200, "latency_ms": 123}
{"ts": 101117, "svc": "payment", "status": 200, "latency_ms": 124}
{"ts": 100000, "svc": "auth", "status": 200, "latency_ms": 100, "x": 1}
{"ts": 101117, "svc": "auth", "status": 200, "latency_ms": 125}
{"ts": 101117, "svc": "gateway", "status": 200, "latency_ms": 126}
{"ts": 101117, "svc": "payment", "status": 200, "latency_ms": 127}
{"ts": 101118, "svc": "auth", "status": 200, "latency_ms": 128}
{"ts": 101118, "svc": "gateway", "status": 200, "latency_ms": 129}
{"ts": 101118, "svc": "payment", "status": 500, "latency_ms": 130}
{"ts": 101118, "svc": "auth", "status": 200, "latency_ms": 131}
{"ts": 101118, "svc": "gateway", "status": 200, "latency_ms": 132}
{"ts": 101118, "svc": "payment", "status": 200, "latency_ms": 133}
{"ts": 101119, "svc": "auth", "status": 200, "latency_ms": 134}
{"ts": 101119, "svc": "gateway", "status": 200, "latency_ms": 135}
{"ts": 101119, "svc": "payment", "status": 200, "latency_ms": 136}
{"ts": 101119, "svc": "auth", "status": 200, "latency_ms": 137}
{"ts": 101119, "svc": "gateway", "status": 500, "latency_ms": 138}
{"ts": 101119, "svc": "payment", "status": 200, "latency_ms": 139}
{"ts": 101120, "svc": "auth", "status": 200, "latency_ms": 140}
{"ts": 101120, "svc": "gateway", "status": 200, "latency_ms": 141}
{"ts": 101120, "svc": "payment", "status": 200, "latency_ms": 142}
{"ts": 101120, "svc": "auth", "status": 200, "latency_ms": 143}
{"ts": 101120, "svc": "gateway", "status": 200, "latency_ms": 144}
{"ts": 101120, "svc": "payment", "status": 200, "latency_ms": 145}
{"ts": 101121, "svc": "auth", "status": 500, "latency_ms": 146}
{"ts": 101121, "svc": "gateway", "status": 200, "latency_ms": 147}
{"ts": 101121, "svc": "payment", "status": 200, "latency_ms": 148}
{"ts": 101121, "svc": "auth", "status": 200, "latency_ms": 149}
{"ts": 101121, "svc": "gateway", "status": 200, "latency_ms": 100}
   
{"ts": 101121, "svc": "payment", "status": 200, "latency_ms": 101}
{"ts": 101122, "svc": "auth", "status": 200, "latency_ms": 102}
{"ts": 101122, "svc": "gateway", "status": 200, "latency_ms": 103}
{"ts": 101122, "svc": "payment", "status": 500, "latency_ms": 104}
{"ts": 101122, "svc": "auth", "status": 200, "latency_ms": 105}
{"ts": 101122, "svc": "gateway", "status": 200, "latency_ms": 106}
{"ts": 101122, "svc": "payment", "status": 200, "latency_ms": 107}
{"ts": 101123, "svc": "auth", "status": 200, "latency_ms": 108}
{"ts": 101123, "svc": "gateway", "status": 200, "latency_ms": 109}
{"ts": 101123, "svc": "payment", "status": 200, "latency_ms": 110}
{"ts": 101123, "svc": "auth", "status": 200, "latency_ms": 111}
{"ts": 100000, "svc": "gateway", "status": 200.0, "latency_ms": 100}
{"ts": 101123, "svc": "gateway", "status": 500, "latency_ms": 112}
{"ts": 101123, "svc": "payment", "status": 200, "latency_ms": 113}
{"ts": 101124, "svc": "auth", "status": 200, "latency_ms": 114}
{"ts": 101124, "svc": "gateway", "status": 200, "latency_ms": 115}
{"ts": 101124, "svc": "payment", "status": 200, "latency_ms": 116}
{"ts": 101124, "svc": "auth", "status": 200, "latency_ms": 117}
{"ts": 101124, "svc": "gateway", "status": 200, "latency_ms": 118}
{"ts": 101124, "svc": "payment", "status": 200, "latency_ms": 119}
{"ts": 101125, "svc": "auth", "status": 500, "latency_ms": 120}
{"ts": 101125, "svc": "gateway", "status": 200, "latency_ms": 121}
{"ts": 101125, "svc": "payment", "status": 200, "latency_ms": 122}
{"ts": 101125, "svc": "auth", "status": 200, "latency_ms": 123}
{"ts": 101125, "svc": "gateway", "status": 200, "latency_ms": 124}
{"ts": 101125, "svc": "payment", "status": 200, "latency_ms": 125}
{"ts": 101126, "svc": "auth", "status": 200, "latency_ms": 126}
{"ts": 101126, "svc": "gateway", "status": 200, "latency_ms": 127}
{"ts": 101126, "svc": "payment", "status": 500, "latency_ms": 128}
{"ts": 101126, "svc": "auth", "status": 200, "latency_ms": 129}
{"ts": 101126, "svc": "gateway", "status": 200, "latency_ms": 130}
{"ts": 101126, "svc": "payment", "status": 200, "latency_ms": 131}
{"ts": 101127, "svc": "auth", "status": 200, "latency_ms": 132}
{"ts": 101127, "svc": "gateway", "status": 200, "latency_ms": 133}
{"ts": 101127, "svc": "payment", "status": 200, "latency_ms": 134}
{"ts": 101127, "svc": "auth", "status": 200, "latency_ms": 135}
{"ts": 101127, "svc": "gateway", "status": 500, "latency_ms": 136}
{"ts": 101127, "svc": "payment", "status": 200, "latency_ms": 137}
{"ts": 101128, "svc": "auth", "status": 200, "latency_ms": 138}
{"ts": 101128, "svc": "gateway", "status": 200, "latency_ms": 139}
{"ts": 101128, "svc": "payment", "status": 200, "latency_ms": 140}
{"ts": 101128, "svc": "auth", "status": 200, "latency_ms": 141}
{"ts": 101128, "svc": "gateway", "status": 200, "latency_ms": 142}
{"ts": 101128, "svc": "payment", "status": 200, "latency_ms": 143}
{"ts": 101129, "svc": "auth", "status": 500, "latency_ms": 144}
{"ts": 101129, "svc": "gateway", "status": 200, "latency_ms": 145}
{"ts": 101129, "svc": "payment", "status": 200, "latency_ms": 146}
{"ts": 101129, "svc": "auth", "status": 200, "latency_ms": 147}
{"ts": 101129, "svc": "gateway", "status": 200, "latency_ms": 148}
{"ts": true, "svc": "payment", "status": 200, "latency_ms": 100}
{"ts": 101129, "svc": "payment", "status": 200, "latency_ms": 149}
{"ts": 101130, "svc": "auth", "status": 200, "latency_ms": 100}
   
{"ts": 101130, "svc": "gateway", "status": 200, "latency_ms": 101}
{"ts": 101130, "svc": "payment", "status": 500, "latency_ms": 102}
{"ts": 101130, "svc": "auth", "status": 200, "latency_ms": 103}
{"ts": 101130, "svc": "gateway", "status": 200, "latency_ms": 104}
{"ts": 101130, "svc": "payment", "status": 200, "latency_ms": 105}
{"ts": 101131, "svc": "auth", "status": 200, "latency_ms": 106}
{"ts": 101131, "svc": "gateway", "status": 200, "latency_ms": 107}
{"ts": 101131, "svc": "payment", "status": 200, "latency_ms": 108}
{"ts": 101131, "svc": "auth", "status": 200, "latency_ms": 109}
{"ts": 101131, "svc": "gateway", "status": 500, "latency_ms": 110}
{"ts": 101131, "svc": "payment", "status": 200, "latency_ms": 111}
{"ts": 101132, "svc": "auth", "status": 200, "latency_ms": 112}
{"ts": 101132, "svc": "gateway", "status": 200, "latency_ms": 113}
{"ts": 101132, "svc": "payment", "status": 200, "latency_ms": 114}
{"ts": 101132, "svc": "auth", "status": 200, "latency_ms": 115}
{"ts": 101132, "svc": "gateway", "status": 200, "latency_ms": 116}
{"ts": 101132, "svc": "payment", "status": 200, "latency_ms": 117}
{"ts": 101133, "svc": "auth", "status": 500, "latency_ms": 118}
{"ts": 101133, "svc": "gateway", "status": 200, "latency_ms": 119}
{"ts": 101133, "svc": "payment", "status": 200, "latency_ms": 120}
{"ts": 101133, "svc": "auth", "status": 200, "latency_ms": 121}
{"ts": 101133, "svc": "gateway", "status": 200, "latency_ms": 122}
{"ts": 101133, "svc": "payment", "status": 200, "latency_ms": 123}
{"ts": 101134, "svc": "auth", "status": 200, "latency_ms": 124}
{"ts": 101134, "svc": "gateway", "status": 200, "latency_ms": 125}
{"ts": 101134, "svc": "payment", "status": 500, "latency_ms": 126}
{"ts": 101134, "svc": "auth", "status": 200, "latency_ms": 127}
{"ts": 101134, "svc": "gateway", "status": 200, "latency_ms": 128}
{"ts": 101134, "svc": "payment", "status": 200, "latency_ms": 129}
{"ts": 101135, "svc": "auth", "status": 200, "latency_ms": 130}
{"ts": 101135, "svc": "gateway", "status": 200, "latency_ms": 131}
{"ts": 101135, "svc": "payment", "status": 200, "latency_ms": 132}
{"ts": 101135, "svc": "auth", "status": 200, "latency_ms": 133}
{"ts": 101135, "svc": "gateway", "status": 500, "latency_ms": 134}
{"ts": 101135, "svc": "payment", "status": 200, "latency_ms": 135}
{"ts": 100000, "svc": "auth", "status": 99, "latency_ms": 100}
{"ts": 101136, "svc": "auth", "status": 200, "latency_ms": 136}
{"ts": 101136, "svc": "gateway", "status": 200, "latency_ms": 137}
{"ts": 101136, "svc": "payment", "status": 200, "latency_ms": 138}
{"ts": 101136, "svc": "auth", "status": 200, "latency_ms": 139}
{"ts": 101136, "svc": "gateway", "status": 200, "latency_ms": 140}
{"ts": 101136, "svc": "payment", "status": 200, "latency_ms": 141}
{"ts": 101137, "svc": "auth", "status": 500, "latency_ms": 142}
{"ts": 101137, "svc": "gateway", "status": 200, "latency_ms": 143}
{"ts": 101137, "svc": "payment", "status": 200, "latency_ms": 144}
{"ts": 101137, "svc": "auth", "status": 200, "latency_ms": 145}
{"ts": 101137, "svc": "gateway", "status": 200, "latency_ms": 146}
{"ts": 101137, "svc": "payment", "status": 200, "latency_ms": 147}
{"ts": 101138, "svc": "auth", "status": 200, "latency_ms": 148}
{"ts": 101138, "svc": "gateway", "status": 200, "latency_ms": 149}
{"ts": 101138, "svc": "payment", "status": 500, "latency_ms": 100}
   
{"ts": 101138, "svc": "auth", "status": 200, "latency_ms": 101}
{"ts": 101138, "svc": "gateway", "status": 200, "latency_ms": 102}
{"ts": 101138, "svc": "payment", "status": 200, "latency_ms": 103}
{"ts": 101139, "svc": "auth", "status": 200, "latency_ms": 104}
{"ts": 101139, "svc": "gateway", "status": 200, "latency_ms": 105}
{"ts": 101139, "svc": "payment", "status": 200, "latency_ms": 106}
{"ts": 101139, "svc": "auth", "status": 200, "latency_ms": 107}
{"ts": 101139, "svc": "gateway", "status": 500, "latency_ms": 108}
{"ts": 101139, "svc": "payment", "status": 200, "latency_ms": 109}
{"ts": 101140, "svc": "auth", "status": 200, "latency_ms": 110}
{"ts": 101140, "svc": "gateway", "status": 200, "latency_ms": 111}
{"ts": 101140, "svc": "payment", "status": 200, "latency_ms": 112}
{"ts": 101140, "svc": "auth", "status": 200, "latency_ms": 113}
{"ts": 101140, "svc": "gateway", "status": 200, "latency_ms": 114}
{"ts": 101140, "svc": "payment", "status": 200, "latency_ms": 115}
{"ts": 101141, "svc": "auth", "status": 500, "latency_ms": 116}
{"ts": 101141, "svc": "gateway", "status": 200, "latency_ms": 117}
{"ts": 101141, "svc": "payment", "status": 200, "latency_ms": 118}
{"ts": 101141, "svc": "auth", "status": 200, "latency_ms": 119}
{"ts": 101141, "svc": "gateway", "status": 200, "latency_ms": 120}
{"ts": 101141, "svc": "payment", "status": 200, "latency_ms": 121}
{"ts": 101142, "svc": "auth", "status": 200, "latency_ms": 122}
{"ts": 100000, "svc": "billing", "status": 200, "latency_ms": 100}
{"ts": 101142, "svc": "gateway", "status": 200, "latency_ms": 123}
{"ts": 101142, "svc": "payment", "status": 500, "latency_ms": 124}
{"ts": 101142, "svc": "auth", "status": 200, "latency_ms": 125}
{"ts": 101142, "svc": "gateway", "status": 200, "latency_ms": 126}
{"ts": 101142, "svc": "payment", "status": 200, "latency_ms": 127}
{"ts": 101143, "svc": "auth", "status": 200, "latency_ms": 128}
{"ts": 101143, "svc": "gateway", "status": 200, "latency_ms": 129}
{"ts": 101143, "svc": "payment", "status": 200, "latency_ms": 130}
{"ts": 101143, "svc": "auth", "status": 200, "latency_ms": 131}
{"ts": 101143, "svc": "gateway", "status": 500, "latency_ms": 132}
{"ts": 101143, "svc": "payment", "status": 200, "latency_ms": 133}
{"ts": 101144, "svc": "auth", "status": 200, "latency_ms": 134}
{"ts": 101144, "svc": "gateway", "status": 200, "latency_ms": 135}
{"ts": 101144, "svc": "payment", "status": 200, "latency_ms": 136}
{"ts": 101144, "svc": "auth", "status": 200, "latency_ms": 137}
{"ts": 101144, "svc": "gateway", "status": 200, "latency_ms": 138}
{"ts": 101144, "svc": "payment", "status": 200, "latency_ms": 139}
{"ts": 101145, "svc": "auth", "status": 500, "latency_ms": 140}
{"ts": 101145, "svc": "gateway", "status": 200, "latency_ms": 141}
{"ts": 101145, "svc": "payment", "status": 200, "latency_ms": 142}
{"ts": 101145, "svc": "auth", "status": 200, "latency_ms": 143}
{"ts": 101145, "svc": "gateway", "status": 200, "latency_ms": 144}
{"ts": 101145, "svc": "payment", "status": 200, "latency_ms": 145}
{"ts": 101146, "svc": "auth", "status": 200, "latency_ms": 146}
{"ts": 101146, "svc": "gateway", "status": 200, "latency_ms": 147}
{"ts": 101146, "svc": "payment", "status": 500, "latency_ms": 148}
{"ts": 101146, "svc": "auth", "status": 200, "latency_ms": 149}
{"ts": 101146, "svc": "gateway", "status": 200, "latency_ms": 100}
   
{"ts": 101146, "svc": "payment", "status": 200, "latency_ms": 101}
{"ts": 101147, "svc": "auth", "status": 200, "latency_ms": 102}
{"ts": 101147, "svc": "gateway", "status": 200, "latency_ms": 103}
{"ts": 101147, "svc": "payment", "status": 200, "latency_ms": 104}
{"ts": 101147, "svc": "auth", "status": 200, "latency_ms": 105}
{"ts": 101147, "svc": "gateway", "status": 500, "latency_ms": 106}
{"ts": 101147, "svc": "payment", "status": 200, "latency_ms": 107}
{"ts": 101148, "svc": "auth", "status": 200, "latency_ms": 108}
{"ts": 101148, "svc": "gateway", "status": 200, "latency_ms": 109}
{"ts": 100000, "svc": "gateway", "status": 200, "latency_ms": 1001}
{"ts": 101148, "svc": "payment", "status": 200, "latency_ms": 110}
{"ts": 101148, "svc": "auth", "status": 200, "latency_ms": 111}
{"ts": 101148, "svc": "gateway", "status": 200, "latency_ms": 112}
{"ts": 101148, "svc": "payment", "status": 200, "latency_ms": 113}
{"ts": 101149, "svc": "auth", "status": 500, "latency_ms": 114}
{"ts": 101149, "svc": "gateway", "status": 200, "latency_ms": 115}
{"ts": 101149, "svc": "payment", "status": 200, "latency_ms": 116}
{"ts": 101149, "svc": "auth", "status": 200, "latency_ms": 117}
{"ts": 101149, "svc": "gateway", "status": 200, "latency_ms": 118}
{"ts": 101149, "svc": "payment", "status": 200, "latency_ms": 119}
{"ts": 101150, "svc": "auth", "status": 200, "latency_ms": 120}
{"ts": 101150, "svc": "gateway", "status": 200, "latency_ms": 121}
{"ts": 101150, "svc": "payment", "status": 500, "latency_ms": 122}
{"ts": 101150, "svc": "auth", "status": 200, "latency_ms": 123}
{"ts": 101150, "svc": "gateway", "status": 200, "latency_ms": 124}
{"ts": 101150, "svc": "payment", "status": 200, "latency_ms": 125}
{"ts": 101151, "svc": "auth", "status": 200, "latency_ms": 126}
{"ts": 101151, "svc": "gateway", "status": 200, "latency_ms": 127}
{"ts": 101151, "svc": "payment", "status": 200, "latency_ms": 128}
{"ts": 101151, "svc": "auth", "status": 200, "latency_ms": 129}
{"ts": 101151, "svc": "gateway", "status": 500, "latency_ms": 130}
{"ts": 101151, "svc": "payment", "status": 200, "latency_ms": 131}
{"ts": 101152, "svc": "auth", "status": 200, "latency_ms": 132}
{"ts": 101152, "svc": "gateway", "status": 200, "latency_ms": 133}
{"ts": 101152, "svc": "payment", "status": 200, "latency_ms": 134}
{"ts": 101152, "svc": "auth", "status": 200, "latency_ms": 135}
{"ts": 101152, "svc": "gateway", "status": 200, "latency_ms": 136}
{"ts": 101152, "svc": "payment", "status": 200, "latency_ms": 137}
{"ts": 101153, "svc": "auth", "status": 500, "latency_ms": 138}
{"ts": 101153, "svc": "gateway", "status": 200, "latency_ms": 139}
{"ts": 101153, "svc": "payment", "status": 200, "latency_ms": 140}
{"ts": 101153, "svc": "auth", "status": 200, "latency_ms": 141}
{"ts": 101153, "svc": "gateway", "status": 200, "latency_ms": 142}
{"ts": 101153, "svc": "payment", "status": 200, "latency_ms": 143}
{"ts": 101154, "svc": "auth", "status": 200, "latency_ms": 144}
{"ts": 101154, "svc": "gateway", "status": 200, "latency_ms": 145}
{"ts": 101154, "svc": "payment", "status": 500, "latency_ms": 146}
{"ts": 100000, "svc": "payment", "status": 200, "latency_ms": false}
{"ts": 101154, "svc": "auth", "status": 200, "latency_ms": 147}
{"ts": 101154, "svc": "gateway", "status": 200, "latency_ms": 148}
{"ts": 101154, "svc": "payment", "status": 200, "latency_ms": 149}
{"ts": 101114, "svc": "auth", "status": 500, "latency_ms": 100}
{"ts": 101124, "svc": "auth", "status": 200, "latency_ms": 100}
{"ts": 101165, "svc": "gateway", "status": 500, "latency_ms": 100}
   
{"ts": 100000, "svc": "auth", "status": 200}
{"ts": 101165, "svc": "payment", "status": 200, "latency_ms": 101}
{"ts": 101165, "svc": "auth", "status": 200, "latency_ms": 102}
{"ts": 101165, "svc": "gateway", "status": 200, "latency_ms": 103}
{"ts": 101165, "svc": "payment", "status": 200, "latency_ms": 104}
{"ts": 101165, "svc": "auth", "status": 200, "latency_ms": 105}
{"ts": 101166, "svc": "gateway", "status": 200, "latency_ms": 106}
{"ts": 101166, "svc": "payment", "status": 200, "latency_ms": 107}
{"ts": 101166, "svc": "auth", "status": 500, "latency_ms": 108}
{"ts": 101166, "svc": "gateway", "status": 200, "latency_ms": 109}
{"ts": 101166, "svc": "payment", "status": 200, "latency_ms": 110}
{"ts": 101166, "svc": "auth", "status": 200, "latency_ms": 111}
{"ts": 101167, "svc": "gateway", "status": 200, "latency_ms": 112}
{"ts": 101167, "svc": "payment", "status": 200, "latency_ms": 113}
{"ts": 101167, "svc": "auth", "status": 200, "latency_ms": 114}
{"ts": 101167, "svc": "gateway", "status": 200, "latency_ms": 115}
{"ts": 101167, "svc": "payment", "status": 500, "latency_ms": 116}
{"ts": 101167, "svc": "auth", "status": 200, "latency_ms": 117}
{"ts": 101168, "svc": "gateway", "status": 200, "latency_ms": 118}
{"ts": 101168, "svc": "payment", "status": 200, "latency_ms": 119}
{"ts": 101168, "svc": "auth", "status": 200, "latency_ms": 120}
{"ts": 101168, "svc": "gateway", "status": 200, "latency_ms": 121}
{"ts": 101168, "svc": "payment", "status": 200, "latency_ms": 122}
{"ts": 101168, "svc": "auth", "status": 200, "latency_ms": 123}
{"ts": 101169, "svc": "gateway", "status": 500, "latency_ms": 124}
{"ts": 101169, "svc": "payment", "status": 200, "latency_ms": 125}
{"ts": 101169, "svc": "auth", "status": 200, "latency_ms": 126}
{"ts": 101169, "svc": "gateway", "status": 200, "latency_ms": 127}
{"ts": 101169, "svc": "payment", "status": 200, "latency_ms": 128}
{"ts": 101169, "svc": "auth", "status": 200, "latency_ms": 129}
{"ts": 101170, "svc": "gateway", "status": 200, "latency_ms": 130}
{"ts": 101170, "svc": "payment", "status": 200, "latency_ms": 131}
{"ts": 101170, "svc": "auth", "status": 500, "latency_ms": 132}
{"ts": 101170, "svc": "gateway", "status": 200, "latency_ms": 133}
{"ts": 101170, "svc": "payment", "status": 200, "latency_ms": 134}
{"ts": 101170, "svc": "auth", "status": 200, "latency_ms": 135}
{"ts": 101171, "svc": "gateway", "status": 200, "latency_ms": 136}
{"ts": 101171, "svc": "payment", "status": 200, "latency_ms": 137}
{"ts": 100000, "svc": "auth", "status": 200, "latency_ms": 100, "x": 1}
{"ts": 101171, "svc": "auth", "status": 200, "latency_ms": 138}
{"ts": 101171, "svc": "gateway", "status": 200, "latency_ms": 139}
{"ts": 101171, "svc": "payment", "status": 500, "latency_ms": 140}
{"ts": 101171, "svc": "auth", "status": 200, "latency_ms": 141}
{"ts": 101172, "svc": "gateway", "status": 200, "latency_ms": 142}
{"ts": 101172, "svc": "payment", "status": 200, "latency_ms": 143}
{"ts": 101172, "svc": "auth", "status": 200, "latency_ms": 144}
{"ts": 101172, "svc": "gateway", "status": 200, "latency_ms": 145}
{"ts": 101172, "svc": "payment", "status": 200, "latency_ms": 146}
{"ts": 101172, "svc": "auth", "status": 200, "latency_ms": 147}
{"ts": 101173, "svc": "gateway", "status": 500, "latency_ms": 148}
{"ts": 101173, "svc": "payment", "status": 200, "latency_ms": 149}
{"ts": 101173, "svc": "auth", "status": 200, "latency_ms": 100}
   
{"ts": 101173, "svc": "gateway", "status": 200, "latency_ms": 101}
{"ts": 101173, "svc": "payment", "status": 200, "latency_ms": 102}
{"ts": 101173, "svc": "auth", "status": 200, "latency_ms": 103}
{"ts": 101174, "svc": "gateway", "status": 200, "latency_ms": 104}
{"ts": 101174, "svc": "payment", "status": 200, "latency_ms": 105}
{"ts": 101174, "svc": "auth", "status": 500, "latency_ms": 106}
{"ts": 101174, "svc": "gateway", "status": 200, "latency_ms": 107}
{"ts": 101174, "svc": "payment", "status": 200, "latency_ms": 108}
{"ts": 101174, "svc": "auth", "status": 200, "latency_ms": 109}
{"ts": 101175, "svc": "gateway", "status": 200, "latency_ms": 110}
{"ts": 101175, "svc": "payment", "status": 200, "latency_ms": 111}
{"ts": 101175, "svc": "auth", "status": 200, "latency_ms": 112}
{"ts": 101175, "svc": "gateway", "status": 200, "latency_ms": 113}
{"ts": 101175, "svc": "payment", "status": 500, "latency_ms": 114}
{"ts": 101175, "svc": "auth", "status": 200, "latency_ms": 115}
{"ts": 101176, "svc": "gateway", "status": 200, "latency_ms": 116}
{"ts": 101176, "svc": "payment", "status": 200, "latency_ms": 117}
{"ts": 101176, "svc": "auth", "status": 200, "latency_ms": 118}
{"ts": 101176, "svc": "gateway", "status": 200, "latency_ms": 119}
{"ts": 101176, "svc": "payment", "status": 200, "latency_ms": 120}
{"ts": 101176, "svc": "auth", "status": 200, "latency_ms": 121}
{"ts": 101177, "svc": "gateway", "status": 500, "latency_ms": 122}
{"ts": 101177, "svc": "payment", "status": 200, "latency_ms": 123}
{"ts": 101177, "svc": "auth", "status": 200, "latency_ms": 124}
{"ts": 100000, "svc": "gateway", "status": 200.0, "latency_ms": 100}
{"ts": 101177, "svc": "gateway", "status": 200, "latency_ms": 125}
{"ts": 101177, "svc": "payment", "status": 200, "latency_ms": 126}
{"ts": 101177, "svc": "auth", "status": 200, "latency_ms": 127}
{"ts": 101178, "svc": "gateway", "status": 200, "latency_ms": 128}
{"ts": 101178, "svc": "payment", "status": 200, "latency_ms": 129}
{"ts": 101178, "svc": "auth", "status": 500, "latency_ms": 130}
{"ts": 101178, "svc": "gateway", "status": 200, "latency_ms": 131}
{"ts": 101178, "svc": "payment", "status": 200, "latency_ms": 132}
{"ts": 101178, "svc": "auth", "status": 200, "latency_ms": 133}
{"ts": 101179, "svc": "gateway", "status": 200, "latency_ms": 134}
{"ts": 101179, "svc": "payment", "status": 200, "latency_ms": 135}
{"ts": 101179, "svc": "auth", "status": 200, "latency_ms": 136}
{"ts": 101179, "svc": "gateway", "status": 200, "latency_ms": 137}
{"ts": 101179, "svc": "payment", "status": 500, "latency_ms": 138}
{"ts": 101179, "svc": "auth", "status": 200, "latency_ms": 139}
{"ts": 101180, "svc": "gateway", "status": 200, "latency_ms": 140}
{"ts": 101180, "svc": "payment", "status": 200, "latency_ms": 141}
{"ts": 101180, "svc": "auth", "status": 200, "latency_ms": 142}
{"ts": 101180, "svc": "gateway", "status": 200, "latency_ms": 143}
{"ts": 101180, "svc": "payment", "status": 200, "latency_ms": 144}
{"ts": 101180, "svc": "auth", "status": 200, "latency_ms": 145}
{"ts": 101181, "svc": "gateway", "status": 500, "latency_ms": 146}
{"ts": 101181, "svc": "payment", "status": 200, "latency_ms": 147}
{"ts": 101181, "svc": "auth", "status": 200, "latency_ms": 148}
{"ts": 101181, "svc": "gateway", "status": 200, "latency_ms": 149}
{"ts": 101181, "svc": "payment", "status": 200, "latency_ms": 100}
   
{"ts": 101181, "svc": "auth", "status": 200, "latency_ms": 101}
{"ts": 101182, "svc": "gateway", "status": 200, "latency_ms": 102}
{"ts": 101182, "svc": "payment", "status": 200, "latency_ms": 103}
{"ts": 101182, "svc": "auth", "status": 500, "latency_ms": 104}
{"ts": 101182, "svc": "gateway", "status": 200, "latency_ms": 105}
{"ts": 101182, "svc": "payment", "status": 200, "latency_ms": 106}
{"ts": 101182, "svc": "auth", "status": 200, "latency_ms": 107}
{"ts": 101183, "svc": "gateway", "status": 200, "latency_ms": 108}
{"ts": 101183, "svc": "payment", "status": 200, "latency_ms": 109}
{"ts": 101183, "svc": "auth", "status": 200, "latency_ms": 110}
{"ts": 101183, "svc": "gateway", "status": 200, "latency_ms": 111}
{"ts": true, "svc": "payment", "status": 200, "latency_ms": 100}
{"ts": 101183, "svc": "payment", "status": 500, "latency_ms": 112}
{"ts": 101183, "svc": "auth", "status": 200, "latency_ms": 113}
{"ts": 101184, "svc": "gateway", "status": 200, "latency_ms": 114}
{"ts": 101184, "svc": "payment", "status": 200, "latency_ms": 115}
{"ts": 101184, "svc": "auth", "status": 200, "latency_ms": 116}
{"ts": 101184, "svc": "gateway", "status": 200, "latency_ms": 117}
{"ts": 101184, "svc": "payment", "status": 200, "latency_ms": 118}
{"ts": 101184, "svc": "auth", "status": 200, "latency_ms": 119}
{"ts": 101185, "svc": "gateway", "status": 500, "latency_ms": 120}
{"ts": 101185, "svc": "payment", "status": 200, "latency_ms": 121}
{"ts": 101185, "svc": "auth", "status": 200, "latency_ms": 122}
{"ts": 101185, "svc": "gateway", "status": 200, "latency_ms": 123}
{"ts": 101185, "svc": "payment", "status": 200, "latency_ms": 124}
{"ts": 101185, "svc": "auth", "status": 200, "latency_ms": 125}
{"ts": 101186, "svc": "gateway", "status": 200, "latency_ms": 126}
{"ts": 101186, "svc": "payment", "status": 200, "latency_ms": 127}
{"ts": 101186, "svc": "auth", "status": 500, "latency_ms": 128}
{"ts": 101186, "svc": "gateway", "status": 200, "latency_ms": 129}
{"ts": 101186, "svc": "payment", "status": 200, "latency_ms": 130}
{"ts": 101186, "svc": "auth", "status": 200, "latency_ms": 131}
{"ts": 101187, "svc": "gateway", "status": 200, "latency_ms": 132}
{"ts": 101187, "svc": "payment", "status": 200, "latency_ms": 133}
{"ts": 101187, "svc": "auth", "status": 200, "latency_ms": 134}
{"ts": 101187, "svc": "gateway", "status": 200, "latency_ms": 135}
{"ts": 101187, "svc": "payment", "status": 500, "latency_ms": 136}
{"ts": 101187, "svc": "auth", "status": 200, "latency_ms": 137}
{"ts": 101188, "svc": "gateway", "status": 200, "latency_ms": 138}
{"ts": 101188, "svc": "payment", "status": 200, "latency_ms": 139}
{"ts": 101188, "svc": "auth", "status": 200, "latency_ms": 140}
{"ts": 101188, "svc": "gateway", "status": 200, "latency_ms": 141}
{"ts": 101188, "svc": "payment", "status": 200, "latency_ms": 142}
{"ts": 101188, "svc": "auth", "status": 200, "latency_ms": 143}
{"ts": 101189, "svc": "gateway", "status": 500, "latency_ms": 144}
{"ts": 101189, "svc": "payment", "status": 200, "latency_ms": 145}
{"ts": 101189, "svc": "auth", "status": 200, "latency_ms": 146}
{"ts": 101189, "svc": "gateway", "status": 200, "latency_ms": 147}
{"ts": 101189, "svc": "payment", "status": 200, "latency_ms": 148}
{"ts": 100000, "svc": "auth", "status": 99, "latency_ms": 100}
{"ts": 101189, "svc": "auth", "status": 200, "latency_ms": 149}
{"ts": 101190, "svc": "gateway", "status": 200, "latency_ms": 100}
   
{"ts": 101190, "svc": "payment", "status": 200, "latency_ms": 101}
{"ts": 101190, "svc": "auth", "status": 500, "latency_ms": 102}
{"ts": 101190, "svc": "gateway", "status": 200, "latency_ms": 103}
{"ts": 101190, "svc": "payment", "status": 200, "latency_ms": 104}
{"ts": 101190, "svc": "auth", "status": 200, "latency_ms": 105}
{"ts": 101191, "svc": "gateway", "status": 200, "latency_ms": 106}
{"ts": 101191, "svc": "payment", "status": 200, "latency_ms": 107}
{"ts": 101191, "svc": "auth", "status": 200, "latency_ms": 108}
{"ts": 101191, "svc": "gateway", "status": 200, "latency_ms": 109}
{"ts": 101191, "svc": "payment", "status": 500, "latency_ms": 110}
{"ts": 101191, "svc": "auth", "status": 200, "latency_ms": 111}
{"ts": 101192, "svc": "gateway", "status": 200, "latency_ms": 112}
{"ts": 101192, "svc": "payment", "status": 200, "latency_ms": 113}
{"ts": 101192, "svc": "auth", "status": 200, "latency_ms": 114}
{"ts": 101192, "svc": "gateway", "status": 200, "latency_ms": 115}
{"ts": 101192, "svc": "payment", "status": 200, "latency_ms": 116}
{"ts": 101192, "svc": "auth", "status": 200, "latency_ms": 117}
{"ts": 101193, "svc": "gateway", "status": 500, "latency_ms": 118}
{"ts": 101193, "svc": "payment", "status": 200, "latency_ms": 119}
{"ts": 101193, "svc": "auth", "status": 200, "latency_ms": 120}
{"ts": 101193, "svc": "gateway", "status": 200, "latency_ms": 121}
{"ts": 101193, "svc": "payment", "status": 200, "latency_ms": 122}
{"ts": 101193, "svc": "auth", "status": 200, "latency_ms": 123}
{"ts": 101194, "svc": "gateway", "status": 200, "latency_ms": 124}
{"ts": 101194, "svc": "payment", "status": 200, "latency_ms": 125}
{"ts": 101194, "svc": "auth", "status": 500, "latency_ms": 126}
{"ts": 101194, "svc": "gateway", "status": 200, "latency_ms": 127}
{"ts": 101194, "svc": "payment", "status": 200, "latency_ms": 128}
{"ts": 101194, "svc": "auth", "status": 200, "latency_ms": 129}
{"ts": 101195, "svc": "gateway", "status": 200, "latency_ms": 130}
{"ts": 101195, "svc": "payment", "status": 200, "latency_ms": 131}
{"ts": 101195, "svc": "auth", "status": 200, "latency_ms": 132}
{"ts": 101195, "svc": "gateway", "status": 200, "latency_ms": 133}
{"ts": 101195, "svc": "payment", "status": 500, "latency_ms": 134}
{"ts": 101195, "svc": "auth", "status": 200, "latency_ms": 135}
{"ts": 100000, "svc": "billing", "status": 200, "latency_ms": 100}
{"ts": 101196, "svc": "gateway", "status": 200, "latency_ms": 136}
{"ts": 101196, "svc": "payment", "status": 200, "latency_ms": 137}
{"ts": 101196, "svc": "auth", "status": 200, "latency_ms": 138}
{"ts": 101196, "svc": "gateway", "status": 200, "latency_ms": 139}
{"ts": 101196, "svc": "payment", "status": 200, "latency_ms": 140}
{"ts": 101196, "svc": "auth", "status": 200, "latency_ms": 141}
{"ts": 101197, "svc": "gateway", "status": 500, "latency_ms": 142}
{"ts": 101197, "svc": "payment", "status": 200, "latency_ms": 143}
{"ts": 101197, "svc": "auth", "status": 200, "latency_ms": 144}
{"ts": 101197, "svc": "gateway", "status": 200, "latency_ms": 145}
{"ts": 101197, "svc": "payment", "status": 200, "latency_ms": 146}
{"ts": 101197, "svc": "auth", "status": 200, "latency_ms": 147}
{"ts": 101198, "svc": "gateway", "status": 200, "latency_ms": 148}
{"ts": 101198, "svc": "payment", "status": 200, "latency_ms": 149}
{"ts": 101198, "svc": "auth", "status": 500, "latency_ms": 100}
   
{"ts": 101198, "svc": "gateway", "status": 200, "latency_ms": 101}
{"ts": 101198, "svc": "payment", "status": 200, "latency_ms": 102}
{"ts": 101198, "svc": "auth", "status": 200, "latency_ms": 103}
{"ts": 101199, "svc": "gateway", "status": 200, "latency_ms": 104}
{"ts": 101199, "svc": "payment", "status": 200, "latency_ms": 105}
{"ts": 101199, "svc": "auth", "status": 200, "latency_ms": 106}
{"ts": 101199, "svc": "gateway", "status": 200, "latency_ms": 107}
{"ts": 101199, "svc": "payment", "status": 500, "latency_ms": 108}
{"ts": 101199, "svc": "auth", "status": 200, "latency_ms": 109}
{"ts": 101200, "svc": "gateway", "status": 200, "latency_ms": 110}
{"ts": 101200, "svc": "payment", "status": 200, "latency_ms": 111}
{"ts": 101200, "svc": "auth", "status": 200, "latency_ms": 112}
{"ts": 101200, "svc": "gateway", "status": 200, "latency_ms": 113}
{"ts": 101200, "svc": "payment", "status": 200, "latency_ms": 114}
{"ts": 101200, "svc": "auth", "status": 200, "latency_ms": 115}
{"ts": 101201, "svc": "gateway", "status": 500, "latency_ms": 116}
{"ts": 101201, "svc": "payment", "status": 200, "latency_ms": 117}
{"ts": 101201, "svc": "auth", "status": 200, "latency_ms": 118}
{"ts": 101201, "svc": "gateway", "status": 200, "latency_ms": 119}
{"ts": 101201, "svc": "payment", "status": 200, "latency_ms": 120}
{"ts": 101201, "svc": "auth", "status": 200, "latency_ms": 121}
{"ts": 101202, "svc": "gateway", "status": 200, "latency_ms": 122}
{"ts": 100000, "svc": "gateway", "status": 200, "latency_ms": 1001}
{"ts": 101202, "svc": "payment", "status": 200, "latency_ms": 123}
{"ts": 101202, "svc": "auth", "status": 500, "latency_ms": 124}
{"ts": 101202, "svc": "gateway", "status": 200, "latency_ms": 125}
{"ts": 101202, "svc": "payment", "status": 200, "latency_ms": 126}
{"ts": 101202, "svc": "auth", "status": 200, "latency_ms": 127}
{"ts": 101203, "svc": "gateway", "status": 200, "latency_ms": 128}
{"ts": 101203, "svc": "payment", "status": 200, "latency_ms": 129}
{"ts": 101203, "svc": "auth", "status": 200, "latency_ms": 130}
{"ts": 101203, "svc": "gateway", "status": 200, "latency_ms": 131}
{"ts": 101203, "svc": "payment", "status": 500, "latency_ms": 132}
{"ts": 101203, "svc": "auth", "status": 200, "latency_ms": 133}
{"ts": 101204, "svc": "gateway", "status": 200, "latency_ms": 134}
{"ts": 101204, "svc": "payment", "status": 200, "latency_ms": 135}
{"ts": 101204, "svc": "auth", "status": 200, "latency_ms": 136}
{"ts": 101204, "svc": "gateway", "status": 200, "latency_ms": 137}
{"ts": 101204, "svc": "payment", "status": 200, "latency_ms": 138}
{"ts": 101204, "svc": "auth", "status": 200, "latency_ms": 139}
{"ts": 101205, "svc": "gateway", "status": 500, "latency_ms": 140}
{"ts": 101205, "svc": "payment", "status": 200, "latency_ms": 141}
{"ts": 101205, "svc": "auth", "status": 200, "latency_ms": 142}
{"ts": 101205, "svc": "gateway", "status": 200, "latency_ms": 143}
{"ts": 101205, "svc": "payment", "status": 200, "latency_ms": 144}
{"ts": 101205, "svc": "auth", "status": 200, "latency_ms": 145}
{"ts": 101206, "svc": "gateway", "status": 200, "latency_ms": 146}
{"ts": 101206, "svc": "payment", "status": 200, "latency_ms": 147}
{"ts": 101206, "svc": "auth", "status": 500, "latency_ms": 148}
{"ts": 101206, "svc": "gateway", "status": 200, "latency_ms": 149}
{"ts": 101206, "svc": "payment", "status": 200, "latency_ms": 100}
   
{"ts": 101206, "svc": "auth", "status": 200, "latency_ms": 101}
{"ts": 101207, "svc": "gateway", "status": 200, "latency_ms": 102}
{"ts": 101207, "svc": "payment", "status": 200, "latency_ms": 103}
{"ts": 101207, "svc": "auth", "status": 200, "latency_ms": 104}
{"ts": 101207, "svc": "gateway", "status": 200, "latency_ms": 105}
{"ts": 101207, "svc": "payment", "status": 500, "latency_ms": 106}
{"ts": 101207, "svc": "auth", "status": 200, "latency_ms": 107}
{"ts": 101208, "svc": "gateway", "status": 200, "latency_ms": 108}
{"ts": 101208, "svc": "payment", "status": 200, "latency_ms": 109}
{"ts": 100000, "svc": "payment", "status": 200, "latency_ms": false}
{"ts": 101208, "svc": "auth", "status": 200, "latency_ms": 110}
{"ts": 101208, "svc": "gateway", "status": 200, "latency_ms": 111}
{"ts": 101208, "svc": "payment", "status": 200, "latency_ms": 112}
{"ts": 101208, "svc": "auth", "status": 200, "latency_ms": 113}
{"ts": 101209, "svc": "gateway", "status": 500, "latency_ms": 114}
{"ts": 101209, "svc": "payment", "status": 200, "latency_ms": 115}
{"ts": 101209, "svc": "auth", "status": 200, "latency_ms": 116}
{"ts": 101209, "svc": "gateway", "status": 200, "latency_ms": 117}
{"ts": 101209, "svc": "payment", "status": 200, "latency_ms": 118}
{"ts": 101209, "svc": "auth", "status": 200, "latency_ms": 119}
{"ts": 101210, "svc": "gateway", "status": 200, "latency_ms": 120}
{"ts": 101210, "svc": "payment", "status": 200, "latency_ms": 121}
{"ts": 101210, "svc": "auth", "status": 500, "latency_ms": 122}
{"ts": 101210, "svc": "gateway", "status": 200, "latency_ms": 123}
{"ts": 101210, "svc": "payment", "status": 200, "latency_ms": 124}
{"ts": 101210, "svc": "auth", "status": 200, "latency_ms": 125}
{"ts": 101211, "svc": "gateway", "status": 200, "latency_ms": 126}
{"ts": 101211, "svc": "payment", "status": 200, "latency_ms": 127}
{"ts": 101211, "svc": "auth", "status": 200, "latency_ms": 128}
{"ts": 101211, "svc": "gateway", "status": 200, "latency_ms": 129}
{"ts": 101211, "svc": "payment", "status": 500, "latency_ms": 130}
{"ts": 101211, "svc": "auth", "status": 200, "latency_ms": 131}
{"ts": 101212, "svc": "gateway", "status": 200, "latency_ms": 132}
{"ts": 101212, "svc": "payment", "status": 200, "latency_ms": 133}
{"ts": 101212, "svc": "auth", "status": 200, "latency_ms": 134}
{"ts": 101212, "svc": "gateway", "status": 200, "latency_ms": 135}
{"ts": 101212, "svc": "payment", "status": 200, "latency_ms": 136}
{"ts": 101212, "svc": "auth", "status": 200, "latency_ms": 137}
{"ts": 101213, "svc": "gateway", "status": 500, "latency_ms": 138}
{"ts": 101213, "svc": "payment", "status": 200, "latency_ms": 139}
{"ts": 101213, "svc": "auth", "status": 200, "latency_ms": 140}
{"ts": 101213, "svc": "gateway", "status": 200, "latency_ms": 141}
{"ts": 101213, "svc": "payment", "status": 200, "latency_ms": 142}
{"ts": 101213, "svc": "auth", "status": 200, "latency_ms": 143}
{"ts": 101214, "svc": "gateway", "status": 200, "latency_ms": 144}
{"ts": 101214, "svc": "payment", "status": 200, "latency_ms": 145}
{"ts": 101214, "svc": "auth", "status": 500, "latency_ms": 146}
definitely not json {{
{"ts": 101214, "svc": "gateway", "status": 200, "latency_ms": 147}
{"ts": 101214, "svc": "payment", "status": 200, "latency_ms": 148}
{"ts": 101214, "svc": "auth", "status": 200, "latency_ms": 149}
{"ts": 101174, "svc": "gateway", "status": 500, "latency_ms": 100}
{"ts": 101184, "svc": "gateway", "status": 200, "latency_ms": 100}
{"ts": 101225, "svc": "payment", "status": 500, "latency_ms": 100}
   
{"ts": 100000, "svc": "auth", "status": 200, "latency_ms": 100, "x": 1}
{"ts": 101225, "svc": "auth", "status": 200, "latency_ms": 101}
{"ts": 101225, "svc": "gateway", "status": 200, "latency_ms": 102}
{"ts": 101225, "svc": "payment", "status": 200, "latency_ms": 103}
{"ts": 101225, "svc": "auth", "status": 200, "latency_ms": 104}
{"ts": 101225, "svc": "gateway", "status": 200, "latency_ms": 105}
{"ts": 101226, "svc": "payment", "status": 200, "latency_ms": 106}
{"ts": 101226, "svc": "auth", "status": 200, "latency_ms": 107}
{"ts": 101226, "svc": "gateway", "status": 500, "latency_ms": 108}
{"ts": 101226, "svc": "payment", "status": 200, "latency_ms": 109}
{"ts": 101226, "svc": "auth", "status": 200, "latency_ms": 110}
{"ts": 101226, "svc": "gateway", "status": 200, "latency_ms": 111}
{"ts": 101227, "svc": "payment", "status": 200, "latency_ms": 112}
{"ts": 101227, "svc": "auth", "status": 200, "latency_ms": 113}
{"ts": 101227, "svc": "gateway", "status": 200, "latency_ms": 114}
{"ts": 101227, "svc": "payment", "status": 200, "latency_ms": 115}
{"ts": 101227, "svc": "auth", "status": 500, "latency_ms": 116}
{"ts": 101227, "svc": "gateway", "status": 200, "latency_ms": 117}
{"ts": 101228, "svc": "payment", "status": 200, "latency_ms": 118}
{"ts": 101228, "svc": "auth", "status": 200, "latency_ms": 119}
{"ts": 101228, "svc": "gateway", "status": 200, "latency_ms": 120}
{"ts": 101228, "svc": "payment", "status": 200, "latency_ms": 121}
{"ts": 101228, "svc": "auth", "status": 200, "latency_ms": 122}
{"ts": 101228, "svc": "gateway", "status": 200, "latency_ms": 123}
{"ts": 101229, "svc": "payment", "status": 500, "latency_ms": 124}
{"ts": 101229, "svc": "auth", "status": 200, "latency_ms": 125}
{"ts": 101229, "svc": "gateway", "status": 200, "latency_ms": 126}
{"ts": 101229, "svc": "payment", "status": 200, "latency_ms": 127}
{"ts": 101229, "svc": "auth", "status": 200, "latency_ms": 128}
{"ts": 101229, "svc": "gateway", "status": 200, "latency_ms": 129}
{"ts": 101230, "svc": "payment", "status": 200, "latency_ms": 130}
{"ts": 101230, "svc": "auth", "status": 200, "latency_ms": 131}
{"ts": 101230, "svc": "gateway", "status": 500, "latency_ms": 132}
{"ts": 101230, "svc": "payment", "status": 200, "latency_ms": 133}
{"ts": 101230, "svc": "auth", "status": 200, "latency_ms": 134}
{"ts": 101230, "svc": "gateway", "status": 200, "latency_ms": 135}
{"ts": 101231, "svc": "payment", "status": 200, "latency_ms": 136}
{"ts": 101231, "svc": "auth", "status": 200, "latency_ms": 137}
{"ts": 100000, "svc": "gateway", "status": 200.0, "latency_ms": 100}
{"ts": 101231, "svc": "gateway", "status": 200, "latency_ms": 138}
{"ts": 101231, "svc": "payment", "status": 200, "latency_ms": 139}
{"ts": 101231, "svc": "auth", "status": 500, "latency_ms": 140}
{"ts": 101231, "svc": "gateway", "status": 200, "latency_ms": 141}
{"ts": 101232, "svc": "payment", "status": 200, "latency_ms": 142}
{"ts": 101232, "svc": "auth", "status": 200, "latency_ms": 143}
{"ts": 101232, "svc": "gateway", "status": 200, "latency_ms": 144}
{"ts": 101232, "svc": "payment", "status": 200, "latency_ms": 145}
{"ts": 101232, "svc": "auth", "status": 200, "latency_ms": 146}
{"ts": 101232, "svc": "gateway", "status": 200, "latency_ms": 147}
{"ts": 101233, "svc": "payment", "status": 500, "latency_ms": 148}
{"ts": 101233, "svc": "auth", "status": 200, "latency_ms": 149}
{"ts": 101233, "svc": "gateway", "status": 200, "latency_ms": 100}
   
{"ts": 101233, "svc": "payment", "status": 200, "latency_ms": 101}
{"ts": 101233, "svc": "auth", "status": 200, "latency_ms": 102}
{"ts": 101233, "svc": "gateway", "status": 200, "latency_ms": 103}
{"ts": 101234, "svc": "payment", "status": 200, "latency_ms": 104}
{"ts": 101234, "svc": "auth", "status": 200, "latency_ms": 105}
{"ts": 101234, "svc": "gateway", "status": 500, "latency_ms": 106}
{"ts": 101234, "svc": "payment", "status": 200, "latency_ms": 107}
{"ts": 101234, "svc": "auth", "status": 200, "latency_ms": 108}
{"ts": 101234, "svc": "gateway", "status": 200, "latency_ms": 109}
{"ts": 101235, "svc": "payment", "status": 200, "latency_ms": 110}
{"ts": 101235, "svc": "auth", "status": 200, "latency_ms": 111}
{"ts": 101235, "svc": "gateway", "status": 200, "latency_ms": 112}
{"ts": 101235, "svc": "payment", "status": 200, "latency_ms": 113}
{"ts": 101235, "svc": "auth", "status": 500, "latency_ms": 114}
{"ts": 101235, "svc": "gateway", "status": 200, "latency_ms": 115}
{"ts": 101236, "svc": "payment", "status": 200, "latency_ms": 116}
{"ts": 101236, "svc": "auth", "status": 200, "latency_ms": 117}
{"ts": 101236, "svc": "gateway", "status": 200, "latency_ms": 118}
{"ts": 101236, "svc": "payment", "status": 200, "latency_ms": 119}
{"ts": 101236, "svc": "auth", "status": 200, "latency_ms": 120}
{"ts": 101236, "svc": "gateway", "status": 200, "latency_ms": 121}
{"ts": 101237, "svc": "payment", "status": 500, "latency_ms": 122}
{"ts": 101237, "svc": "auth", "status": 200, "latency_ms": 123}
{"ts": 101237, "svc": "gateway", "status": 200, "latency_ms": 124}
{"ts": true, "svc": "payment", "status": 200, "latency_ms": 100}
{"ts": 101237, "svc": "payment", "status": 200, "latency_ms": 125}
{"ts": 101237, "svc": "auth", "status": 200, "latency_ms": 126}
{"ts": 101237, "svc": "gateway", "status": 200, "latency_ms": 127}
{"ts": 101238, "svc": "payment", "status": 200, "latency_ms": 128}
{"ts": 101238, "svc": "auth", "status": 200, "latency_ms": 129}
{"ts": 101238, "svc": "gateway", "status": 500, "latency_ms": 130}
{"ts": 101238, "svc": "payment", "status": 200, "latency_ms": 131}
{"ts": 101238, "svc": "auth", "status": 200, "latency_ms": 132}
{"ts": 101238, "svc": "gateway", "status": 200, "latency_ms": 133}
{"ts": 101239, "svc": "payment", "status": 200, "latency_ms": 134}
{"ts": 101239, "svc": "auth", "status": 200, "latency_ms": 135}
{"ts": 101239, "svc": "gateway", "status": 200, "latency_ms": 136}
{"ts": 101239, "svc": "payment", "status": 200, "latency_ms": 137}
{"ts": 101239, "svc": "auth", "status": 500, "latency_ms": 138}
{"ts": 101239, "svc": "gateway", "status": 200, "latency_ms": 139}
{"ts": 101240, "svc": "payment", "status": 200, "latency_ms": 140}
{"ts": 101240, "svc": "auth", "status": 200, "latency_ms": 141}
{"ts": 101240, "svc": "gateway", "status": 200, "latency_ms": 142}
{"ts": 101240, "svc": "payment", "status": 200, "latency_ms": 143}
{"ts": 101240, "svc": "auth", "status": 200, "latency_ms": 144}
{"ts": 101240, "svc": "gateway", "status": 200, "latency_ms": 145}
{"ts": 101241, "svc": "payment", "status": 500, "latency_ms": 146}
{"ts": 101241, "svc": "auth", "status": 200, "latency_ms": 147}
{"ts": 101241, "svc": "gateway", "status": 200, "latency_ms": 148}
{"ts": 101241, "svc": "payment", "status": 200, "latency_ms": 149}
{"ts": 101241, "svc": "auth", "status": 200, "latency_ms": 100}
   
{"ts": 101241, "svc": "gateway", "status": 200, "latency_ms": 101}
{"ts": 101242, "svc": "payment", "status": 200, "latency_ms": 102}
{"ts": 101242, "svc": "auth", "status": 200, "latency_ms": 103}
{"ts": 101242, "svc": "gateway", "status": 500, "latency_ms": 104}
{"ts": 101242, "svc": "payment", "status": 200, "latency_ms": 105}
{"ts": 101242, "svc": "auth", "status": 200, "latency_ms": 106}
{"ts": 101242, "svc": "gateway", "status": 200, "latency_ms": 107}
{"ts": 101243, "svc": "payment", "status": 200, "latency_ms": 108}
{"ts": 101243, "svc": "auth", "status": 200, "latency_ms": 109}
{"ts": 101243, "svc": "gateway", "status": 200, "latency_ms": 110}
{"ts": 101243, "svc": "payment", "status": 200, "latency_ms": 111}
{"ts": 100000, "svc": "auth", "status": 99, "latency_ms": 100}
{"ts": 101243, "svc": "auth", "status": 500, "latency_ms": 112}
{"ts": 101243, "svc": "gateway", "status": 200, "latency_ms": 113}
{"ts": 101244, "svc": "payment", "status": 200, "latency_ms": 114}
{"ts": 101244, "svc": "auth", "status": 200, "latency_ms": 115}
{"ts": 101244, "svc": "gateway", "status": 200, "latency_ms": 116}
{"ts": 101244, "svc": "payment", "status": 200, "latency_ms": 117}
{"ts": 101244, "svc": "auth", "status": 200, "latency_ms": 118}
{"ts": 101244, "svc": "gateway", "status": 200, "latency_ms": 119}
{"ts": 101245, "svc": "payment", "status": 500, "latency_ms": 120}
{"ts": 101245, "svc": "auth", "status": 200, "latency_ms": 121}
{"ts": 101245, "svc": "gateway", "status": 200, "latency_ms": 122}
{"ts": 101245, "svc": "payment", "status": 200, "latency_ms": 123}
{"ts": 101245, "svc": "auth", "status": 200, "latency_ms": 124}
{"ts": 101245, "svc": "gateway", "status": 200, "latency_ms": 125}
{"ts": 101246, "svc": "payment", "status": 200, "latency_ms": 126}
{"ts": 101246, "svc": "auth", "status": 200, "latency_ms": 127}
{"ts": 101246, "svc": "gateway", "status": 500, "latency_ms": 128}
{"ts": 101246, "svc": "payment", "status": 200, "latency_ms": 129}
{"ts": 101246, "svc": "auth", "status": 200, "latency_ms": 130}
{"ts": 101246, "svc": "gateway", "status": 200, "latency_ms": 131}
{"ts": 101247, "svc": "payment", "status": 200, "latency_ms": 132}
{"ts": 101247, "svc": "auth", "status": 200, "latency_ms": 133}
{"ts": 101247, "svc": "gateway", "status": 200, "latency_ms": 134}
{"ts": 101247, "svc": "payment", "status": 200, "latency_ms": 135}
{"ts": 101247, "svc": "auth", "status": 500, "latency_ms": 136}
{"ts": 101247, "svc": "gateway", "status": 200, "latency_ms": 137}
{"ts": 101248, "svc": "payment", "status": 200, "latency_ms": 138}
{"ts": 101248, "svc": "auth", "status": 200, "latency_ms": 139}
{"ts": 101248, "svc": "gateway", "status": 200, "latency_ms": 140}
{"ts": 101248, "svc": "payment", "status": 200, "latency_ms": 141}
{"ts": 101248, "svc": "auth", "status": 200, "latency_ms": 142}
{"ts": 101248, "svc": "gateway", "status": 200, "latency_ms": 143}
{"ts": 101249, "svc": "payment", "status": 500, "latency_ms": 144}
{"ts": 101249, "svc": "auth", "status": 200, "latency_ms": 145}
{"ts": 101249, "svc": "gateway", "status": 200, "latency_ms": 146}
{"ts": 101249, "svc": "payment", "status": 200, "latency_ms": 147}
{"ts": 101249, "svc": "auth", "status": 200, "latency_ms": 148}
{"ts": 100000, "svc": "billing", "status": 200, "latency_ms": 100}
{"ts": 101249, "svc": "gateway", "status": 200, "latency_ms": 149}
{"ts": 101250, "svc": "payment", "status": 200, "latency_ms": 100}
   
{"ts": 101250, "svc": "auth", "status": 200, "latency_ms": 101}
{"ts": 101250, "svc": "gateway", "status": 500, "latency_ms": 102}
{"ts": 101250, "svc": "payment", "status": 200, "latency_ms": 103}
{"ts": 101250, "svc": "auth", "status": 200, "latency_ms": 104}
{"ts": 101250, "svc": "gateway", "status": 200, "latency_ms": 105}
{"ts": 101251, "svc": "payment", "status": 200, "latency_ms": 106}
{"ts": 101251, "svc": "auth", "status": 200, "latency_ms": 107}
{"ts": 101251, "svc": "gateway", "status": 200, "latency_ms": 108}
{"ts": 101251, "svc": "payment", "status": 200, "latency_ms": 109}
{"ts": 101251, "svc": "auth", "status": 500, "latency_ms": 110}
{"ts": 101251, "svc": "gateway", "status": 200, "latency_ms": 111}
{"ts": 101252, "svc": "payment", "status": 200, "latency_ms": 112}
{"ts": 101252, "svc": "auth", "status": 200, "latency_ms": 113}
{"ts": 101252, "svc": "gateway", "status": 200, "latency_ms": 114}
{"ts": 101252, "svc": "payment", "status": 200, "latency_ms": 115}
{"ts": 101252, "svc": "auth", "status": 200, "latency_ms": 116}
{"ts": 101252, "svc": "gateway", "status": 200, "latency_ms": 117}
{"ts": 101253, "svc": "payment", "status": 500, "latency_ms": 118}
{"ts": 101253, "svc": "auth", "status": 200, "latency_ms": 119}
{"ts": 101253, "svc": "gateway", "status": 200, "latency_ms": 120}
{"ts": 101253, "svc": "payment", "status": 200, "latency_ms": 121}
{"ts": 101253, "svc": "auth", "status": 200, "latency_ms": 122}
{"ts": 101253, "svc": "gateway", "status": 200, "latency_ms": 123}
{"ts": 101254, "svc": "payment", "status": 200, "latency_ms": 124}
{"ts": 101254, "svc": "auth", "status": 200, "latency_ms": 125}
{"ts": 101254, "svc": "gateway", "status": 500, "latency_ms": 126}
{"ts": 101254, "svc": "payment", "status": 200, "latency_ms": 127}
{"ts": 101254, "svc": "auth", "status": 200, "latency_ms": 128}
{"ts": 101254, "svc": "gateway", "status": 200, "latency_ms": 129}
{"ts": 101255, "svc": "payment", "status": 200, "latency_ms": 130}
{"ts": 101255, "svc": "auth", "status": 200, "latency_ms": 131}
{"ts": 101255, "svc": "gateway", "status": 200, "latency_ms": 132}
{"ts": 101255, "svc": "payment", "status": 200, "latency_ms": 133}
{"ts": 101255, "svc": "auth", "status": 500, "latency_ms": 134}
{"ts": 101255, "svc": "gateway", "status": 200, "latency_ms": 135}
{"ts": 100000, "svc": "gateway", "status": 200, "latency_ms": 1001}
{"ts": 101256, "svc": "payment", "status": 200, "latency_ms": 136}
{"ts": 101256, "svc": "auth", "status": 200, "latency_ms": 137}
{"ts": 101256, "svc": "gateway", "status": 200, "latency_ms": 138}
{"ts": 101256, "svc": "payment", "status": 200, "latency_ms": 139}
{"ts": 101256, "svc": "auth", "status": 200, "latency_ms": 140}
{"ts": 101256, "svc": "gateway", "status": 200, "latency_ms": 141}
{"ts": 101257, "svc": "payment", "status": 500, "latency_ms": 142}
{"ts": 101257, "svc": "auth", "status": 200, "latency_ms": 143}
{"ts": 101257, "svc": "gateway", "status": 200, "latency_ms": 144}
{"ts": 101257, "svc": "payment", "status": 200, "latency_ms": 145}
{"ts": 101257, "svc": "auth", "status": 200, "latency_ms": 146}
{"ts": 101257, "svc": "gateway", "status": 200, "latency_ms": 147}
{"ts": 101258, "svc": "payment", "status": 200, "latency_ms": 148}
{"ts": 101258, "svc": "auth", "status": 200, "latency_ms": 149}
{"ts": 101258, "svc": "gateway", "status": 500, "latency_ms": 100}
   
{"ts": 101258, "svc": "payment", "status": 200, "latency_ms": 101}
{"ts": 101258, "svc": "auth", "status": 200, "latency_ms": 102}
{"ts": 101258, "svc": "gateway", "status": 200, "latency_ms": 103}
{"ts": 101259, "svc": "payment", "status": 200, "latency_ms": 104}
{"ts": 101259, "svc": "auth", "status": 200, "latency_ms": 105}
{"ts": 101259, "svc": "gateway", "status": 200, "latency_ms": 106}
{"ts": 101259, "svc": "payment", "status": 200, "latency_ms": 107}
{"ts": 101259, "svc": "auth", "status": 500, "latency_ms": 108}
{"ts": 101259, "svc": "gateway", "status": 200, "latency_ms": 109}
{"ts": 101260, "svc": "payment", "status": 200, "latency_ms": 110}
{"ts": 101260, "svc": "auth", "status": 200, "latency_ms": 111}
{"ts": 101260, "svc": "gateway", "status": 200, "latency_ms": 112}
{"ts": 101260, "svc": "payment", "status": 200, "latency_ms": 113}
{"ts": 101260, "svc": "auth", "status": 200, "latency_ms": 114}
{"ts": 101260, "svc": "gateway", "status": 200, "latency_ms": 115}
{"ts": 101261, "svc": "payment", "status": 500, "latency_ms": 116}
{"ts": 101261, "svc": "auth", "status": 200, "latency_ms": 117}
{"ts": 101261, "svc": "gateway", "status": 200, "latency_ms": 118}
{"ts": 101261, "svc": "payment", "status": 200, "latency_ms": 119}
{"ts": 101261, "svc": "auth", "status": 200, "latency_ms": 120}
{"ts": 101261, "svc": "gateway", "status": 200, "latency_ms": 121}
{"ts": 101262, "svc": "payment", "status": 200, "latency_ms": 122}
{"ts": 100000, "svc": "payment", "status": 200, "latency_ms": false}
{"ts": 101262, "svc": "auth", "status": 200, "latency_ms": 123}
{"ts": 101262, "svc": "gateway", "status": 500, "latency_ms": 124}
{"ts": 101262, "svc": "payment", "status": 200, "latency_ms": 125}
{"ts": 101262, "svc": "auth", "status": 200, "latency_ms": 126}
{"ts": 101262, "svc": "gateway", "status": 200, "latency_ms": 127}
{"ts": 101263, "svc": "payment", "status": 200, "latency_ms": 128}
{"ts": 101263, "svc": "auth", "status": 200, "latency_ms": 129}
{"ts": 101263, "svc": "gateway", "status": 200, "latency_ms": 130}
{"ts": 101263, "svc": "payment", "status": 200, "latency_ms": 131}
{"ts": 101263, "svc": "auth", "status": 500, "latency_ms": 132}
{"ts": 101263, "svc": "gateway", "status": 200, "latency_ms": 133}
{"ts": 101264, "svc": "payment", "status": 200, "latency_ms": 134}
{"ts": 101264, "svc": "auth", "status": 200, "latency_ms": 135}
{"ts": 101264, "svc": "gateway", "status": 200, "latency_ms": 136}
{"ts": 101264, "svc": "payment", "status": 200, "latency_ms": 137}
{"ts": 101264, "svc": "auth", "status": 200, "latency_ms": 138}
{"ts": 101264, "svc": "gateway", "status": 200, "latency_ms": 139}
{"ts": 101265, "svc": "payment", "status": 500, "latency_ms": 140}
{"ts": 101265, "svc": "auth", "status": 200, "latency_ms": 141}
{"ts": 101265, "svc": "gateway", "status": 200, "latency_ms": 142}
{"ts": 101265, "svc": "payment", "status": 200, "latency_ms": 143}
{"ts": 101265, "svc": "auth", "status": 200, "latency_ms": 144}
{"ts": 101265, "svc": "gateway", "status": 200, "latency_ms": 145}
{"ts": 101266, "svc": "payment", "status": 200, "latency_ms": 146}
{"ts": 101266, "svc": "auth", "status": 200, "latency_ms": 147}
{"ts": 101266, "svc": "gateway", "status": 500, "latency_ms": 148}
{"ts": 101266, "svc": "payment", "status": 200, "latency_ms": 149}
{"ts": 101266, "svc": "auth", "status": 200, "latency_ms": 100}
   
{"ts": 101266, "svc": "gateway", "status": 200, "latency_ms": 101}
{"ts": 101267, "svc": "payment", "status": 200, "latency_ms": 102}
{"ts": 101267, "svc": "auth", "status": 200, "latency_ms": 103}
{"ts": 101267, "svc": "gateway", "status": 200, "latency_ms": 104}
{"ts": 101267, "svc": "payment", "status": 200, "latency_ms": 105}
{"ts": 101267, "svc": "auth", "status": 500, "latency_ms": 106}
{"ts": 101267, "svc": "gateway", "status": 200, "latency_ms": 107}
{"ts": 101268, "svc": "payment", "status": 200, "latency_ms": 108}
{"ts": 101268, "svc": "auth", "status": 200, "latency_ms": 109}
definitely not json {{
{"ts": 101268, "svc": "gateway", "status": 200, "latency_ms": 110}
{"ts": 101268, "svc": "payment", "status": 200, "latency_ms": 111}
{"ts": 101268, "svc": "auth", "status": 200, "latency_ms": 112}
{"ts": 101268, "svc": "gateway", "status": 200, "latency_ms": 113}
{"ts": 101269, "svc": "payment", "status": 500, "latency_ms": 114}
{"ts": 101269, "svc": "auth", "status": 200, "latency_ms": 115}
{"ts": 101269, "svc": "gateway", "status": 200, "latency_ms": 116}
{"ts": 101269, "svc": "payment", "status": 200, "latency_ms": 117}
{"ts": 101269, "svc": "auth", "status": 200, "latency_ms": 118}
{"ts": 101269, "svc": "gateway", "status": 200, "latency_ms": 119}
{"ts": 101270, "svc": "payment", "status": 200, "latency_ms": 120}
{"ts": 101270, "svc": "auth", "status": 200, "latency_ms": 121}
{"ts": 101270, "svc": "gateway", "status": 500, "latency_ms": 122}
{"ts": 101270, "svc": "payment", "status": 200, "latency_ms": 123}
{"ts": 101270, "svc": "auth", "status": 200, "latency_ms": 124}
{"ts": 101270, "svc": "gateway", "status": 200, "latency_ms": 125}
{"ts": 101271, "svc": "payment", "status": 200, "latency_ms": 126}
{"ts": 101271, "svc": "auth", "status": 200, "latency_ms": 127}
{"ts": 101271, "svc": "gateway", "status": 200, "latency_ms": 128}
{"ts": 101271, "svc": "payment", "status": 200, "latency_ms": 129}
{"ts": 101271, "svc": "auth", "status": 500, "latency_ms": 130}
{"ts": 101271, "svc": "gateway", "status": 200, "latency_ms": 131}
{"ts": 101272, "svc": "payment", "status": 200, "latency_ms": 132}
{"ts": 101272, "svc": "auth", "status": 200, "latency_ms": 133}
{"ts": 101272, "svc": "gateway", "status": 200, "latency_ms": 134}
{"ts": 101272, "svc": "payment", "status": 200, "latency_ms": 135}
{"ts": 101272, "svc": "auth", "status": 200, "latency_ms": 136}
{"ts": 101272, "svc": "gateway", "status": 200, "latency_ms": 137}
{"ts": 101273, "svc": "payment", "status": 500, "latency_ms": 138}
{"ts": 101273, "svc": "auth", "status": 200, "latency_ms": 139}
{"ts": 101273, "svc": "gateway", "status": 200, "latency_ms": 140}
{"ts": 101273, "svc": "payment", "status": 200, "latency_ms": 141}
{"ts": 101273, "svc": "auth", "status": 200, "latency_ms": 142}
{"ts": 101273, "svc": "gateway", "status": 200, "latency_ms": 143}
{"ts": 101274, "svc": "payment", "status": 200, "latency_ms": 144}
{"ts": 101274, "svc": "auth", "status": 200, "latency_ms": 145}
{"ts": 101274, "svc": "gateway", "status": 500, "latency_ms": 146}
{"ts": 100000, "svc": "auth", "status": 200}
{"ts": 101274, "svc": "payment", "status": 200, "latency_ms": 147}
{"ts": 101274, "svc": "auth", "status": 200, "latency_ms": 148}
{"ts": 101274, "svc": "gateway", "status": 200, "latency_ms": 149}
{"ts": 101234, "svc": "payment", "status": 500, "latency_ms": 100}
{"ts": 101244, "svc": "payment", "status": 200, "latency_ms": 100}
{"ts": 101285, "svc": "auth", "status": 500, "latency_ms": 100}
   
{"ts": 100000, "svc": "gateway", "status": 200.0, "latency_ms": 100}
{"ts": 101285, "svc": "gateway", "status": 200, "latency_ms": 101}
{"ts": 101285, "svc": "payment", "status": 200, "latency_ms": 102}
{"ts": 101285, "svc": "auth", "status": 200, "latency_ms": 103}
{"ts": 101285, "svc": "gateway", "status": 200, "latency_ms": 104}
{"ts": 101285, "svc": "payment", "status": 200, "latency_ms": 105}
{"ts": 101286, "svc": "auth", "status": 200, "latency_ms": 106}
{"ts": 101286, "svc": "gateway", "status": 200, "latency_ms": 107}
{"ts": 101286, "svc": "payment", "status": 500, "latency_ms": 108}
{"ts": 101286, "svc": "auth", "status": 200, "latency_ms": 109}
{"ts": 101286, "svc": "gateway", "status": 200, "latency_ms": 110}
{"ts": 101286, "svc": "payment", "status": 200, "latency_ms": 111}
{"ts": 101287, "svc": "auth", "status": 200, "latency_ms": 112}
{"ts": 101287, "svc": "gateway", "status": 200, "latency_ms": 113}
{"ts": 101287, "svc": "payment", "status": 200, "latency_ms": 114}
{"ts": 101287, "svc": "auth", "status": 200, "latency_ms": 115}
{"ts": 101287, "svc": "gateway", "status": 500, "latency_ms": 116}
{"ts": 101287, "svc": "payment", "status": 200, "latency_ms": 117}
{"ts": 101288, "svc": "auth", "status": 200, "latency_ms": 118}
{"ts": 101288, "svc": "gateway", "status": 200, "latency_ms": 119}
{"ts": 101288, "svc": "payment", "status": 200, "latency_ms": 120}
{"ts": 101288, "svc": "auth", "status": 200, "latency_ms": 121}
{"ts": 101288, "svc": "gateway", "status": 200, "latency_ms": 122}
{"ts": 101288, "svc": "payment", "status": 200, "latency_ms": 123}
{"ts": 101289, "svc": "auth", "status": 500, "latency_ms": 124}
{"ts": 101289, "svc": "gateway", "status": 200, "latency_ms": 125}
{"ts": 101289, "svc": "payment", "status": 200, "latency_ms": 126}
{"ts": 101289, "svc": "auth", "status": 200, "latency_ms": 127}
{"ts": 101289, "svc": "gateway", "status": 200, "latency_ms": 128}
{"ts": 101289, "svc": "payment", "status": 200, "latency_ms": 129}
{"ts": 101290, "svc": "auth", "status": 200, "latency_ms": 130}
{"ts": 101290, "svc": "gateway", "status": 200, "latency_ms": 131}
{"ts": 101290, "svc": "payment", "status": 500, "latency_ms": 132}
{"ts": 101290, "svc": "auth", "status": 200, "latency_ms": 133}
{"ts": 101290, "svc": "gateway", "status": 200, "latency_ms": 134}
{"ts": 101290, "svc": "payment", "status": 200, "latency_ms": 135}
{"ts": 101291, "svc": "auth", "status": 200, "latency_ms": 136}
{"ts": 101291, "svc": "gateway", "status": 200, "latency_ms": 137}
{"ts": true, "svc": "payment", "status": 200, "latency_ms": 100}
{"ts": 101291, "svc": "payment", "status": 200, "latency_ms": 138}
{"ts": 101291, "svc": "auth", "status": 200, "latency_ms": 139}
{"ts": 101291, "svc": "gateway", "status": 500, "latency_ms": 140}
{"ts": 101291, "svc": "payment", "status": 200, "latency_ms": 141}
{"ts": 101292, "svc": "auth", "status": 200, "latency_ms": 142}
{"ts": 101292, "svc": "gateway", "status": 200, "latency_ms": 143}
{"ts": 101292, "svc": "payment", "status": 200, "latency_ms": 144}
{"ts": 101292, "svc": "auth", "status": 200, "latency_ms": 145}
{"ts": 101292, "svc": "gateway", "status": 200, "latency_ms": 146}
{"ts": 101292, "svc": "payment", "status": 200, "latency_ms": 147}
{"ts": 101293, "svc": "auth", "status": 500, "latency_ms": 148}
{"ts": 101293, "svc": "gateway", "status": 200, "latency_ms": 149}
{"ts": 101293, "svc": "payment", "status": 200, "latency_ms": 100}
   
{"ts": 101293, "svc": "auth", "status": 200, "latency_ms": 101}
{"ts": 101293, "svc": "gateway", "status": 200, "latency_ms": 102}
{"ts": 101293, "svc": "payment", "status": 200, "latency_ms": 103}
{"ts": 101294, "svc": "auth", "status": 200, "latency_ms": 104}
{"ts": 101294, "svc": "gateway", "status": 200, "latency_ms": 105}
{"ts": 101294, "svc": "payment", "status": 500, "latency_ms": 106}
{"ts": 101294, "svc": "auth", "status": 200, "latency_ms": 107}
{"ts": 101294, "svc": "gateway", "status": 200, "latency_ms": 108}
{"ts": 101294, "svc": "payment", "status": 200, "latency_ms": 109}
{"ts": 101295, "svc": "auth", "status": 200, "latency_ms": 110}
{"ts": 101295, "svc": "gateway", "status": 200, "latency_ms": 111}
{"ts": 101295, "svc": "payment", "status": 200, "latency_ms": 112}
{"ts": 101295, "svc": "auth", "status": 200, "latency_ms": 113}
{"ts": 101295, "svc": "gateway", "status": 500, "latency_ms": 114}
{"ts": 101295, "svc": "payment", "status": 200, "latency_ms": 115}
{"ts": 101296, "svc": "auth", "status": 200, "latency_ms": 116}
{"ts": 101296, "svc": "gateway", "status": 200, "latency_ms": 117}
{"ts": 101296, "svc": "payment", "status": 200, "latency_ms": 118}
{"ts": 101296, "svc": "auth", "status": 200, "latency_ms": 119}
{"ts": 101296, "svc": "gateway", "status": 200, "latency_ms": 120}
{"ts": 101296, "svc": "payment", "status": 200, "latency_ms": 121}
{"ts": 101297, "svc": "auth", "status": 500, "latency_ms": 122}
{"ts": 101297, "svc": "gateway", "status": 200, "latency_ms": 123}
{"ts": 101297, "svc": "payment", "status": 200, "latency_ms": 124}
{"ts": 100000, "svc": "auth", "status": 99, "latency_ms": 100}
{"ts": 101297, "svc": "auth", "status": 200, "latency_ms": 125}
{"ts": 101297, "svc": "gateway", "status": 200, "latency_ms": 126}
{"ts": 101297, "svc": "payment", "status": 200, "latency_ms": 127}
{"ts": 101298, "svc": "auth", "status": 200, "latency_ms": 128}
{"ts": 101298, "svc": "gateway", "status": 200, "latency_ms": 129}
{"ts": 101298, "svc": "payment", "status": 500, "latency_ms": 130}
{"ts": 101298, "svc": "auth", "status": 200, "latency_ms": 131}
{"ts": 101298, "svc": "gateway", "status": 200, "latency_ms": 132}
{"ts": 101298, "svc": "payment", "status": 200, "latency_ms": 133}
{"ts": 101299, "svc": "auth", "status": 200, "latency_ms": 134}
{"ts": 101299, "svc": "gateway", "status": 200, "latency_ms": 135}
{"ts": 101299, "svc": "payment", "status": 200, "latency_ms": 136}
{"ts": 101299, "svc": "auth", "status": 200, "latency_ms": 137}
{"ts": 101299, "svc": "gateway", "status": 500, "latency_ms": 138}
{"ts": 101299, "svc": "payment", "status": 200, "latency_ms": 139}
{"ts": 101300, "svc": "auth", "status": 200, "latency_ms": 140}
{"ts": 101300, "svc": "gateway", "status": 200, "latency_ms": 141}
{"ts": 101300, "svc": "payment", "status": 200, "latency_ms": 142}
{"ts": 101300, "svc": "auth", "status": 200, "latency_ms": 143}
{"ts": 101300, "svc": "gateway", "status": 200, "latency_ms": 144}
{"ts": 101300, "svc": "payment", "status": 200, "latency_ms": 145}
{"ts": 101301, "svc": "auth", "status": 500, "latency_ms": 146}
{"ts": 101301, "svc": "gateway", "status": 200, "latency_ms": 147}
{"ts": 101301, "svc": "payment", "status": 200, "latency_ms": 148}
{"ts": 101301, "svc": "auth", "status": 200, "latency_ms": 149}
{"ts": 101301, "svc": "gateway", "status": 200, "latency_ms": 100}
   
{"ts": 101301, "svc": "payment", "status": 200, "latency_ms": 101}
{"ts": 101302, "svc": "auth", "status": 200, "latency_ms": 102}
{"ts": 101302, "svc": "gateway", "status": 200, "latency_ms": 103}
{"ts": 101302, "svc": "payment", "status": 500, "latency_ms": 104}
{"ts": 101302, "svc": "auth", "status": 200, "latency_ms": 105}
{"ts": 101302, "svc": "gateway", "status": 200, "latency_ms": 106}
{"ts": 101302, "svc": "payment", "status": 200, "latency_ms": 107}
{"ts": 101303, "svc": "auth", "status": 200, "latency_ms": 108}
{"ts": 101303, "svc": "gateway", "status": 200, "latency_ms": 109}
{"ts": 101303, "svc": "payment", "status": 200, "latency_ms": 110}
{"ts": 101303, "svc": "auth", "status": 200, "latency_ms": 111}
{"ts": 100000, "svc": "billing", "status": 200, "latency_ms": 100}
{"ts": 101303, "svc": "gateway", "status": 500, "latency_ms": 112}
{"ts": 101303, "svc": "payment", "status": 200, "latency_ms": 113}
{"ts": 101304, "svc": "auth", "status": 200, "latency_ms": 114}
{"ts": 101304, "svc": "gateway", "status": 200, "latency_ms": 115}
{"ts": 101304, "svc": "payment", "status": 200, "latency_ms": 116}
{"ts": 101304, "svc": "auth", "status": 200, "latency_ms": 117}
{"ts": 101304, "svc": "gateway", "status": 200, "latency_ms": 118}
{"ts": 101304, "svc": "payment", "status": 200, "latency_ms": 119}
{"ts": 101305, "svc": "auth", "status": 500, "latency_ms": 120}
{"ts": 101305, "svc": "gateway", "status": 200, "latency_ms": 121}
{"ts": 101305, "svc": "payment", "status": 200, "latency_ms": 122}
{"ts": 101305, "svc": "auth", "status": 200, "latency_ms": 123}
{"ts": 101305, "svc": "gateway", "status": 200, "latency_ms": 124}
{"ts": 101305, "svc": "payment", "status": 200, "latency_ms": 125}
{"ts": 101306, "svc": "auth", "status": 200, "latency_ms": 126}
{"ts": 101306, "svc": "gateway", "status": 200, "latency_ms": 127}
{"ts": 101306, "svc": "payment", "status": 500, "latency_ms": 128}
{"ts": 101306, "svc": "auth", "status": 200, "latency_ms": 129}
{"ts": 101306, "svc": "gateway", "status": 200, "latency_ms": 130}
{"ts": 101306, "svc": "payment", "status": 200, "latency_ms": 131}
{"ts": 101307, "svc": "auth", "status": 200, "latency_ms": 132}
{"ts": 101307, "svc": "gateway", "status": 200, "latency_ms": 133}
{"ts": 101307, "svc": "payment", "status": 200, "latency_ms": 134}
{"ts": 101307, "svc": "auth", "status": 200, "latency_ms": 135}
{"ts": 101307, "svc": "gateway", "status": 500, "latency_ms": 136}
{"ts": 101307, "svc": "payment", "status": 200, "latency_ms": 137}
{"ts": 101308, "svc": "auth", "status": 200, "latency_ms": 138}
{"ts": 101308, "svc": "gateway", "status": 200, "latency_ms": 139}
{"ts": 101308, "svc": "payment", "status": 200, "latency_ms": 140}
{"ts": 101308, "svc": "auth", "status": 200, "latency_ms": 141}
{"ts": 101308, "svc": "gateway", "status": 200, "latency_ms": 142}
{"ts": 101308, "svc": "payment", "status": 200, "latency_ms": 143}
{"ts": 101309, "svc": "auth", "status": 500, "latency_ms": 144}
{"ts": 101309, "svc": "gateway", "status": 200, "latency_ms": 145}
{"ts": 101309, "svc": "payment", "status": 200, "latency_ms": 146}
{"ts": 101309, "svc": "auth", "status": 200, "latency_ms": 147}
{"ts": 101309, "svc": "gateway", "status": 200, "latency_ms": 148}
{"ts": 100000, "svc": "gateway", "status": 200, "latency_ms": 1001}
{"ts": 101309, "svc": "payment", "status": 200, "latency_ms": 149}
{"ts": 101310, "svc": "auth", "status": 200, "latency_ms": 100}
   
{"ts": 101310, "svc": "gateway", "status": 200, "latency_ms": 101}
{"ts": 101310, "svc": "payment", "status": 500, "latency_ms": 102}
{"ts": 101310, "svc": "auth", "status": 200, "latency_ms": 103}
{"ts": 101310, "svc": "gateway", "status": 200, "latency_ms": 104}
{"ts": 101310, "svc": "payment", "status": 200, "latency_ms": 105}
{"ts": 101311, "svc": "auth", "status": 200, "latency_ms": 106}
{"ts": 101311, "svc": "gateway", "status": 200, "latency_ms": 107}
{"ts": 101311, "svc": "payment", "status": 200, "latency_ms": 108}
{"ts": 101311, "svc": "auth", "status": 200, "latency_ms": 109}
{"ts": 101311, "svc": "gateway", "status": 500, "latency_ms": 110}
{"ts": 101311, "svc": "payment", "status": 200, "latency_ms": 111}
{"ts": 101312, "svc": "auth", "status": 200, "latency_ms": 112}
{"ts": 101312, "svc": "gateway", "status": 200, "latency_ms": 113}
{"ts": 101312, "svc": "payment", "status": 200, "latency_ms": 114}
{"ts": 101312, "svc": "auth", "status": 200, "latency_ms": 115}
{"ts": 101312, "svc": "gateway", "status": 200, "latency_ms": 116}
{"ts": 101312, "svc": "payment", "status": 200, "latency_ms": 117}
{"ts": 101313, "svc": "auth", "status": 500, "latency_ms": 118}
{"ts": 101313, "svc": "gateway", "status": 200, "latency_ms": 119}
{"ts": 101313, "svc": "payment", "status": 200, "latency_ms": 120}
{"ts": 101313, "svc": "auth", "status": 200, "latency_ms": 121}
{"ts": 101313, "svc": "gateway", "status": 200, "latency_ms": 122}
{"ts": 101313, "svc": "payment", "status": 200, "latency_ms": 123}
{"ts": 101314, "svc": "auth", "status": 200, "latency_ms": 124}
{"ts": 101314, "svc": "gateway", "status": 200, "latency_ms": 125}
{"ts": 101314, "svc": "payment", "status": 500, "latency_ms": 126}
{"ts": 101314, "svc": "auth", "status": 200, "latency_ms": 127}
{"ts": 101314, "svc": "gateway", "status": 200, "latency_ms": 128}
{"ts": 101314, "svc": "payment", "status": 200, "latency_ms": 129}
{"ts": 101315, "svc": "auth", "status": 200, "latency_ms": 130}
{"ts": 101315, "svc": "gateway", "status": 200, "latency_ms": 131}
{"ts": 101315, "svc": "payment", "status": 200, "latency_ms": 132}
{"ts": 101315, "svc": "auth", "status": 200, "latency_ms": 133}
{"ts": 101315, "svc": "gateway", "status": 500, "latency_ms": 134}
{"ts": 101315, "svc": "payment", "status": 200, "latency_ms": 135}
{"ts": 100000, "svc": "payment", "status": 200, "latency_ms": false}
{"ts": 101316, "svc": "auth", "status": 200, "latency_ms": 136}
{"ts": 101316, "svc": "gateway", "status": 200, "latency_ms": 137}
{"ts": 101316, "svc": "payment", "status": 200, "latency_ms": 138}
{"ts": 101316, "svc": "auth", "status": 200, "latency_ms": 139}
{"ts": 101316, "svc": "gateway", "status": 200, "latency_ms": 140}
{"ts": 101316, "svc": "payment", "status": 200, "latency_ms": 141}
{"ts": 101317, "svc": "auth", "status": 500, "latency_ms": 142}
{"ts": 101317, "svc": "gateway", "status": 200, "latency_ms": 143}
{"ts": 101317, "svc": "payment", "status": 200, "latency_ms": 144}
{"ts": 101317, "svc": "auth", "status": 200, "latency_ms": 145}
{"ts": 101317, "svc": "gateway", "status": 200, "latency_ms": 146}
{"ts": 101317, "svc": "payment", "status": 200, "latency_ms": 147}
{"ts": 101318, "svc": "auth", "status": 200, "latency_ms": 148}
{"ts": 101318, "svc": "gateway", "status": 200, "latency_ms": 149}
{"ts": 101318, "svc": "payment", "status": 500, "latency_ms": 100}
   
{"ts": 101318, "svc": "auth", "status": 200, "latency_ms": 101}
{"ts": 101318, "svc": "gateway", "status": 200, "latency_ms": 102}
{"ts": 101318, "svc": "payment", "status": 200, "latency_ms": 103}
{"ts": 101319, "svc": "auth", "status": 200, "latency_ms": 104}
{"ts": 101319, "svc": "gateway", "status": 200, "latency_ms": 105}
{"ts": 101319, "svc": "payment", "status": 200, "latency_ms": 106}
{"ts": 101319, "svc": "auth", "status": 200, "latency_ms": 107}
{"ts": 101319, "svc": "gateway", "status": 500, "latency_ms": 108}
{"ts": 101319, "svc": "payment", "status": 200, "latency_ms": 109}
{"ts": 101320, "svc": "auth", "status": 200, "latency_ms": 110}
{"ts": 101320, "svc": "gateway", "status": 200, "latency_ms": 111}
{"ts": 101320, "svc": "payment", "status": 200, "latency_ms": 112}
{"ts": 101320, "svc": "auth", "status": 200, "latency_ms": 113}
{"ts": 101320, "svc": "gateway", "status": 200, "latency_ms": 114}
{"ts": 101320, "svc": "payment", "status": 200, "latency_ms": 115}
{"ts": 101321, "svc": "auth", "status": 500, "latency_ms": 116}
{"ts": 101321, "svc": "gateway", "status": 200, "latency_ms": 117}
{"ts": 101321, "svc": "payment", "status": 200, "latency_ms": 118}
{"ts": 101321, "svc": "auth", "status": 200, "latency_ms": 119}
{"ts": 101321, "svc": "gateway", "status": 200, "latency_ms": 120}
{"ts": 101321, "svc": "payment", "status": 200, "latency_ms": 121}
{"ts": 101322, "svc": "auth", "status": 200, "latency_ms": 122}
definitely not json {{
{"ts": 101322, "svc": "gateway", "status": 200, "latency_ms": 123}
{"ts": 101322, "svc": "payment", "status": 500, "latency_ms": 124}
{"ts": 101322, "svc": "auth", "status": 200, "latency_ms": 125}
{"ts": 101322, "svc": "gateway", "status": 200, "latency_ms": 126}
{"ts": 101322, "svc": "payment", "status": 200, "latency_ms": 127}
{"ts": 101323, "svc": "auth", "status": 200, "latency_ms": 128}
{"ts": 101323, "svc": "gateway", "status": 200, "latency_ms": 129}
{"ts": 101323, "svc": "payment", "status": 200, "latency_ms": 130}
{"ts": 101323, "svc": "auth", "status": 200, "latency_ms": 131}
{"ts": 101323, "svc": "gateway", "status": 500, "latency_ms": 132}
{"ts": 101323, "svc": "payment", "status": 200, "latency_ms": 133}
{"ts": 101324, "svc": "auth", "status": 200, "latency_ms": 134}
{"ts": 101324, "svc": "gateway", "status": 200, "latency_ms": 135}
{"ts": 101324, "svc": "payment", "status": 200, "latency_ms": 136}
{"ts": 101324, "svc": "auth", "status": 200, "latency_ms": 137}
{"ts": 101324, "svc": "gateway", "status": 200, "latency_ms": 138}
{"ts": 101324, "svc": "payment", "status": 200, "latency_ms": 139}
{"ts": 101325, "svc": "auth", "status": 500, "latency_ms": 140}
{"ts": 101325, "svc": "gateway", "status": 200, "latency_ms": 141}
{"ts": 101325, "svc": "payment", "status": 200, "latency_ms": 142}
{"ts": 101325, "svc": "auth", "status": 200, "latency_ms": 143}
{"ts": 101325, "svc": "gateway", "status": 200, "latency_ms": 144}
{"ts": 101325, "svc": "payment", "status": 200, "latency_ms": 145}
{"ts": 101326, "svc": "auth", "status": 200, "latency_ms": 146}
{"ts": 101326, "svc": "gateway", "status": 200, "latency_ms": 147}
{"ts": 101326, "svc": "payment", "status": 500, "latency_ms": 148}
{"ts": 101326, "svc": "auth", "status": 200, "latency_ms": 149}
{"ts": 101326, "svc": "gateway", "status": 200, "latency_ms": 100}
   
{"ts": 101326, "svc": "payment", "status": 200, "latency_ms": 101}
{"ts": 101327, "svc": "auth", "status": 200, "latency_ms": 102}
{"ts": 101327, "svc": "gateway", "status": 200, "latency_ms": 103}
{"ts": 101327, "svc": "payment", "status": 200, "latency_ms": 104}
{"ts": 101327, "svc": "auth", "status": 200, "latency_ms": 105}
{"ts": 101327, "svc": "gateway", "status": 500, "latency_ms": 106}
{"ts": 101327, "svc": "payment", "status": 200, "latency_ms": 107}
{"ts": 101328, "svc": "auth", "status": 200, "latency_ms": 108}
{"ts": 101328, "svc": "gateway", "status": 200, "latency_ms": 109}
{"ts": 100000, "svc": "auth", "status": 200}
{"ts": 101328, "svc": "payment", "status": 200, "latency_ms": 110}
{"ts": 101328, "svc": "auth", "status": 200, "latency_ms": 111}
{"ts": 101328, "svc": "gateway", "status": 200, "latency_ms": 112}
{"ts": 101328, "svc": "payment", "status": 200, "latency_ms": 113}
{"ts": 101329, "svc": "auth", "status": 500, "latency_ms": 114}
{"ts": 101329, "svc": "gateway", "status": 200, "latency_ms": 115}
{"ts": 101329, "svc": "payment", "status": 200, "latency_ms": 116}
{"ts": 101329, "svc": "auth", "status": 200, "latency_ms": 117}
{"ts": 101329, "svc": "gateway", "status": 200, "latency_ms": 118}
{"ts": 101329, "svc": "payment", "status": 200, "latency_ms": 119}
{"ts": 101330, "svc": "auth", "status": 200, "latency_ms": 120}
{"ts": 101330, "svc": "gateway", "status": 200, "latency_ms": 121}
{"ts": 101330, "svc": "payment", "status": 500, "latency_ms": 122}
{"ts": 101330, "svc": "auth", "status": 200, "latency_ms": 123}
{"ts": 101330, "svc": "gateway", "status": 200, "latency_ms": 124}
{"ts": 101330, "svc": "payment", "status": 200, "latency_ms": 125}
{"ts": 101331, "svc": "auth", "status": 200, "latency_ms": 126}
{"ts": 101331, "svc": "gateway", "status": 200, "latency_ms": 127}
{"ts": 101331, "svc": "payment", "status": 200, "latency_ms": 128}
{"ts": 101331, "svc": "auth", "status": 200, "latency_ms": 129}
{"ts": 101331, "svc": "gateway", "status": 500, "latency_ms": 130}
{"ts": 101331, "svc": "payment", "status": 200, "latency_ms": 131}
{"ts": 101332, "svc": "auth", "status": 200, "latency_ms": 132}
{"ts": 101332, "svc": "gateway", "status": 200, "latency_ms": 133}
{"ts": 101332, "svc": "payment", "status": 200, "latency_ms": 134}
{"ts": 101332, "svc": "auth", "status": 200, "latency_ms": 135}
{"ts": 101332, "svc": "gateway", "status": 200, "latency_ms": 136}
{"ts": 101332, "svc": "payment", "status": 200, "latency_ms": 137}
{"ts": 101333, "svc": "auth", "status": 500, "latency_ms": 138}
{"ts": 101333, "svc": "gateway", "status": 200, "latency_ms": 139}
{"ts": 101333, "svc": "payment", "status": 200, "latency_ms": 140}
{"ts": 101333, "svc": "auth", "status": 200, "latency_ms": 141}
{"ts": 101333, "svc": "gateway", "status": 200, "latency_ms": 142}
{"ts": 101333, "svc": "payment", "status": 200, "latency_ms": 143}
{"ts": 101334, "svc": "auth", "status": 200, "latency_ms": 144}
{"ts": 101334, "svc": "gateway", "status": 200, "latency_ms": 145}
{"ts": 101334, "svc": "payment", "status": 500, "latency_ms": 146}
{"ts": 100000, "svc": "auth", "status": 200, "latency_ms": 100, "x": 1}
{"ts": 101334, "svc": "auth", "status": 200, "latency_ms": 147}
{"ts": 101334, "svc": "gateway", "status": 200, "latency_ms": 148}
{"ts": 101334, "svc": "payment", "status": 200, "latency_ms": 149}
{"ts": 101294, "svc": "auth", "status": 500, "latency_ms": 100}
{"ts": 101304, "svc": "auth", "status": 200, "latency_ms": 100}
{"ts": 101345, "svc": "gateway", "status": 500, "latency_ms": 100}
   
{"ts": true, "svc": "payment", "status": 200, "latency_ms": 100}
{"ts": 101345, "svc": "payment", "status": 200, "latency_ms": 101}
{"ts": 101345, "svc": "auth", "status": 200, "latency_ms": 102}
{"ts": 101345, "svc": "gateway", "status": 200, "latency_ms": 103}
{"ts": 101345, "svc": "payment", "status": 200, "latency_ms": 104}
{"ts": 101345, "svc": "auth", "status": 200, "latency_ms": 105}
{"ts": 101346, "svc": "gateway", "status": 200, "latency_ms": 106}
{"ts": 101346, "svc": "payment", "status": 200, "latency_ms": 107}
{"ts": 101346, "svc": "auth", "status": 500, "latency_ms": 108}
{"ts": 101346, "svc": "gateway", "status": 200, "latency_ms": 109}
{"ts": 101346, "svc": "payment", "status": 200, "latency_ms": 110}
{"ts": 101346, "svc": "auth", "status": 200, "latency_ms": 111}
{"ts": 101347, "svc": "gateway", "status": 200, "latency_ms": 112}
{"ts": 101347, "svc": "payment", "status": 200, "latency_ms": 113}
{"ts": 101347, "svc": "auth", "status": 200, "latency_ms": 114}
{"ts": 101347, "svc": "gateway", "status": 200, "latency_ms": 115}
{"ts": 101347, "svc": "payment", "status": 500, "latency_ms": 116}
{"ts": 101347, "svc": "auth", "status": 200, "latency_ms": 117}
{"ts": 101348, "svc": "gateway", "status": 200, "latency_ms": 118}
{"ts": 101348, "svc": "payment", "status": 200, "latency_ms": 119}
{"ts": 101348, "svc": "auth", "status": 200, "latency_ms": 120}
{"ts": 101348, "svc": "gateway", "status": 200, "latency_ms": 121}
{"ts": 101348, "svc": "payment", "status": 200, "latency_ms": 122}
{"ts": 101348, "svc": "auth", "status": 200, "latency_ms": 123}
{"ts": 101349, "svc": "gateway", "status": 500, "latency_ms": 124}
{"ts": 101349, "svc": "payment", "status": 200, "latency_ms": 125}
{"ts": 101349, "svc": "auth", "status": 200, "latency_ms": 126}
{"ts": 101349, "svc": "gateway", "status": 200, "latency_ms": 127}
{"ts": 101349, "svc": "payment", "status": 200, "latency_ms": 128}
{"ts": 101349, "svc": "auth", "status": 200, "latency_ms": 129}
{"ts": 101350, "svc": "gateway", "status": 200, "latency_ms": 130}
{"ts": 101350, "svc": "payment", "status": 200, "latency_ms": 131}
{"ts": 101350, "svc": "auth", "status": 500, "latency_ms": 132}
{"ts": 101350, "svc": "gateway", "status": 200, "latency_ms": 133}
{"ts": 101350, "svc": "payment", "status": 200, "latency_ms": 134}
{"ts": 101350, "svc": "auth", "status": 200, "latency_ms": 135}
{"ts": 101351, "svc": "gateway", "status": 200, "latency_ms": 136}
{"ts": 101351, "svc": "payment", "status": 200, "latency_ms": 137}
{"ts": 100000, "svc": "auth", "status": 99, "latency_ms": 100}
{"ts": 101351, "svc": "auth", "status": 200, "latency_ms": 138}
{"ts": 101351, "svc": "gateway", "status": 200, "latency_ms": 139}
{"ts": 101351, "svc": "payment", "status": 500, "latency_ms": 140}
{"ts": 101351, "svc": "auth", "status": 200, "latency_ms": 141}
{"ts": 101352, "svc": "gateway", "status": 200, "latency_ms": 142}
{"ts": 101352, "svc": "payment", "status": 200, "latency_ms": 143}
{"ts": 101352, "svc": "auth", "status": 200, "latency_ms": 144}
{"ts": 101352, "svc": "gateway", "status": 200, "latency_ms": 145}
{"ts": 101352, "svc": "payment", "status": 200, "latency_ms": 146}
{"ts": 101352, "svc": "auth", "status": 200, "latency_ms": 147}
{"ts": 101353, "svc": "gateway", "status": 500, "latency_ms": 148}
{"ts": 101353, "svc": "payment", "status": 200, "latency_ms": 149}
{"ts": 101353, "svc": "auth", "status": 200, "latency_ms": 100}
   
{"ts": 101353, "svc": "gateway", "status": 200, "latency_ms": 101}
{"ts": 101353, "svc": "payment", "status": 200, "latency_ms": 102}
{"ts": 101353, "svc": "auth", "status": 200, "latency_ms": 103}
{"ts": 101354, "svc": "gateway", "status": 200, "latency_ms": 104}
{"ts": 101354, "svc": "payment", "status": 200, "latency_ms": 105}
{"ts": 101354, "svc": "auth", "status": 500, "latency_ms": 106}
{"ts": 101354, "svc": "gateway", "status": 200, "latency_ms": 107}
{"ts": 101354, "svc": "payment", "status": 200, "latency_ms": 108}
{"ts": 101354, "svc": "auth", "status": 200, "latency_ms": 109}
{"ts": 101355, "svc": "gateway", "status": 200, "latency_ms": 110}
{"ts": 101355, "svc": "payment", "status": 200, "latency_ms": 111}
{"ts": 101355, "svc": "auth", "status": 200, "latency_ms": 112}
{"ts": 101355, "svc": "gateway", "status": 200, "latency_ms": 113}
{"ts": 101355, "svc": "payment", "status": 500, "latency_ms": 114}
{"ts": 101355, "svc": "auth", "status": 200, "latency_ms": 115}
{"ts": 101356, "svc": "gateway", "status": 200, "latency_ms": 116}
{"ts": 101356, "svc": "payment", "status": 200, "latency_ms": 117}
{"ts": 101356, "svc": "auth", "status": 200, "latency_ms": 118}
{"ts": 101356, "svc": "gateway", "status": 200, "latency_ms": 119}
{"ts": 101356, "svc": "payment", "status": 200, "latency_ms": 120}
{"ts": 101356, "svc": "auth", "status": 200, "latency_ms": 121}
{"ts": 101357, "svc": "gateway", "status": 500, "latency_ms": 122}
{"ts": 101357, "svc": "payment", "status": 200, "latency_ms": 123}
{"ts": 101357, "svc": "auth", "status": 200, "latency_ms": 124}
{"ts": 100000, "svc": "billing", "status": 200, "latency_ms": 100}
{"ts": 101357, "svc": "gateway", "status": 200, "latency_ms": 125}
{"ts": 101357, "svc": "payment", "status": 200, "latency_ms": 126}
{"ts": 101357, "svc": "auth", "status": 200, "latency_ms": 127}
{"ts": 101358, "svc": "gateway", "status": 200, "latency_ms": 128}
{"ts": 101358, "svc": "payment", "status": 200, "latency_ms": 129}
{"ts": 101358, "svc": "auth", "status": 500, "latency_ms": 130}
{"ts": 101358, "svc": "gateway", "status": 200, "latency_ms": 131}
{"ts": 101358, "svc": "payment", "status": 200, "latency_ms": 132}
{"ts": 101358, "svc": "auth", "status": 200, "latency_ms": 133}
{"ts": 101359, "svc": "gateway", "status": 200, "latency_ms": 134}
{"ts": 101359, "svc": "payment", "status": 200, "latency_ms": 135}
{"ts": 101359, "svc": "auth", "status": 200, "latency_ms": 136}
{"ts": 101359, "svc": "gateway", "status": 200, "latency_ms": 137}
{"ts": 101359, "svc": "payment", "status": 500, "latency_ms": 138}
{"ts": 101359, "svc": "auth", "status": 200, "latency_ms": 139}
{"ts": 101360, "svc": "gateway", "status": 200, "latency_ms": 140}
{"ts": 101360, "svc": "payment", "status": 200, "latency_ms": 141}
{"ts": 101360, "svc": "auth", "status": 200, "latency_ms": 142}
{"ts": 101360, "svc": "gateway", "status": 200, "latency_ms": 143}
{"ts": 101360, "svc": "payment", "status": 200, "latency_ms": 144}
{"ts": 101360, "svc": "auth", "status": 200, "latency_ms": 145}
{"ts": 101361, "svc": "gateway", "status": 500, "latency_ms": 146}
{"ts": 101361, "svc": "payment", "status": 200, "latency_ms": 147}
{"ts": 101361, "svc": "auth", "status": 200, "latency_ms": 148}
{"ts": 101361, "svc": "gateway", "status": 200, "latency_ms": 149}
{"ts": 101361, "svc": "payment", "status": 200, "latency_ms": 100}
   
{"ts": 101361, "svc": "auth", "status": 200, "latency_ms": 101}
{"ts": 101362, "svc": "gateway", "status": 200, "latency_ms": 102}
{"ts": 101362, "svc": "payment", "status": 200, "latency_ms": 103}
{"ts": 101362, "svc": "auth", "status": 500, "latency_ms": 104}
{"ts": 101362, "svc": "gateway", "status": 200, "latency_ms": 105}
{"ts": 101362, "svc": "payment", "status": 200, "latency_ms": 106}
{"ts": 101362, "svc": "auth", "status": 200, "latency_ms": 107}
{"ts": 101363, "svc": "gateway", "status": 200, "latency_ms": 108}
{"ts": 101363, "svc": "payment", "status": 200, "latency_ms": 109}
{"ts": 101363, "svc": "auth", "status": 200, "latency_ms": 110}
{"ts": 101363, "svc": "gateway", "status": 200, "latency_ms": 111}
{"ts": 100000, "svc": "gateway", "status": 200, "latency_ms": 1001}
{"ts": 101363, "svc": "payment", "status": 500, "latency_ms": 112}
{"ts": 101363, "svc": "auth", "status": 200, "latency_ms": 113}
{"ts": 101364, "svc": "gateway", "status": 200, "latency_ms": 114}
{"ts": 101364, "svc": "payment", "status": 200, "latency_ms": 115}
{"ts": 101364, "svc": "auth", "status": 200, "latency_ms": 116}
{"ts": 101364, "svc": "gateway", "status": 200, "latency_ms": 117}
{"ts": 101364, "svc": "payment", "status": 200, "latency_ms": 118}
{"ts": 101364, "svc": "auth", "status": 200, "latency_ms": 119}
{"ts": 101365, "svc": "gateway", "status": 500, "latency_ms": 120}
{"ts": 101365, "svc": "payment", "status": 200, "latency_ms": 121}
{"ts": 101365, "svc": "auth", "status": 200, "latency_ms": 122}
{"ts": 101365, "svc": "gateway", "status": 200, "latency_ms": 123}
{"ts": 101365, "svc": "payment", "status": 200, "latency_ms": 124}
{"ts": 101365, "svc": "auth", "status": 200, "latency_ms": 125}
{"ts": 101366, "svc": "gateway", "status": 200, "latency_ms": 126}
{"ts": 101366, "svc": "payment", "status": 200, "latency_ms": 127}
{"ts": 101366, "svc": "auth", "status": 500, "latency_ms": 128}
{"ts": 101366, "svc": "gateway", "status": 200, "latency_ms": 129}
{"ts": 101366, "svc": "payment", "status": 200, "latency_ms": 130}
{"ts": 101366, "svc": "auth", "status": 200, "latency_ms": 131}
{"ts": 101367, "svc": "gateway", "status": 200, "latency_ms": 132}
{"ts": 101367, "svc": "payment", "status": 200, "latency_ms": 133}
{"ts": 101367, "svc": "auth", "status": 200, "latency_ms": 134}
{"ts": 101367, "svc": "gateway", "status": 200, "latency_ms": 135}
{"ts": 101367, "svc": "payment", "status": 500, "latency_ms": 136}
{"ts": 101367, "svc": "auth", "status": 200, "latency_ms": 137}
{"ts": 101368, "svc": "gateway", "status": 200, "latency_ms": 138}
{"ts": 101368, "svc": "payment", "status": 200, "latency_ms": 139}
{"ts": 101368, "svc": "auth", "status": 200, "latency_ms": 140}
{"ts": 101368, "svc": "gateway", "status": 200, "latency_ms": 141}
{"ts": 101368, "svc": "payment", "status": 200, "latency_ms": 142}
{"ts": 101368, "svc": "auth", "status": 200, "latency_ms": 143}
{"ts": 101369, "svc": "gateway", "status": 500, "latency_ms": 144}
{"ts": 101369, "svc": "payment", "status": 200, "latency_ms": 145}
{"ts": 101369, "svc": "auth", "status": 200, "latency_ms": 146}
{"ts": 101369, "svc": "gateway", "status": 200, "latency_ms": 147}
{"ts": 101369, "svc": "payment", "status": 200, "latency_ms": 148}
{"ts": 100000, "svc": "payment", "status": 200, "latency_ms": false}
{"ts": 101369, "svc": "auth", "status": 200, "latency_ms": 149}
{"ts": 101370, "svc": "gateway", "status": 200, "latency_ms": 100}
   
{"ts": 101370, "svc": "payment", "status": 200, "latency_ms": 101}
{"ts": 101370, "svc": "auth", "status": 500, "latency_ms": 102}
{"ts": 101370, "svc": "gateway", "status": 200, "latency_ms": 103}
{"ts": 101370, "svc": "payment", "status": 200, "latency_ms": 104}
{"ts": 101370, "svc": "auth", "status": 200, "latency_ms": 105}
{"ts": 101371, "svc": "gateway", "status": 200, "latency_ms": 106}
{"ts": 101371, "svc": "payment", "status": 200, "latency_ms": 107}
{"ts": 101371, "svc": "auth", "status": 200, "latency_ms": 108}
{"ts": 101371, "svc": "gateway", "status": 200, "latency_ms": 109}
{"ts": 101371, "svc": "payment", "status": 500, "latency_ms": 110}
{"ts": 101371, "svc": "auth", "status": 200, "latency_ms": 111}
{"ts": 101372, "svc": "gateway", "status": 200, "latency_ms": 112}
{"ts": 101372, "svc": "payment", "status": 200, "latency_ms": 113}
{"ts": 101372, "svc": "auth", "status": 200, "latency_ms": 114}
{"ts": 101372, "svc": "gateway", "status": 200, "latency_ms": 115}
{"ts": 101372, "svc": "payment", "status": 200, "latency_ms": 116}
{"ts": 101372, "svc": "auth", "status": 200, "latency_ms": 117}
{"ts": 101373, "svc": "gateway", "status": 500, "latency_ms": 118}
{"ts": 101373, "svc": "payment", "status": 200, "latency_ms": 119}
{"ts": 101373, "svc": "auth", "status": 200, "latency_ms": 120}
{"ts": 101373, "svc": "gateway", "status": 200, "latency_ms": 121}
{"ts": 101373, "svc": "payment", "status": 200, "latency_ms": 122}
{"ts": 101373, "svc": "auth", "status": 200, "latency_ms": 123}
{"ts": 101374, "svc": "gateway", "status": 200, "latency_ms": 124}
{"ts": 101374, "svc": "payment", "status": 200, "latency_ms": 125}
{"ts": 101374, "svc": "auth", "status": 500, "latency_ms": 126}
{"ts": 101374, "svc": "gateway", "status": 200, "latency_ms": 127}
{"ts": 101374, "svc": "payment", "status": 200, "latency_ms": 128}
{"ts": 101374, "svc": "auth", "status": 200, "latency_ms": 129}
{"ts": 101375, "svc": "gateway", "status": 200, "latency_ms": 130}
{"ts": 101375, "svc": "payment", "status": 200, "latency_ms": 131}
{"ts": 101375, "svc": "auth", "status": 200, "latency_ms": 132}
{"ts": 101375, "svc": "gateway", "status": 200, "latency_ms": 133}
{"ts": 101375, "svc": "payment", "status": 500, "latency_ms": 134}
{"ts": 101375, "svc": "auth", "status": 200, "latency_ms": 135}
definitely not json {{
{"ts": 101376, "svc": "gateway", "status": 200, "latency_ms": 136}
{"ts": 101376, "svc": "payment", "status": 200, "latency_ms": 137}
{"ts": 101376, "svc": "auth", "status": 200, "latency_ms": 138}
{"ts": 101376, "svc": "gateway", "status": 200, "latency_ms": 139}
{"ts": 101376, "svc": "payment", "status": 200, "latency_ms": 140}
{"ts": 101376, "svc": "auth", "status": 200, "latency_ms": 141}
{"ts": 101377, "svc": "gateway", "status": 500, "latency_ms": 142}
{"ts": 101377, "svc": "payment", "status": 200, "latency_ms": 143}
{"ts": 101377, "svc": "auth", "status": 200, "latency_ms": 144}
{"ts": 101377, "svc": "gateway", "status": 200, "latency_ms": 145}
{"ts": 101377, "svc": "payment", "status": 200, "latency_ms": 146}
{"ts": 101377, "svc": "auth", "status": 200, "latency_ms": 147}
{"ts": 101378, "svc": "gateway", "status": 200, "latency_ms": 148}
{"ts": 101378, "svc": "payment", "status": 200, "latency_ms": 149}
{"ts": 101378, "svc": "auth", "status": 500, "latency_ms": 100}
   
{"ts": 101378, "svc": "gateway", "status": 200, "latency_ms": 101}
{"ts": 101378, "svc": "payment", "status": 200, "latency_ms": 102}
{"ts": 101378, "svc": "auth", "status": 200, "latency_ms": 103}
{"ts": 101379, "svc": "gateway", "status": 200, "latency_ms": 104}
{"ts": 101379, "svc": "payment", "status": 200, "latency_ms": 105}
{"ts": 101379, "svc": "auth", "status": 200, "latency_ms": 106}
{"ts": 101379, "svc": "gateway", "status": 200, "latency_ms": 107}
{"ts": 101379, "svc": "payment", "status": 500, "latency_ms": 108}
{"ts": 101379, "svc": "auth", "status": 200, "latency_ms": 109}
{"ts": 101380, "svc": "gateway", "status": 200, "latency_ms": 110}
{"ts": 101380, "svc": "payment", "status": 200, "latency_ms": 111}
{"ts": 101380, "svc": "auth", "status": 200, "latency_ms": 112}
{"ts": 101380, "svc": "gateway", "status": 200, "latency_ms": 113}
{"ts": 101380, "svc": "payment", "status": 200, "latency_ms": 114}
{"ts": 101380, "svc": "auth", "status": 200, "latency_ms": 115}
{"ts": 101381, "svc": "gateway", "status": 500, "latency_ms": 116}
{"ts": 101381, "svc": "payment", "status": 200, "latency_ms": 117}
{"ts": 101381, "svc": "auth", "status": 200, "latency_ms": 118}
{"ts": 101381, "svc": "gateway", "status": 200, "latency_ms": 119}
{"ts": 101381, "svc": "payment", "status": 200, "latency_ms": 120}
{"ts": 101381, "svc": "auth", "status": 200, "latency_ms": 121}
{"ts": 101382, "svc": "gateway", "status": 200, "latency_ms": 122}
{"ts": 100000, "svc": "auth", "status": 200}
{"ts": 101382, "svc": "payment", "status": 200, "latency_ms": 123}
{"ts": 101382, "svc": "auth", "status": 500, "latency_ms": 124}
{"ts": 101382, "svc": "gateway", "status": 200, "latency_ms": 125}
{"ts": 101382, "svc": "payment", "status": 200, "latency_ms": 126}
{"ts": 101382, "svc": "auth", "status": 200, "latency_ms": 127}
{"ts": 101383, "svc": "gateway", "status": 200, "latency_ms": 128}
{"ts": 101383, "svc": "payment", "status": 200, "latency_ms": 129}
{"ts": 101383, "svc": "auth", "status": 200, "latency_ms": 130}
{"ts": 101383, "svc": "gateway", "status": 200, "latency_ms": 131}
{"ts": 101383, "svc": "payment", "status": 500, "latency_ms": 132}
{"ts": 101383, "svc": "auth", "status": 200, "latency_ms": 133}
{"ts": 101384, "svc": "gateway", "status": 200, "latency_ms": 134}
{"ts": 101384, "svc": "payment", "status": 200, "latency_ms": 135}
{"ts": 101384, "svc": "auth", "status": 200, "latency_ms": 136}
{"ts": 101384, "svc": "gateway", "status": 200, "latency_ms": 137}
{"ts": 101384, "svc": "payment", "status": 200, "latency_ms": 138}
{"ts": 101384, "svc": "auth", "status": 200, "latency_ms": 139}
{"ts": 101385, "svc": "gateway", "status": 500, "latency_ms": 140}
{"ts": 101385, "svc": "payment", "status": 200, "latency_ms": 141}
{"ts": 101385, "svc": "auth", "status": 200, "latency_ms": 142}
{"ts": 101385, "svc": "gateway", "status": 200, "latency_ms": 143}
{"ts": 101385, "svc": "payment", "status": 200, "latency_ms": 144}
{"ts": 101385, "svc": "auth", "status": 200, "latency_ms": 145}
{"ts": 101386, "svc": "gateway", "status": 200, "latency_ms": 146}
{"ts": 101386, "svc": "payment", "status": 200, "latency_ms": 147}
{"ts": 101386, "svc": "auth", "status": 500, "latency_ms": 148}
{"ts": 101386, "svc": "gateway", "status": 200, "latency_ms": 149}
{"ts": 101386, "svc": "payment", "status": 200, "latency_ms": 100}
   
{"ts": 101386, "svc": "auth", "status": 200, "latency_ms": 101}
{"ts": 101387, "svc": "gateway", "status": 200, "latency_ms": 102}
{"ts": 101387, "svc": "payment", "status": 200, "latency_ms": 103}
{"ts": 101387, "svc": "auth", "status": 200, "latency_ms": 104}
{"ts": 101387, "svc": "gateway", "status": 200, "latency_ms": 105}
{"ts": 101387, "svc": "payment", "status": 500, "latency_ms": 106}
{"ts": 101387, "svc": "auth", "status": 200, "latency_ms": 107}
{"ts": 101388, "svc": "gateway", "status": 200, "latency_ms": 108}
{"ts": 101388, "svc": "payment", "status": 200, "latency_ms": 109}
{"ts": 100000, "svc": "auth", "status": 200, "latency_ms": 100, "x": 1}
{"ts": 101388, "svc": "auth", "status": 200, "latency_ms": 110}
{"ts": 101388, "svc": "gateway", "status": 200, "latency_ms": 111}
{"ts": 101388, "svc": "payment", "status": 200, "latency_ms": 112}
{"ts": 101388, "svc": "auth", "status": 200, "latency_ms": 113}
{"ts": 101389, "svc": "gateway", "status": 500, "latency_ms": 114}
{"ts": 101389, "svc": "payment", "status": 200, "latency_ms": 115}
{"ts": 101389, "svc": "auth", "status": 200, "latency_ms": 116}
{"ts": 101389, "svc": "gateway", "status": 200, "latency_ms": 117}
{"ts": 101389, "svc": "payment", "status": 200, "latency_ms": 118}
{"ts": 101389, "svc": "auth", "status": 200, "latency_ms": 119}
{"ts": 101390, "svc": "gateway", "status": 200, "latency_ms": 120}
{"ts": 101390, "svc": "payment", "status": 200, "latency_ms": 121}
{"ts": 101390, "svc": "auth", "status": 500, "latency_ms": 122}
{"ts": 101390, "svc": "gateway", "status": 200, "latency_ms": 123}
{"ts": 101390, "svc": "payment", "status": 200, "latency_ms": 124}
{"ts": 101390, "svc": "auth", "status": 200, "latency_ms": 125}
{"ts": 101391, "svc": "gateway", "status": 200, "latency_ms": 126}
{"ts": 101391, "svc": "payment", "status": 200, "latency_ms": 127}
{"ts": 101391, "svc": "auth", "status": 200, "latency_ms": 128}
{"ts": 101391, "svc": "gateway", "status": 200, "latency_ms": 129}
{"ts": 101391, "svc": "payment", "status": 500, "latency_ms": 130}
{"ts": 101391, "svc": "auth", "status": 200, "latency_ms": 131}
{"ts": 101392, "svc": "gateway", "status": 200, "latency_ms": 132}
{"ts": 101392, "svc": "payment", "status": 200, "latency_ms": 133}
{"ts": 101392, "svc": "auth", "status": 200, "latency_ms": 134}
{"ts": 101392, "svc": "gateway", "status": 200, "latency_ms": 135}
{"ts": 101392, "svc": "payment", "status": 200, "latency_ms": 136}
{"ts": 101392, "svc": "auth", "status": 200, "latency_ms": 137}
{"ts": 101393, "svc": "gateway", "status": 500, "latency_ms": 138}
{"ts": 101393, "svc": "payment", "status": 200, "latency_ms": 139}
{"ts": 101393, "svc": "auth", "status": 200, "latency_ms": 140}
{"ts": 101393, "svc": "gateway", "status": 200, "latency_ms": 141}
{"ts": 101393, "svc": "payment", "status": 200, "latency_ms": 142}
{"ts": 101393, "svc": "auth", "status": 200, "latency_ms": 143}
{"ts": 101394, "svc": "gateway", "status": 200, "latency_ms": 144}
{"ts": 101394, "svc": "payment", "status": 200, "latency_ms": 145}
{"ts": 101394, "svc": "auth", "status": 500, "latency_ms": 146}
{"ts": 100000, "svc": "gateway", "status": 200.0, "latency_ms": 100}
{"ts": 101394, "svc": "gateway", "status": 200, "latency_ms": 147}
{"ts": 101394, "svc": "payment", "status": 200, "latency_ms": 148}
{"ts": 101394, "svc": "auth", "status": 200, "latency_ms": 149}
{"ts": 101354, "svc": "gateway", "status": 500, "latency_ms": 100}
{"ts": 101364, "svc": "gateway", "status": 200, "latency_ms": 100}
{"ts": 101405, "svc": "payment", "status": 500, "latency_ms": 100}
   
{"ts": 100000, "svc": "auth", "status": 99, "latency_ms": 100}
{"ts": 101405, "svc": "auth", "status": 200, "latency_ms": 101}
{"ts": 101405, "svc": "gateway", "status": 200, "latency_ms": 102}
{"ts": 101405, "svc": "payment", "status": 200, "latency_ms": 103}
{"ts": 101405, "svc": "auth", "status": 200, "latency_ms": 104}
{"ts": 101405, "svc": "gateway", "status": 200, "latency_ms": 105}
{"ts": 101406, "svc": "payment", "status": 200, "latency_ms": 106}
{"ts": 101406, "svc": "auth", "status": 200, "latency_ms": 107}
{"ts": 101406, "svc": "gateway", "status": 500, "latency_ms": 108}
{"ts": 101406, "svc": "payment", "status": 200, "latency_ms": 109}
{"ts": 101406, "svc": "auth", "status": 200, "latency_ms": 110}
{"ts": 101406, "svc": "gateway", "status": 200, "latency_ms": 111}
{"ts": 101407, "svc": "payment", "status": 200, "latency_ms": 112}
{"ts": 101407, "svc": "auth", "status": 200, "latency_ms": 113}
{"ts": 101407, "svc": "gateway", "status": 200, "latency_ms": 114}
{"ts": 101407, "svc": "payment", "status": 200, "latency_ms": 115}
{"ts": 101407, "svc": "auth", "status": 500, "latency_ms": 116}
{"ts": 101407, "svc": "gateway", "status": 200, "latency_ms": 117}
{"ts": 101408, "svc": "payment", "status": 200, "latency_ms": 118}
{"ts": 101408, "svc": "auth", "status": 200, "latency_ms": 119}
{"ts": 101408, "svc": "gateway", "status": 200, "latency_ms": 120}
{"ts": 101408, "svc": "payment", "status": 200, "latency_ms": 121}
{"ts": 101408, "svc": "auth", "status": 200, "latency_ms": 122}
{"ts": 101408, "svc": "gateway", "status": 200, "latency_ms": 123}
{"ts": 101409, "svc": "payment", "status": 500, "latency_ms": 124}
{"ts": 101409, "svc": "auth", "status": 200, "latency_ms": 125}
{"ts": 101409, "svc": "gateway", "status": 200, "latency_ms": 126}
{"ts": 101409, "svc": "payment", "status": 200, "latency_ms": 127}
{"ts": 101409, "svc": "auth", "status": 200, "latency_ms": 128}
{"ts": 101409, "svc": "gateway", "status": 200, "latency_ms": 129}
{"ts": 101410, "svc": "payment", "status": 200, "latency_ms": 130}
{"ts": 101410, "svc": "auth", "status": 200, "latency_ms": 131}
{"ts": 101410, "svc": "gateway", "status": 500, "latency_ms": 132}
{"ts": 101410, "svc": "payment", "status": 200, "latency_ms": 133}
{"ts": 101410, "svc": "auth", "status": 200, "latency_ms": 134}
{"ts": 101410, "svc": "gateway", "status": 200, "latency_ms": 135}
{"ts": 101411, "svc": "payment", "status": 200, "latency_ms": 136}
{"ts": 101411, "svc": "auth", "status": 200, "latency_ms": 137}
{"ts": 100000, "svc": "billing", "status": 200, "latency_ms": 100}
{"ts": 101411, "svc": "gateway", "status": 200, "latency_ms": 138}
{"ts": 101411, "svc": "payment", "status": 200, "latency_ms": 139}
{"ts": 101411, "svc": "auth", "status": 500, "latency_ms": 140}
{"ts": 101411, "svc": "gateway", "status": 200, "latency_ms": 141}
{"ts": 101412, "svc": "payment", "status": 200, "latency_ms": 142}
{"ts": 101412, "svc": "auth", "status": 200, "latency_ms": 143}
{"ts": 101412, "svc": "gateway", "status": 200, "latency_ms": 144}
{"ts": 101412, "svc": "payment", "status": 200, "latency_ms": 145}
{"ts": 101412, "svc": "auth", "status": 200, "latency_ms": 146}
{"ts": 101412, "svc": "gateway", "status": 200, "latency_ms": 147}
{"ts": 101413, "svc": "payment", "status": 500, "latency_ms": 148}
{"ts": 101413, "svc": "auth", "status": 200, "latency_ms": 149}
{"ts": 101413, "svc": "gateway", "status": 200, "latency_ms": 100}
   
{"ts": 101413, "svc": "payment", "status": 200, "latency_ms": 101}
{"ts": 101413, "svc": "auth", "status": 200, "latency_ms": 102}
{"ts": 101413, "svc": "gateway", "status": 200, "latency_ms": 103}
{"ts": 101414, "svc": "payment", "status": 200, "latency_ms": 104}
{"ts": 101414, "svc": "auth", "status": 200, "latency_ms": 105}
{"ts": 101414, "svc": "gateway", "status": 500, "latency_ms": 106}
{"ts": 101414, "svc": "payment", "status": 200, "latency_ms": 107}
{"ts": 101414, "svc": "auth", "status": 200, "latency_ms": 108}
{"ts": 101414, "svc": "gateway", "status": 200, "latency_ms": 109}
{"ts": 101415, "svc": "payment", "status": 200, "latency_ms": 110}
{"ts": 101415, "svc": "auth", "status": 200, "latency_ms": 111}
{"ts": 101415, "svc": "gateway", "status": 200, "latency_ms": 112}
{"ts": 101415, "svc": "payment", "status": 200, "latency_ms": 113}
{"ts": 101415, "svc": "auth", "status": 500, "latency_ms": 114}
{"ts": 101415, "svc": "gateway", "status": 200, "latency_ms": 115}
{"ts": 101416, "svc": "payment", "status": 200, "latency_ms": 116}
{"ts": 101416, "svc": "auth", "status": 200, "latency_ms": 117}
{"ts": 101416, "svc": "gateway", "status": 200, "latency_ms": 118}
{"ts": 101416, "svc": "payment", "status": 200, "latency_ms": 119}
{"ts": 101416, "svc": "auth", "status": 200, "latency_ms": 120}
{"ts": 101416, "svc": "gateway", "status": 200, "latency_ms": 121}
{"ts": 101417, "svc": "payment", "status": 500, "latency_ms": 122}
{"ts": 101417, "svc": "auth", "status": 200, "latency_ms": 123}
{"ts": 101417, "svc": "gateway", "status": 200, "latency_ms": 124}
{"ts": 100000, "svc": "gateway", "status": 200, "latency_ms": 1001}
{"ts": 101417, "svc": "payment", "status": 200, "latency_ms": 125}
{"ts": 101417, "svc": "auth", "status": 200, "latency_ms": 126}
{"ts": 101417, "svc": "gateway", "status": 200, "latency_ms": 127}
{"ts": 101418, "svc": "payment", "status": 200, "latency_ms": 128}
{"ts": 101418, "svc": "auth", "status": 200, "latency_ms": 129}
{"ts": 101418, "svc": "gateway", "status": 500, "latency_ms": 130}
{"ts": 101418, "svc": "payment", "status": 200, "latency_ms": 131}
{"ts": 101418, "svc": "auth", "status": 200, "latency_ms": 132}
{"ts": 101418, "svc": "gateway", "status": 200, "latency_ms": 133}
{"ts": 101419, "svc": "payment", "status": 200, "latency_ms": 134}
{"ts": 101419, "svc": "auth", "status": 200, "latency_ms": 135}
{"ts": 101419, "svc": "gateway", "status": 200, "latency_ms": 136}
{"ts": 101419, "svc": "payment", "status": 200, "latency_ms": 137}
{"ts": 101419, "svc": "auth", "status": 500, "latency_ms": 138}
{"ts": 101419, "svc": "gateway", "status": 200, "latency_ms": 139}
{"ts": 101420, "svc": "payment", "status": 200, "latency_ms": 140}
{"ts": 101420, "svc": "auth", "status": 200, "latency_ms": 141}
{"ts": 101420, "svc": "gateway", "status": 200, "latency_ms": 142}
{"ts": 101420, "svc": "payment", "status": 200, "latency_ms": 143}
{"ts": 101420, "svc": "auth", "status": 200, "latency_ms": 144}
{"ts": 101420, "svc": "gateway", "status": 200, "latency_ms": 145}
{"ts": 101421, "svc": "payment", "status": 500, "latency_ms": 146}
{"ts": 101421, "svc": "auth", "status": 200, "latency_ms": 147}
{"ts": 101421, "svc": "gateway", "status": 200, "latency_ms": 148}
{"ts": 101421, "svc": "payment", "status": 200, "latency_ms": 149}
{"ts": 101421, "svc": "auth", "status": 200, "latency_ms": 100}
   
{"ts": 101421, "svc": "gateway", "status": 200, "latency_ms": 101}
{"ts": 101422, "svc": "payment", "status": 200, "latency_ms": 102}
{"ts": 101422, "svc": "auth", "status": 200, "latency_ms": 103}
{"ts": 101422, "svc": "gateway", "status": 500, "latency_ms": 104}
{"ts": 101422, "svc": "payment", "status": 200, "latency_ms": 105}
{"ts": 101422, "svc": "auth", "status": 200, "latency_ms": 106}
{"ts": 101422, "svc": "gateway", "status": 200, "latency_ms": 107}
{"ts": 101423, "svc": "payment", "status": 200, "latency_ms": 108}
{"ts": 101423, "svc": "auth", "status": 200, "latency_ms": 109}
{"ts": 101423, "svc": "gateway", "status": 200, "latency_ms": 110}
{"ts": 101423, "svc": "payment", "status": 200, "latency_ms": 111}
{"ts": 100000, "svc": "payment", "status": 200, "latency_ms": false}
{"ts": 101423, "svc": "auth", "status": 500, "latency_ms": 112}
{"ts": 101423, "svc": "gateway", "status": 200, "latency_ms": 113}
{"ts": 101424, "svc": "payment", "status": 200, "latency_ms": 114}
{"ts": 101424, "svc": "auth", "status": 200, "latency_ms": 115}
{"ts": 101424, "svc": "gateway", "status": 200, "latency_ms": 116}
{"ts": 101424, "svc": "payment", "status": 200, "latency_ms": 117}
{"ts": 101424, "svc": "auth", "status": 200, "latency_ms": 118}
{"ts": 101424, "svc": "gateway", "status": 200, "latency_ms": 119}
{"ts": 101425, "svc": "payment", "status": 500, "latency_ms": 120}
{"ts": 101425, "svc": "auth", "status": 200, "latency_ms": 121}
{"ts": 101425, "svc": "gateway", "status": 200, "latency_ms": 122}
{"ts": 101425, "svc": "payment", "status": 200, "latency_ms": 123}
{"ts": 101425, "svc": "auth", "status": 200, "latency_ms": 124}
{"ts": 101425, "svc": "gateway", "status": 200, "latency_ms": 125}
{"ts": 101426, "svc": "payment", "status": 200, "latency_ms": 126}
{"ts": 101426, "svc": "auth", "status": 200, "latency_ms": 127}
{"ts": 101426, "svc": "gateway", "status": 500, "latency_ms": 128}
{"ts": 101426, "svc": "payment", "status": 200, "latency_ms": 129}
{"ts": 101426, "svc": "auth", "status": 200, "latency_ms": 130}
{"ts": 101426, "svc": "gateway", "status": 200, "latency_ms": 131}
{"ts": 101427, "svc": "payment", "status": 200, "latency_ms": 132}
{"ts": 101427, "svc": "auth", "status": 200, "latency_ms": 133}
{"ts": 101427, "svc": "gateway", "status": 200, "latency_ms": 134}
{"ts": 101427, "svc": "payment", "status": 200, "latency_ms": 135}
{"ts": 101427, "svc": "auth", "status": 500, "latency_ms": 136}
{"ts": 101427, "svc": "gateway", "status": 200, "latency_ms": 137}
{"ts": 101428, "svc": "payment", "status": 200, "latency_ms": 138}
{"ts": 101428, "svc": "auth", "status": 200, "latency_ms": 139}
{"ts": 101428, "svc": "gateway", "status": 200, "latency_ms": 140}
{"ts": 101428, "svc": "payment", "status": 200, "latency_ms": 141}
{"ts": 101428, "svc": "auth", "status": 200, "latency_ms": 142}
{"ts": 101428, "svc": "gateway", "status": 200, "latency_ms": 143}
{"ts": 101429, "svc": "payment", "status": 500, "latency_ms": 144}
{"ts": 101429, "svc": "auth", "status": 200, "latency_ms": 145}
{"ts": 101429, "svc": "gateway", "status": 200, "latency_ms": 146}
{"ts": 101429, "svc": "payment", "status": 200, "latency_ms": 147}
{"ts": 101429, "svc": "auth", "status": 200, "latency_ms": 148}
definitely not json {{
{"ts": 101429, "svc": "gateway", "status": 200, "latency_ms": 149}
{"ts": 101430, "svc": "payment", "status": 200, "latency_ms": 100}
   
{"ts": 101430, "svc": "auth", "status": 200, "latency_ms": 101}
{"ts": 101430, "svc": "gateway", "status": 500, "latency_ms": 102}
{"ts": 101430, "svc": "payment", "status": 200, "latency_ms": 103}
{"ts": 101430, "svc": "auth", "status": 200, "latency_ms": 104}
{"ts": 101430, "svc": "gateway", "status": 200, "latency_ms": 105}
{"ts": 101431, "svc": "payment", "status": 200, "latency_ms": 106}
{"ts": 101431, "svc": "auth", "status": 200, "latency_ms": 107}
{"ts": 101431, "svc": "gateway", "status": 200, "latency_ms": 108}
{"ts": 101431, "svc": "payment", "status": 200, "latency_ms": 109}
{"ts": 101431, "svc": "auth", "status": 500, "latency_ms": 110}
{"ts": 101431, "svc": "gateway", "status": 200, "latency_ms": 111}
{"ts": 101432, "svc": "payment", "status": 200, "latency_ms": 112}
{"ts": 101432, "svc": "auth", "status": 200, "latency_ms": 113}
{"ts": 101432, "svc": "gateway", "status": 200, "latency_ms": 114}
{"ts": 101432, "svc": "payment", "status": 200, "latency_ms": 115}
{"ts": 101432, "svc": "auth", "status": 200, "latency_ms": 116}
{"ts": 101432, "svc": "gateway", "status": 200, "latency_ms": 117}
{"ts": 101433, "svc": "payment", "status": 500, "latency_ms": 118}
{"ts": 101433, "svc": "auth", "status": 200, "latency_ms": 119}
{"ts": 101433, "svc": "gateway", "status": 200, "latency_ms": 120}
{"ts": 101433, "svc": "payment", "status": 200, "latency_ms": 121}
{"ts": 101433, "svc": "auth", "status": 200, "latency_ms": 122}
{"ts": 101433, "svc": "gateway", "status": 200, "latency_ms": 123}
{"ts": 101434, "svc": "payment", "status": 200, "latency_ms": 124}
{"ts": 101434, "svc": "auth", "status": 200, "latency_ms": 125}
{"ts": 101434, "svc": "gateway", "status": 500, "latency_ms": 126}
{"ts": 101434, "svc": "payment", "status": 200, "latency_ms": 127}
{"ts": 101434, "svc": "auth", "status": 200, "latency_ms": 128}
{"ts": 101434, "svc": "gateway", "status": 200, "latency_ms": 129}
{"ts": 101435, "svc": "payment", "status": 200, "latency_ms": 130}
{"ts": 101435, "svc": "auth", "status": 200, "latency_ms": 131}
{"ts": 101435, "svc": "gateway", "status": 200, "latency_ms": 132}
{"ts": 101435, "svc": "payment", "status": 200, "latency_ms": 133}
{"ts": 101435, "svc": "auth", "status": 500, "latency_ms": 134}
{"ts": 101435, "svc": "gateway", "status": 200, "latency_ms": 135}
{"ts": 100000, "svc": "auth", "status": 200}
{"ts": 101436, "svc": "payment", "status": 200, "latency_ms": 136}
{"ts": 101436, "svc": "auth", "status": 200, "latency_ms": 137}
{"ts": 101436, "svc": "gateway", "status": 200, "latency_ms": 138}
{"ts": 101436, "svc": "payment", "status": 200, "latency_ms": 139}
{"ts": 101436, "svc": "auth", "status": 200, "latency_ms": 140}
{"ts": 101436, "svc": "gateway", "status": 200, "latency_ms": 141}
{"ts": 101437, "svc": "payment", "status": 500, "latency_ms": 142}
{"ts": 101437, "svc": "auth", "status": 200, "latency_ms": 143}
{"ts": 101437, "svc": "gateway", "status": 200, "latency_ms": 144}
{"ts": 101437, "svc": "payment", "status": 200, "latency_ms": 145}
{"ts": 101437, "svc": "auth", "status": 200, "latency_ms": 146}
{"ts": 101437, "svc": "gateway", "status": 200, "latency_ms": 147}
{"ts": 101438, "svc": "payment", "status": 200, "latency_ms": 148}
{"ts": 101438, "svc": "auth", "status": 200, "latency_ms": 149}
{"ts": 101438, "svc": "gateway", "status": 500, "latency_ms": 100}
   
{"ts": 101438, "svc": "payment", "status": 200, "latency_ms": 101}
{"ts": 101438, "svc": "auth", "status": 200, "latency_ms": 102}
{"ts": 101438, "svc": "gateway", "status": 200, "latency_ms": 103}
{"ts": 101439, "svc": "payment", "status": 200, "latency_ms": 104}
{"ts": 101439, "svc": "auth", "status": 200, "latency_ms": 105}
{"ts": 101439, "svc": "gateway", "status": 200, "latency_ms": 106}
{"ts": 101439, "svc": "payment", "status": 200, "latency_ms": 107}
{"ts": 101439, "svc": "auth", "status": 500, "latency_ms": 108}
{"ts": 101439, "svc": "gateway", "status": 200, "latency_ms": 109}
{"ts": 101440, "svc": "payment", "status": 200, "latency_ms": 110}
{"ts": 101440, "svc": "auth", "status": 200, "latency_ms": 111}
{"ts": 101440, "svc": "gateway", "status": 200, "latency_ms": 112}
{"ts": 101440, "svc": "payment", "status": 200, "latency_ms": 113}
{"ts": 101440, "svc": "auth", "status": 200, "latency_ms": 114}
{"ts": 101440, "svc": "gateway", "status": 200, "latency_ms": 115}
{"ts": 101441, "svc": "payment", "status": 500, "latency_ms": 116}
{"ts": 101441, "svc": "auth", "status": 200, "latency_ms": 117}
{"ts": 101441, "svc": "gateway", "status": 200, "latency_ms": 118}
{"ts": 101441, "svc": "payment", "status": 200, "latency_ms": 119}
{"ts": 101441, "svc": "auth", "status": 200, "latency_ms": 120}
{"ts": 101441, "svc": "gateway", "status": 200, "latency_ms": 121}
{"ts": 101442, "svc": "payment", "status": 200, "latency_ms": 122}
{"ts": 100000, "svc": "auth", "status": 200, "latency_ms": 100, "x": 1}
{"ts": 101442, "svc": "auth", "status": 200, "latency_ms": 123}
{"ts": 101442, "svc": "gateway", "status": 500, "latency_ms": 124}
{"ts": 101442, "svc": "payment", "status": 200, "latency_ms": 125}
{"ts": 101442, "svc": "auth", "status": 200, "latency_ms": 126}
{"ts": 101442, "svc": "gateway", "status": 200, "latency_ms": 127}
{"ts": 101443, "svc": "payment", "status": 200, "latency_ms": 128}
{"ts": 101443, "svc": "auth", "status": 200, "latency_ms": 129}
{"ts": 101443, "svc": "gateway", "status": 200, "latency_ms": 130}
{"ts": 101443, "svc": "payment", "status": 200, "latency_ms": 131}
{"ts": 101443, "svc": "auth", "status": 500, "latency_ms": 132}
{"ts": 101443, "svc": "gateway", "status": 200, "latency_ms": 133}
{"ts": 101444, "svc": "payment", "status": 200, "latency_ms": 134}
{"ts": 101444, "svc": "auth", "status": 200, "latency_ms": 135}
{"ts": 101444, "svc": "gateway", "status": 200, "latency_ms": 136}
{"ts": 101444, "svc": "payment", "status": 200, "latency_ms": 137}
{"ts": 101444, "svc": "auth", "status": 200, "latency_ms": 138}
{"ts": 101444, "svc": "gateway", "status": 200, "latency_ms": 139}
{"ts": 101445, "svc": "payment", "status": 500, "latency_ms": 140}
{"ts": 101445, "svc": "auth", "status": 200, "latency_ms": 141}
{"ts": 101445, "svc": "gateway", "status": 200, "latency_ms": 142}
{"ts": 101445, "svc": "payment", "status": 200, "latency_ms": 143}
{"ts": 101445, "svc": "auth", "status": 200, "latency_ms": 144}
{"ts": 101445, "svc": "gateway", "status": 200, "latency_ms": 145}
{"ts": 101446, "svc": "payment", "status": 200, "latency_ms": 146}
{"ts": 101446, "svc": "auth", "status": 200, "latency_ms": 147}
{"ts": 101446, "svc": "gateway", "status": 500, "latency_ms": 148}
{"ts": 101446, "svc": "payment", "status": 200, "latency_ms": 149}
{"ts": 101446, "svc": "auth", "status": 200, "latency_ms": 100}
   
{"ts": 101446, "svc": "gateway", "status": 200, "latency_ms": 101}
{"ts": 101447, "svc": "payment", "status": 200, "latency_ms": 102}
{"ts": 101447, "svc": "auth", "status": 200, "latency_ms": 103}
{"ts": 101447, "svc": "gateway", "status": 200, "latency_ms": 104}
{"ts": 101447, "svc": "payment", "status": 200, "latency_ms": 105}
{"ts": 101447, "svc": "auth", "status": 500, "latency_ms": 106}
{"ts": 101447, "svc": "gateway", "status": 200, "latency_ms": 107}
{"ts": 101448, "svc": "payment", "status": 200, "latency_ms": 108}
{"ts": 101448, "svc": "auth", "status": 200, "latency_ms": 109}
{"ts": 100000, "svc": "gateway", "status": 200.0, "latency_ms": 100}
{"ts": 101448, "svc": "gateway", "status": 200, "latency_ms": 110}
{"ts": 101448, "svc": "payment", "status": 200, "latency_ms": 111}
{"ts": 101448, "svc": "auth", "status": 200, "latency_ms": 112}
{"ts": 101448, "svc": "gateway", "status": 200, "latency_ms": 113}
{"ts": 101449, "svc": "payment", "status": 500, "latency_ms": 114}
{"ts": 101449, "svc": "auth", "status": 200, "latency_ms": 115}
{"ts": 101449, "svc": "gateway", "status": 200, "latency_ms": 116}
{"ts": 101449, "svc": "payment", "status": 200, "latency_ms": 117}
{"ts": 101449, "svc": "auth", "status": 200, "latency_ms": 118}
{"ts": 101449, "svc": "gateway", "status": 200, "latency_ms": 119}
{"ts": 101450, "svc": "payment", "status": 200, "latency_ms": 120}
{"ts": 101450, "svc": "auth", "status": 200, "latency_ms": 121}
{"ts": 101450, "svc": "gateway", "status": 500, "latency_ms": 122}
{"ts": 101450, "svc": "payment", "status": 200, "latency_ms": 123}
{"ts": 101450, "svc": "auth", "status": 200, "latency_ms": 124}
{"ts": 101450, "svc": "gateway", "status": 200, "latency_ms": 125}
{"ts": 101451, "svc": "payment", "status": 200, "latency_ms": 126}
{"ts": 101451, "svc": "auth", "status": 200, "latency_ms": 127}
{"ts": 101451, "svc": "gateway", "status": 200, "latency_ms": 128}
{"ts": 101451, "svc": "payment", "status": 200, "latency_ms": 129}
{"ts": 101451, "svc": "auth", "status": 500, "latency_ms": 130}
{"ts": 101451, "svc": "gateway", "status": 200, "latency_ms": 131}
{"ts": 101452, "svc": "payment", "status": 200, "latency_ms": 132}
{"ts": 101452, "svc": "auth", "status": 200, "latency_ms": 133}
{"ts": 101452, "svc": "gateway", "status": 200, "latency_ms": 134}
{"ts": 101452, "svc": "payment", "status": 200, "latency_ms": 135}
{"ts": 101452, "svc": "auth", "status": 200, "latency_ms": 136}
{"ts": 101452, "svc": "gateway", "status": 200, "latency_ms": 137}
{"ts": 101453, "svc": "payment", "status": 500, "latency_ms": 138}
{"ts": 101453, "svc": "auth", "status": 200, "latency_ms": 139}
{"ts": 101453, "svc": "gateway", "status": 200, "latency_ms": 140}
{"ts": 101453, "svc": "payment", "status": 200, "latency_ms": 141}
{"ts": 101453, "svc": "auth", "status": 200, "latency_ms": 142}
{"ts": 101453, "svc": "gateway", "status": 200, "latency_ms": 143}
{"ts": 101454, "svc": "payment", "status": 200, "latency_ms": 144}
{"ts": 101454, "svc": "auth", "status": 200, "latency_ms": 145}
{"ts": 101454, "svc": "gateway", "status": 500, "latency_ms": 146}
{"ts": true, "svc": "payment", "status": 200, "latency_ms": 100}
{"ts": 101454, "svc": "payment", "status": 200, "latency_ms": 147}
{"ts": 101454, "svc": "auth", "status": 200, "latency_ms": 148}
{"ts": 101454, "svc": "gateway", "status": 200, "latency_ms": 149}
{"ts": 101414, "svc": "payment", "status": 500, "latency_ms": 100}
{"ts": 101424, "svc": "payment", "status": 200, "latency_ms": 100}
{"ts": 101465, "svc": "auth", "status": 500, "latency_ms": 100}
   
{"ts": 100000, "svc": "billing", "status": 200, "latency_ms": 100}
{"ts": 101465, "svc": "gateway", "status": 200, "latency_ms": 101}
{"ts": 101465, "svc": "payment", "status": 200, "latency_ms": 102}
{"ts": 101465, "svc": "auth", "status": 200, "latency_ms": 103}
{"ts": 101465, "svc": "gateway", "status": 200, "latency_ms": 104}
{"ts": 101465, "svc": "payment", "status": 200, "latency_ms": 105}
{"ts": 101466, "svc": "auth", "status": 200, "latency_ms": 106}
{"ts": 101466, "svc": "gateway", "status": 200, "latency_ms": 107}
{"ts": 101466, "svc": "payment", "status": 500, "latency_ms": 108}
{"ts": 101466, "svc": "auth", "status": 200, "latency_ms": 109}
{"ts": 101466, "svc": "gateway", "status": 200, "latency_ms": 110}
{"ts": 101466, "svc": "payment", "status": 200, "latency_ms": 111}
{"ts": 101467, "svc": "auth", "status": 200, "latency_ms": 112}
{"ts": 101467, "svc": "gateway", "status": 200, "latency_ms": 113}
{"ts": 101467, "svc": "payment", "status": 200, "latency_ms": 114}
{"ts": 101467, "svc": "auth", "status": 200, "latency_ms": 115}
{"ts": 101467, "svc": "gateway", "status": 500, "latency_ms": 116}
{"ts": 101467, "svc": "payment", "status": 200, "latency_ms": 117}
{"ts": 101468, "svc": "auth", "status": 200, "latency_ms": 118}
{"ts": 101468, "svc": "gateway", "status": 200, "latency_ms": 119}
{"ts": 101468, "svc": "payment", "status": 200, "latency_ms": 120}
{"ts": 101468, "svc": "auth", "status": 200, "latency_ms": 121}
{"ts": 101468, "svc": "gateway", "status": 200, "latency_ms": 122}
{"ts": 101468, "svc": "payment", "status": 200, "latency_ms": 123}
{"ts": 101469, "svc": "auth", "status": 500, "latency_ms": 124}
{"ts": 101469, "svc": "gateway", "status": 200, "latency_ms": 125}
{"ts": 101469, "svc": "payment", "status": 200, "latency_ms": 126}
{"ts": 101469, "svc": "auth", "status": 200, "latency_ms": 127}
{"ts": 101469, "svc": "gateway", "status": 200, "latency_ms": 128}
{"ts": 101469, "svc": "payment", "status": 200, "latency_ms": 129}
{"ts": 101470, "svc": "auth", "status": 200, "latency_ms": 130}
{"ts": 101470, "svc": "gateway", "status": 200, "latency_ms": 131}
{"ts": 101470, "svc": "payment", "status": 500, "latency_ms": 132}
{"ts": 101470, "svc": "auth", "status": 200, "latency_ms": 133}
{"ts": 101470, "svc": "gateway", "status": 200, "latency_ms": 134}
{"ts": 101470, "svc": "payment", "status": 200, "latency_ms": 135}
{"ts": 101471, "svc": "auth", "status": 200, "latency_ms": 136}
{"ts": 101471, "svc": "gateway", "status": 200, "latency_ms": 137}
{"ts": 100000, "svc": "gateway", "status": 200, "latency_ms": 1001}
{"ts": 101471, "svc": "payment", "status": 200, "latency_ms": 138}
{"ts": 101471, "svc": "auth", "status": 200, "latency_ms": 139}
{"ts": 101471, "svc": "gateway", "status": 500, "latency_ms": 140}
{"ts": 101471, "svc": "payment", "status": 200, "latency_ms": 141}
{"ts": 101472, "svc": "auth", "status": 200, "latency_ms": 142}
{"ts": 101472, "svc": "gateway", "status": 200, "latency_ms": 143}
{"ts": 101472, "svc": "payment", "status": 200, "latency_ms": 144}
{"ts": 101472, "svc": "auth", "status": 200, "latency_ms": 145}
{"ts": 101472, "svc": "gateway", "status": 200, "latency_ms": 146}
{"ts": 101472, "svc": "payment", "status": 200, "latency_ms": 147}
{"ts": 101473, "svc": "auth", "status": 500, "latency_ms": 148}
{"ts": 101473, "svc": "gateway", "status": 200, "latency_ms": 149}
{"ts": 101473, "svc": "payment", "status": 200, "latency_ms": 100}
   
{"ts": 101473, "svc": "auth", "status": 200, "latency_ms": 101}
{"ts": 101473, "svc": "gateway", "status": 200, "latency_ms": 102}
{"ts": 101473, "svc": "payment", "status": 200, "latency_ms": 103}
{"ts": 101474, "svc": "auth", "status": 200, "latency_ms": 104}
{"ts": 101474, "svc": "gateway", "status": 200, "latency_ms": 105}
{"ts": 101474, "svc": "payment", "status": 500, "latency_ms": 106}
{"ts": 101474, "svc": "auth", "status": 200, "latency_ms": 107}
{"ts": 101474, "svc": "gateway", "status": 200, "latency_ms": 108}
{"ts": 101474, "svc": "payment", "status": 200, "latency_ms": 109}
{"ts": 101475, "svc": "auth", "status": 200, "latency_ms": 110}
{"ts": 101475, "svc": "gateway", "status": 200, "latency_ms": 111}
{"ts": 101475, "svc": "payment", "status": 200, "latency_ms": 112}
{"ts": 101475, "svc": "auth", "status": 200, "latency_ms": 113}
{"ts": 101475, "svc": "gateway", "status": 500, "latency_ms": 114}
{"ts": 101475, "svc": "payment", "status": 200, "latency_ms": 115}
{"ts": 101476, "svc": "auth", "status": 200, "latency_ms": 116}
{"ts": 101476, "svc": "gateway", "status": 200, "latency_ms": 117}
{"ts": 101476, "svc": "payment", "status": 200, "latency_ms": 118}
{"ts": 101476, "svc": "auth", "status": 200, "latency_ms": 119}
{"ts": 101476, "svc": "gateway", "status": 200, "latency_ms": 120}
{"ts": 101476, "svc": "payment", "status": 200, "latency_ms": 121}
{"ts": 101477, "svc": "auth", "status": 500, "latency_ms": 122}
{"ts": 101477, "svc": "gateway", "status": 200, "latency_ms": 123}
{"ts": 101477, "svc": "payment", "status": 200, "latency_ms": 124}
{"ts": 100000, "svc": "payment", "status": 200, "latency_ms": false}
{"ts": 101477, "svc": "auth", "status": 200, "latency_ms": 125}
{"ts": 101477, "svc": "gateway", "status": 200, "latency_ms": 126}
{"ts": 101477, "svc": "payment", "status": 200, "latency_ms": 127}
{"ts": 101478, "svc": "auth", "status": 200, "latency_ms": 128}
{"ts": 101478, "svc": "gateway", "status": 200, "latency_ms": 129}
{"ts": 101478, "svc": "payment", "status": 500, "latency_ms": 130}
{"ts": 101478, "svc": "auth", "status": 200, "latency_ms": 131}
{"ts": 101478, "svc": "gateway", "status": 200, "latency_ms": 132}
{"ts": 101478, "svc": "payment", "status": 200, "latency_ms": 133}
{"ts": 101479, "svc": "auth", "status": 200, "latency_ms": 134}
{"ts": 101479, "svc": "gateway", "status": 200, "latency_ms": 135}
{"ts": 101479, "svc": "payment", "status": 200, "latency_ms": 136}
{"ts": 101479, "svc": "auth", "status": 200, "latency_ms": 137}
{"ts": 101479, "svc": "gateway", "status": 500, "latency_ms": 138}
{"ts": 101479, "svc": "payment", "status": 200, "latency_ms": 139}
{"ts": 101480, "svc": "auth", "status": 200, "latency_ms": 140}
{"ts": 101480, "svc": "gateway", "status": 200, "latency_ms": 141}
{"ts": 101480, "svc": "payment", "status": 200, "latency_ms": 142}
{"ts": 101480, "svc": "auth", "status": 200, "latency_ms": 143}
{"ts": 101480, "svc": "gateway", "status": 200, "latency_ms": 144}
{"ts": 101480, "svc": "payment", "status": 200, "latency_ms": 145}
{"ts": 101481, "svc": "auth", "status": 500, "latency_ms": 146}
{"ts": 101481, "svc": "gateway", "status": 200, "latency_ms": 147}
{"ts": 101481, "svc": "payment", "status": 200, "latency_ms": 148}
{"ts": 101481, "svc": "auth", "status": 200, "latency_ms": 149}
{"ts": 101481, "svc": "gateway", "status": 200, "latency_ms": 100}
   
{"ts": 101481, "svc": "payment", "status": 200, "latency_ms": 101}
{"ts": 101482, "svc": "auth", "status": 200, "latency_ms": 102}
{"ts": 101482, "svc": "gateway", "status": 200, "latency_ms": 103}
{"ts": 101482, "svc": "payment", "status": 500, "latency_ms": 104}
{"ts": 101482, "svc": "auth", "status": 200, "latency_ms": 105}
{"ts": 101482, "svc": "gateway", "status": 200, "latency_ms": 106}
{"ts": 101482, "svc": "payment", "status": 200, "latency_ms": 107}
{"ts": 101483, "svc": "auth", "status": 200, "latency_ms": 108}
{"ts": 101483, "svc": "gateway", "status": 200, "latency_ms": 109}
{"ts": 101483, "svc": "payment", "status": 200, "latency_ms": 110}
{"ts": 101483, "svc": "auth", "status": 200, "latency_ms": 111}
definitely not json {{
{"ts": 101483, "svc": "gateway", "status": 500, "latency_ms": 112}
{"ts": 101483, "svc": "payment", "status": 200, "latency_ms": 113}
{"ts": 101484, "svc": "auth", "status": 200, "latency_ms": 114}
{"ts": 101484, "svc": "gateway", "status": 200, "latency_ms": 115}
{"ts": 101484, "svc": "payment", "status": 200, "latency_ms": 116}
{"ts": 101484, "svc": "auth", "status": 200, "latency_ms": 117}
{"ts": 101484, "svc": "gateway", "status": 200, "latency_ms": 118}
{"ts": 101484, "svc": "payment", "status": 200, "latency_ms": 119}
{"ts": 101485, "svc": "auth", "status": 500, "latency_ms": 120}
{"ts": 101485, "svc": "gateway", "status": 200, "latency_ms": 121}
{"ts": 101485, "svc": "payment", "status": 200, "latency_ms": 122}
{"ts": 101485, "svc": "auth", "status": 200, "latency_ms": 123}
{"ts": 101485, "svc": "gateway", "status": 200, "latency_ms": 124}
{"ts": 101485, "svc": "payment", "status": 200, "latency_ms": 125}
{"ts": 101486, "svc": "auth", "status": 200, "latency_ms": 126}
{"ts": 101486, "svc": "gateway", "status": 200, "latency_ms": 127}
{"ts": 101486, "svc": "payment", "status": 500, "latency_ms": 128}
{"ts": 101486, "svc": "auth", "status": 200, "latency_ms": 129}
{"ts": 101486, "svc": "gateway", "status": 200, "latency_ms": 130}
{"ts": 101486, "svc": "payment", "status": 200, "latency_ms": 131}
{"ts": 101487, "svc": "auth", "status": 200, "latency_ms": 132}
{"ts": 101487, "svc": "gateway", "status": 200, "latency_ms": 133}
{"ts": 101487, "svc": "payment", "status": 200, "latency_ms": 134}
{"ts": 101487, "svc": "auth", "status": 200, "latency_ms": 135}
{"ts": 101487, "svc": "gateway", "status": 500, "latency_ms": 136}
{"ts": 101487, "svc": "payment", "status": 200, "latency_ms": 137}
{"ts": 101488, "svc": "auth", "status": 200, "latency_ms": 138}
{"ts": 101488, "svc": "gateway", "status": 200, "latency_ms": 139}
{"ts": 101488, "svc": "payment", "status": 200, "latency_ms": 140}
{"ts": 101488, "svc": "auth", "status": 200, "latency_ms": 141}
{"ts": 101488, "svc": "gateway", "status": 200, "latency_ms": 142}
{"ts": 101488, "svc": "payment", "status": 200, "latency_ms": 143}
{"ts": 101489, "svc": "auth", "status": 500, "latency_ms": 144}
{"ts": 101489, "svc": "gateway", "status": 200, "latency_ms": 145}
{"ts": 101489, "svc": "payment", "status": 200, "latency_ms": 146}
{"ts": 101489, "svc": "auth", "status": 200, "latency_ms": 147}
{"ts": 101489, "svc": "gateway", "status": 200, "latency_ms": 148}
{"ts": 100000, "svc": "auth", "status": 200}
{"ts": 101489, "svc": "payment", "status": 200, "latency_ms": 149}
{"ts": 101490, "svc": "auth", "status": 200, "latency_ms": 100}
   
{"ts": 101490, "svc": "gateway", "status": 200, "latency_ms": 101}
{"ts": 101490, "svc": "payment", "status": 500, "latency_ms": 102}
{"ts": 101490, "svc": "auth", "status": 200, "latency_ms": 103}
{"ts": 101490, "svc": "gateway", "status": 200, "latency_ms": 104}
{"ts": 101490, "svc": "payment", "status": 200, "latency_ms": 105}
{"ts": 101491, "svc": "auth", "status": 200, "latency_ms": 106}
{"ts": 101491, "svc": "gateway", "status": 200, "latency_ms": 107}
{"ts": 101491, "svc": "payment", "status": 200, "latency_ms": 108}
{"ts": 101491, "svc": "auth", "status": 200, "latency_ms": 109}
{"ts": 101491, "svc": "gateway", "status": 500, "latency_ms": 110}
{"ts": 101491, "svc": "payment", "status": 200, "latency_ms": 111}
{"ts": 101492, "svc": "auth", "status": 200, "latency_ms": 112}
{"ts": 101492, "svc": "gateway", "status": 200, "latency_ms": 113}
{"ts": 101492, "svc": "payment", "status": 200, "latency_ms": 114}
{"ts": 101492, "svc": "auth", "status": 200, "latency_ms": 115}
{"ts": 101492, "svc": "gateway", "status": 200, "latency_ms": 116}
{"ts": 101492, "svc": "payment", "status": 200, "latency_ms": 117}
{"ts": 101493, "svc": "auth", "status": 500, "latency_ms": 118}
{"ts": 101493, "svc": "gateway", "status": 200, "latency_ms": 119}
{"ts": 101493, "svc": "payment", "status": 200, "latency_ms": 120}
{"ts": 101493, "svc": "auth", "status": 200, "latency_ms": 121}
{"ts": 101493, "svc": "gateway", "status": 200, "latency_ms": 122}
{"ts": 101493, "svc": "payment", "status": 200, "latency_ms": 123}
{"ts": 101494, "svc": "auth", "status": 200, "latency_ms": 124}
{"ts": 101494, "svc": "gateway", "status": 200, "latency_ms": 125}
{"ts": 101494, "svc": "payment", "status": 500, "latency_ms": 126}
{"ts": 101494, "svc": "auth", "status": 200, "latency_ms": 127}
{"ts": 101494, "svc": "gateway", "status": 200, "latency_ms": 128}
{"ts": 101494, "svc": "payment", "status": 200, "latency_ms": 129}
{"ts": 101495, "svc": "auth", "status": 200, "latency_ms": 130}
{"ts": 101495, "svc": "gateway", "status": 200, "latency_ms": 131}
{"ts": 101495, "svc": "payment", "status": 200, "latency_ms": 132}
{"ts": 101495, "svc": "auth", "status": 200, "latency_ms": 133}
{"ts": 101495, "svc": "gateway", "status": 500, "latency_ms": 134}
{"ts": 101495, "svc": "payment", "status": 200, "latency_ms": 135}
{"ts": 100000, "svc": "auth", "status": 200, "latency_ms": 100, "x": 1}
{"ts": 101496, "svc": "auth", "status": 200, "latency_ms": 136}
{"ts": 101496, "svc": "gateway", "status": 200, "latency_ms": 137}
{"ts": 101496, "svc": "payment", "status": 200, "latency_ms": 138}
{"ts": 101496, "svc": "auth", "status": 200, "latency_ms": 139}
{"ts": 101496, "svc": "gateway", "status": 200, "latency_ms": 140}
{"ts": 101496, "svc": "payment", "status": 200, "latency_ms": 141}
{"ts": 101497, "svc": "auth", "status": 500, "latency_ms": 142}
{"ts": 101497, "svc": "gateway", "status": 200, "latency_ms": 143}
{"ts": 101497, "svc": "payment", "status": 200, "latency_ms": 144}
{"ts": 101497, "svc": "auth", "status": 200, "latency_ms": 145}
{"ts": 101497, "svc": "gateway", "status": 200, "latency_ms": 146}
{"ts": 101497, "svc": "payment", "status": 200, "latency_ms": 147}
{"ts": 101498, "svc": "auth", "status": 200, "latency_ms": 148}
{"ts": 101498, "svc": "gateway", "status": 200, "latency_ms": 149}
{"ts": 101498, "svc": "payment", "status": 500, "latency_ms": 100}
   
{"ts": 101498, "svc": "auth", "status": 200, "latency_ms": 101}
{"ts": 101498, "svc": "gateway", "status": 200, "latency_ms": 102}
{"ts": 101498, "svc": "payment", "status": 200, "latency_ms": 103}
{"ts": 101499, "svc": "auth", "status": 200, "latency_ms": 104}
{"ts": 101499, "svc": "gateway", "status": 200, "latency_ms": 105}
{"ts": 101499, "svc": "payment", "status": 200, "latency_ms": 106}
{"ts": 101499, "svc": "auth", "status": 200, "latency_ms": 107}
{"ts": 101499, "svc": "gateway", "status": 500, "latency_ms": 108}
{"ts": 101499, "svc": "payment", "status": 200, "latency_ms": 109}
{"ts": 101500, "svc": "auth", "status": 200, "latency_ms": 110}
{"ts": 101500, "svc": "gateway", "status": 200, "latency_ms": 111}
{"ts": 101500, "svc": "payment", "status": 200, "latency_ms": 112}
{"ts": 101500, "svc": "auth", "status": 200, "latency_ms": 113}
{"ts": 101500, "svc": "gateway", "status": 200, "latency_ms": 114}
{"ts": 101500, "svc": "payment", "status": 200, "latency_ms": 115}
{"ts": 101501, "svc": "auth", "status": 500, "latency_ms": 116}
{"ts": 101501, "svc": "gateway", "status": 200, "latency_ms": 117}
{"ts": 101501, "svc": "payment", "status": 200, "latency_ms": 118}
{"ts": 101501, "svc": "auth", "status": 200, "latency_ms": 119}
{"ts": 101501, "svc": "gateway", "status": 200, "latency_ms": 120}
{"ts": 101501, "svc": "payment", "status": 200, "latency_ms": 121}
{"ts": 101502, "svc": "auth", "status": 200, "latency_ms": 122}
{"ts": 100000, "svc": "gateway", "status": 200.0, "latency_ms": 100}
{"ts": 101502, "svc": "gateway", "status": 200, "latency_ms": 123}
{"ts": 101502, "svc": "payment", "status": 500, "latency_ms": 124}
{"ts": 101502, "svc": "auth", "status": 200, "latency_ms": 125}
{"ts": 101502, "svc": "gateway", "status": 200, "latency_ms": 126}
{"ts": 101502, "svc": "payment", "status": 200, "latency_ms": 127}
{"ts": 101503, "svc": "auth", "status": 200, "latency_ms": 128}
{"ts": 101503, "svc": "gateway", "status": 200, "latency_ms": 129}
{"ts": 101503, "svc": "payment", "status": 200, "latency_ms": 130}
{"ts": 101503, "svc": "auth", "status": 200, "latency_ms": 131}
{"ts": 101503, "svc": "gateway", "status": 500, "latency_ms": 132}
{"ts": 101503, "svc": "payment", "status": 200, "latency_ms": 133}
{"ts": 101504, "svc": "auth", "status": 200, "latency_ms": 134}
{"ts": 101504, "svc": "gateway", "status": 200, "latency_ms": 135}
{"ts": 101504, "svc": "payment", "status": 200, "latency_ms": 136}
{"ts": 101504, "svc": "auth", "status": 200, "latency_ms": 137}
{"ts": 101504, "svc": "gateway", "status": 200, "latency_ms": 138}
{"ts": 101504, "svc": "payment", "status": 200, "latency_ms": 139}
{"ts": 101505, "svc": "auth", "status": 500, "latency_ms": 140}
{"ts": 101505, "svc": "gateway", "status": 200, "latency_ms": 141}
{"ts": 101505, "svc": "payment", "status": 200, "latency_ms": 142}
{"ts": 101505, "svc": "auth", "status": 200, "latency_ms": 143}
{"ts": 101505, "svc": "gateway", "status": 200, "latency_ms": 144}
{"ts": 101505, "svc": "payment", "status": 200, "latency_ms": 145}
{"ts": 101506, "svc": "auth", "status": 200, "latency_ms": 146}
{"ts": 101506, "svc": "gateway", "status": 200, "latency_ms": 147}
{"ts": 101506, "svc": "payment", "status": 500, "latency_ms": 148}
{"ts": 101506, "svc": "auth", "status": 200, "latency_ms": 149}
{"ts": 101506, "svc": "gateway", "status": 200, "latency_ms": 100}
   
{"ts": 101506, "svc": "payment", "status": 200, "latency_ms": 101}
{"ts": 101507, "svc": "auth", "status": 200, "latency_ms": 102}
{"ts": 101507, "svc": "gateway", "status": 200, "latency_ms": 103}
{"ts": 101507, "svc": "payment", "status": 200, "latency_ms": 104}
{"ts": 101507, "svc": "auth", "status": 200, "latency_ms": 105}
{"ts": 101507, "svc": "gateway", "status": 500, "latency_ms": 106}
{"ts": 101507, "svc": "payment", "status": 200, "latency_ms": 107}
{"ts": 101508, "svc": "auth", "status": 200, "latency_ms": 108}
{"ts": 101508, "svc": "gateway", "status": 200, "latency_ms": 109}
{"ts": true, "svc": "payment", "status": 200, "latency_ms": 100}
{"ts": 101508, "svc": "payment", "status": 200, "latency_ms": 110}
{"ts": 101508, "svc": "auth", "status": 200, "latency_ms": 111}
{"ts": 101508, "svc": "gateway", "status": 200, "latency_ms": 112}
{"ts": 101508, "svc": "payment", "status": 200, "latency_ms": 113}
{"ts": 101509, "svc": "auth", "status": 500, "latency_ms": 114}
{"ts": 101509, "svc": "gateway", "status": 200, "latency_ms": 115}
{"ts": 101509, "svc": "payment", "status": 200, "latency_ms": 116}
{"ts": 101509, "svc": "auth", "status": 200, "latency_ms": 117}
{"ts": 101509, "svc": "gateway", "status": 200, "latency_ms": 118}
{"ts": 101509, "svc": "payment", "status": 200, "latency_ms": 119}
{"ts": 101510, "svc": "auth", "status": 200, "latency_ms": 120}
{"ts": 101510, "svc": "gateway", "status": 200, "latency_ms": 121}
{"ts": 101510, "svc": "payment", "status": 500, "latency_ms": 122}
{"ts": 101510, "svc": "auth", "status": 200, "latency_ms": 123}
{"ts": 101510, "svc": "gateway", "status": 200, "latency_ms": 124}
{"ts": 101510, "svc": "payment", "status": 200, "latency_ms": 125}
{"ts": 101511, "svc": "auth", "status": 200, "latency_ms": 126}
{"ts": 101511, "svc": "gateway", "status": 200, "latency_ms": 127}
{"ts": 101511, "svc": "payment", "status": 200, "latency_ms": 128}
{"ts": 101511, "svc": "auth", "status": 200, "latency_ms": 129}
{"ts": 101511, "svc": "gateway", "status": 500, "latency_ms": 130}
{"ts": 101511, "svc": "payment", "status": 200, "latency_ms": 131}
{"ts": 101512, "svc": "auth", "status": 200, "latency_ms": 132}
{"ts": 101512, "svc": "gateway", "status": 200, "latency_ms": 133}
{"ts": 101512, "svc": "payment", "status": 200, "latency_ms": 134}
{"ts": 101512, "svc": "auth", "status": 200, "latency_ms": 135}
{"ts": 101512, "svc": "gateway", "status": 200, "latency_ms": 136}
{"ts": 101512, "svc": "payment", "status": 200, "latency_ms": 137}
{"ts": 101513, "svc": "auth", "status": 500, "latency_ms": 138}
{"ts": 101513, "svc": "gateway", "status": 200, "latency_ms": 139}
{"ts": 101513, "svc": "payment", "status": 200, "latency_ms": 140}
{"ts": 101513, "svc": "auth", "status": 200, "latency_ms": 141}
{"ts": 101513, "svc": "gateway", "status": 200, "latency_ms": 142}
{"ts": 101513, "svc": "payment", "status": 200, "latency_ms": 143}
{"ts": 101514, "svc": "auth", "status": 200, "latency_ms": 144}
{"ts": 101514, "svc": "gateway", "status": 200, "latency_ms": 145}
{"ts": 101514, "svc": "payment", "status": 500, "latency_ms": 146}
{"ts": 100000, "svc": "auth", "status": 99, "latency_ms": 100}
{"ts": 101514, "svc": "auth", "status": 200, "latency_ms": 147}
{"ts": 101514, "svc": "gateway", "status": 200, "latency_ms": 148}
{"ts": 101514, "svc": "payment", "status": 200, "latency_ms": 149}
{"ts": 101474, "svc": "auth", "status": 500, "latency_ms": 100}
{"ts": 101484, "svc": "auth", "status": 200, "latency_ms": 100}
{"ts": 101525, "svc": "gateway", "status": 500, "latency_ms": 100}
   
{"ts": 100000, "svc": "gateway", "status": 200, "latency_ms": 1001}
{"ts": 101525, "svc": "payment", "status": 200, "latency_ms": 101}
{"ts": 101525, "svc": "auth", "status": 200, "latency_ms": 102}
{"ts": 101525, "svc": "gateway", "status": 200, "latency_ms": 103}
{"ts": 101525, "svc": "payment", "status": 200, "latency_ms": 104}
{"ts": 101525, "svc": "auth", "status": 200, "latency_ms": 105}
{"ts": 101526, "svc": "gateway", "status": 200, "latency_ms": 106}
{"ts": 101526, "svc": "payment", "status": 200, "latency_ms": 107}
{"ts": 101526, "svc": "auth", "status": 500, "latency_ms": 108}
{"ts": 101526, "svc": "gateway", "status": 200, "latency_ms": 109}
{"ts": 101526, "svc": "payment", "status": 200, "latency_ms": 110}
{"ts": 101526, "svc": "auth", "status": 200, "latency_ms": 111}
{"ts": 101527, "svc": "gateway", "status": 200, "latency_ms": 112}
{"ts": 101527, "svc": "payment", "status": 200, "latency_ms": 113}
{"ts": 101527, "svc": "auth", "status": 200, "latency_ms": 114}
{"ts": 101527, "svc": "gateway", "status": 200, "latency_ms": 115}
{"ts": 101527, "svc": "payment", "status": 500, "latency_ms": 116}
{"ts": 101527, "svc": "auth", "status": 200, "latency_ms": 117}
{"ts": 101528, "svc": "gateway", "status": 200, "latency_ms": 118}
{"ts": 101528, "svc": "payment", "status": 200, "latency_ms": 119}
{"ts": 101528, "svc": "auth", "status": 200, "latency_ms": 120}
{"ts": 101528, "svc": "gateway", "status": 200, "latency_ms": 121}
{"ts": 101528, "svc": "payment", "status": 200, "latency_ms": 122}
{"ts": 101528, "svc": "auth", "status": 200, "latency_ms": 123}
{"ts": 101529, "svc": "gateway", "status": 500, "latency_ms": 124}
{"ts": 101529, "svc": "payment", "status": 200, "latency_ms": 125}
{"ts": 101529, "svc": "auth", "status": 200, "latency_ms": 126}
{"ts": 101529, "svc": "gateway", "status": 200, "latency_ms": 127}
{"ts": 101529, "svc": "payment", "status": 200, "latency_ms": 128}
{"ts": 101529, "svc": "auth", "status": 200, "latency_ms": 129}
{"ts": 101530, "svc": "gateway", "status": 200, "latency_ms": 130}
{"ts": 101530, "svc": "payment", "status": 200, "latency_ms": 131}
{"ts": 101530, "svc": "auth", "status": 500, "latency_ms": 132}
{"ts": 101530, "svc": "gateway", "status": 200, "latency_ms": 133}
{"ts": 101530, "svc": "payment", "status": 200, "latency_ms": 134}
{"ts": 101530, "svc": "auth", "status": 200, "latency_ms": 135}
{"ts": 101531, "svc": "gateway", "status": 200, "latency_ms": 136}
{"ts": 101531, "svc": "payment", "status": 200, "latency_ms": 137}
{"ts": 100000, "svc": "payment", "status": 200, "latency_ms": false}
{"ts": 101531, "svc": "auth", "status": 200, "latency_ms": 138}
{"ts": 101531, "svc": "gateway", "status": 200, "latency_ms": 139}
{"ts": 101531, "svc": "payment", "status": 500, "latency_ms": 140}
{"ts": 101531, "svc": "auth", "status": 200, "latency_ms": 141}
{"ts": 101532, "svc": "gateway", "status": 200, "latency_ms": 142}
{"ts": 101532, "svc": "payment", "status": 200, "latency_ms": 143}
{"ts": 101532, "svc": "auth", "status": 200, "latency_ms": 144}
{"ts": 101532, "svc": "gateway", "status": 200, "latency_ms": 145}
{"ts": 101532, "svc": "payment", "status": 200, "latency_ms": 146}
{"ts": 101532, "svc": "auth", "status": 200, "latency_ms": 147}
{"ts": 101533, "svc": "gateway", "status": 500, "latency_ms": 148}
{"ts": 101533, "svc": "payment", "status": 200, "latency_ms": 149}
{"ts": 101533, "svc": "auth", "status": 200, "latency_ms": 100}
   
{"ts": 101533, "svc": "gateway", "status": 200, "latency_ms": 101}
{"ts": 101533, "svc": "payment", "status": 200, "latency_ms": 102}
{"ts": 101533, "svc": "auth", "status": 200, "latency_ms": 103}
{"ts": 101534, "svc": "gateway", "status": 200, "latency_ms": 104}
{"ts": 101534, "svc": "payment", "status": 200, "latency_ms": 105}
{"ts": 101534, "svc": "auth", "status": 500, "latency_ms": 106}
{"ts": 101534, "svc": "gateway", "status": 200, "latency_ms": 107}
{"ts": 101534, "svc": "payment", "status": 200, "latency_ms": 108}
{"ts": 101534, "svc": "auth", "status": 200, "latency_ms": 109}
{"ts": 101535, "svc": "gateway", "status": 200, "latency_ms": 110}
{"ts": 101535, "svc": "payment", "status": 200, "latency_ms": 111}
{"ts": 101535, "svc": "auth", "status": 200, "latency_ms": 112}
{"ts": 101535, "svc": "gateway", "status": 200, "latency_ms": 113}
{"ts": 101535, "svc": "payment", "status": 500, "latency_ms": 114}
{"ts": 101535, "svc": "auth", "status": 200, "latency_ms": 115}
{"ts": 101536, "svc": "gateway", "status": 200, "latency_ms": 116}
{"ts": 101536, "svc": "payment", "status": 200, "latency_ms": 117}
{"ts": 101536, "svc": "auth", "status": 200, "latency_ms": 118}
{"ts": 101536, "svc": "gateway", "status": 200, "latency_ms": 119}
{"ts": 101536, "svc": "payment", "status": 200, "latency_ms": 120}
{"ts": 101536, "svc": "auth", "status": 200, "latency_ms": 121}
{"ts": 101537, "svc": "gateway", "status": 500, "latency_ms": 122}
{"ts": 101537, "svc": "payment", "status": 200, "latency_ms": 123}
{"ts": 101537, "svc": "auth", "status": 200, "latency_ms": 124}
definitely not json {{
{"ts": 101537, "svc": "gateway", "status": 200, "latency_ms": 125}
{"ts": 101537, "svc": "payment", "status": 200, "latency_ms": 126}
{"ts": 101537, "svc": "auth", "status": 200, "latency_ms": 127}
{"ts": 101538, "svc": "gateway", "status": 200, "latency_ms": 128}
{"ts": 101538, "svc": "payment", "status": 200, "latency_ms": 129}
{"ts": 101538, "svc": "auth", "status": 500, "latency_ms": 130}
{"ts": 101538, "svc": "gateway", "status": 200, "latency_ms": 131}
{"ts": 101538, "svc": "payment", "status": 200, "latency_ms": 132}
{"ts": 101538, "svc": "auth", "status": 200, "latency_ms": 133}
{"ts": 101539, "svc": "gateway", "status": 200, "latency_ms": 134}
{"ts": 101539, "svc": "payment", "status": 200, "latency_ms": 135}
{"ts": 101539, "svc": "auth", "status": 200, "latency_ms": 136}
{"ts": 101539, "svc": "gateway", "status": 200, "latency_ms": 137}
{"ts": 101539, "svc": "payment", "status": 500, "latency_ms": 138}
{"ts": 101539, "svc": "auth", "status": 200, "latency_ms": 139}
{"ts": 101540, "svc": "gateway", "status": 200, "latency_ms": 140}
{"ts": 101540, "svc": "payment", "status": 200, "latency_ms": 141}
{"ts": 101540, "svc": "auth", "status": 200, "latency_ms": 142}
{"ts": 101540, "svc": "gateway", "status": 200, "latency_ms": 143}
{"ts": 101540, "svc": "payment", "status": 200, "latency_ms": 144}
{"ts": 101540, "svc": "auth", "status": 200, "latency_ms": 145}
{"ts": 101541, "svc": "gateway", "status": 500, "latency_ms": 146}
{"ts": 101541, "svc": "payment", "status": 200, "latency_ms": 147}
{"ts": 101541, "svc": "auth", "status": 200, "latency_ms": 148}
{"ts": 101541, "svc": "gateway", "status": 200, "latency_ms": 149}
{"ts": 101541, "svc": "payment", "status": 200, "latency_ms": 100}
   
{"ts": 101541, "svc": "auth", "status": 200, "latency_ms": 101}
{"ts": 101542, "svc": "gateway", "status": 200, "latency_ms": 102}
{"ts": 101542, "svc": "payment", "status": 200, "latency_ms": 103}
{"ts": 101542, "svc": "auth", "status": 500, "latency_ms": 104}
{"ts": 101542, "svc": "gateway", "status": 200, "latency_ms": 105}
{"ts": 101542, "svc": "payment", "status": 200, "latency_ms": 106}
{"ts": 101542, "svc": "auth", "status": 200, "latency_ms": 107}
{"ts": 101543, "svc": "gateway", "status": 200, "latency_ms": 108}
{"ts": 101543, "svc": "payment", "status": 200, "latency_ms": 109}
{"ts": 101543, "svc": "auth", "status": 200, "latency_ms": 110}
{"ts": 101543, "svc": "gateway", "status": 200, "latency_ms": 111}
{"ts": 100000, "svc": "auth", "status": 200}
{"ts": 101543, "svc": "payment", "status": 500, "latency_ms": 112}
{"ts": 101543, "svc": "auth", "status": 200, "latency_ms": 113}
{"ts": 101544, "svc": "gateway", "status": 200, "latency_ms": 114}
{"ts": 101544, "svc": "payment", "status": 200, "latency_ms": 115}
{"ts": 101544, "svc": "auth", "status": 200, "latency_ms": 116}
{"ts": 101544, "svc": "gateway", "status": 200, "latency_ms": 117}
{"ts": 101544, "svc": "payment", "status": 200, "latency_ms": 118}
{"ts": 101544, "svc": "auth", "status": 200, "latency_ms": 119}
{"ts": 101545, "svc": "gateway", "status": 500, "latency_ms": 120}
{"ts": 101545, "svc": "payment", "status": 200, "latency_ms": 121}
{"ts": 101545, "svc": "auth", "status": 200, "latency_ms": 122}
{"ts": 101545, "svc": "gateway", "status": 200, "latency_ms": 123}
{"ts": 101545, "svc": "payment", "status": 200, "latency_ms": 124}
{"ts": 101545, "svc": "auth", "status": 200, "latency_ms": 125}
{"ts": 101546, "svc": "gateway", "status": 200, "latency_ms": 126}
{"ts": 101546, "svc": "payment", "status": 200, "latency_ms": 127}
{"ts": 101546, "svc": "auth", "status": 500, "latency_ms": 128}
{"ts": 101546, "svc": "gateway", "status": 200, "latency_ms": 129}
{"ts": 101546, "svc": "payment", "status": 200, "latency_ms": 130}
{"ts": 101546, "svc": "auth", "status": 200, "latency_ms": 131}
{"ts": 101547, "svc": "gateway", "status": 200, "latency_ms": 132}
{"ts": 101547, "svc": "payment", "status": 200, "latency_ms": 133}
{"ts": 101547, "svc": "auth", "status": 200, "latency_ms": 134}
{"ts": 101547, "svc": "gateway", "status": 200, "latency_ms": 135}
{"ts": 101547, "svc": "payment", "status": 500, "latency_ms": 136}
{"ts": 101547, "svc": "auth", "status": 200, "latency_ms": 137}
{"ts": 101548, "svc": "gateway", "status": 200, "latency_ms": 138}
{"ts": 101548, "svc": "payment", "status": 200, "latency_ms": 139}
{"ts": 101548, "svc": "auth", "status": 200, "latency_ms": 140}
{"ts": 101548, "svc": "gateway", "status": 200, "latency_ms": 141}
{"ts": 101548, "svc": "payment", "status": 200, "latency_ms": 142}
{"ts": 101548, "svc": "auth", "status": 200, "latency_ms": 143}
{"ts": 101549, "svc": "gateway", "status": 500, "latency_ms": 144}
{"ts": 101549, "svc": "payment", "status": 200, "latency_ms": 145}
{"ts": 101549, "svc": "auth", "status": 200, "latency_ms": 146}
{"ts": 101549, "svc": "gateway", "status": 200, "latency_ms": 147}
{"ts": 101549, "svc": "payment", "status": 200, "latency_ms": 148}
{"ts": 100000, "svc": "auth", "status": 200, "latency_ms": 100, "x": 1}
{"ts": 101549, "svc": "auth", "status": 200, "latency_ms": 149}
{"ts": 101550, "svc": "gateway", "status": 200, "latency_ms": 100}
   
{"ts": 101550, "svc": "payment", "status": 200, "latency_ms": 101}
{"ts": 101550, "svc": "auth", "status": 500, "latency_ms": 102}
{"ts": 101550, "svc": "gateway", "status": 200, "latency_ms": 103}
{"ts": 101550, "svc": "payment", "status": 200, "latency_ms": 104}
{"ts": 101550, "svc": "auth", "status": 200, "latency_ms": 105}
{"ts": 101551, "svc": "gateway", "status": 200, "latency_ms": 106}
{"ts": 101551, "svc": "payment", "status": 200, "latency_ms": 107}
{"ts": 101551, "svc": "auth", "status": 200, "latency_ms": 108}
{"ts": 101551, "svc": "gateway", "status": 200, "latency_ms": 109}
{"ts": 101551, "svc": "payment", "status": 500, "latency_ms": 110}
{"ts": 101551, "svc": "auth", "status": 200, "latency_ms": 111}
{"ts": 101552, "svc": "gateway", "status": 200, "latency_ms": 112}
{"ts": 101552, "svc": "payment", "status": 200, "latency_ms": 113}
{"ts": 101552, "svc": "auth", "status": 200, "latency_ms": 114}
{"ts": 101552, "svc": "gateway", "status": 200, "latency_ms": 115}
{"ts": 101552, "svc": "payment", "status": 200, "latency_ms": 116}
{"ts": 101552, "svc": "auth", "status": 200, "latency_ms": 117}
{"ts": 101553, "svc": "gateway", "status": 500, "latency_ms": 118}
{"ts": 101553, "svc": "payment", "status": 200, "latency_ms": 119}
{"ts": 101553, "svc": "auth", "status": 200, "latency_ms": 120}
{"ts": 101553, "svc": "gateway", "status": 200, "latency_ms": 121}
{"ts": 101553, "svc": "payment", "status": 200, "latency_ms": 122}
{"ts": 101553, "svc": "auth", "status": 200, "latency_ms": 123}
{"ts": 101554, "svc": "gateway", "status": 200, "latency_ms": 124}
{"ts": 101554, "svc": "payment", "status": 200, "latency_ms": 125}
{"ts": 101554, "svc": "auth", "status": 500, "latency_ms": 126}
{"ts": 101554, "svc": "gateway", "status": 200, "latency_ms": 127}
{"ts": 101554, "svc": "payment", "status": 200, "latency_ms": 128}
{"ts": 101554, "svc": "auth", "status": 200, "latency_ms": 129}
{"ts": 101555, "svc": "gateway", "status": 200, "latency_ms": 130}
{"ts": 101555, "svc": "payment", "status": 200, "latency_ms": 131}
{"ts": 101555, "svc": "auth", "status": 200, "latency_ms": 132}
{"ts": 101555, "svc": "gateway", "status": 200, "latency_ms": 133}
{"ts": 101555, "svc": "payment", "status": 500, "latency_ms": 134}
{"ts": 101555, "svc": "auth", "status": 200, "latency_ms": 135}
{"ts": 100000, "svc": "gateway", "status": 200.0, "latency_ms": 100}
{"ts": 101556, "svc": "gateway", "status": 200, "latency_ms": 136}
{"ts": 101556, "svc": "payment", "status": 200, "latency_ms": 137}
{"ts": 101556, "svc": "auth", "status": 200, "latency_ms": 138}
{"ts": 101556, "svc": "gateway", "status": 200, "latency_ms": 139}
{"ts": 101556, "svc": "payment", "status": 200, "latency_ms": 140}
{"ts": 101556, "svc": "auth", "status": 200, "latency_ms": 141}
{"ts": 101557, "svc": "gateway", "status": 500, "latency_ms": 142}
{"ts": 101557, "svc": "payment", "status": 200, "latency_ms": 143}
{"ts": 101557, "svc": "auth", "status": 200, "latency_ms": 144}
{"ts": 101557, "svc": "gateway", "status": 200, "latency_ms": 145}
{"ts": 101557, "svc": "payment", "status": 200, "latency_ms": 146}
{"ts": 101557, "svc": "auth", "status": 200, "latency_ms": 147}
{"ts": 101558, "svc": "gateway", "status": 200, "latency_ms": 148}
{"ts": 101558, "svc": "payment", "status": 200, "latency_ms": 149}
{"ts": 101558, "svc": "auth", "status": 500, "latency_ms": 100}
   
{"ts": 101558, "svc": "gateway", "status": 200, "latency_ms": 101}
{"ts": 101558, "svc": "payment", "status": 200, "latency_ms": 102}
{"ts": 101558, "svc": "auth", "status": 200, "latency_ms": 103}
{"ts": 101559, "svc": "gateway", "status": 200, "latency_ms": 104}
{"ts": 101559, "svc": "payment", "status": 200, "latency_ms": 105}
{"ts": 101559, "svc": "auth", "status": 200, "latency_ms": 106}
{"ts": 101559, "svc": "gateway", "status": 200, "latency_ms": 107}
{"ts": 101559, "svc": "payment", "status": 500, "latency_ms": 108}
{"ts": 101559, "svc": "auth", "status": 200, "latency_ms": 109}
{"ts": 101560, "svc": "gateway", "status": 200, "latency_ms": 110}
{"ts": 101560, "svc": "payment", "status": 200, "latency_ms": 111}
{"ts": 101560, "svc": "auth", "status": 200, "latency_ms": 112}
{"ts": 101560, "svc": "gateway", "status": 200, "latency_ms": 113}
{"ts": 101560, "svc": "payment", "status": 200, "latency_ms": 114}
{"ts": 101560, "svc": "auth", "status": 200, "latency_ms": 115}
{"ts": 101561, "svc": "gateway", "status": 500, "latency_ms": 116}
{"ts": 101561, "svc": "payment", "status": 200, "latency_ms": 117}
{"ts": 101561, "svc": "auth", "status": 200, "latency_ms": 118}
{"ts": 101561, "svc": "gateway", "status": 200, "latency_ms": 119}
{"ts": 101561, "svc": "payment", "status": 200, "latency_ms": 120}
{"ts": 101561, "svc": "auth", "status": 200, "latency_ms": 121}
{"ts": 101562, "svc": "gateway", "status": 200, "latency_ms": 122}
{"ts": true, "svc": "payment", "status": 200, "latency_ms": 100}
{"ts": 101562, "svc": "payment", "status": 200, "latency_ms": 123}
{"ts": 101562, "svc": "auth", "status": 500, "latency_ms": 124}
{"ts": 101562, "svc": "gateway", "status": 200, "latency_ms": 125}
{"ts": 101562, "svc": "payment", "status": 200, "latency_ms": 126}
{"ts": 101562, "svc": "auth", "status": 200, "latency_ms": 127}
{"ts": 101563, "svc": "gateway", "status": 200, "latency_ms": 128}
{"ts": 101563, "svc": "payment", "status": 200, "latency_ms": 129}
{"ts": 101563, "svc": "auth", "status": 200, "latency_ms": 130}
{"ts": 101563, "svc": "gateway", "status": 200, "latency_ms": 131}
{"ts": 101563, "svc": "payment", "status": 500, "latency_ms": 132}
{"ts": 101563, "svc": "auth", "status": 200, "latency_ms": 133}
{"ts": 101564, "svc": "gateway", "status": 200, "latency_ms": 134}
{"ts": 101564, "svc": "payment", "status": 200, "latency_ms": 135}
{"ts": 101564, "svc": "auth", "status": 200, "latency_ms": 136}
{"ts": 101564, "svc": "gateway", "status": 200, "latency_ms": 137}
{"ts": 101564, "svc": "payment", "status": 200, "latency_ms": 138}
{"ts": 101564, "svc": "auth", "status": 200, "latency_ms": 139}
{"ts": 101565, "svc": "gateway", "status": 500, "latency_ms": 140}
{"ts": 101565, "svc": "payment", "status": 200, "latency_ms": 141}
{"ts": 101565, "svc": "auth", "status": 200, "latency_ms": 142}
{"ts": 101565, "svc": "gateway", "status": 200, "latency_ms": 143}
{"ts": 101565, "svc": "payment", "status": 200, "latency_ms": 144}
{"ts": 101565, "svc": "auth", "status": 200, "latency_ms": 145}
{"ts": 101566, "svc": "gateway", "status": 200, "latency_ms": 146}
{"ts": 101566, "svc": "payment", "status": 200, "latency_ms": 147}
{"ts": 101566, "svc": "auth", "status": 500, "latency_ms": 148}
{"ts": 101566, "svc": "gateway", "status": 200, "latency_ms": 149}
{"ts": 101566, "svc": "payment", "status": 200, "latency_ms": 100}
   
{"ts": 101566, "svc": "auth", "status": 200, "latency_ms": 101}
{"ts": 101567, "svc": "gateway", "status": 200, "latency_ms": 102}
{"ts": 101567, "svc": "payment", "status": 200, "latency_ms": 103}
{"ts": 101567, "svc": "auth", "status": 200, "latency_ms": 104}
{"ts": 101567, "svc": "gateway", "status": 200, "latency_ms": 105}
{"ts": 101567, "svc": "payment", "status": 500, "latency_ms": 106}
{"ts": 101567, "svc": "auth", "status": 200, "latency_ms": 107}
{"ts": 101568, "svc": "gateway", "status": 200, "latency_ms": 108}
{"ts": 101568, "svc": "payment", "status": 200, "latency_ms": 109}
{"ts": 100000, "svc": "auth", "status": 99, "latency_ms": 100}
{"ts": 101568, "svc": "auth", "status": 200, "latency_ms": 110}
{"ts": 101568, "svc": "gateway", "status": 200, "latency_ms": 111}
{"ts": 101568, "svc": "payment", "status": 200, "latency_ms": 112}
{"ts": 101568, "svc": "auth", "status": 200, "latency_ms": 113}
{"ts": 101569, "svc": "gateway", "status": 500, "latency_ms": 114}
{"ts": 101569, "svc": "payment", "status": 200, "latency_ms": 115}
{"ts": 101569, "svc": "auth", "status": 200, "latency_ms": 116}
{"ts": 101569, "svc": "gateway", "status": 200, "latency_ms": 117}
{"ts": 101569, "svc": "payment", "status": 200, "latency_ms": 118}
{"ts": 101569, "svc": "auth", "status": 200, "latency_ms": 119}
{"ts": 101570, "svc": "gateway", "status": 200, "latency_ms": 120}
{"ts": 101570, "svc": "payment", "status": 200, "latency_ms": 121}
{"ts": 101570, "svc": "auth", "status": 500, "latency_ms": 122}
{"ts": 101570, "svc": "gateway", "status": 200, "latency_ms": 123}
{"ts": 101570, "svc": "payment", "status": 200, "latency_ms": 124}
{"ts": 101570, "svc": "auth", "status": 200, "latency_ms": 125}
{"ts": 101571, "svc": "gateway", "status": 200, "latency_ms": 126}
{"ts": 101571, "svc": "payment", "status": 200, "latency_ms": 127}
{"ts": 101571, "svc": "auth", "status": 200, "latency_ms": 128}
{"ts": 101571, "svc": "gateway", "status": 200, "latency_ms": 129}
{"ts": 101571, "svc": "payment", "status": 500, "latency_ms": 130}
{"ts": 101571, "svc": "auth", "status": 200, "latency_ms": 131}
{"ts": 101572, "svc": "gateway", "status": 200, "latency_ms": 132}
{"ts": 101572, "svc": "payment", "status": 200, "latency_ms": 133}
{"ts": 101572, "svc": "auth", "status": 200, "latency_ms": 134}
{"ts": 101572, "svc": "gateway", "status": 200, "latency_ms": 135}
{"ts": 101572, "svc": "payment", "status": 200, "latency_ms": 136}
{"ts": 101572, "svc": "auth", "status": 200, "latency_ms": 137}
{"ts": 101573, "svc": "gateway", "status": 500, "latency_ms": 138}
{"ts": 101573, "svc": "payment", "status": 200, "latency_ms": 139}
{"ts": 101573, "svc": "auth", "status": 200, "latency_ms": 140}
{"ts": 101573, "svc": "gateway", "status": 200, "latency_ms": 141}
{"ts": 101573, "svc": "payment", "status": 200, "latency_ms": 142}
{"ts": 101573, "svc": "auth", "status": 200, "latency_ms": 143}
{"ts": 101574, "svc": "gateway", "status": 200, "latency_ms": 144}
{"ts": 101574, "svc": "payment", "status": 200, "latency_ms": 145}
{"ts": 101574, "svc": "auth", "status": 500, "latency_ms": 146}
{"ts": 100000, "svc": "billing", "status": 200, "latency_ms": 100}
{"ts": 101574, "svc": "gateway", "status": 200, "latency_ms": 147}
{"ts": 101574, "svc": "payment", "status": 200, "latency_ms": 148}
{"ts": 101574, "svc": "auth", "status": 200, "latency_ms": 149}
{"ts": 101534, "svc": "gateway", "status": 500, "latency_ms": 100}
{"ts": 101544, "svc": "gateway", "status": 200, "latency_ms": 100}
{"ts": 101585, "svc": "payment", "status": 500, "latency_ms": 100}
   
{"ts": 100000, "svc": "payment", "status": 200, "latency_ms": false}
{"ts": 101585, "svc": "auth", "status": 200, "latency_ms": 101}
{"ts": 101585, "svc": "gateway", "status": 200, "latency_ms": 102}
{"ts": 101585, "svc": "payment", "status": 200, "latency_ms": 103}
{"ts": 101585, "svc": "auth", "status": 200, "latency_ms": 104}
{"ts": 101585, "svc": "gateway", "status": 200, "latency_ms": 105}
{"ts": 101586, "svc": "payment", "status": 200, "latency_ms": 106}
{"ts": 101586, "svc": "auth", "status": 200, "latency_ms": 107}
{"ts": 101586, "svc": "gateway", "status": 500, "latency_ms": 108}
{"ts": 101586, "svc": "payment", "status": 200, "latency_ms": 109}
{"ts": 101586, "svc": "auth", "status": 200, "latency_ms": 110}
{"ts": 101586, "svc": "gateway", "status": 200, "latency_ms": 111}
{"ts": 101587, "svc": "payment", "status": 200, "latency_ms": 112}
{"ts": 101587, "svc": "auth", "status": 200, "latency_ms": 113}
{"ts": 101587, "svc": "gateway", "status": 200, "latency_ms": 114}
{"ts": 101587, "svc": "payment", "status": 200, "latency_ms": 115}
{"ts": 101587, "svc": "auth", "status": 500, "latency_ms": 116}
{"ts": 101587, "svc": "gateway", "status": 200, "latency_ms": 117}
{"ts": 101588, "svc": "payment", "status": 200, "latency_ms": 118}
{"ts": 101588, "svc": "auth", "status": 200, "latency_ms": 119}
{"ts": 101588, "svc": "gateway", "status": 200, "latency_ms": 120}
{"ts": 101588, "svc": "payment", "status": 200, "latency_ms": 121}
{"ts": 101588, "svc": "auth", "status": 200, "latency_ms": 122}
{"ts": 101588, "svc": "gateway", "status": 200, "latency_ms": 123}
{"ts": 101589, "svc": "payment", "status": 500, "latency_ms": 124}
{"ts": 101589, "svc": "auth", "status": 200, "latency_ms": 125}
{"ts": 101589, "svc": "gateway", "status": 200, "latency_ms": 126}
{"ts": 101589, "svc": "payment", "status": 200, "latency_ms": 127}
{"ts": 101589, "svc": "auth", "status": 200, "latency_ms": 128}
{"ts": 101589, "svc": "gateway", "status": 200, "latency_ms": 129}
{"ts": 101590, "svc": "payment", "status": 200, "latency_ms": 130}
{"ts": 101590, "svc": "auth", "status": 200, "latency_ms": 131}
{"ts": 101590, "svc": "gateway", "status": 500, "latency_ms": 132}
{"ts": 101590, "svc": "payment", "status": 200, "latency_ms": 133}
{"ts": 101590, "svc": "auth", "status": 200, "latency_ms": 134}
{"ts": 101590, "svc": "gateway", "status": 200, "latency_ms": 135}
{"ts": 101591, "svc": "payment", "status": 200, "latency_ms": 136}
{"ts": 101591, "svc": "auth", "status": 200, "latency_ms": 137}
definitely not json {{
{"ts": 101591, "svc": "gateway", "status": 200, "latency_ms": 138}
{"ts": 101591, "svc": "payment", "status": 200, "latency_ms": 139}
{"ts": 101591, "svc": "auth", "status": 500, "latency_ms": 140}
{"ts": 101591, "svc": "gateway", "status": 200, "latency_ms": 141}
{"ts": 101592, "svc": "payment", "status": 200, "latency_ms": 142}
{"ts": 101592, "svc": "auth", "status": 200, "latency_ms": 143}
{"ts": 101592, "svc": "gateway", "status": 200, "latency_ms": 144}
{"ts": 101592, "svc": "payment", "status": 200, "latency_ms": 145}
{"ts": 101592, "svc": "auth", "status": 200, "latency_ms": 146}
{"ts": 101592, "svc": "gateway", "status": 200, "latency_ms": 147}
{"ts": 101593, "svc": "payment", "status": 500, "latency_ms": 148}
{"ts": 101593, "svc": "auth", "status": 200, "latency_ms": 149}
{"ts": 101593, "svc": "gateway", "status": 200, "latency_ms": 100}
   
{"ts": 101593, "svc": "payment", "status": 200, "latency_ms": 101}
{"ts": 101593, "svc": "auth", "status": 200, "latency_ms": 102}
{"ts": 101593, "svc": "gateway", "status": 200, "latency_ms": 103}
{"ts": 101594, "svc": "payment", "status": 200, "latency_ms": 104}
{"ts": 101594, "svc": "auth", "status": 200, "latency_ms": 105}
{"ts": 101594, "svc": "gateway", "status": 500, "latency_ms": 106}
{"ts": 101594, "svc": "payment", "status": 200, "latency_ms": 107}
{"ts": 101594, "svc": "auth", "status": 200, "latency_ms": 108}
{"ts": 101594, "svc": "gateway", "status": 200, "latency_ms": 109}
{"ts": 101595, "svc": "payment", "status": 200, "latency_ms": 110}
{"ts": 101595, "svc": "auth", "status": 200, "latency_ms": 111}
{"ts": 101595, "svc": "gateway", "status": 200, "latency_ms": 112}
{"ts": 101595, "svc": "payment", "status": 200, "latency_ms": 113}
{"ts": 101595, "svc": "auth", "status": 500, "latency_ms": 114}
{"ts": 101595, "svc": "gateway", "status": 200, "latency_ms": 115}
{"ts": 101596, "svc": "payment", "status": 200, "latency_ms": 116}
{"ts": 101596, "svc": "auth", "status": 200, "latency_ms": 117}
{"ts": 101596, "svc": "gateway", "status": 200, "latency_ms": 118}
{"ts": 101596, "svc": "payment", "status": 200, "latency_ms": 119}
{"ts": 101596, "svc": "auth", "status": 200, "latency_ms": 120}
{"ts": 101596, "svc": "gateway", "status": 200, "latency_ms": 121}
{"ts": 101597, "svc": "payment", "status": 500, "latency_ms": 122}
{"ts": 101597, "svc": "auth", "status": 200, "latency_ms": 123}
{"ts": 101597, "svc": "gateway", "status": 200, "latency_ms": 124}
{"ts": 100000, "svc": "auth", "status": 200}
{"ts": 101597, "svc": "payment", "status": 200, "latency_ms": 125}
{"ts": 101597, "svc": "auth", "status": 200, "latency_ms": 126}
{"ts": 101597, "svc": "gateway", "status": 200, "latency_ms": 127}
{"ts": 101598, "svc": "payment", "status": 200, "latency_ms": 128}
{"ts": 101598, "svc": "auth", "status": 200, "latency_ms": 129}
{"ts": 101598, "svc": "gateway", "status": 500, "latency_ms": 130}
{"ts": 101598, "svc": "payment", "status": 200, "latency_ms": 131}
{"ts": 101598, "svc": "auth", "status": 200, "latency_ms": 132}
{"ts": 101598, "svc": "gateway", "status": 200, "latency_ms": 133}
{"ts": 101599, "svc": "payment", "status": 200, "latency_ms": 134}
{"ts": 101599, "svc": "auth", "status": 200, "latency_ms": 135}
{"ts": 101599, "svc": "gateway", "status": 200, "latency_ms": 136}
{"ts": 101599, "svc": "payment", "status": 200, "latency_ms": 137}
{"ts": 101599, "svc": "auth", "status": 500, "latency_ms": 138}
{"ts": 101599, "svc": "gateway", "status": 200, "latency_ms": 139}
{"ts": 101600, "svc": "payment", "status": 200, "latency_ms": 140}
{"ts": 101600, "svc": "auth", "status": 200, "latency_ms": 141}
{"ts": 101600, "svc": "gateway", "status": 200, "latency_ms": 142}
{"ts": 101600, "svc": "payment", "status": 200, "latency_ms": 143}
{"ts": 101600, "svc": "auth", "status": 200, "latency_ms": 144}
{"ts": 101600, "svc": "gateway", "status": 200, "latency_ms": 145}
{"ts": 101601, "svc": "payment", "status": 500, "latency_ms": 146}
{"ts": 101601, "svc": "auth", "status": 200, "latency_ms": 147}
{"ts": 101601, "svc": "gateway", "status": 200, "latency_ms": 148}
{"ts": 101601, "svc": "payment", "status": 200, "latency_ms": 149}
{"ts": 101601, "svc": "auth", "status": 200, "latency_ms": 100}
   
{"ts": 101601, "svc": "gateway", "status": 200, "latency_ms": 101}
{"ts": 101602, "svc": "payment", "status": 200, "latency_ms": 102}
{"ts": 101602, "svc": "auth", "status": 200, "latency_ms": 103}
{"ts": 101602, "svc": "gateway", "status": 500, "latency_ms": 104}
{"ts": 101602, "svc": "payment", "status": 200, "latency_ms": 105}
{"ts": 101602, "svc": "auth", "status": 200, "latency_ms": 106}
{"ts": 101602, "svc": "gateway", "status": 200, "latency_ms": 107}
{"ts": 101603, "svc": "payment", "status": 200, "latency_ms": 108}
{"ts": 101603, "svc": "auth", "status": 200, "latency_ms": 109}
{"ts": 101603, "svc": "gateway", "status": 200, "latency_ms": 110}
{"ts": 101603, "svc": "payment", "status": 200, "latency_ms": 111}
{"ts": 100000, "svc": "auth", "status": 200, "latency_ms": 100, "x": 1}
{"ts": 101603, "svc": "auth", "status": 500, "latency_ms": 112}
{"ts": 101603, "svc": "gateway", "status": 200, "latency_ms": 113}
{"ts": 101604, "svc": "payment", "status": 200, "latency_ms": 114}
{"ts": 101604, "svc": "auth", "status": 200, "latency_ms": 115}
{"ts": 101604, "svc": "gateway", "status": 200, "latency_ms": 116}
{"ts": 101604, "svc": "payment", "status": 200, "latency_ms": 117}
{"ts": 101604, "svc": "auth", "status": 200, "latency_ms": 118}
{"ts": 101604, "svc": "gateway", "status": 200, "latency_ms": 119}
{"ts": 101605, "svc": "payment", "status": 500, "latency_ms": 120}
{"ts": 101605, "svc": "auth", "status": 200, "latency_ms": 121}
{"ts": 101605, "svc": "gateway", "status": 200, "latency_ms": 122}
{"ts": 101605, "svc": "payment", "status": 200, "latency_ms": 123}
{"ts": 101605, "svc": "auth", "status": 200, "latency_ms": 124}
{"ts": 101605, "svc": "gateway", "status": 200, "latency_ms": 125}
{"ts": 101606, "svc": "payment", "status": 200, "latency_ms": 126}
{"ts": 101606, "svc": "auth", "status": 200, "latency_ms": 127}
{"ts": 101606, "svc": "gateway", "status": 500, "latency_ms": 128}
{"ts": 101606, "svc": "payment", "status": 200, "latency_ms": 129}
{"ts": 101606, "svc": "auth", "status": 200, "latency_ms": 130}
{"ts": 101606, "svc": "gateway", "status": 200, "latency_ms": 131}
{"ts": 101607, "svc": "payment", "status": 200, "latency_ms": 132}
{"ts": 101607, "svc": "auth", "status": 200, "latency_ms": 133}
{"ts": 101607, "svc": "gateway", "status": 200, "latency_ms": 134}
{"ts": 101607, "svc": "payment", "status": 200, "latency_ms": 135}
{"ts": 101607, "svc": "auth", "status": 500, "latency_ms": 136}
{"ts": 101607, "svc": "gateway", "status": 200, "latency_ms": 137}
{"ts": 101608, "svc": "payment", "status": 200, "latency_ms": 138}
{"ts": 101608, "svc": "auth", "status": 200, "latency_ms": 139}
{"ts": 101608, "svc": "gateway", "status": 200, "latency_ms": 140}
{"ts": 101608, "svc": "payment", "status": 200, "latency_ms": 141}
{"ts": 101608, "svc": "auth", "status": 200, "latency_ms": 142}
{"ts": 101608, "svc": "gateway", "status": 200, "latency_ms": 143}
{"ts": 101609, "svc": "payment", "status": 500, "latency_ms": 144}
{"ts": 101609, "svc": "auth", "status": 200, "latency_ms": 145}
{"ts": 101609, "svc": "gateway", "status": 200, "latency_ms": 146}
{"ts": 101609, "svc": "payment", "status": 200, "latency_ms": 147}
{"ts": 101609, "svc": "auth", "status": 200, "latency_ms": 148}
{"ts": 100000, "svc": "gateway", "status": 200.0, "latency_ms": 100}
{"ts": 101609, "svc": "gateway", "status": 200, "latency_ms": 149}
{"ts": 101610, "svc": "payment", "status": 200, "latency_ms": 100}
   
{"ts": 101610, "svc": "auth", "status": 200, "latency_ms": 101}
{"ts": 101610, "svc": "gateway", "status": 500, "latency_ms": 102}
{"ts": 101610, "svc": "payment", "status": 200, "latency_ms": 103}
{"ts": 101610, "svc": "auth", "status": 200, "latency_ms": 104}
{"ts": 101610, "svc": "gateway", "status": 200, "latency_ms": 105}
{"ts": 101611, "svc": "payment", "status": 200, "latency_ms": 106}
{"ts": 101611, "svc": "auth", "status": 200, "latency_ms": 107}
{"ts": 101611, "svc": "gateway", "status": 200, "latency_ms": 108}
{"ts": 101611, "svc": "payment", "status": 200, "latency_ms": 109}
{"ts": 101611, "svc": "auth", "status": 500, "latency_ms": 110}
{"ts": 101611, "svc": "gateway", "status": 200, "latency_ms": 111}
{"ts": 101612, "svc": "payment", "status": 200, "latency_ms": 112}
{"ts": 101612, "svc": "auth", "status": 200, "latency_ms": 113}
{"ts": 101612, "svc": "gateway", "status": 200, "latency_ms": 114}
{"ts": 101612, "svc": "payment", "status": 200, "latency_ms": 115}
{"ts": 101612, "svc": "auth", "status": 200, "latency_ms": 116}
{"ts": 101612, "svc": "gateway", "status": 200, "latency_ms": 117}
{"ts": 101613, "svc": "payment", "status": 500, "latency_ms": 118}
{"ts": 101613, "svc": "auth", "status": 200, "latency_ms": 119}
{"ts": 101613, "svc": "gateway", "status": 200, "latency_ms": 120}
{"ts": 101613, "svc": "payment", "status": 200, "latency_ms": 121}
{"ts": 101613, "svc": "auth", "status": 200, "latency_ms": 122}
{"ts": 101613, "svc": "gateway", "status": 200, "latency_ms": 123}
{"ts": 101614, "svc": "payment", "status": 200, "latency_ms": 124}
{"ts": 101614, "svc": "auth", "status": 200, "latency_ms": 125}
{"ts": 101614, "svc": "gateway", "status": 500, "latency_ms": 126}
{"ts": 101614, "svc": "payment", "status": 200, "latency_ms": 127}
{"ts": 101614, "svc": "auth", "status": 200, "latency_ms": 128}
{"ts": 101614, "svc": "gateway", "status": 200, "latency_ms": 129}
{"ts": 101615, "svc": "payment", "status": 200, "latency_ms": 130}
{"ts": 101615, "svc": "auth", "status": 200, "latency_ms": 131}
{"ts": 101615, "svc": "gateway", "status": 200, "latency_ms": 132}
{"ts": 101615, "svc": "payment", "status": 200, "latency_ms": 133}
{"ts": 101615, "svc": "auth", "status": 500, "latency_ms": 134}
{"ts": 101615, "svc": "gateway", "status": 200, "latency_ms": 135}
{"ts": true, "svc": "payment", "status": 200, "latency_ms": 100}
{"ts": 101616, "svc": "payment", "status": 200, "latency_ms": 136}
{"ts": 101616, "svc": "auth", "status": 200, "latency_ms": 137}
{"ts": 101616, "svc": "gateway", "status": 200, "latency_ms": 138}
{"ts": 101616, "svc": "payment", "status": 200, "latency_ms": 139}
{"ts": 101616, "svc": "auth", "status": 200, "latency_ms": 140}
{"ts": 101616, "svc": "gateway", "status": 200, "latency_ms": 141}
{"ts": 101617, "svc": "payment", "status": 500, "latency_ms": 142}
{"ts": 101617, "svc": "auth", "status": 200, "latency_ms": 143}
{"ts": 101617, "svc": "gateway", "status": 200, "latency_ms": 144}
{"ts": 101617, "svc": "payment", "status": 200, "latency_ms": 145}
{"ts": 101617, "svc": "auth", "status": 200, "latency_ms": 146}
{"ts": 101617, "svc": "gateway", "status": 200, "latency_ms": 147}
{"ts": 101618, "svc": "payment", "status": 200, "latency_ms": 148}
{"ts": 101618, "svc": "auth", "status": 200, "latency_ms": 149}
{"ts": 101618, "svc": "gateway", "status": 500, "latency_ms": 100}
   
{"ts": 101618, "svc": "payment", "status": 200, "latency_ms": 101}
{"ts": 101618, "svc": "auth", "status": 200, "latency_ms": 102}
{"ts": 101618, "svc": "gateway", "status": 200, "latency_ms": 103}
{"ts": 101619, "svc": "payment", "status": 200, "latency_ms": 104}
{"ts": 101619, "svc": "auth", "status": 200, "latency_ms": 105}
{"ts": 101619, "svc": "gateway", "status": 200, "latency_ms": 106}
{"ts": 101619, "svc": "payment", "status": 200, "latency_ms": 107}
{"ts": 101619, "svc": "auth", "status": 500, "latency_ms": 108}
{"ts": 101619, "svc": "gateway", "status": 200, "latency_ms": 109}
{"ts": 101620, "svc": "payment", "status": 200, "latency_ms": 110}
{"ts": 101620, "svc": "auth", "status": 200, "latency_ms": 111}
{"ts": 101620, "svc": "gateway", "status": 200, "latency_ms": 112}
{"ts": 101620, "svc": "payment", "status": 200, "latency_ms": 113}
{"ts": 101620, "svc": "auth", "status": 200, "latency_ms": 114}
{"ts": 101620, "svc": "gateway", "status": 200, "latency_ms": 115}
{"ts": 101621, "svc": "payment", "status": 500, "latency_ms": 116}
{"ts": 101621, "svc": "auth", "status": 200, "latency_ms": 117}
{"ts": 101621, "svc": "gateway", "status": 200, "latency_ms": 118}
{"ts": 101621, "svc": "payment", "status": 200, "latency_ms": 119}
{"ts": 101621, "svc": "auth", "status": 200, "latency_ms": 120}
{"ts": 101621, "svc": "gateway", "status": 200, "latency_ms": 121}
{"ts": 101622, "svc": "payment", "status": 200, "latency_ms": 122}
{"ts": 100000, "svc": "auth", "status": 99, "latency_ms": 100}
{"ts": 101622, "svc": "auth", "status": 200, "latency_ms": 123}
{"ts": 101622, "svc": "gateway", "status": 500, "latency_ms": 124}
{"ts": 101622, "svc": "payment", "status": 200, "latency_ms": 125}
{"ts": 101622, "svc": "auth", "status": 200, "latency_ms": 126}
{"ts": 101622, "svc": "gateway", "status": 200, "latency_ms": 127}
{"ts": 101623, "svc": "payment", "status": 200, "latency_ms": 128}
{"ts": 101623, "svc": "auth", "status": 200, "latency_ms": 129}
{"ts": 101623, "svc": "gateway", "status": 200, "latency_ms": 130}
{"ts": 101623, "svc": "payment", "status": 200, "latency_ms": 131}
{"ts": 101623, "svc": "auth", "status": 500, "latency_ms": 132}
{"ts": 101623, "svc": "gateway", "status": 200, "latency_ms": 133}
{"ts": 101624, "svc": "payment", "status": 200, "latency_ms": 134}
{"ts": 101624, "svc": "auth", "status": 200, "latency_ms": 135}
{"ts": 101624, "svc": "gateway", "status": 200, "latency_ms": 136}
{"ts": 101624, "svc": "payment", "status": 200, "latency_ms": 137}
{"ts": 101624, "svc": "auth", "status": 200, "latency_ms": 138}
{"ts": 101624, "svc": "gateway", "status": 200, "latency_ms": 139}
{"ts": 101625, "svc": "payment", "status": 500, "latency_ms": 140}
{"ts": 101625, "svc": "auth", "status": 200, "latency_ms": 141}
{"ts": 101625, "svc": "gateway", "status": 200, "latency_ms": 142}
{"ts": 101625, "svc": "payment", "status": 200, "latency_ms": 143}
{"ts": 101625, "svc": "auth", "status": 200, "latency_ms": 144}
{"ts": 101625, "svc": "gateway", "status": 200, "latency_ms": 145}
{"ts": 101626, "svc": "payment", "status": 200, "latency_ms": 146}
{"ts": 101626, "svc": "auth", "status": 200, "latency_ms": 147}
{"ts": 101626, "svc": "gateway", "status": 500, "latency_ms": 148}
{"ts": 101626, "svc": "payment", "status": 200, "latency_ms": 149}
{"ts": 101626, "svc": "auth", "status": 200, "latency_ms": 100}
   
{"ts": 101626, "svc": "gateway", "status": 200, "latency_ms": 101}
{"ts": 101627, "svc": "payment", "status": 200, "latency_ms": 102}
{"ts": 101627, "svc": "auth", "status": 200, "latency_ms": 103}
{"ts": 101627, "svc": "gateway", "status": 200, "latency_ms": 104}
{"ts": 101627, "svc": "payment", "status": 200, "latency_ms": 105}
{"ts": 101627, "svc": "auth", "status": 500, "latency_ms": 106}
{"ts": 101627, "svc": "gateway", "status": 200, "latency_ms": 107}
{"ts": 101628, "svc": "payment", "status": 200, "latency_ms": 108}
{"ts": 101628, "svc": "auth", "status": 200, "latency_ms": 109}
{"ts": 100000, "svc": "billing", "status": 200, "latency_ms": 100}
{"ts": 101628, "svc": "gateway", "status": 200, "latency_ms": 110}
{"ts": 101628, "svc": "payment", "status": 200, "latency_ms": 111}
{"ts": 101628, "svc": "auth", "status": 200, "latency_ms": 112}
{"ts": 101628, "svc": "gateway", "status": 200, "latency_ms": 113}
{"ts": 101629, "svc": "payment", "status": 500, "latency_ms": 114}
{"ts": 101629, "svc": "auth", "status": 200, "latency_ms": 115}
{"ts": 101629, "svc": "gateway", "status": 200, "latency_ms": 116}
{"ts": 101629, "svc": "payment", "status": 200, "latency_ms": 117}
{"ts": 101629, "svc": "auth", "status": 200, "latency_ms": 118}
{"ts": 101629, "svc": "gateway", "status": 200, "latency_ms": 119}
{"ts": 101630, "svc": "payment", "status": 200, "latency_ms": 120}
{"ts": 101630, "svc": "auth", "status": 200, "latency_ms": 121}
{"ts": 101630, "svc": "gateway", "status": 500, "latency_ms": 122}
{"ts": 101630, "svc": "payment", "status": 200, "latency_ms": 123}
{"ts": 101630, "svc": "auth", "status": 200, "latency_ms": 124}
{"ts": 101630, "svc": "gateway", "status": 200, "latency_ms": 125}
{"ts": 101631, "svc": "payment", "status": 200, "latency_ms": 126}
{"ts": 101631, "svc": "auth", "status": 200, "latency_ms": 127}
{"ts": 101631, "svc": "gateway", "status": 200, "latency_ms": 128}
{"ts": 101631, "svc": "payment", "status": 200, "latency_ms": 129}
{"ts": 101631, "svc": "auth", "status": 500, "latency_ms": 130}
{"ts": 101631, "svc": "gateway", "status": 200, "latency_ms": 131}
{"ts": 101632, "svc": "payment", "status": 200, "latency_ms": 132}
{"ts": 101632, "svc": "auth", "status": 200, "latency_ms": 133}
{"ts": 101632, "svc": "gateway", "status": 200, "latency_ms": 134}
{"ts": 101632, "svc": "payment", "status": 200, "latency_ms": 135}
{"ts": 101632, "svc": "auth", "status": 200, "latency_ms": 136}
{"ts": 101632, "svc": "gateway", "status": 200, "latency_ms": 137}
{"ts": 101633, "svc": "payment", "status": 500, "latency_ms": 138}
{"ts": 101633, "svc": "auth", "status": 200, "latency_ms": 139}
{"ts": 101633, "svc": "gateway", "status": 200, "latency_ms": 140}
{"ts": 101633, "svc": "payment", "status": 200, "latency_ms": 141}
{"ts": 101633, "svc": "auth", "status": 200, "latency_ms": 142}
{"ts": 101633, "svc": "gateway", "status": 200, "latency_ms": 143}
{"ts": 101634, "svc": "payment", "status": 200, "latency_ms": 144}
{"ts": 101634, "svc": "auth", "status": 200, "latency_ms": 145}
{"ts": 101634, "svc": "gateway", "status": 500, "latency_ms": 146}
{"ts": 100000, "svc": "gateway", "status": 200, "latency_ms": 1001}
{"ts": 101634, "svc": "payment", "status": 200, "latency_ms": 147}
{"ts": 101634, "svc": "auth", "status": 200, "latency_ms": 148}
{"ts": 101634, "svc": "gateway", "status": 200, "latency_ms": 149}
{"ts": 101594, "svc": "payment", "status": 500, "latency_ms": 100}
{"ts": 101604, "svc": "payment", "status": 200, "latency_ms": 100}
{"ts": 101645, "svc": "auth", "status": 500, "latency_ms": 100}
   
definitely not json {{
{"ts": 101645, "svc": "gateway", "status": 200, "latency_ms": 101}
{"ts": 101645, "svc": "payment", "status": 200, "latency_ms": 102}
{"ts": 101645, "svc": "auth", "status": 200, "latency_ms": 103}
{"ts": 101645, "svc": "gateway", "status": 200, "latency_ms": 104}
{"ts": 101645, "svc": "payment", "status": 200, "latency_ms": 105}
{"ts": 101646, "svc": "auth", "status": 200, "latency_ms": 106}
{"ts": 101646, "svc": "gateway", "status": 200, "latency_ms": 107}
{"ts": 101646, "svc": "payment", "status": 500, "latency_ms": 108}
{"ts": 101646, "svc": "auth", "status": 200, "latency_ms": 109}
{"ts": 101646, "svc": "gateway", "status": 200, "latency_ms": 110}
{"ts": 101646, "svc": "payment", "status": 200, "latency_ms": 111}
{"ts": 101647, "svc": "auth", "status": 200, "latency_ms": 112}
{"ts": 101647, "svc": "gateway", "status": 200, "latency_ms": 113}
{"ts": 101647, "svc": "payment", "status": 200, "latency_ms": 114}
{"ts": 101647, "svc": "auth", "status": 200, "latency_ms": 115}
{"ts": 101647, "svc": "gateway", "status": 500, "latency_ms": 116}
{"ts": 101647, "svc": "payment", "status": 200, "latency_ms": 117}
{"ts": 101648, "svc": "auth", "status": 200, "latency_ms": 118}
{"ts": 101648, "svc": "gateway", "status": 200, "latency_ms": 119}
{"ts": 101648, "svc": "payment", "status": 200, "latency_ms": 120}
{"ts": 101648, "svc": "auth", "status": 200, "latency_ms": 121}
{"ts": 101648, "svc": "gateway", "status": 200, "latency_ms": 122}
{"ts": 101648, "svc": "payment", "status": 200, "latency_ms": 123}
{"ts": 101649, "svc": "auth", "status": 500, "latency_ms": 124}
{"ts": 101649, "svc": "gateway", "status": 200, "latency_ms": 125}
{"ts": 101649, "svc": "payment", "status": 200, "latency_ms": 126}
{"ts": 101649, "svc": "auth", "status": 200, "latency_ms": 127}
{"ts": 101649, "svc": "gateway", "status": 200, "latency_ms": 128}
{"ts": 101649, "svc": "payment", "status": 200, "latency_ms": 129}
{"ts": 101650, "svc": "auth", "status": 200, "latency_ms": 130}
{"ts": 101650, "svc": "gateway", "status": 200, "latency_ms": 131}
{"ts": 101650, "svc": "payment", "status": 500, "latency_ms": 132}
{"ts": 101650, "svc": "auth", "status": 200, "latency_ms": 133}
{"ts": 101650, "svc": "gateway", "status": 200, "latency_ms": 134}
{"ts": 101650, "svc": "payment", "status": 200, "latency_ms": 135}
{"ts": 101651, "svc": "auth", "status": 200, "latency_ms": 136}
{"ts": 101651, "svc": "gateway", "status": 200, "latency_ms": 137}
{"ts": 100000, "svc": "auth", "status": 200}
{"ts": 101651, "svc": "payment", "status": 200, "latency_ms": 138}
{"ts": 101651, "svc": "auth", "status": 200, "latency_ms": 139}
{"ts": 101651, "svc": "gateway", "status": 500, "latency_ms": 140}
{"ts": 101651, "svc": "payment", "status": 200, "latency_ms": 141}
{"ts": 101652, "svc": "auth", "status": 200, "latency_ms": 142}
{"ts": 101652, "svc": "gateway", "status": 200, "latency_ms": 143}
{"ts": 101652, "svc": "payment", "status": 200, "latency_ms": 144}
{"ts": 101652, "svc": "auth", "status": 200, "latency_ms": 145}
{"ts": 101652, "svc": "gateway", "status": 200, "latency_ms": 146}
{"ts": 101652, "svc": "payment", "status": 200, "latency_ms": 147}
{"ts": 101653, "svc": "auth", "status": 500, "latency_ms": 148}
{"ts": 101653, "svc": "gateway", "status": 200, "latency_ms": 149}
{"ts": 101653, "svc": "payment", "status": 200, "latency_ms": 100}
   
{"ts": 101653, "svc": "auth", "status": 200, "latency_ms": 101}
{"ts": 101653, "svc": "gateway", "status": 200, "latency_ms": 102}
{"ts": 101653, "svc": "payment", "status": 200, "latency_ms": 103}
{"ts": 101654, "svc": "auth", "status": 200, "latency_ms": 104}
{"ts": 101654, "svc": "gateway", "status": 200, "latency_ms": 105}
{"ts": 101654, "svc": "payment", "status": 500, "latency_ms": 106}
{"ts": 101654, "svc": "auth", "status": 200, "latency_ms": 107}
{"ts": 101654, "svc": "gateway", "status": 200, "latency_ms": 108}
{"ts": 101654, "svc": "payment", "status": 200, "latency_ms": 109}
{"ts": 101655, "svc": "auth", "status": 200, "latency_ms": 110}
{"ts": 101655, "svc": "gateway", "status": 200, "latency_ms": 111}
{"ts": 101655, "svc": "payment", "status": 200, "latency_ms": 112}
{"ts": 101655, "svc": "auth", "status": 200, "latency_ms": 113}
{"ts": 101655, "svc": "gateway", "status": 500, "latency_ms": 114}
{"ts": 101655, "svc": "payment", "status": 200, "latency_ms": 115}
{"ts": 101656, "svc": "auth", "status": 200, "latency_ms": 116}
{"ts": 101656, "svc": "gateway", "status": 200, "latency_ms": 117}
{"ts": 101656, "svc": "payment", "status": 200, "latency_ms": 118}
{"ts": 101656, "svc": "auth", "status": 200, "latency_ms": 119}
{"ts": 101656, "svc": "gateway", "status": 200, "latency_ms": 120}
{"ts": 101656, "svc": "payment", "status": 200, "latency_ms": 121}
{"ts": 101657, "svc": "auth", "status": 500, "latency_ms": 122}
{"ts": 101657, "svc": "gateway", "status": 200, "latency_ms": 123}
{"ts": 101657, "svc": "payment", "status": 200, "latency_ms": 124}
{"ts": 100000, "svc": "auth", "status": 200, "latency_ms": 100, "x": 1}
{"ts": 101657, "svc": "auth", "status": 200, "latency_ms": 125}
{"ts": 101657, "svc": "gateway", "status": 200, "latency_ms": 126}
{"ts": 101657, "svc": "payment", "status": 200, "latency_ms": 127}
{"ts": 101658, "svc": "auth", "status": 200, "latency_ms": 128}
{"ts": 101658, "svc": "gateway", "status": 200, "latency_ms": 129}
{"ts": 101658, "svc": "payment", "status": 500, "latency_ms": 130}
{"ts": 101658, "svc": "auth", "status": 200, "latency_ms": 131}
{"ts": 101658, "svc": "gateway", "status": 200, "latency_ms": 132}
{"ts": 101658, "svc": "payment", "status": 200, "latency_ms": 133}
{"ts": 101659, "svc": "auth", "status": 200, "latency_ms": 134}
{"ts": 101659, "svc": "gateway", "status": 200, "latency_ms": 135}
{"ts": 101659, "svc": "payment", "status": 200, "latency_ms": 136}
{"ts": 101659, "svc": "auth", "status": 200, "latency_ms": 137}
{"ts": 101659, "svc": "gateway", "status": 500, "latency_ms": 138}
{"ts": 101659, "svc": "payment", "status": 200, "latency_ms": 139}
{"ts": 101660, "svc": "auth", "status": 200, "latency_ms": 140}
{"ts": 101660, "svc": "gateway", "status": 200, "latency_ms": 141}
{"ts": 101660, "svc": "payment", "status": 200, "latency_ms": 142}
{"ts": 101660, "svc": "auth", "status": 200, "latency_ms": 143}
{"ts": 101660, "svc": "gateway", "status": 200, "latency_ms": 144}
{"ts": 101660, "svc": "payment", "status": 200, "latency_ms": 145}
{"ts": 101661, "svc": "auth", "status": 500, "latency_ms": 146}
{"ts": 101661, "svc": "gateway", "status": 200, "latency_ms": 147}
{"ts": 101661, "svc": "payment", "status": 200, "latency_ms": 148}
{"ts": 101661, "svc": "auth", "status": 200, "latency_ms": 149}
{"ts": 101661, "svc": "gateway", "status": 200, "latency_ms": 100}
   
{"ts": 101661, "svc": "payment", "status": 200, "latency_ms": 101}
{"ts": 101662, "svc": "auth", "status": 200, "latency_ms": 102}
{"ts": 101662, "svc": "gateway", "status": 200, "latency_ms": 103}
{"ts": 101662, "svc": "payment", "status": 500, "latency_ms": 104}
{"ts": 101662, "svc": "auth", "status": 200, "latency_ms": 105}
{"ts": 101662, "svc": "gateway", "status": 200, "latency_ms": 106}
{"ts": 101662, "svc": "payment", "status": 200, "latency_ms": 107}
{"ts": 101663, "svc": "auth", "status": 200, "latency_ms": 108}
{"ts": 101663, "svc": "gateway", "status": 200, "latency_ms": 109}
{"ts": 101663, "svc": "payment", "status": 200, "latency_ms": 110}
{"ts": 101663, "svc": "auth", "status": 200, "latency_ms": 111}
{"ts": 100000, "svc": "gateway", "status": 200.0, "latency_ms": 100}
{"ts": 101663, "svc": "gateway", "status": 500, "latency_ms": 112}
{"ts": 101663, "svc": "payment", "status": 200, "latency_ms": 113}
{"ts": 101664, "svc": "auth", "status": 200, "latency_ms": 114}
{"ts": 101664, "svc": "gateway", "status": 200, "latency_ms": 115}
{"ts": 101664, "svc": "payment", "status": 200, "latency_ms": 116}
{"ts": 101664, "svc": "auth", "status": 200, "latency_ms": 117}
{"ts": 101664, "svc": "gateway", "status": 200, "latency_ms": 118}
{"ts": 101664, "svc": "payment", "status": 200, "latency_ms": 119}
{"ts": 101665, "svc": "auth", "status": 500, "latency_ms": 120}
{"ts": 101665, "svc": "gateway", "status": 200, "latency_ms": 121}
{"ts": 101665, "svc": "payment", "status": 200, "latency_ms": 122}
{"ts": 101665, "svc": "auth", "status": 200, "latency_ms": 123}
{"ts": 101665, "svc": "gateway", "status": 200, "latency_ms": 124}
{"ts": 101665, "svc": "payment", "status": 200, "latency_ms": 125}
{"ts": 101666, "svc": "auth", "status": 200, "latency_ms": 126}
{"ts": 101666, "svc": "gateway", "status": 200, "latency_ms": 127}
{"ts": 101666, "svc": "payment", "status": 500, "latency_ms": 128}
{"ts": 101666, "svc": "auth", "status": 200, "latency_ms": 129}
{"ts": 101666, "svc": "gateway", "status": 200, "latency_ms": 130}
{"ts": 101666, "svc": "payment", "status": 200, "latency_ms": 131}
{"ts": 101667, "svc": "auth", "status": 200, "latency_ms": 132}
{"ts": 101667, "svc": "gateway", "status": 200, "latency_ms": 133}
{"ts": 101667, "svc": "payment", "status": 200, "latency_ms": 134}
{"ts": 101667, "svc": "auth", "status": 200, "latency_ms": 135}
{"ts": 101667, "svc": "gateway", "status": 500, "latency_ms": 136}
{"ts": 101667, "svc": "payment", "status": 200, "latency_ms": 137}
{"ts": 101668, "svc": "auth", "status": 200, "latency_ms": 138}
{"ts": 101668, "svc": "gateway", "status": 200, "latency_ms": 139}
{"ts": 101668, "svc": "payment", "status": 200, "latency_ms": 140}
{"ts": 101668, "svc": "auth", "status": 200, "latency_ms": 141}
{"ts": 101668, "svc": "gateway", "status": 200, "latency_ms": 142}
{"ts": 101668, "svc": "payment", "status": 200, "latency_ms": 143}
{"ts": 101669, "svc": "auth", "status": 500, "latency_ms": 144}
{"ts": 101669, "svc": "gateway", "status": 200, "latency_ms": 145}
{"ts": 101669, "svc": "payment", "status": 200, "latency_ms": 146}
{"ts": 101669, "svc": "auth", "status": 200, "latency_ms": 147}
{"ts": 101669, "svc": "gateway", "status": 200, "latency_ms": 148}
{"ts": true, "svc": "payment", "status": 200, "latency_ms": 100}
{"ts": 101669, "svc": "payment", "status": 200, "latency_ms": 149}
{"ts": 101670, "svc": "auth", "status": 200, "latency_ms": 100}
   
{"ts": 101670, "svc": "gateway", "status": 200, "latency_ms": 101}
{"ts": 101670, "svc": "payment", "status": 500, "latency_ms": 102}
{"ts": 101670, "svc": "auth", "status": 200, "latency_ms": 103}
{"ts": 101670, "svc": "gateway", "status": 200, "latency_ms": 104}
{"ts": 101670, "svc": "payment", "status": 200, "latency_ms": 105}
{"ts": 101671, "svc": "auth", "status": 200, "latency_ms": 106}
{"ts": 101671, "svc": "gateway", "status": 200, "latency_ms": 107}
{"ts": 101671, "svc": "payment", "status": 200, "latency_ms": 108}
{"ts": 101671, "svc": "auth", "status": 200, "latency_ms": 109}
{"ts": 101671, "svc": "gateway", "status": 500, "latency_ms": 110}
{"ts": 101671, "svc": "payment", "status": 200, "latency_ms": 111}
{"ts": 101672, "svc": "auth", "status": 200, "latency_ms": 112}
{"ts": 101672, "svc": "gateway", "status": 200, "latency_ms": 113}
{"ts": 101672, "svc": "payment", "status": 200, "latency_ms": 114}
{"ts": 101672, "svc": "auth", "status": 200, "latency_ms": 115}
{"ts": 101672, "svc": "gateway", "status": 200, "latency_ms": 116}
{"ts": 101672, "svc": "payment", "status": 200, "latency_ms": 117}
{"ts": 101673, "svc": "auth", "status": 500, "latency_ms": 118}
{"ts": 101673, "svc": "gateway", "status": 200, "latency_ms": 119}
{"ts": 101673, "svc": "payment", "status": 200, "latency_ms": 120}
{"ts": 101673, "svc": "auth", "status": 200, "latency_ms": 121}
{"ts": 101673, "svc": "gateway", "status": 200, "latency_ms": 122}
{"ts": 101673, "svc": "payment", "status": 200, "latency_ms": 123}
{"ts": 101674, "svc": "auth", "status": 200, "latency_ms": 124}
{"ts": 101674, "svc": "gateway", "status": 200, "latency_ms": 125}
{"ts": 101674, "svc": "payment", "status": 500, "latency_ms": 126}
{"ts": 101674, "svc": "auth", "status": 200, "latency_ms": 127}
{"ts": 101674, "svc": "gateway", "status": 200, "latency_ms": 128}
{"ts": 101674, "svc": "payment", "status": 200, "latency_ms": 129}
{"ts": 101675, "svc": "auth", "status": 200, "latency_ms": 130}
{"ts": 101675, "svc": "gateway", "status": 200, "latency_ms": 131}
{"ts": 101675, "svc": "payment", "status": 200, "latency_ms": 132}
{"ts": 101675, "svc": "auth", "status": 200, "latency_ms": 133}
{"ts": 101675, "svc": "gateway", "status": 500, "latency_ms": 134}
{"ts": 101675, "svc": "payment", "status": 200, "latency_ms": 135}
{"ts": 100000, "svc": "auth", "status": 99, "latency_ms": 100}
{"ts": 101676, "svc": "auth", "status": 200, "latency_ms": 136}
{"ts": 101676, "svc": "gateway", "status": 200, "latency_ms": 137}
{"ts": 101676, "svc": "payment", "status": 200, "latency_ms": 138}
{"ts": 101676, "svc": "auth", "status": 200, "latency_ms": 139}
{"ts": 101676, "svc": "gateway", "status": 200, "latency_ms": 140}
{"ts": 101676, "svc": "payment", "status": 200, "latency_ms": 141}
{"ts": 101677, "svc": "auth", "status": 500, "latency_ms": 142}
{"ts": 101677, "svc": "gateway", "status": 200, "latency_ms": 143}
{"ts": 101677, "svc": "payment", "status": 200, "latency_ms": 144}
{"ts": 101677, "svc": "auth", "status": 200, "latency_ms": 145}
{"ts": 101677, "svc": "gateway", "status": 200, "latency_ms": 146}
{"ts": 101677, "svc": "payment", "status": 200, "latency_ms": 147}
{"ts": 101678, "svc": "auth", "status": 200, "latency_ms": 148}
{"ts": 101678, "svc": "gateway", "status": 200, "latency_ms": 149}
{"ts": 101678, "svc": "payment", "status": 500, "latency_ms": 100}
   
{"ts": 101678, "svc": "auth", "status": 200, "latency_ms": 101}
{"ts": 101678, "svc": "gateway", "status": 200, "latency_ms": 102}
{"ts": 101678, "svc": "payment", "status": 200, "latency_ms": 103}
{"ts": 101679, "svc": "auth", "status": 200, "latency_ms": 104}
{"ts": 101679, "svc": "gateway", "status": 200, "latency_ms": 105}
{"ts": 101679, "svc": "payment", "status": 200, "latency_ms": 106}
{"ts": 101679, "svc": "auth", "status": 200, "latency_ms": 107}
{"ts": 101679, "svc": "gateway", "status": 500, "latency_ms": 108}
{"ts": 101679, "svc": "payment", "status": 200, "latency_ms": 109}
{"ts": 101680, "svc": "auth", "status": 200, "latency_ms": 110}
{"ts": 101680, "svc": "gateway", "status": 200, "latency_ms": 111}
{"ts": 101680, "svc": "payment", "status": 200, "latency_ms": 112}
{"ts": 101680, "svc": "auth", "status": 200, "latency_ms": 113}
{"ts": 101680, "svc": "gateway", "status": 200, "latency_ms": 114}
{"ts": 101680, "svc": "payment", "status": 200, "latency_ms": 115}
{"ts": 101681, "svc": "auth", "status": 500, "latency_ms": 116}
{"ts": 101681, "svc": "gateway", "status": 200, "latency_ms": 117}
{"ts": 101681, "svc": "payment", "status": 200, "latency_ms": 118}
{"ts": 101681, "svc": "auth", "status": 200, "latency_ms": 119}
{"ts": 101681, "svc": "gateway", "status": 200, "latency_ms": 120}
{"ts": 101681, "svc": "payment", "status": 200, "latency_ms": 121}
{"ts": 101682, "svc": "auth", "status": 200, "latency_ms": 122}
{"ts": 100000, "svc": "billing", "status": 200, "latency_ms": 100}
{"ts": 101682, "svc": "gateway", "status": 200, "latency_ms": 123}
{"ts": 101682, "svc": "payment", "status": 500, "latency_ms": 124}
{"ts": 101682, "svc": "auth", "status": 200, "latency_ms": 125}
{"ts": 101682, "svc": "gateway", "status": 200, "latency_ms": 126}
{"ts": 101682, "svc": "payment", "status": 200, "latency_ms": 127}
{"ts": 101683, "svc": "auth", "status": 200, "latency_ms": 128}
{"ts": 101683, "svc": "gateway", "status": 200, "latency_ms": 129}
{"ts": 101683, "svc": "payment", "status": 200, "latency_ms": 130}
{"ts": 101683, "svc": "auth", "status": 200, "latency_ms": 131}
{"ts": 101683, "svc": "gateway", "status": 500, "latency_ms": 132}
{"ts": 101683, "svc": "payment", "status": 200, "latency_ms": 133}
{"ts": 101684, "svc": "auth", "status": 200, "latency_ms": 134}
{"ts": 101684, "svc": "gateway", "status": 200, "latency_ms": 135}
{"ts": 101684, "svc": "payment", "status": 200, "latency_ms": 136}
{"ts": 101684, "svc": "auth", "status": 200, "latency_ms": 137}
{"ts": 101684, "svc": "gateway", "status": 200, "latency_ms": 138}
{"ts": 101684, "svc": "payment", "status": 200, "latency_ms": 139}
{"ts": 101685, "svc": "auth", "status": 500, "latency_ms": 140}
{"ts": 101685, "svc": "gateway", "status": 200, "latency_ms": 141}
{"ts": 101685, "svc": "payment", "status": 200, "latency_ms": 142}
{"ts": 101685, "svc": "auth", "status": 200, "latency_ms": 143}
{"ts": 101685, "svc": "gateway", "status": 200, "latency_ms": 144}
{"ts": 101685, "svc": "payment", "status": 200, "latency_ms": 145}
{"ts": 101686, "svc": "auth", "status": 200, "latency_ms": 146}
{"ts": 101686, "svc": "gateway", "status": 200, "latency_ms": 147}
{"ts": 101686, "svc": "payment", "status": 500, "latency_ms": 148}
{"ts": 101686, "svc": "auth", "status": 200, "latency_ms": 149}
{"ts": 101686, "svc": "gateway", "status": 200, "latency_ms": 100}
   
{"ts": 101686, "svc": "payment", "status": 200, "latency_ms": 101}
{"ts": 101687, "svc": "auth", "status": 200, "latency_ms": 102}
{"ts": 101687, "svc": "gateway", "status": 200, "latency_ms": 103}
{"ts": 101687, "svc": "payment", "status": 200, "latency_ms": 104}
{"ts": 101687, "svc": "auth", "status": 200, "latency_ms": 105}
{"ts": 101687, "svc": "gateway", "status": 500, "latency_ms": 106}
{"ts": 101687, "svc": "payment", "status": 200, "latency_ms": 107}
{"ts": 101688, "svc": "auth", "status": 200, "latency_ms": 108}
{"ts": 101688, "svc": "gateway", "status": 200, "latency_ms": 109}
{"ts": 100000, "svc": "gateway", "status": 200, "latency_ms": 1001}
{"ts": 101688, "svc": "payment", "status": 200, "latency_ms": 110}
{"ts": 101688, "svc": "auth", "status": 200, "latency_ms": 111}
{"ts": 101688, "svc": "gateway", "status": 200, "latency_ms": 112}
{"ts": 101688, "svc": "payment", "status": 200, "latency_ms": 113}
{"ts": 101689, "svc": "auth", "status": 500, "latency_ms": 114}
{"ts": 101689, "svc": "gateway", "status": 200, "latency_ms": 115}
{"ts": 101689, "svc": "payment", "status": 200, "latency_ms": 116}
{"ts": 101689, "svc": "auth", "status": 200, "latency_ms": 117}
{"ts": 101689, "svc": "gateway", "status": 200, "latency_ms": 118}
{"ts": 101689, "svc": "payment", "status": 200, "latency_ms": 119}
{"ts": 101690, "svc": "auth", "status": 200, "latency_ms": 120}
{"ts": 101690, "svc": "gateway", "status": 200, "latency_ms": 121}
{"ts": 101690, "svc": "payment", "status": 500, "latency_ms": 122}
{"ts": 101690, "svc": "auth", "status": 200, "latency_ms": 123}
{"ts": 101690, "svc": "gateway", "status": 200, "latency_ms": 124}
{"ts": 101690, "svc": "payment", "status": 200, "latency_ms": 125}
{"ts": 101691, "svc": "auth", "status": 200, "latency_ms": 126}
{"ts": 101691, "svc": "gateway", "status": 200, "latency_ms": 127}
{"ts": 101691, "svc": "payment", "status": 200, "latency_ms": 128}
{"ts": 101691, "svc": "auth", "status": 200, "latency_ms": 129}
{"ts": 101691, "svc": "gateway", "status": 500, "latency_ms": 130}
{"ts": 101691, "svc": "payment", "status": 200, "latency_ms": 131}
{"ts": 101692, "svc": "auth", "status": 200, "latency_ms": 132}
{"ts": 101692, "svc": "gateway", "status": 200, "latency_ms": 133}
{"ts": 101692, "svc": "payment", "status": 200, "latency_ms": 134}
{"ts": 101692, "svc": "auth", "status": 200, "latency_ms": 135}
{"ts": 101692, "svc": "gateway", "status": 200, "latency_ms": 136}
{"ts": 101692, "svc": "payment", "status": 200, "latency_ms": 137}
{"ts": 101693, "svc": "auth", "status": 500, "latency_ms": 138}
{"ts": 101693, "svc": "gateway", "status": 200, "latency_ms": 139}
{"ts": 101693, "svc": "payment", "status": 200, "latency_ms": 140}
{"ts": 101693, "svc": "auth", "status": 200, "latency_ms": 141}
{"ts": 101693, "svc": "gateway", "status": 200, "latency_ms": 142}
{"ts": 101693, "svc": "payment", "status": 200, "latency_ms": 143}
{"ts": 101694, "svc": "auth", "status": 200, "latency_ms": 144}
{"ts": 101694, "svc": "gateway", "status": 200, "latency_ms": 145}
{"ts": 101694, "svc": "payment", "status": 500, "latency_ms": 146}
{"ts": 100000, "svc": "payment", "status": 200, "latency_ms": false}
{"ts": 101694, "svc": "auth", "status": 200, "latency_ms": 147}
{"ts": 101694, "svc": "gateway", "status": 200, "latency_ms": 148}
{"ts": 101694, "svc": "payment", "status": 200, "latency_ms": 149}
{"ts": 101654, "svc": "auth", "status": 500, "latency_ms": 100}
{"ts": 101664, "svc": "auth", "status": 200, "latency_ms": 100}
{"ts": 101705, "svc": "gateway", "status": 500, "latency_ms": 100}
   
{"ts": 100000, "svc": "auth", "status": 200}
{"ts": 101705, "svc": "payment", "status": 200, "latency_ms": 101}
{"ts": 101705, "svc": "auth", "status": 200, "latency_ms": 102}
{"ts": 101705, "svc": "gateway", "status": 200, "latency_ms": 103}
{"ts": 101705, "svc": "payment", "status": 200, "latency_ms": 104}
{"ts": 101705, "svc": "auth", "status": 200, "latency_ms": 105}
{"ts": 101706, "svc": "gateway", "status": 200, "latency_ms": 106}
{"ts": 101706, "svc": "payment", "status": 200, "latency_ms": 107}
{"ts": 101706, "svc": "auth", "status": 500, "latency_ms": 108}
{"ts": 101706, "svc": "gateway", "status": 200, "latency_ms": 109}
{"ts": 101706, "svc": "payment", "status": 200, "latency_ms": 110}
{"ts": 101706, "svc": "auth", "status": 200, "latency_ms": 111}
{"ts": 101707, "svc": "gateway", "status": 200, "latency_ms": 112}
{"ts": 101707, "svc": "payment", "status": 200, "latency_ms": 113}
{"ts": 101707, "svc": "auth", "status": 200, "latency_ms": 114}
{"ts": 101707, "svc": "gateway", "status": 200, "latency_ms": 115}
{"ts": 101707, "svc": "payment", "status": 500, "latency_ms": 116}
{"ts": 101707, "svc": "auth", "status": 200, "latency_ms": 117}
{"ts": 101708, "svc": "gateway", "status": 200, "latency_ms": 118}
{"ts": 101708, "svc": "payment", "status": 200, "latency_ms": 119}
{"ts": 101708, "svc": "auth", "status": 200, "latency_ms": 120}
{"ts": 101708, "svc": "gateway", "status": 200, "latency_ms": 121}
{"ts": 101708, "svc": "payment", "status": 200, "latency_ms": 122}
{"ts": 101708, "svc": "auth", "status": 200, "latency_ms": 123}
{"ts": 101709, "svc": "gateway", "status": 500, "latency_ms": 124}
{"ts": 101709, "svc": "payment", "status": 200, "latency_ms": 125}
{"ts": 101709, "svc": "auth", "status": 200, "latency_ms": 126}
{"ts": 101709, "svc": "gateway", "status": 200, "latency_ms": 127}
{"ts": 101709, "svc": "payment", "status": 200, "latency_ms": 128}
{"ts": 101709, "svc": "auth", "status": 200, "latency_ms": 129}
{"ts": 101710, "svc": "gateway", "status": 200, "latency_ms": 130}
{"ts": 101710, "svc": "payment", "status": 200, "latency_ms": 131}
{"ts": 101710, "svc": "auth", "status": 500, "latency_ms": 132}
{"ts": 101710, "svc": "gateway", "status": 200, "latency_ms": 133}
{"ts": 101710, "svc": "payment", "status": 200, "latency_ms": 134}
{"ts": 101710, "svc": "auth", "status": 200, "latency_ms": 135}
{"ts": 101711, "svc": "gateway", "status": 200, "latency_ms": 136}
{"ts": 101711, "svc": "payment", "status": 200, "latency_ms": 137}
{"ts": 100000, "svc": "auth", "status": 200, "latency_ms": 100, "x": 1}
{"ts": 101711, "svc": "auth", "status": 200, "latency_ms": 138}
{"ts": 101711, "svc": "gateway", "status": 200, "latency_ms": 139}
{"ts": 101711, "svc": "payment", "status": 500, "latency_ms": 140}
{"ts": 101711, "svc": "auth", "status": 200, "latency_ms": 141}
{"ts": 101712, "svc": "gateway", "status": 200, "latency_ms": 142}
{"ts": 101712, "svc": "payment", "status": 200, "latency_ms": 143}
{"ts": 101712, "svc": "auth", "status": 200, "latency_ms": 144}
{"ts": 101712, "svc": "gateway", "status": 200, "latency_ms": 145}
{"ts": 101712, "svc": "payment", "status": 200, "latency_ms": 146}
{"ts": 101712, "svc": "auth", "status": 200, "latency_ms": 147}
{"ts": 101713, "svc": "gateway", "status": 500, "latency_ms": 148}
{"ts": 101713, "svc": "payment", "status": 200, "latency_ms": 149}
{"ts": 101713, "svc": "auth", "status": 200, "latency_ms": 100}
   
{"ts": 101713, "svc": "gateway", "status": 200, "latency_ms": 101}
{"ts": 101713, "svc": "payment", "status": 200, "latency_ms": 102}
{"ts": 101713, "svc": "auth", "status": 200, "latency_ms": 103}
{"ts": 101714, "svc": "gateway", "status": 200, "latency_ms": 104}
{"ts": 101714, "svc": "payment", "status": 200, "latency_ms": 105}
{"ts": 101714, "svc": "auth", "status": 500, "latency_ms": 106}
{"ts": 101714, "svc": "gateway", "status": 200, "latency_ms": 107}
{"ts": 101714, "svc": "payment", "status": 200, "latency_ms": 108}
{"ts": 101714, "svc": "auth", "status": 200, "latency_ms": 109}
{"ts": 101715, "svc": "gateway", "status": 200, "latency_ms": 110}
{"ts": 101715, "svc": "payment", "status": 200, "latency_ms": 111}
{"ts": 101715, "svc": "auth", "status": 200, "latency_ms": 112}
{"ts": 101715, "svc": "gateway", "status": 200, "latency_ms": 113}
{"ts": 101715, "svc": "payment", "status": 500, "latency_ms": 114}
{"ts": 101715, "svc": "auth", "status": 200, "latency_ms": 115}
{"ts": 101716, "svc": "gateway", "status": 200, "latency_ms": 116}
{"ts": 101716, "svc": "payment", "status": 200, "latency_ms": 117}
{"ts": 101716, "svc": "auth", "status": 200, "latency_ms": 118}
{"ts": 101716, "svc": "gateway", "status": 200, "latency_ms": 119}
{"ts": 101716, "svc": "payment", "status": 200, "latency_ms": 120}
{"ts": 101716, "svc": "auth", "status": 200, "latency_ms": 121}
{"ts": 101717, "svc": "gateway", "status": 500, "latency_ms": 122}
{"ts": 101717, "svc": "payment", "status": 200, "latency_ms": 123}
{"ts": 101717, "svc": "auth", "status": 200, "latency_ms": 124}
{"ts": 100000, "svc": "gateway", "status": 200.0, "latency_ms": 100}
{"ts": 101717, "svc": "gateway", "status": 200, "latency_ms": 125}
{"ts": 101717, "svc": "payment", "status": 200, "latency_ms": 126}
{"ts": 101717, "svc": "auth", "status": 200, "latency_ms": 127}
{"ts": 101718, "svc": "gateway", "status": 200, "latency_ms": 128}
{"ts": 101718, "svc": "payment", "status": 200, "latency_ms": 129}
{"ts": 101718, "svc": "auth", "status": 500, "latency_ms": 130}
{"ts": 101718, "svc": "gateway", "status": 200, "latency_ms": 131}
{"ts": 101718, "svc": "payment", "status": 200, "latency_ms": 132}
{"ts": 101718, "svc": "auth", "status": 200, "latency_ms": 133}
{"ts": 101719, "svc": "gateway", "status": 200, "latency_ms": 134}
{"ts": 101719, "svc": "payment", "status": 200, "latency_ms": 135}
{"ts": 101719, "svc": "auth", "status": 200, "latency_ms": 136}
{"ts": 101719, "svc": "gateway", "status": 200, "latency_ms": 137}
{"ts": 101719, "svc": "payment", "status": 500, "latency_ms": 138}
{"ts": 101719, "svc": "auth", "status": 200, "latency_ms": 139}
{"ts": 101720, "svc": "gateway", "status": 200, "latency_ms": 140}
{"ts": 101720, "svc": "payment", "status": 200, "latency_ms": 141}
{"ts": 101720, "svc": "auth", "status": 200, "latency_ms": 142}
{"ts": 101720, "svc": "gateway", "status": 200, "latency_ms": 143}
{"ts": 101720, "svc": "payment", "status": 200, "latency_ms": 144}
{"ts": 101720, "svc": "auth", "status": 200, "latency_ms": 145}
{"ts": 101721, "svc": "gateway", "status": 500, "latency_ms": 146}
{"ts": 101721, "svc": "payment", "status": 200, "latency_ms": 147}
{"ts": 101721, "svc": "auth", "status": 200, "latency_ms": 148}
{"ts": 101721, "svc": "gateway", "status": 200, "latency_ms": 149}
{"ts": 101721, "svc": "payment", "status": 200, "latency_ms": 100}
   
{"ts": 101721, "svc": "auth", "status": 200, "latency_ms": 101}
{"ts": 101722, "svc": "gateway", "status": 200, "latency_ms": 102}
{"ts": 101722, "svc": "payment", "status": 200, "latency_ms": 103}
{"ts": 101722, "svc": "auth", "status": 500, "latency_ms": 104}
{"ts": 101722, "svc": "gateway", "status": 200, "latency_ms": 105}
{"ts": 101722, "svc": "payment", "status": 200, "latency_ms": 106}
{"ts": 101722, "svc": "auth", "status": 200, "latency_ms": 107}
{"ts": 101723, "svc": "gateway", "status": 200, "latency_ms": 108}
{"ts": 101723, "svc": "payment", "status": 200, "latency_ms": 109}
{"ts": 101723, "svc": "auth", "status": 200, "latency_ms": 110}
{"ts": 101723, "svc": "gateway", "status": 200, "latency_ms": 111}
{"ts": true, "svc": "payment", "status": 200, "latency_ms": 100}
{"ts": 101723, "svc": "payment", "status": 500, "latency_ms": 112}
{"ts": 101723, "svc": "auth", "status": 200, "latency_ms": 113}
{"ts": 101724, "svc": "gateway", "status": 200, "latency_ms": 114}
{"ts": 101724, "svc": "payment", "status": 200, "latency_ms": 115}
{"ts": 101724, "svc": "auth", "status": 200, "latency_ms": 116}
{"ts": 101724, "svc": "gateway", "status": 200, "latency_ms": 117}
{"ts": 101724, "svc": "payment", "status": 200, "latency_ms": 118}
{"ts": 101724, "svc": "auth", "status": 200, "latency_ms": 119}
{"ts": 101725, "svc": "gateway", "status": 500, "latency_ms": 120}
{"ts": 101725, "svc": "payment", "status": 200, "latency_ms": 121}
{"ts": 101725, "svc": "auth", "status": 200, "latency_ms": 122}
{"ts": 101725, "svc": "gateway", "status": 200, "latency_ms": 123}
{"ts": 101725, "svc": "payment", "status": 200, "latency_ms": 124}
{"ts": 101725, "svc": "auth", "status": 200, "latency_ms": 125}
{"ts": 101726, "svc": "gateway", "status": 200, "latency_ms": 126}
{"ts": 101726, "svc": "payment", "status": 200, "latency_ms": 127}
{"ts": 101726, "svc": "auth", "status": 500, "latency_ms": 128}
{"ts": 101726, "svc": "gateway", "status": 200, "latency_ms": 129}
{"ts": 101726, "svc": "payment", "status": 200, "latency_ms": 130}
{"ts": 101726, "svc": "auth", "status": 200, "latency_ms": 131}
{"ts": 101727, "svc": "gateway", "status": 200, "latency_ms": 132}
{"ts": 101727, "svc": "payment", "status": 200, "latency_ms": 133}
{"ts": 101727, "svc": "auth", "status": 200, "latency_ms": 134}
{"ts": 101727, "svc": "gateway", "status": 200, "latency_ms": 135}
{"ts": 101727, "svc": "payment", "status": 500, "latency_ms": 136}
{"ts": 101727, "svc": "auth", "status": 200, "latency_ms": 137}
{"ts": 101728, "svc": "gateway", "status": 200, "latency_ms": 138}
{"ts": 101728, "svc": "payment", "status": 200, "latency_ms": 139}
{"ts": 101728, "svc": "auth", "status": 200, "latency_ms": 140}
{"ts": 101728, "svc": "gateway", "status": 200, "latency_ms": 141}
{"ts": 101728, "svc": "payment", "status": 200, "latency_ms": 142}
{"ts": 101728, "svc": "auth", "status": 200, "latency_ms": 143}
{"ts": 101729, "svc": "gateway", "status": 500, "latency_ms": 144}
{"ts": 101729, "svc": "payment", "status": 200, "latency_ms": 145}
{"ts": 101729, "svc": "auth", "status": 200, "latency_ms": 146}
{"ts": 101729, "svc": "gateway", "status": 200, "latency_ms": 147}
{"ts": 101729, "svc": "payment", "status": 200, "latency_ms": 148}
{"ts": 100000, "svc": "auth", "status": 99, "latency_ms": 100}
{"ts": 101729, "svc": "auth", "status": 200, "latency_ms": 149}
{"ts": 101730, "svc": "gateway", "status": 200, "latency_ms": 100}
   
{"ts": 101730, "svc": "payment", "status": 200, "latency_ms": 101}
{"ts": 101730, "svc": "auth", "status": 500, "latency_ms": 102}
{"ts": 101730, "svc": "gateway", "status": 200, "latency_ms": 103}
{"ts": 101730, "svc": "payment", "status": 200, "latency_ms": 104}
{"ts": 101730, "svc": "auth", "status": 200, "latency_ms": 105}
{"ts": 101731, "svc": "gateway", "status": 200, "latency_ms": 106}
{"ts": 101731, "svc": "payment", "status": 200, "latency_ms": 107}
{"ts": 101731, "svc": "auth", "status": 200, "latency_ms": 108}
{"ts": 101731, "svc": "gateway", "status": 200, "latency_ms": 109}
{"ts": 101731, "svc": "payment", "status": 500, "latency_ms": 110}
{"ts": 101731, "svc": "auth", "status": 200, "latency_ms": 111}
{"ts": 101732, "svc": "gateway", "status": 200, "latency_ms": 112}
{"ts": 101732, "svc": "payment", "status": 200, "latency_ms": 113}
{"ts": 101732, "svc": "auth", "status": 200, "latency_ms": 114}
{"ts": 101732, "svc": "gateway", "status": 200, "latency_ms": 115}
{"ts": 101732, "svc": "payment", "status": 200, "latency_ms": 116}
{"ts": 101732, "svc": "auth", "status": 200, "latency_ms": 117}
{"ts": 101733, "svc": "gateway", "status": 500, "latency_ms": 118}
{"ts": 101733, "svc": "payment", "status": 200, "latency_ms": 119}
{"ts": 101733, "svc": "auth", "status": 200, "latency_ms": 120}
{"ts": 101733, "svc": "gateway", "status": 200, "latency_ms": 121}
{"ts": 101733, "svc": "payment", "status": 200, "latency_ms": 122}
{"ts": 101733, "svc": "auth", "status": 200, "latency_ms": 123}
{"ts": 101734, "svc": "gateway", "status": 200, "latency_ms": 124}
{"ts": 101734, "svc": "payment", "status": 200, "latency_ms": 125}
{"ts": 101734, "svc": "auth", "status": 500, "latency_ms": 126}
{"ts": 101734, "svc": "gateway", "status": 200, "latency_ms": 127}
{"ts": 101734, "svc": "payment", "status": 200, "latency_ms": 128}
{"ts": 101734, "svc": "auth", "status": 200, "latency_ms": 129}
{"ts": 101735, "svc": "gateway", "status": 200, "latency_ms": 130}
{"ts": 101735, "svc": "payment", "status": 200, "latency_ms": 131}
{"ts": 101735, "svc": "auth", "status": 200, "latency_ms": 132}
{"ts": 101735, "svc": "gateway", "status": 200, "latency_ms": 133}
{"ts": 101735, "svc": "payment", "status": 500, "latency_ms": 134}
{"ts": 101735, "svc": "auth", "status": 200, "latency_ms": 135}
{"ts": 100000, "svc": "billing", "status": 200, "latency_ms": 100}
{"ts": 101736, "svc": "gateway", "status": 200, "latency_ms": 136}
{"ts": 101736, "svc": "payment", "status": 200, "latency_ms": 137}
{"ts": 101736, "svc": "auth", "status": 200, "latency_ms": 138}
{"ts": 101736, "svc": "gateway", "status": 200, "latency_ms": 139}
{"ts": 101736, "svc": "payment", "status": 200, "latency_ms": 140}
{"ts": 101736, "svc": "auth", "status": 200, "latency_ms": 141}
{"ts": 101737, "svc": "gateway", "status": 500, "latency_ms": 142}
{"ts": 101737, "svc": "payment", "status": 200, "latency_ms": 143}
{"ts": 101737, "svc": "auth", "status": 200, "latency_ms": 144}
{"ts": 101737, "svc": "gateway", "status": 200, "latency_ms": 145}
{"ts": 101737, "svc": "payment", "status": 200, "latency_ms": 146}
{"ts": 101737, "svc": "auth", "status": 200, "latency_ms": 147}
{"ts": 101738, "svc": "gateway", "status": 200, "latency_ms": 148}
{"ts": 101738, "svc": "payment", "status": 200, "latency_ms": 149}
{"ts": 101738, "svc": "auth", "status": 500, "latency_ms": 100}
   
{"ts": 101738, "svc": "gateway", "status": 200, "latency_ms": 101}
{"ts": 101738, "svc": "payment", "status": 200, "latency_ms": 102}
{"ts": 101738, "svc": "auth", "status": 200, "latency_ms": 103}
{"ts": 101739, "svc": "gateway", "status": 200, "latency_ms": 104}
{"ts": 101739, "svc": "payment", "status": 200, "latency_ms": 105}
{"ts": 101739, "svc": "auth", "status": 200, "latency_ms": 106}
{"ts": 101739, "svc": "gateway", "status": 200, "latency_ms": 107}
{"ts": 101739, "svc": "payment", "status": 500, "latency_ms": 108}
{"ts": 101739, "svc": "auth", "status": 200, "latency_ms": 109}
{"ts": 101740, "svc": "gateway", "status": 200, "latency_ms": 110}
{"ts": 101740, "svc": "payment", "status": 200, "latency_ms": 111}
{"ts": 101740, "svc": "auth", "status": 200, "latency_ms": 112}
{"ts": 101740, "svc": "gateway", "status": 200, "latency_ms": 113}
{"ts": 101740, "svc": "payment", "status": 200, "latency_ms": 114}
{"ts": 101740, "svc": "auth", "status": 200, "latency_ms": 115}
{"ts": 101741, "svc": "gateway", "status": 500, "latency_ms": 116}
{"ts": 101741, "svc": "payment", "status": 200, "latency_ms": 117}
{"ts": 101741, "svc": "auth", "status": 200, "latency_ms": 118}
{"ts": 101741, "svc": "gateway", "status": 200, "latency_ms": 119}
{"ts": 101741, "svc": "payment", "status": 200, "latency_ms": 120}
{"ts": 101741, "svc": "auth", "status": 200, "latency_ms": 121}
{"ts": 101742, "svc": "gateway", "status": 200, "latency_ms": 122}
{"ts": 100000, "svc": "gateway", "status": 200, "latency_ms": 1001}
{"ts": 101742, "svc": "payment", "status": 200, "latency_ms": 123}
{"ts": 101742, "svc": "auth", "status": 500, "latency_ms": 124}
{"ts": 101742, "svc": "gateway", "status": 200, "latency_ms": 125}
{"ts": 101742, "svc": "payment", "status": 200, "latency_ms": 126}
{"ts": 101742, "svc": "auth", "status": 200, "latency_ms": 127}
{"ts": 101743, "svc": "gateway", "status": 200, "latency_ms": 128}
{"ts": 101743, "svc": "payment", "status": 200, "latency_ms": 129}
{"ts": 101743, "svc": "auth", "status": 200, "latency_ms": 130}
{"ts": 101743, "svc": "gateway", "status": 200, "latency_ms": 131}
{"ts": 101743, "svc": "payment", "status": 500, "latency_ms": 132}
{"ts": 101743, "svc": "auth", "status": 200, "latency_ms": 133}
{"ts": 101744, "svc": "gateway", "status": 200, "latency_ms": 134}
{"ts": 101744, "svc": "payment", "status": 200, "latency_ms": 135}
{"ts": 101744, "svc": "auth", "status": 200, "latency_ms": 136}
{"ts": 101744, "svc": "gateway", "status": 200, "latency_ms": 137}
{"ts": 101744, "svc": "payment", "status": 200, "latency_ms": 138}
{"ts": 101744, "svc": "auth", "status": 200, "latency_ms": 139}
{"ts": 101745, "svc": "gateway", "status": 500, "latency_ms": 140}
{"ts": 101745, "svc": "payment", "status": 200, "latency_ms": 141}
{"ts": 101745, "svc": "auth", "status": 200, "latency_ms": 142}
{"ts": 101745, "svc": "gateway", "status": 200, "latency_ms": 143}
{"ts": 101745, "svc": "payment", "status": 200, "latency_ms": 144}
{"ts": 101745, "svc": "auth", "status": 200, "latency_ms": 145}
{"ts": 101746, "svc": "gateway", "status": 200, "latency_ms": 146}
{"ts": 101746, "svc": "payment", "status": 200, "latency_ms": 147}
{"ts": 101746, "svc": "auth", "status": 500, "latency_ms": 148}
{"ts": 101746, "svc": "gateway", "status": 200, "latency_ms": 149}
{"ts": 101746, "svc": "payment", "status": 200, "latency_ms": 100}
   
{"ts": 101746, "svc": "auth", "status": 200, "latency_ms": 101}
{"ts": 101747, "svc": "gateway", "status": 200, "latency_ms": 102}
{"ts": 101747, "svc": "payment", "status": 200, "latency_ms": 103}
{"ts": 101747, "svc": "auth", "status": 200, "latency_ms": 104}
{"ts": 101747, "svc": "gateway", "status": 200, "latency_ms": 105}
{"ts": 101747, "svc": "payment", "status": 500, "latency_ms": 106}
{"ts": 101747, "svc": "auth", "status": 200, "latency_ms": 107}
{"ts": 101748, "svc": "gateway", "status": 200, "latency_ms": 108}
{"ts": 101748, "svc": "payment", "status": 200, "latency_ms": 109}
{"ts": 100000, "svc": "payment", "status": 200, "latency_ms": false}
{"ts": 101748, "svc": "auth", "status": 200, "latency_ms": 110}
{"ts": 101748, "svc": "gateway", "status": 200, "latency_ms": 111}
{"ts": 101748, "svc": "payment", "status": 200, "latency_ms": 112}
{"ts": 101748, "svc": "auth", "status": 200, "latency_ms": 113}
{"ts": 101749, "svc": "gateway", "status": 500, "latency_ms": 114}
{"ts": 101749, "svc": "payment", "status": 200, "latency_ms": 115}
{"ts": 101749, "svc": "auth", "status": 200, "latency_ms": 116}
{"ts": 101749, "svc": "gateway", "status": 200, "latency_ms": 117}
{"ts": 101749, "svc": "payment", "status": 200, "latency_ms": 118}
{"ts": 101749, "svc": "auth", "status": 200, "latency_ms": 119}
{"ts": 101750, "svc": "gateway", "status": 200, "latency_ms": 120}
{"ts": 101750, "svc": "payment", "status": 200, "latency_ms": 121}
{"ts": 101750, "svc": "auth", "status": 500, "latency_ms": 122}
{"ts": 101750, "svc": "gateway", "status": 200, "latency_ms": 123}
{"ts": 101750, "svc": "payment", "status": 200, "latency_ms": 124}
{"ts": 101750, "svc": "auth", "status": 200, "latency_ms": 125}
{"ts": 101751, "svc": "gateway", "status": 200, "latency_ms": 126}
{"ts": 101751, "svc": "payment", "status": 200, "latency_ms": 127}
{"ts": 101751, "svc": "auth", "status": 200, "latency_ms": 128}
{"ts": 101751, "svc": "gateway", "status": 200, "latency_ms": 129}
{"ts": 101751, "svc": "payment", "status": 500, "latency_ms": 130}
{"ts": 101751, "svc": "auth", "status": 200, "latency_ms": 131}
{"ts": 101752, "svc": "gateway", "status": 200, "latency_ms": 132}
{"ts": 101752, "svc": "payment", "status": 200, "latency_ms": 133}
{"ts": 101752, "svc": "auth", "status": 200, "latency_ms": 134}
{"ts": 101752, "svc": "gateway", "status": 200, "latency_ms": 135}
{"ts": 101752, "svc": "payment", "status": 200, "latency_ms": 136}
{"ts": 101752, "svc": "auth", "status": 200, "latency_ms": 137}
{"ts": 101753, "svc": "gateway", "status": 500, "latency_ms": 138}
{"ts": 101753, "svc": "payment", "status": 200, "latency_ms": 139}
{"ts": 101753, "svc": "auth", "status": 200, "latency_ms": 140}
{"ts": 101753, "svc": "gateway", "status": 200, "latency_ms": 141}
{"ts": 101753, "svc": "payment", "status": 200, "latency_ms": 142}
{"ts": 101753, "svc": "auth", "status": 200, "latency_ms": 143}
{"ts": 101754, "svc": "gateway", "status": 200, "latency_ms": 144}
{"ts": 101754, "svc": "payment", "status": 200, "latency_ms": 145}
{"ts": 101754, "svc": "auth", "status": 500, "latency_ms": 146}
definitely not json {{
{"ts": 101754, "svc": "gateway", "status": 200, "latency_ms": 147}
{"ts": 101754, "svc": "payment", "status": 200, "latency_ms": 148}
{"ts": 101754, "svc": "auth", "status": 200, "latency_ms": 149}
{"ts": 101714, "svc": "gateway", "status": 500, "latency_ms": 100}
{"ts": 101724, "svc": "gateway", "status": 200, "latency_ms": 100}
{"ts": 101765, "svc": "payment", "status": 500, "latency_ms": 100}
   
{"ts": 100000, "svc": "auth", "status": 200, "latency_ms": 100, "x": 1}
{"ts": 101765, "svc": "auth", "status": 200, "latency_ms": 101}
{"ts": 101765, "svc": "gateway", "status": 200, "latency_ms": 102}
{"ts": 101765, "svc": "payment", "status": 200, "latency_ms": 103}
{"ts": 101765, "svc": "auth", "status": 200, "latency_ms": 104}
{"ts": 101765, "svc": "gateway", "status": 200, "latency_ms": 105}
{"ts": 101766, "svc": "payment", "status": 200, "latency_ms": 106}
{"ts": 101766, "svc": "auth", "status": 200, "latency_ms": 107}
{"ts": 101766, "svc": "gateway", "status": 500, "latency_ms": 108}
{"ts": 101766, "svc": "payment", "status": 200, "latency_ms": 109}
{"ts": 101766, "svc": "auth", "status": 200, "latency_ms": 110}
{"ts": 101766, "svc": "gateway", "status": 200, "latency_ms": 111}
{"ts": 101767, "svc": "payment", "status": 200, "latency_ms": 112}
{"ts": 101767, "svc": "auth", "status": 200, "latency_ms": 113}
{"ts": 101767, "svc": "gateway", "status": 200, "latency_ms": 114}
{"ts": 101767, "svc": "payment", "status": 200, "latency_ms": 115}
{"ts": 101767, "svc": "auth", "status": 500, "latency_ms": 116}
{"ts": 101767, "svc": "gateway", "status": 200, "latency_ms": 117}
{"ts": 101768, "svc": "payment", "status": 200, "latency_ms": 118}
{"ts": 101768, "svc": "auth", "status": 200, "latency_ms": 119}
{"ts": 101768, "svc": "gateway", "status": 200, "latency_ms": 120}
{"ts": 101768, "svc": "payment", "status": 200, "latency_ms": 121}
{"ts": 101768, "svc": "auth", "status": 200, "latency_ms": 122}
{"ts": 101768, "svc": "gateway", "status": 200, "latency_ms": 123}
{"ts": 101769, "svc": "payment", "status": 500, "latency_ms": 124}
{"ts": 101769, "svc": "auth", "status": 200, "latency_ms": 125}
{"ts": 101769, "svc": "gateway", "status": 200, "latency_ms": 126}
{"ts": 101769, "svc": "payment", "status": 200, "latency_ms": 127}
{"ts": 101769, "svc": "auth", "status": 200, "latency_ms": 128}
{"ts": 101769, "svc": "gateway", "status": 200, "latency_ms": 129}
{"ts": 101770, "svc": "payment", "status": 200, "latency_ms": 130}
{"ts": 101770, "svc": "auth", "status": 200, "latency_ms": 131}
{"ts": 101770, "svc": "gateway", "status": 500, "latency_ms": 132}
{"ts": 101770, "svc": "payment", "status": 200, "latency_ms": 133}
{"ts": 101770, "svc": "auth", "status": 200, "latency_ms": 134}
{"ts": 101770, "svc": "gateway", "status": 200, "latency_ms": 135}
{"ts": 101771, "svc": "payment", "status": 200, "latency_ms": 136}
{"ts": 101771, "svc": "auth", "status": 200, "latency_ms": 137}
{"ts": 100000, "svc": "gateway", "status": 200.0, "latency_ms": 100}
{"ts": 101771, "svc": "gateway", "status": 200, "latency_ms": 138}
{"ts": 101771, "svc": "payment", "status": 200, "latency_ms": 139}
{"ts": 101771, "svc": "auth", "status": 500, "latency_ms": 140}
{"ts": 101771, "svc": "gateway", "status": 200, "latency_ms": 141}
{"ts": 101772, "svc": "payment", "status": 200, "latency_ms": 142}
{"ts": 101772, "svc": "auth", "status": 200, "latency_ms": 143}
{"ts": 101772, "svc": "gateway", "status": 200, "latency_ms": 144}
{"ts": 101772, "svc": "payment", "status": 200, "latency_ms": 145}
{"ts": 101772, "svc": "auth", "status": 200, "latency_ms": 146}
{"ts": 101772, "svc": "gateway", "status": 200, "latency_ms": 147}
{"ts": 101773, "svc": "payment", "status": 500, "latency_ms": 148}
{"ts": 101773, "svc": "auth", "status": 200, "latency_ms": 149}
{"ts": 101773, "svc": "gateway", "status": 200, "latency_ms": 100}
   
{"ts": 101773, "svc": "payment", "status": 200, "latency_ms": 101}
{"ts": 101773, "svc": "auth", "status": 200, "latency_ms": 102}
{"ts": 101773, "svc": "gateway", "status": 200, "latency_ms": 103}
{"ts": 101774, "svc": "payment", "status": 200, "latency_ms": 104}
{"ts": 101774, "svc": "auth", "status": 200, "latency_ms": 105}
{"ts": 101774, "svc": "gateway", "status": 500, "latency_ms": 106}
{"ts": 101774, "svc": "payment", "status": 200, "latency_ms": 107}
{"ts": 101774, "svc": "auth", "status": 200, "latency_ms": 108}
{"ts": 101774, "svc": "gateway", "status": 200, "latency_ms": 109}
{"ts": 101775, "svc": "payment", "status": 200, "latency_ms": 110}
{"ts": 101775, "svc": "auth", "status": 200, "latency_ms": 111}
{"ts": 101775, "svc": "gateway", "status": 200, "latency_ms": 112}
{"ts": 101775, "svc": "payment", "status": 200, "latency_ms": 113}
{"ts": 101775, "svc": "auth", "status": 500, "latency_ms": 114}
{"ts": 101775, "svc": "gateway", "status": 200, "latency_ms": 115}
{"ts": 101776, "svc": "payment", "status": 200, "latency_ms": 116}
{"ts": 101776, "svc": "auth", "status": 200, "latency_ms": 117}
{"ts": 101776, "svc": "gateway", "status": 200, "latency_ms": 118}
{"ts": 101776, "svc": "payment", "status": 200, "latency_ms": 119}
{"ts": 101776, "svc": "auth", "status": 200, "latency_ms": 120}
{"ts": 101776, "svc": "gateway", "status": 200, "latency_ms": 121}
{"ts": 101777, "svc": "payment", "status": 500, "latency_ms": 122}
{"ts": 101777, "svc": "auth", "status": 200, "latency_ms": 123}
{"ts": 101777, "svc": "gateway", "status": 200, "latency_ms": 124}
{"ts": true, "svc": "payment", "status": 200, "latency_ms": 100}
{"ts": 101777, "svc": "payment", "status": 200, "latency_ms": 125}
{"ts": 101777, "svc": "auth", "status": 200, "latency_ms": 126}
{"ts": 101777, "svc": "gateway", "status": 200, "latency_ms": 127}
{"ts": 101778, "svc": "payment", "status": 200, "latency_ms": 128}
{"ts": 101778, "svc": "auth", "status": 200, "latency_ms": 129}
{"ts": 101778, "svc": "gateway", "status": 500, "latency_ms": 130}
{"ts": 101778, "svc": "payment", "status": 200, "latency_ms": 131}
{"ts": 101778, "svc": "auth", "status": 200, "latency_ms": 132}
{"ts": 101778, "svc": "gateway", "status": 200, "latency_ms": 133}
{"ts": 101779, "svc": "payment", "status": 200, "latency_ms": 134}
{"ts": 101779, "svc": "auth", "status": 200, "latency_ms": 135}
{"ts": 101779, "svc": "gateway", "status": 200, "latency_ms": 136}
{"ts": 101779, "svc": "payment", "status": 200, "latency_ms": 137}
{"ts": 101779, "svc": "auth", "status": 500, "latency_ms": 138}
{"ts": 101779, "svc": "gateway", "status": 200, "latency_ms": 139}
{"ts": 101780, "svc": "payment", "status": 200, "latency_ms": 140}
{"ts": 101780, "svc": "auth", "status": 200, "latency_ms": 141}
{"ts": 101780, "svc": "gateway", "status": 200, "latency_ms": 142}
{"ts": 101780, "svc": "payment", "status": 200, "latency_ms": 143}
{"ts": 101780, "svc": "auth", "status": 200, "latency_ms": 144}
{"ts": 101780, "svc": "gateway", "status": 200, "latency_ms": 145}
{"ts": 101781, "svc": "payment", "status": 500, "latency_ms": 146}
{"ts": 101781, "svc": "auth", "status": 200, "latency_ms": 147}
{"ts": 101781, "svc": "gateway", "status": 200, "latency_ms": 148}
{"ts": 101781, "svc": "payment", "status": 200, "latency_ms": 149}
{"ts": 101781, "svc": "auth", "status": 200, "latency_ms": 100}
   
{"ts": 101781, "svc": "gateway", "status": 200, "latency_ms": 101}
{"ts": 101782, "svc": "payment", "status": 200, "latency_ms": 102}
{"ts": 101782, "svc": "auth", "status": 200, "latency_ms": 103}
{"ts": 101782, "svc": "gateway", "status": 500, "latency_ms": 104}
{"ts": 101782, "svc": "payment", "status": 200, "latency_ms": 105}
{"ts": 101782, "svc": "auth", "status": 200, "latency_ms": 106}
{"ts": 101782, "svc": "gateway", "status": 200, "latency_ms": 107}
{"ts": 101783, "svc": "payment", "status": 200, "latency_ms": 108}
{"ts": 101783, "svc": "auth", "status": 200, "latency_ms": 109}
{"ts": 101783, "svc": "gateway", "status": 200, "latency_ms": 110}
{"ts": 101783, "svc": "payment", "status": 200, "latency_ms": 111}
{"ts": 100000, "svc": "auth", "status": 99, "latency_ms": 100}
{"ts": 101783, "svc": "auth", "status": 500, "latency_ms": 112}
{"ts": 101783, "svc": "gateway", "status": 200, "latency_ms": 113}
{"ts": 101784, "svc": "payment", "status": 200, "latency_ms": 114}
{"ts": 101784, "svc": "auth", "status": 200, "latency_ms": 115}
{"ts": 101784, "svc": "gateway", "status": 200, "latency_ms": 116}
{"ts": 101784, "svc": "payment", "status": 200, "latency_ms": 117}
{"ts": 101784, "svc": "auth", "status": 200, "latency_ms": 118}
{"ts": 101784, "svc": "gateway", "status": 200, "latency_ms": 119}
{"ts": 101785, "svc": "payment", "status": 500, "latency_ms": 120}
{"ts": 101785, "svc": "auth", "status": 200, "latency_ms": 121}
{"ts": 101785, "svc": "gateway", "status": 200, "latency_ms": 122}
{"ts": 101785, "svc": "payment", "status": 200, "latency_ms": 123}
{"ts": 101785, "svc": "auth", "status": 200, "latency_ms": 124}
{"ts": 101785, "svc": "gateway", "status": 200, "latency_ms": 125}
{"ts": 101786, "svc": "payment", "status": 200, "latency_ms": 126}
{"ts": 101786, "svc": "auth", "status": 200, "latency_ms": 127}
{"ts": 101786, "svc": "gateway", "status": 500, "latency_ms": 128}
{"ts": 101786, "svc": "payment", "status": 200, "latency_ms": 129}
{"ts": 101786, "svc": "auth", "status": 200, "latency_ms": 130}
{"ts": 101786, "svc": "gateway", "status": 200, "latency_ms": 131}
{"ts": 101787, "svc": "payment", "status": 200, "latency_ms": 132}
{"ts": 101787, "svc": "auth", "status": 200, "latency_ms": 133}
{"ts": 101787, "svc": "gateway", "status": 200, "latency_ms": 134}
{"ts": 101787, "svc": "payment", "status": 200, "latency_ms": 135}
{"ts": 101787, "svc": "auth", "status": 500, "latency_ms": 136}
{"ts": 101787, "svc": "gateway", "status": 200, "latency_ms": 137}
{"ts": 101788, "svc": "payment", "status": 200, "latency_ms": 138}
{"ts": 101788, "svc": "auth", "status": 200, "latency_ms": 139}
{"ts": 101788, "svc": "gateway", "status": 200, "latency_ms": 140}
{"ts": 101788, "svc": "payment", "status": 200, "latency_ms": 141}
{"ts": 101788, "svc": "auth", "status": 200, "latency_ms": 142}
{"ts": 101788, "svc": "gateway", "status": 200, "latency_ms": 143}
{"ts": 101789, "svc": "payment", "status": 500, "latency_ms": 144}
{"ts": 101789, "svc": "auth", "status": 200, "latency_ms": 145}
{"ts": 101789, "svc": "gateway", "status": 200, "latency_ms": 146}
{"ts": 101789, "svc": "payment", "status": 200, "latency_ms": 147}
{"ts": 101789, "svc": "auth", "status": 200, "latency_ms": 148}
{"ts": 100000, "svc": "billing", "status": 200, "latency_ms": 100}
{"ts": 101789, "svc": "gateway", "status": 200, "latency_ms": 149}
{"ts": 101790, "svc": "payment", "status": 200, "latency_ms": 100}
   
{"ts": 101790, "svc": "auth", "status": 200, "latency_ms": 101}
{"ts": 101790, "svc": "gateway", "status": 500, "latency_ms": 102}
{"ts": 101790, "svc": "payment", "status": 200, "latency_ms": 103}
{"ts": 101790, "svc": "auth", "status": 200, "latency_ms": 104}
{"ts": 101790, "svc": "gateway", "status": 200, "latency_ms": 105}
{"ts": 101791, "svc": "payment", "status": 200, "latency_ms": 106}
{"ts": 101791, "svc": "auth", "status": 200, "latency_ms": 107}
{"ts": 101791, "svc": "gateway", "status": 200, "latency_ms": 108}
{"ts": 101791, "svc": "payment", "status": 200, "latency_ms": 109}
{"ts": 101791, "svc": "auth", "status": 500, "latency_ms": 110}
{"ts": 101791, "svc": "gateway", "status": 200, "latency_ms": 111}
{"ts": 101792, "svc": "payment", "status": 200, "latency_ms": 112}
{"ts": 101792, "svc": "auth", "status": 200, "latency_ms": 113}
{"ts": 101792, "svc": "gateway", "status": 200, "latency_ms": 114}
{"ts": 101792, "svc": "payment", "status": 200, "latency_ms": 115}
{"ts": 101792, "svc": "auth", "status": 200, "latency_ms": 116}
{"ts": 101792, "svc": "gateway", "status": 200, "latency_ms": 117}
{"ts": 101793, "svc": "payment", "status": 500, "latency_ms": 118}
{"ts": 101793, "svc": "auth", "status": 200, "latency_ms": 119}
{"ts": 101793, "svc": "gateway", "status": 200, "latency_ms": 120}
{"ts": 101793, "svc": "payment", "status": 200, "latency_ms": 121}
{"ts": 101793, "svc": "auth", "status": 200, "latency_ms": 122}
{"ts": 101793, "svc": "gateway", "status": 200, "latency_ms": 123}
{"ts": 101794, "svc": "payment", "status": 200, "latency_ms": 124}
{"ts": 101794, "svc": "auth", "status": 200, "latency_ms": 125}
{"ts": 101794, "svc": "gateway", "status": 500, "latency_ms": 126}
{"ts": 101794, "svc": "payment", "status": 200, "latency_ms": 127}
{"ts": 101794, "svc": "auth", "status": 200, "latency_ms": 128}
{"ts": 101794, "svc": "gateway", "status": 200, "latency_ms": 129}
{"ts": 101795, "svc": "payment", "status": 200, "latency_ms": 130}
{"ts": 101795, "svc": "auth", "status": 200, "latency_ms": 131}
{"ts": 101795, "svc": "gateway", "status": 200, "latency_ms": 132}
{"ts": 101795, "svc": "payment", "status": 200, "latency_ms": 133}
{"ts": 101795, "svc": "auth", "status": 500, "latency_ms": 134}
{"ts": 101795, "svc": "gateway", "status": 200, "latency_ms": 135}
{"ts": 100000, "svc": "gateway", "status": 200, "latency_ms": 1001}
{"ts": 101796, "svc": "payment", "status": 200, "latency_ms": 136}
{"ts": 101796, "svc": "auth", "status": 200, "latency_ms": 137}
{"ts": 101796, "svc": "gateway", "status": 200, "latency_ms": 138}
{"ts": 101796, "svc": "payment", "status": 200, "latency_ms": 139}
{"ts": 101796, "svc": "auth", "status": 200, "latency_ms": 140}
{"ts": 101796, "svc": "gateway", "status": 200, "latency_ms": 141}
{"ts": 101797, "svc": "payment", "status": 500, "latency_ms": 142}
{"ts": 101797, "svc": "auth", "status": 200, "latency_ms": 143}
{"ts": 101797, "svc": "gateway", "status": 200, "latency_ms": 144}
{"ts": 101797, "svc": "payment", "status": 200, "latency_ms": 145}
{"ts": 101797, "svc": "auth", "status": 200, "latency_ms": 146}
{"ts": 101797, "svc": "gateway", "status": 200, "latency_ms": 147}
{"ts": 101798, "svc": "payment", "status": 200, "latency_ms": 148}
{"ts": 101798, "svc": "auth", "status": 200, "latency_ms": 149}
{"ts": 101798, "svc": "gateway", "status": 500, "latency_ms": 100}
   
{"ts": 101798, "svc": "payment", "status": 200, "latency_ms": 101}
{"ts": 101798, "svc": "auth", "status": 200, "latency_ms": 102}
{"ts": 101798, "svc": "gateway", "status": 200, "latency_ms": 103}
{"ts": 101799, "svc": "payment", "status": 200, "latency_ms": 104}
{"ts": 101799, "svc": "auth", "status": 200, "latency_ms": 105}
{"ts": 101799, "svc": "gateway", "status": 200, "latency_ms": 106}
{"ts": 101799, "svc": "payment", "status": 200, "latency_ms": 107}
{"ts": 101799, "svc": "auth", "status": 500, "latency_ms": 108}
{"ts": 101799, "svc": "gateway", "status": 200, "latency_ms": 109}
{"ts": 101800, "svc": "payment", "status": 200, "latency_ms": 110}
{"ts": 101800, "svc": "auth", "status": 200, "latency_ms": 111}
{"ts": 101800, "svc": "gateway", "status": 200, "latency_ms": 112}
{"ts": 101800, "svc": "payment", "status": 200, "latency_ms": 113}
{"ts": 101800, "svc": "auth", "status": 200, "latency_ms": 114}
{"ts": 101800, "svc": "gateway", "status": 200, "latency_ms": 115}
{"ts": 101801, "svc": "payment", "status": 500, "latency_ms": 116}
{"ts": 101801, "svc": "auth", "status": 200, "latency_ms": 117}
{"ts": 101801, "svc": "gateway", "status": 200, "latency_ms": 118}
{"ts": 101801, "svc": "payment", "status": 200, "latency_ms": 119}
{"ts": 101801, "svc": "auth", "status": 200, "latency_ms": 120}
{"ts": 101801, "svc": "gateway", "status": 200, "latency_ms": 121}
{"ts": 101802, "svc": "payment", "status": 200, "latency_ms": 122}
{"ts": 100000, "svc": "payment", "status": 200, "latency_ms": false}
{"ts": 101802, "svc": "auth", "status": 200, "latency_ms": 123}
{"ts": 101802, "svc": "gateway", "status": 500, "latency_ms": 124}
{"ts": 101802, "svc": "payment", "status": 200, "latency_ms": 125}
{"ts": 101802, "svc": "auth", "status": 200, "latency_ms": 126}
{"ts": 101802, "svc": "gateway", "status": 200, "latency_ms": 127}
{"ts": 101803, "svc": "payment", "status": 200, "latency_ms": 128}
{"ts": 101803, "svc": "auth", "status": 200, "latency_ms": 129}
{"ts": 101803, "svc": "gateway", "status": 200, "latency_ms": 130}
{"ts": 101803, "svc": "payment", "status": 200, "latency_ms": 131}
{"ts": 101803, "svc": "auth", "status": 500, "latency_ms": 132}
{"ts": 101803, "svc": "gateway", "status": 200, "latency_ms": 133}
{"ts": 101804, "svc": "payment", "status": 200, "latency_ms": 134}
{"ts": 101804, "svc": "auth", "status": 200, "latency_ms": 135}
{"ts": 101804, "svc": "gateway", "status": 200, "latency_ms": 136}
{"ts": 101804, "svc": "payment", "status": 200, "latency_ms": 137}
{"ts": 101804, "svc": "auth", "status": 200, "latency_ms": 138}
{"ts": 101804, "svc": "gateway", "status": 200, "latency_ms": 139}
{"ts": 101805, "svc": "payment", "status": 500, "latency_ms": 140}
{"ts": 101805, "svc": "auth", "status": 200, "latency_ms": 141}
{"ts": 101805, "svc": "gateway", "status": 200, "latency_ms": 142}
{"ts": 101805, "svc": "payment", "status": 200, "latency_ms": 143}
{"ts": 101805, "svc": "auth", "status": 200, "latency_ms": 144}
{"ts": 101805, "svc": "gateway", "status": 200, "latency_ms": 145}
{"ts": 101806, "svc": "payment", "status": 200, "latency_ms": 146}
{"ts": 101806, "svc": "auth", "status": 200, "latency_ms": 147}
{"ts": 101806, "svc": "gateway", "status": 500, "latency_ms": 148}
{"ts": 101806, "svc": "payment", "status": 200, "latency_ms": 149}
{"ts": 101806, "svc": "auth", "status": 200, "latency_ms": 100}
   
{"ts": 101806, "svc": "gateway", "status": 200, "latency_ms": 101}
{"ts": 101807, "svc": "payment", "status": 200, "latency_ms": 102}
{"ts": 101807, "svc": "auth", "status": 200, "latency_ms": 103}
{"ts": 101807, "svc": "gateway", "status": 200, "latency_ms": 104}
{"ts": 101807, "svc": "payment", "status": 200, "latency_ms": 105}
{"ts": 101807, "svc": "auth", "status": 500, "latency_ms": 106}
{"ts": 101807, "svc": "gateway", "status": 200, "latency_ms": 107}
{"ts": 101808, "svc": "payment", "status": 200, "latency_ms": 108}
{"ts": 101808, "svc": "auth", "status": 200, "latency_ms": 109}
definitely not json {{
{"ts": 101808, "svc": "gateway", "status": 200, "latency_ms": 110}
{"ts": 101808, "svc": "payment", "status": 200, "latency_ms": 111}
{"ts": 101808, "svc": "auth", "status": 200, "latency_ms": 112}
{"ts": 101808, "svc": "gateway", "status": 200, "latency_ms": 113}
{"ts": 101809, "svc": "payment", "status": 500, "latency_ms": 114}
{"ts": 101809, "svc": "auth", "status": 200, "latency_ms": 115}
{"ts": 101809, "svc": "gateway", "status": 200, "latency_ms": 116}
{"ts": 101809, "svc": "payment", "status": 200, "latency_ms": 117}
{"ts": 101809, "svc": "auth", "status": 200, "latency_ms": 118}
{"ts": 101809, "svc": "gateway", "status": 200, "latency_ms": 119}
{"ts": 101810, "svc": "payment", "status": 200, "latency_ms": 120}
{"ts": 101810, "svc": "auth", "status": 200, "latency_ms": 121}
{"ts": 101810, "svc": "gateway", "status": 500, "latency_ms": 122}
{"ts": 101810, "svc": "payment", "status": 200, "latency_ms": 123}
{"ts": 101810, "svc": "auth", "status": 200, "latency_ms": 124}
{"ts": 101810, "svc": "gateway", "status": 200, "latency_ms": 125}
{"ts": 101811, "svc": "payment", "status": 200, "latency_ms": 126}
{"ts": 101811, "svc": "auth", "status": 200, "latency_ms": 127}
{"ts": 101811, "svc": "gateway", "status": 200, "latency_ms": 128}
{"ts": 101811, "svc": "payment", "status": 200, "latency_ms": 129}
{"ts": 101811, "svc": "auth", "status": 500, "latency_ms": 130}
{"ts": 101811, "svc": "gateway", "status": 200, "latency_ms": 131}
{"ts": 101812, "svc": "payment", "status": 200, "latency_ms": 132}
{"ts": 101812, "svc": "auth", "status": 200, "latency_ms": 133}
{"ts": 101812, "svc": "gateway", "status": 200, "latency_ms": 134}
{"ts": 101812, "svc": "payment", "status": 200, "latency_ms": 135}
{"ts": 101812, "svc": "auth", "status": 200, "latency_ms": 136}
{"ts": 101812, "svc": "gateway", "status": 200, "latency_ms": 137}
{"ts": 101813, "svc": "payment", "status": 500, "latency_ms": 138}
{"ts": 101813, "svc": "auth", "status": 200, "latency_ms": 139}
{"ts": 101813, "svc": "gateway", "status": 200, "latency_ms": 140}
{"ts": 101813, "svc": "payment", "status": 200, "latency_ms": 141}
{"ts": 101813, "svc": "auth", "status": 200, "latency_ms": 142}
{"ts": 101813, "svc": "gateway", "status": 200, "latency_ms": 143}
{"ts": 101814, "svc": "payment", "status": 200, "latency_ms": 144}
{"ts": 101814, "svc": "auth", "status": 200, "latency_ms": 145}
{"ts": 101814, "svc": "gateway", "status": 500, "latency_ms": 146}
{"ts": 100000, "svc": "auth", "status": 200}
{"ts": 101814, "svc": "payment", "status": 200, "latency_ms": 147}
{"ts": 101814, "svc": "auth", "status": 200, "latency_ms": 148}
{"ts": 101814, "svc": "gateway", "status": 200, "latency_ms": 149}
{"ts": 101774, "svc": "payment", "status": 500, "latency_ms": 100}
{"ts": 101784, "svc": "payment", "status": 200, "latency_ms": 100}
{"ts": 101825, "svc": "auth", "status": 500, "latency_ms": 100}
   
{"ts": 100000, "svc": "gateway", "status": 200.0, "latency_ms": 100}
{"ts": 101825, "svc": "gateway", "status": 200, "latency_ms": 101}
{"ts": 101825, "svc": "payment", "status": 200, "latency_ms": 102}
{"ts": 101825, "svc": "auth", "status": 200, "latency_ms": 103}
{"ts": 101825, "svc": "gateway", "status": 200, "latency_ms": 104}
{"ts": 101825, "svc": "payment", "status": 200, "latency_ms": 105}
{"ts": 101826, "svc": "auth", "status": 200, "latency_ms": 106}
{"ts": 101826, "svc": "gateway", "status": 200, "latency_ms": 107}
{"ts": 101826, "svc": "payment", "status": 500, "latency_ms": 108}
{"ts": 101826, "svc": "auth", "status": 200, "latency_ms": 109}
{"ts": 101826, "svc": "gateway", "status": 200, "latency_ms": 110}
{"ts": 101826, "svc": "payment", "status": 200, "latency_ms": 111}
{"ts": 101827, "svc": "auth", "status": 200, "latency_ms": 112}
{"ts": 101827, "svc": "gateway", "status": 200, "latency_ms": 113}
{"ts": 101827, "svc": "payment", "status": 200, "latency_ms": 114}
{"ts": 101827, "svc": "auth", "status": 200, "latency_ms": 115}
{"ts": 101827, "svc": "gateway", "status": 500, "latency_ms": 116}
{"ts": 101827, "svc": "payment", "status": 200, "latency_ms": 117}
{"ts": 101828, "svc": "auth", "status": 200, "latency_ms": 118}
{"ts": 101828, "svc": "gateway", "status": 200, "latency_ms": 119}
{"ts": 101828, "svc": "payment", "status": 200, "latency_ms": 120}
{"ts": 101828, "svc": "auth", "status": 200, "latency_ms": 121}
{"ts": 101828, "svc": "gateway", "status": 200, "latency_ms": 122}
{"ts": 101828, "svc": "payment", "status": 200, "latency_ms": 123}
{"ts": 101829, "svc": "auth", "status": 500, "latency_ms": 124}
{"ts": 101829, "svc": "gateway", "status": 200, "latency_ms": 125}
{"ts": 101829, "svc": "payment", "status": 200, "latency_ms": 126}
{"ts": 101829, "svc": "auth", "status": 200, "latency_ms": 127}
{"ts": 101829, "svc": "gateway", "status": 200, "latency_ms": 128}
{"ts": 101829, "svc": "payment", "status": 200, "latency_ms": 129}
{"ts": 101830, "svc": "auth", "status": 200, "latency_ms": 130}
{"ts": 101830, "svc": "gateway", "status": 200, "latency_ms": 131}
{"ts": 101830, "svc": "payment", "status": 500, "latency_ms": 132}
{"ts": 101830, "svc": "auth", "status": 200, "latency_ms": 133}
{"ts": 101830, "svc": "gateway", "status": 200, "latency_ms": 134}
{"ts": 101830, "svc": "payment", "status": 200, "latency_ms": 135}
{"ts": 101831, "svc": "auth", "status": 200, "latency_ms": 136}
{"ts": 101831, "svc": "gateway", "status": 200, "latency_ms": 137}
{"ts": true, "svc": "payment", "status": 200, "latency_ms": 100}
{"ts": 101831, "svc": "payment", "status": 200, "latency_ms": 138}
{"ts": 101831, "svc": "auth", "status": 200, "latency_ms": 139}
{"ts": 101831, "svc": "gateway", "status": 500, "latency_ms": 140}
{"ts": 101831, "svc": "payment", "status": 200, "latency_ms": 141}
{"ts": 101832, "svc": "auth", "status": 200, "latency_ms": 142}
{"ts": 101832, "svc": "gateway", "status": 200, "latency_ms": 143}
{"ts": 101832, "svc": "payment", "status": 200, "latency_ms": 144}
{"ts": 101832, "svc": "auth", "status": 200, "latency_ms": 145}
{"ts": 101832, "svc": "gateway", "status": 200, "latency_ms": 146}
{"ts": 101832, "svc": "payment", "status": 200, "latency_ms": 147}
{"ts": 101833, "svc": "auth", "status": 500, "latency_ms": 148}
{"ts": 101833, "svc": "gateway", "status": 200, "latency_ms": 149}
{"ts": 101833, "svc": "payment", "status": 200, "latency_ms": 100}
   
{"ts": 101833, "svc": "auth", "status": 200, "latency_ms": 101}
{"ts": 101833, "svc": "gateway", "status": 200, "latency_ms": 102}
{"ts": 101833, "svc": "payment", "status": 200, "latency_ms": 103}
{"ts": 101834, "svc": "auth", "status": 200, "latency_ms": 104}
{"ts": 101834, "svc": "gateway", "status": 200, "latency_ms": 105}
{"ts": 101834, "svc": "payment", "status": 500, "latency_ms": 106}
{"ts": 101834, "svc": "auth", "status": 200, "latency_ms": 107}
{"ts": 101834, "svc": "gateway", "status": 200, "latency_ms": 108}
{"ts": 101834, "svc": "payment", "status": 200, "latency_ms": 109}
{"ts": 101835, "svc": "auth", "status": 200, "latency_ms": 110}
{"ts": 101835, "svc": "gateway", "status": 200, "latency_ms": 111}
{"ts": 101835, "svc": "payment", "status": 200, "latency_ms": 112}
{"ts": 101835, "svc": "auth", "status": 200, "latency_ms": 113}
{"ts": 101835, "svc": "gateway", "status": 500, "latency_ms": 114}
{"ts": 101835, "svc": "payment", "status": 200, "latency_ms": 115}
{"ts": 101836, "svc": "auth", "status": 200, "latency_ms": 116}
{"ts": 101836, "svc": "gateway", "status": 200, "latency_ms": 117}
{"ts": 101836, "svc": "payment", "status": 200, "latency_ms": 118}
{"ts": 101836, "svc": "auth", "status": 200, "latency_ms": 119}
{"ts": 101836, "svc": "gateway", "status": 200, "latency_ms": 120}
{"ts": 101836, "svc": "payment", "status": 200, "latency_ms": 121}
{"ts": 101837, "svc": "auth", "status": 500, "latency_ms": 122}
{"ts": 101837, "svc": "gateway", "status": 200, "latency_ms": 123}
{"ts": 101837, "svc": "payment", "status": 200, "latency_ms": 124}
{"ts": 100000, "svc": "auth", "status": 99, "latency_ms": 100}
{"ts": 101837, "svc": "auth", "status": 200, "latency_ms": 125}
{"ts": 101837, "svc": "gateway", "status": 200, "latency_ms": 126}
{"ts": 101837, "svc": "payment", "status": 200, "latency_ms": 127}
{"ts": 101838, "svc": "auth", "status": 200, "latency_ms": 128}
{"ts": 101838, "svc": "gateway", "status": 200, "latency_ms": 129}
{"ts": 101838, "svc": "payment", "status": 500, "latency_ms": 130}
{"ts": 101838, "svc": "auth", "status": 200, "latency_ms": 131}
{"ts": 101838, "svc": "gateway", "status": 200, "latency_ms": 132}
{"ts": 101838, "svc": "payment", "status": 200, "latency_ms": 133}
{"ts": 101839, "svc": "auth", "status": 200, "latency_ms": 134}
{"ts": 101839, "svc": "gateway", "status": 200, "latency_ms": 135}
{"ts": 101839, "svc": "payment", "status": 200, "latency_ms": 136}
{"ts": 101839, "svc": "auth", "status": 200, "latency_ms": 137}
{"ts": 101839, "svc": "gateway", "status": 500, "latency_ms": 138}
{"ts": 101839, "svc": "payment", "status": 200, "latency_ms": 139}
{"ts": 101840, "svc": "auth", "status": 200, "latency_ms": 140}
{"ts": 101840, "svc": "gateway", "status": 200, "latency_ms": 141}
{"ts": 101840, "svc": "payment", "status": 200, "latency_ms": 142}
{"ts": 101840, "svc": "auth", "status": 200, "latency_ms": 143}
{"ts": 101840, "svc": "gateway", "status": 200, "latency_ms": 144}
{"ts": 101840, "svc": "payment", "status": 200, "latency_ms": 145}
{"ts": 101841, "svc": "auth", "status": 500, "latency_ms": 146}
{"ts": 101841, "svc": "gateway", "status": 200, "latency_ms": 147}
{"ts": 101841, "svc": "payment", "status": 200, "latency_ms": 148}
{"ts": 101841, "svc": "auth", "status": 200, "latency_ms": 149}
{"ts": 101841, "svc": "gateway", "status": 200, "latency_ms": 100}
   
{"ts": 101841, "svc": "payment", "status": 200, "latency_ms": 101}
{"ts": 101842, "svc": "auth", "status": 200, "latency_ms": 102}
{"ts": 101842, "svc": "gateway", "status": 200, "latency_ms": 103}
{"ts": 101842, "svc": "payment", "status": 500, "latency_ms": 104}
{"ts": 101842, "svc": "auth", "status": 200, "latency_ms": 105}
{"ts": 101842, "svc": "gateway", "status": 200, "latency_ms": 106}
{"ts": 101842, "svc": "payment", "status": 200, "latency_ms": 107}
{"ts": 101843, "svc": "auth", "status": 200, "latency_ms": 108}
{"ts": 101843, "svc": "gateway", "status": 200, "latency_ms": 109}
{"ts": 101843, "svc": "payment", "status": 200, "latency_ms": 110}
{"ts": 101843, "svc": "auth", "status": 200, "latency_ms": 111}
{"ts": 100000, "svc": "billing", "status": 200, "latency_ms": 100}
{"ts": 101843, "svc": "gateway", "status": 500, "latency_ms": 112}
{"ts": 101843, "svc": "payment", "status": 200, "latency_ms": 113}
{"ts": 101844, "svc": "auth", "status": 200, "latency_ms": 114}
{"ts": 101844, "svc": "gateway", "status": 200, "latency_ms": 115}
{"ts": 101844, "svc": "payment", "status": 200, "latency_ms": 116}
{"ts": 101844, "svc": "auth", "status": 200, "latency_ms": 117}
{"ts": 101844, "svc": "gateway", "status": 200, "latency_ms": 118}
{"ts": 101844, "svc": "payment", "status": 200, "latency_ms": 119}
{"ts": 101845, "svc": "auth", "status": 500, "latency_ms": 120}
{"ts": 101845, "svc": "gateway", "status": 200, "latency_ms": 121}
{"ts": 101845, "svc": "payment", "status": 200, "latency_ms": 122}
{"ts": 101845, "svc": "auth", "status": 200, "latency_ms": 123}
{"ts": 101845, "svc": "gateway", "status": 200, "latency_ms": 124}
{"ts": 101845, "svc": "payment", "status": 200, "latency_ms": 125}
{"ts": 101846, "svc": "auth", "status": 200, "latency_ms": 126}
{"ts": 101846, "svc": "gateway", "status": 200, "latency_ms": 127}
{"ts": 101846, "svc": "payment", "status": 500, "latency_ms": 128}
{"ts": 101846, "svc": "auth", "status": 200, "latency_ms": 129}
{"ts": 101846, "svc": "gateway", "status": 200, "latency_ms": 130}
{"ts": 101846, "svc": "payment", "status": 200, "latency_ms": 131}
{"ts": 101847, "svc": "auth", "status": 200, "latency_ms": 132}
{"ts": 101847, "svc": "gateway", "status": 200, "latency_ms": 133}
{"ts": 101847, "svc": "payment", "status": 200, "latency_ms": 134}
{"ts": 101847, "svc": "auth", "status": 200, "latency_ms": 135}
{"ts": 101847, "svc": "gateway", "status": 500, "latency_ms": 136}
{"ts": 101847, "svc": "payment", "status": 200, "latency_ms": 137}
{"ts": 101848, "svc": "auth", "status": 200, "latency_ms": 138}
{"ts": 101848, "svc": "gateway", "status": 200, "latency_ms": 139}
{"ts": 101848, "svc": "payment", "status": 200, "latency_ms": 140}
{"ts": 101848, "svc": "auth", "status": 200, "latency_ms": 141}
{"ts": 101848, "svc": "gateway", "status": 200, "latency_ms": 142}
{"ts": 101848, "svc": "payment", "status": 200, "latency_ms": 143}
{"ts": 101849, "svc": "auth", "status": 500, "latency_ms": 144}
{"ts": 101849, "svc": "gateway", "status": 200, "latency_ms": 145}
{"ts": 101849, "svc": "payment", "status": 200, "latency_ms": 146}
{"ts": 101849, "svc": "auth", "status": 200, "latency_ms": 147}
{"ts": 101849, "svc": "gateway", "status": 200, "latency_ms": 148}
{"ts": 100000, "svc": "gateway", "status": 200, "latency_ms": 1001}
{"ts": 101849, "svc": "payment", "status": 200, "latency_ms": 149}
{"ts": 101850, "svc": "auth", "status": 200, "latency_ms": 100}
   
{"ts": 101850, "svc": "gateway", "status": 200, "latency_ms": 101}
{"ts": 101850, "svc": "payment", "status": 500, "latency_ms": 102}
{"ts": 101850, "svc": "auth", "status": 200, "latency_ms": 103}
{"ts": 101850, "svc": "gateway", "status": 200, "latency_ms": 104}
{"ts": 101850, "svc": "payment", "status": 200, "latency_ms": 105}
{"ts": 101851, "svc": "auth", "status": 200, "latency_ms": 106}
{"ts": 101851, "svc": "gateway", "status": 200, "latency_ms": 107}
{"ts": 101851, "svc": "payment", "status": 200, "latency_ms": 108}
{"ts": 101851, "svc": "auth", "status": 200, "latency_ms": 109}
{"ts": 101851, "svc": "gateway", "status": 500, "latency_ms": 110}
{"ts": 101851, "svc": "payment", "status": 200, "latency_ms": 111}
{"ts": 101852, "svc": "auth", "status": 200, "latency_ms": 112}
{"ts": 101852, "svc": "gateway", "status": 200, "latency_ms": 113}
{"ts": 101852, "svc": "payment", "status": 200, "latency_ms": 114}
{"ts": 101852, "svc": "auth", "status": 200, "latency_ms": 115}
{"ts": 101852, "svc": "gateway", "status": 200, "latency_ms": 116}
{"ts": 101852, "svc": "payment", "status": 200, "latency_ms": 117}
{"ts": 101853, "svc": "auth", "status": 500, "latency_ms": 118}
{"ts": 101853, "svc": "gateway", "status": 200, "latency_ms": 119}
{"ts": 101853, "svc": "payment", "status": 200, "latency_ms": 120}
{"ts": 101853, "svc": "auth", "status": 200, "latency_ms": 121}
{"ts": 101853, "svc": "gateway", "status": 200, "latency_ms": 122}
{"ts": 101853, "svc": "payment", "status": 200, "latency_ms": 123}
{"ts": 101854, "svc": "auth", "status": 200, "latency_ms": 124}
{"ts": 101854, "svc": "gateway", "status": 200, "latency_ms": 125}
{"ts": 101854, "svc": "payment", "status": 500, "latency_ms": 126}
{"ts": 101854, "svc": "auth", "status": 200, "latency_ms": 127}
{"ts": 101854, "svc": "gateway", "status": 200, "latency_ms": 128}
{"ts": 101854, "svc": "payment", "status": 200, "latency_ms": 129}
{"ts": 101855, "svc": "auth", "status": 200, "latency_ms": 130}
{"ts": 101855, "svc": "gateway", "status": 200, "latency_ms": 131}
{"ts": 101855, "svc": "payment", "status": 200, "latency_ms": 132}
{"ts": 101855, "svc": "auth", "status": 200, "latency_ms": 133}
{"ts": 101855, "svc": "gateway", "status": 500, "latency_ms": 134}
{"ts": 101855, "svc": "payment", "status": 200, "latency_ms": 135}
{"ts": 100000, "svc": "payment", "status": 200, "latency_ms": false}
{"ts": 101856, "svc": "auth", "status": 200, "latency_ms": 136}
{"ts": 101856, "svc": "gateway", "status": 200, "latency_ms": 137}
{"ts": 101856, "svc": "payment", "status": 200, "latency_ms": 138}
{"ts": 101856, "svc": "auth", "status": 200, "latency_ms": 139}
{"ts": 101856, "svc": "gateway", "status": 200, "latency_ms": 140}
{"ts": 101856, "svc": "payment", "status": 200, "latency_ms": 141}
{"ts": 101857, "svc": "auth", "status": 500, "latency_ms": 142}
{"ts": 101857, "svc": "gateway", "status": 200, "latency_ms": 143}
{"ts": 101857, "svc": "payment", "status": 200, "latency_ms": 144}
{"ts": 101857, "svc": "auth", "status": 200, "latency_ms": 145}
{"ts": 101857, "svc": "gateway", "status": 200, "latency_ms": 146}
{"ts": 101857, "svc": "payment", "status": 200, "latency_ms": 147}
{"ts": 101858, "svc": "auth", "status": 200, "latency_ms": 148}
{"ts": 101858, "svc": "gateway", "status": 200, "latency_ms": 149}
{"ts": 101858, "svc": "payment", "status": 500, "latency_ms": 100}
   
{"ts": 101858, "svc": "auth", "status": 200, "latency_ms": 101}
{"ts": 101858, "svc": "gateway", "status": 200, "latency_ms": 102}
{"ts": 101858, "svc": "payment", "status": 200, "latency_ms": 103}
{"ts": 101859, "svc": "auth", "status": 200, "latency_ms": 104}
{"ts": 101859, "svc": "gateway", "status": 200, "latency_ms": 105}
{"ts": 101859, "svc": "payment", "status": 200, "latency_ms": 106}
{"ts": 101859, "svc": "auth", "status": 200, "latency_ms": 107}
{"ts": 101859, "svc": "gateway", "status": 500, "latency_ms": 108}
{"ts": 101859, "svc": "payment", "status": 200, "latency_ms": 109}
{"ts": 101860, "svc": "auth", "status": 200, "latency_ms": 110}
{"ts": 101860, "svc": "gateway", "status": 200, "latency_ms": 111}
{"ts": 101860, "svc": "payment", "status": 200, "latency_ms": 112}
{"ts": 101860, "svc": "auth", "status": 200, "latency_ms": 113}
{"ts": 101860, "svc": "gateway", "status": 200, "latency_ms": 114}
{"ts": 101860, "svc": "payment", "status": 200, "latency_ms": 115}
{"ts": 101861, "svc": "auth", "status": 500, "latency_ms": 116}
{"ts": 101861, "svc": "gateway", "status": 200, "latency_ms": 117}
{"ts": 101861, "svc": "payment", "status": 200, "latency_ms": 118}
{"ts": 101861, "svc": "auth", "status": 200, "latency_ms": 119}
{"ts": 101861, "svc": "gateway", "status": 200, "latency_ms": 120}
{"ts": 101861, "svc": "payment", "status": 200, "latency_ms": 121}
{"ts": 101862, "svc": "auth", "status": 200, "latency_ms": 122}
definitely not json {{
{"ts": 101862, "svc": "gateway", "status": 200, "latency_ms": 123}
{"ts": 101862, "svc": "payment", "status": 500, "latency_ms": 124}
{"ts": 101862, "svc": "auth", "status": 200, "latency_ms": 125}
{"ts": 101862, "svc": "gateway", "status": 200, "latency_ms": 126}
{"ts": 101862, "svc": "payment", "status": 200, "latency_ms": 127}
{"ts": 101863, "svc": "auth", "status": 200, "latency_ms": 128}
{"ts": 101863, "svc": "gateway", "status": 200, "latency_ms": 129}
{"ts": 101863, "svc": "payment", "status": 200, "latency_ms": 130}
{"ts": 101863, "svc": "auth", "status": 200, "latency_ms": 131}
{"ts": 101863, "svc": "gateway", "status": 500, "latency_ms": 132}
{"ts": 101863, "svc": "payment", "status": 200, "latency_ms": 133}
{"ts": 101864, "svc": "auth", "status": 200, "latency_ms": 134}
{"ts": 101864, "svc": "gateway", "status": 200, "latency_ms": 135}
{"ts": 101864, "svc": "payment", "status": 200, "latency_ms": 136}
{"ts": 101864, "svc": "auth", "status": 200, "latency_ms": 137}
{"ts": 101864, "svc": "gateway", "status": 200, "latency_ms": 138}
{"ts": 101864, "svc": "payment", "status": 200, "latency_ms": 139}
{"ts": 101865, "svc": "auth", "status": 500, "latency_ms": 140}
{"ts": 101865, "svc": "gateway", "status": 200, "latency_ms": 141}
{"ts": 101865, "svc": "payment", "status": 200, "latency_ms": 142}
{"ts": 101865, "svc": "auth", "status": 200, "latency_ms": 143}
{"ts": 101865, "svc": "gateway", "status": 200, "latency_ms": 144}
{"ts": 101865, "svc": "payment", "status": 200, "latency_ms": 145}
{"ts": 101866, "svc": "auth", "status": 200, "latency_ms": 146}
{"ts": 101866, "svc": "gateway", "status": 200, "latency_ms": 147}
{"ts": 101866, "svc": "payment", "status": 500, "latency_ms": 148}
{"ts": 101866, "svc": "auth", "status": 200, "latency_ms": 149}
{"ts": 101866, "svc": "gateway", "status": 200, "latency_ms": 100}
   
{"ts": 101866, "svc": "payment", "status": 200, "latency_ms": 101}
{"ts": 101867, "svc": "auth", "status": 200, "latency_ms": 102}
{"ts": 101867, "svc": "gateway", "status": 200, "latency_ms": 103}
{"ts": 101867, "svc": "payment", "status": 200, "latency_ms": 104}
{"ts": 101867, "svc": "auth", "status": 200, "latency_ms": 105}
{"ts": 101867, "svc": "gateway", "status": 500, "latency_ms": 106}
{"ts": 101867, "svc": "payment", "status": 200, "latency_ms": 107}
{"ts": 101868, "svc": "auth", "status": 200, "latency_ms": 108}
{"ts": 101868, "svc": "gateway", "status": 200, "latency_ms": 109}
{"ts": 100000, "svc": "auth", "status": 200}
{"ts": 101868, "svc": "payment", "status": 200, "latency_ms": 110}
{"ts": 101868, "svc": "auth", "status": 200, "latency_ms": 111}
{"ts": 101868, "svc": "gateway", "status": 200, "latency_ms": 112}
{"ts": 101868, "svc": "payment", "status": 200, "latency_ms": 113}
{"ts": 101869, "svc": "auth", "status": 500, "latency_ms": 114}
{"ts": 101869, "svc": "gateway", "status": 200, "latency_ms": 115}
{"ts": 101869, "svc": "payment", "status": 200, "latency_ms": 116}
{"ts": 101869, "svc": "auth", "status": 200, "latency_ms": 117}
{"ts": 101869, "svc": "gateway", "status": 200, "latency_ms": 118}
{"ts": 101869, "svc": "payment", "status": 200, "latency_ms": 119}
{"ts": 101870, "svc": "auth", "status": 200, "latency_ms": 120}
{"ts": 101870, "svc": "gateway", "status": 200, "latency_ms": 121}
{"ts": 101870, "svc": "payment", "status": 500, "latency_ms": 122}
{"ts": 101870, "svc": "auth", "status": 200, "latency_ms": 123}
{"ts": 101870, "svc": "gateway", "status": 200, "latency_ms": 124}
{"ts": 101870, "svc": "payment", "status": 200, "latency_ms": 125}
{"ts": 101871, "svc": "auth", "status": 200, "latency_ms": 126}
{"ts": 101871, "svc": "gateway", "status": 200, "latency_ms": 127}
{"ts": 101871, "svc": "payment", "status": 200, "latency_ms": 128}
{"ts": 101871, "svc": "auth", "status": 200, "latency_ms": 129}
{"ts": 101871, "svc": "gateway", "status": 500, "latency_ms": 130}
{"ts": 101871, "svc": "payment", "status": 200, "latency_ms": 131}
{"ts": 101872, "svc": "auth", "status": 200, "latency_ms": 132}
{"ts": 101872, "svc": "gateway", "status": 200, "latency_ms": 133}
{"ts": 101872, "svc": "payment", "status": 200, "latency_ms": 134}
{"ts": 101872, "svc": "auth", "status": 200, "latency_ms": 135}
{"ts": 101872, "svc": "gateway", "status": 200, "latency_ms": 136}
{"ts": 101872, "svc": "payment", "status": 200, "latency_ms": 137}
{"ts": 101873, "svc": "auth", "status": 500, "latency_ms": 138}
{"ts": 101873, "svc": "gateway", "status": 200, "latency_ms": 139}
{"ts": 101873, "svc": "payment", "status": 200, "latency_ms": 140}
{"ts": 101873, "svc": "auth", "status": 200, "latency_ms": 141}
{"ts": 101873, "svc": "gateway", "status": 200, "latency_ms": 142}
{"ts": 101873, "svc": "payment", "status": 200, "latency_ms": 143}
{"ts": 101874, "svc": "auth", "status": 200, "latency_ms": 144}
{"ts": 101874, "svc": "gateway", "status": 200, "latency_ms": 145}
{"ts": 101874, "svc": "payment", "status": 500, "latency_ms": 146}
{"ts": 100000, "svc": "auth", "status": 200, "latency_ms": 100, "x": 1}
{"ts": 101874, "svc": "auth", "status": 200, "latency_ms": 147}
{"ts": 101874, "svc": "gateway", "status": 200, "latency_ms": 148}
{"ts": 101874, "svc": "payment", "status": 200, "latency_ms": 149}
{"ts": 101834, "svc": "auth", "status": 500, "latency_ms": 100}
{"ts": 101844, "svc": "auth", "status": 200, "latency_ms": 100}
{"ts": 101885, "svc": "gateway", "status": 500, "latency_ms": 100}
   
{"ts": true, "svc": "payment", "status": 200, "latency_ms": 100}
{"ts": 101885, "svc": "payment", "status": 200, "latency_ms": 101}
{"ts": 101885, "svc": "auth", "status": 200, "latency_ms": 102}
{"ts": 101885, "svc": "gateway", "status": 200, "latency_ms": 103}
{"ts": 101885, "svc": "payment", "status": 200, "latency_ms": 104}
{"ts": 101885, "svc": "auth", "status": 200, "latency_ms": 105}
{"ts": 101886, "svc": "gateway", "status": 200, "latency_ms": 106}
{"ts": 101886, "svc": "payment", "status": 200, "latency_ms": 107}
{"ts": 101886, "svc": "auth", "status": 500, "latency_ms": 108}
{"ts": 101886, "svc": "gateway", "status": 200, "latency_ms": 109}
{"ts": 101886, "svc": "payment", "status": 200, "latency_ms": 110}
{"ts": 101886, "svc": "auth", "status": 200, "latency_ms": 111}
{"ts": 101887, "svc": "gateway", "status": 200, "latency_ms": 112}
{"ts": 101887, "svc": "payment", "status": 200, "latency_ms": 113}
{"ts": 101887, "svc": "auth", "status": 200, "latency_ms": 114}
{"ts": 101887, "svc": "gateway", "status": 200, "latency_ms": 115}
{"ts": 101887, "svc": "payment", "status": 500, "latency_ms": 116}
{"ts": 101887, "svc": "auth", "status": 200, "latency_ms": 117}
{"ts": 101888, "svc": "gateway", "status": 200, "latency_ms": 118}
{"ts": 101888, "svc": "payment", "status": 200, "latency_ms": 119}
{"ts": 101888, "svc": "auth", "status": 200, "latency_ms": 120}
{"ts": 101888, "svc": "gateway", "status": 200, "latency_ms": 121}
{"ts": 101888, "svc": "payment", "status": 200, "latency_ms": 122}
{"ts": 101888, "svc": "auth", "status": 200, "latency_ms": 123}
{"ts": 101889, "svc": "gateway", "status": 500, "latency_ms": 124}
{"ts": 101889, "svc": "payment", "status": 200, "latency_ms": 125}
{"ts": 101889, "svc": "auth", "status": 200, "latency_ms": 126}
{"ts": 101889, "svc": "gateway", "status": 200, "latency_ms": 127}
{"ts": 101889, "svc": "payment", "status": 200, "latency_ms": 128}
{"ts": 101889, "svc": "auth", "status": 200, "latency_ms": 129}
{"ts": 101890, "svc": "gateway", "status": 200, "latency_ms": 130}
{"ts": 101890, "svc": "payment", "status": 200, "latency_ms": 131}
{"ts": 101890, "svc": "auth", "status": 500, "latency_ms": 132}
{"ts": 101890, "svc": "gateway", "status": 200, "latency_ms": 133}
{"ts": 101890, "svc": "payment", "status": 200, "latency_ms": 134}
{"ts": 101890, "svc": "auth", "status": 200, "latency_ms": 135}
{"ts": 101891, "svc": "gateway", "status": 200, "latency_ms": 136}
{"ts": 101891, "svc": "payment", "status": 200, "latency_ms": 137}
{"ts": 100000, "svc": "auth", "status": 99, "latency_ms": 100}
{"ts": 101891, "svc": "auth", "status": 200, "latency_ms": 138}
{"ts": 101891, "svc": "gateway", "status": 200, "latency_ms": 139}
{"ts": 101891, "svc": "payment", "status": 500, "latency_ms": 140}
{"ts": 101891, "svc": "auth", "status": 200, "latency_ms": 141}
{"ts": 101892, "svc": "gateway", "status": 200, "latency_ms": 142}
{"ts": 101892, "svc": "payment", "status": 200, "latency_ms": 143}
{"ts": 101892, "svc": "auth", "status": 200, "latency_ms": 144}
{"ts": 101892, "svc": "gateway", "status": 200, "latency_ms": 145}
{"ts": 101892, "svc": "payment", "status": 200, "latency_ms": 146}
{"ts": 101892, "svc": "auth", "status": 200, "latency_ms": 147}
{"ts": 101893, "svc": "gateway", "status": 500, "latency_ms": 148}
{"ts": 101893, "svc": "payment", "status": 200, "latency_ms": 149}
{"ts": 101893, "svc": "auth", "status": 200, "latency_ms": 100}
   
{"ts": 101893, "svc": "gateway", "status": 200, "latency_ms": 101}
{"ts": 101893, "svc": "payment", "status": 200, "latency_ms": 102}
{"ts": 101893, "svc": "auth", "status": 200, "latency_ms": 103}
{"ts": 101894, "svc": "gateway", "status": 200, "latency_ms": 104}
{"ts": 101894, "svc": "payment", "status": 200, "latency_ms": 105}
{"ts": 101894, "svc": "auth", "status": 500, "latency_ms": 106}
{"ts": 101894, "svc": "gateway", "status": 200, "latency_ms": 107}
{"ts": 101894, "svc": "payment", "status": 200, "latency_ms": 108}
{"ts": 101894, "svc": "auth", "status": 200, "latency_ms": 109}
{"ts": 101895, "svc": "gateway", "status": 200, "latency_ms": 110}
{"ts": 101895, "svc": "payment", "status": 200, "latency_ms": 111}
{"ts": 101895, "svc": "auth", "status": 200, "latency_ms": 112}
{"ts": 101895, "svc": "gateway", "status": 200, "latency_ms": 113}
{"ts": 101895, "svc": "payment", "status": 500, "latency_ms": 114}
{"ts": 101895, "svc": "auth", "status": 200, "latency_ms": 115}
{"ts": 101896, "svc": "gateway", "status": 200, "latency_ms": 116}
{"ts": 101896, "svc": "payment", "status": 200, "latency_ms": 117}
{"ts": 101896, "svc": "auth", "status": 200, "latency_ms": 118}
{"ts": 101896, "svc": "gateway", "status": 200, "latency_ms": 119}
{"ts": 101896, "svc": "payment", "status": 200, "latency_ms": 120}
{"ts": 101896, "svc": "auth", "status": 200, "latency_ms": 121}
{"ts": 101897, "svc": "gateway", "status": 500, "latency_ms": 122}
{"ts": 101897, "svc": "payment", "status": 200, "latency_ms": 123}
{"ts": 101897, "svc": "auth", "status": 200, "latency_ms": 124}
{"ts": 100000, "svc": "billing", "status": 200, "latency_ms": 100}
{"ts": 101897, "svc": "gateway", "status": 200, "latency_ms": 125}
{"ts": 101897, "svc": "payment", "status": 200, "latency_ms": 126}
{"ts": 101897, "svc": "auth", "status": 200, "latency_ms": 127}
{"ts": 101898, "svc": "gateway", "status": 200, "latency_ms": 128}
{"ts": 101898, "svc": "payment", "status": 200, "latency_ms": 129}
{"ts": 101898, "svc": "auth", "status": 500, "latency_ms": 130}
{"ts": 101898, "svc": "gateway", "status": 200, "latency_ms": 131}
{"ts": 101898, "svc": "payment", "status": 200, "latency_ms": 132}
{"ts": 101898, "svc": "auth", "status": 200, "latency_ms": 133}
{"ts": 101899, "svc": "gateway", "status": 200, "latency_ms": 134}
{"ts": 101899, "svc": "payment", "status": 200, "latency_ms": 135}
{"ts": 101899, "svc": "auth", "status": 200, "latency_ms": 136}
{"ts": 101899, "svc": "gateway", "status": 200, "latency_ms": 137}
{"ts": 101899, "svc": "payment", "status": 500, "latency_ms": 138}
{"ts": 101899, "svc": "auth", "status": 200, "latency_ms": 139}
{"ts": 101900, "svc": "gateway", "status": 200, "latency_ms": 140}
{"ts": 101900, "svc": "payment", "status": 200, "latency_ms": 141}
{"ts": 101900, "svc": "auth", "status": 200, "latency_ms": 142}
{"ts": 101900, "svc": "gateway", "status": 200, "latency_ms": 143}
{"ts": 101900, "svc": "payment", "status": 200, "latency_ms": 144}
{"ts": 101900, "svc": "auth", "status": 200, "latency_ms": 145}
{"ts": 101901, "svc": "gateway", "status": 500, "latency_ms": 146}
{"ts": 101901, "svc": "payment", "status": 200, "latency_ms": 147}
{"ts": 101901, "svc": "auth", "status": 200, "latency_ms": 148}
{"ts": 101901, "svc": "gateway", "status": 200, "latency_ms": 149}
{"ts": 101901, "svc": "payment", "status": 200, "latency_ms": 100}
   
{"ts": 101901, "svc": "auth", "status": 200, "latency_ms": 101}
{"ts": 101902, "svc": "gateway", "status": 200, "latency_ms": 102}
{"ts": 101902, "svc": "payment", "status": 200, "latency_ms": 103}
{"ts": 101902, "svc": "auth", "status": 500, "latency_ms": 104}
{"ts": 101902, "svc": "gateway", "status": 200, "latency_ms": 105}
{"ts": 101902, "svc": "payment", "status": 200, "latency_ms": 106}
{"ts": 101902, "svc": "auth", "status": 200, "latency_ms": 107}
{"ts": 101903, "svc": "gateway", "status": 200, "latency_ms": 108}
{"ts": 101903, "svc": "payment", "status": 200, "latency_ms": 109}
{"ts": 101903, "svc": "auth", "status": 200, "latency_ms": 110}
{"ts": 101903, "svc": "gateway", "status": 200, "latency_ms": 111}
{"ts": 100000, "svc": "gateway", "status": 200, "latency_ms": 1001}
{"ts": 101903, "svc": "payment", "status": 500, "latency_ms": 112}
{"ts": 101903, "svc": "auth", "status": 200, "latency_ms": 113}
{"ts": 101904, "svc": "gateway", "status": 200, "latency_ms": 114}
{"ts": 101904, "svc": "payment", "status": 200, "latency_ms": 115}
{"ts": 101904, "svc": "auth", "status": 200, "latency_ms": 116}
{"ts": 101904, "svc": "gateway", "status": 200, "latency_ms": 117}
{"ts": 101904, "svc": "payment", "status": 200, "latency_ms": 118}
{"ts": 101904, "svc": "auth", "status": 200, "latency_ms": 119}
{"ts": 101905, "svc": "gateway", "status": 500, "latency_ms": 120}
{"ts": 101905, "svc": "payment", "status": 200, "latency_ms": 121}
{"ts": 101905, "svc": "auth", "status": 200, "latency_ms": 122}
{"ts": 101905, "svc": "gateway", "status": 200, "latency_ms": 123}
{"ts": 101905, "svc": "payment", "status": 200, "latency_ms": 124}
{"ts": 101905, "svc": "auth", "status": 200, "latency_ms": 125}
{"ts": 101906, "svc": "gateway", "status": 200, "latency_ms": 126}
{"ts": 101906, "svc": "payment", "status": 200, "latency_ms": 127}
{"ts": 101906, "svc": "auth", "status": 500, "latency_ms": 128}
{"ts": 101906, "svc": "gateway", "status": 200, "latency_ms": 129}
{"ts": 101906, "svc": "payment", "status": 200, "latency_ms": 130}
{"ts": 101906, "svc": "auth", "status": 200, "latency_ms": 131}
{"ts": 101907, "svc": "gateway", "status": 200, "latency_ms": 132}
{"ts": 101907, "svc": "payment", "status": 200, "latency_ms": 133}
{"ts": 101907, "svc": "auth", "status": 200, "latency_ms": 134}
{"ts": 101907, "svc": "gateway", "status": 200, "latency_ms": 135}
{"ts": 101907, "svc": "payment", "status": 500, "latency_ms": 136}
{"ts": 101907, "svc": "auth", "status": 200, "latency_ms": 137}
{"ts": 101908, "svc": "gateway", "status": 200, "latency_ms": 138}
{"ts": 101908, "svc": "payment", "status": 200, "latency_ms": 139}
{"ts": 101908, "svc": "auth", "status": 200, "latency_ms": 140}
{"ts": 101908, "svc": "gateway", "status": 200, "latency_ms": 141}
{"ts": 101908, "svc": "payment", "status": 200, "latency_ms": 142}
{"ts": 101908, "svc": "auth", "status": 200, "latency_ms": 143}
{"ts": 101909, "svc": "gateway", "status": 500, "latency_ms": 144}
{"ts": 101909, "svc": "payment", "status": 200, "latency_ms": 145}
{"ts": 101909, "svc": "auth", "status": 200, "latency_ms": 146}
{"ts": 101909, "svc": "gateway", "status": 200, "latency_ms": 147}
{"ts": 101909, "svc": "payment", "status": 200, "latency_ms": 148}
{"ts": 100000, "svc": "payment", "status": 200, "latency_ms": false}
{"ts": 101909, "svc": "auth", "status": 200, "latency_ms": 149}
{"ts": 101910, "svc": "gateway", "status": 200, "latency_ms": 100}
   
{"ts": 101910, "svc": "payment", "status": 200, "latency_ms": 101}
{"ts": 101910, "svc": "auth", "status": 500, "latency_ms": 102}
{"ts": 101910, "svc": "gateway", "status": 200, "latency_ms": 103}
{"ts": 101910, "svc": "payment", "status": 200, "latency_ms": 104}
{"ts": 101910, "svc": "auth", "status": 200, "latency_ms": 105}
{"ts": 101911, "svc": "gateway", "status": 200, "latency_ms": 106}
{"ts": 101911, "svc": "payment", "status": 200, "latency_ms": 107}
{"ts": 101911, "svc": "auth", "status": 200, "latency_ms": 108}
{"ts": 101911, "svc": "gateway", "status": 200, "latency_ms": 109}
{"ts": 101911, "svc": "payment", "status": 500, "latency_ms": 110}
{"ts": 101911, "svc": "auth", "status": 200, "latency_ms": 111}
{"ts": 101912, "svc": "gateway", "status": 200, "latency_ms": 112}
{"ts": 101912, "svc": "payment", "status": 200, "latency_ms": 113}
{"ts": 101912, "svc": "auth", "status": 200, "latency_ms": 114}
{"ts": 101912, "svc": "gateway", "status": 200, "latency_ms": 115}
{"ts": 101912, "svc": "payment", "status": 200, "latency_ms": 116}
{"ts": 101912, "svc": "auth", "status": 200, "latency_ms": 117}
{"ts": 101913, "svc": "gateway", "status": 500, "latency_ms": 118}
{"ts": 101913, "svc": "payment", "status": 200, "latency_ms": 119}
{"ts": 101913, "svc": "auth", "status": 200, "latency_ms": 120}
{"ts": 101913, "svc": "gateway", "status": 200, "latency_ms": 121}
{"ts": 101913, "svc": "payment", "status": 200, "latency_ms": 122}
{"ts": 101913, "svc": "auth", "status": 200, "latency_ms": 123}
{"ts": 101914, "svc": "gateway", "status": 200, "latency_ms": 124}
{"ts": 101914, "svc": "payment", "status": 200, "latency_ms": 125}
{"ts": 101914, "svc": "auth", "status": 500, "latency_ms": 126}
{"ts": 101914, "svc": "gateway", "status": 200, "latency_ms": 127}
{"ts": 101914, "svc": "payment", "status": 200, "latency_ms": 128}
{"ts": 101914, "svc": "auth", "status": 200, "latency_ms": 129}
{"ts": 101915, "svc": "gateway", "status": 200, "latency_ms": 130}
{"ts": 101915, "svc": "payment", "status": 200, "latency_ms": 131}
{"ts": 101915, "svc": "auth", "status": 200, "latency_ms": 132}
{"ts": 101915, "svc": "gateway", "status": 200, "latency_ms": 133}
{"ts": 101915, "svc": "payment", "status": 500, "latency_ms": 134}
{"ts": 101915, "svc": "auth", "status": 200, "latency_ms": 135}
definitely not json {{
{"ts": 101916, "svc": "gateway", "status": 200, "latency_ms": 136}
{"ts": 101916, "svc": "payment", "status": 200, "latency_ms": 137}
{"ts": 101916, "svc": "auth", "status": 200, "latency_ms": 138}
{"ts": 101916, "svc": "gateway", "status": 200, "latency_ms": 139}
{"ts": 101916, "svc": "payment", "status": 200, "latency_ms": 140}
{"ts": 101916, "svc": "auth", "status": 200, "latency_ms": 141}
{"ts": 101917, "svc": "gateway", "status": 500, "latency_ms": 142}
{"ts": 101917, "svc": "payment", "status": 200, "latency_ms": 143}
{"ts": 101917, "svc": "auth", "status": 200, "latency_ms": 144}
{"ts": 101917, "svc": "gateway", "status": 200, "latency_ms": 145}
{"ts": 101917, "svc": "payment", "status": 200, "latency_ms": 146}
{"ts": 101917, "svc": "auth", "status": 200, "latency_ms": 147}
{"ts": 101918, "svc": "gateway", "status": 200, "latency_ms": 148}
{"ts": 101918, "svc": "payment", "status": 200, "latency_ms": 149}
{"ts": 101918, "svc": "auth", "status": 500, "latency_ms": 100}
   
{"ts": 101918, "svc": "gateway", "status": 200, "latency_ms": 101}
{"ts": 101918, "svc": "payment", "status": 200, "latency_ms": 102}
{"ts": 101918, "svc": "auth", "status": 200, "latency_ms": 103}
{"ts": 101919, "svc": "gateway", "status": 200, "latency_ms": 104}
{"ts": 101919, "svc": "payment", "status": 200, "latency_ms": 105}
{"ts": 101919, "svc": "auth", "status": 200, "latency_ms": 106}
{"ts": 101919, "svc": "gateway", "status": 200, "latency_ms": 107}
{"ts": 101919, "svc": "payment", "status": 500, "latency_ms": 108}
{"ts": 101919, "svc": "auth", "status": 200, "latency_ms": 109}
{"ts": 101920, "svc": "gateway", "status": 200, "latency_ms": 110}
{"ts": 101920, "svc": "payment", "status": 200, "latency_ms": 111}
{"ts": 101920, "svc": "auth", "status": 200, "latency_ms": 112}
{"ts": 101920, "svc": "gateway", "status": 200, "latency_ms": 113}
{"ts": 101920, "svc": "payment", "status": 200, "latency_ms": 114}
{"ts": 101920, "svc": "auth", "status": 200, "latency_ms": 115}
{"ts": 101921, "svc": "gateway", "status": 500, "latency_ms": 116}
{"ts": 101921, "svc": "payment", "status": 200, "latency_ms": 117}
{"ts": 101921, "svc": "auth", "status": 200, "latency_ms": 118}
{"ts": 101921, "svc": "gateway", "status": 200, "latency_ms": 119}
{"ts": 101921, "svc": "payment", "status": 200, "latency_ms": 120}
{"ts": 101921, "svc": "auth", "status": 200, "latency_ms": 121}
{"ts": 101922, "svc": "gateway", "status": 200, "latency_ms": 122}
{"ts": 100000, "svc": "auth", "status": 200}
{"ts": 101922, "svc": "payment", "status": 200, "latency_ms": 123}
{"ts": 101922, "svc": "auth", "status": 500, "latency_ms": 124}
{"ts": 101922, "svc": "gateway", "status": 200, "latency_ms": 125}
{"ts": 101922, "svc": "payment", "status": 200, "latency_ms": 126}
{"ts": 101922, "svc": "auth", "status": 200, "latency_ms": 127}
{"ts": 101923, "svc": "gateway", "status": 200, "latency_ms": 128}
{"ts": 101923, "svc": "payment", "status": 200, "latency_ms": 129}
{"ts": 101923, "svc": "auth", "status": 200, "latency_ms": 130}
{"ts": 101923, "svc": "gateway", "status": 200, "latency_ms": 131}
{"ts": 101923, "svc": "payment", "status": 500, "latency_ms": 132}
{"ts": 101923, "svc": "auth", "status": 200, "latency_ms": 133}
{"ts": 101924, "svc": "gateway", "status": 200, "latency_ms": 134}
{"ts": 101924, "svc": "payment", "status": 200, "latency_ms": 135}
{"ts": 101924, "svc": "auth", "status": 200, "latency_ms": 136}
{"ts": 101924, "svc": "gateway", "status": 200, "latency_ms": 137}
{"ts": 101924, "svc": "payment", "status": 200, "latency_ms": 138}
{"ts": 101924, "svc": "auth", "status": 200, "latency_ms": 139}
{"ts": 101925, "svc": "gateway", "status": 500, "latency_ms": 140}
{"ts": 101925, "svc": "payment", "status": 200, "latency_ms": 141}
{"ts": 101925, "svc": "auth", "status": 200, "latency_ms": 142}
{"ts": 101925, "svc": "gateway", "status": 200, "latency_ms": 143}
{"ts": 101925, "svc": "payment", "status": 200, "latency_ms": 144}
{"ts": 101925, "svc": "auth", "status": 200, "latency_ms": 145}
{"ts": 101926, "svc": "gateway", "status": 200, "latency_ms": 146}
{"ts": 101926, "svc": "payment", "status": 200, "latency_ms": 147}
{"ts": 101926, "svc": "auth", "status": 500, "latency_ms": 148}
{"ts": 101926, "svc": "gateway", "status": 200, "latency_ms": 149}
{"ts": 101926, "svc": "payment", "status": 200, "latency_ms": 100}
   
{"ts": 101926, "svc": "auth", "status": 200, "latency_ms": 101}
{"ts": 101927, "svc": "gateway", "status": 200, "latency_ms": 102}
{"ts": 101927, "svc": "payment", "status": 200, "latency_ms": 103}
{"ts": 101927, "svc": "auth", "status": 200, "latency_ms": 104}
{"ts": 101927, "svc": "gateway", "status": 200, "latency_ms": 105}
{"ts": 101927, "svc": "payment", "status": 500, "latency_ms": 106}
{"ts": 101927, "svc": "auth", "status": 200, "latency_ms": 107}
{"ts": 101928, "svc": "gateway", "status": 200, "latency_ms": 108}
{"ts": 101928, "svc": "payment", "status": 200, "latency_ms": 109}
{"ts": 100000, "svc": "auth", "status": 200, "latency_ms": 100, "x": 1}
{"ts": 101928, "svc": "auth", "status": 200, "latency_ms": 110}
{"ts": 101928, "svc": "gateway", "status": 200, "latency_ms": 111}
{"ts": 101928, "svc": "payment", "status": 200, "latency_ms": 112}
{"ts": 101928, "svc": "auth", "status": 200, "latency_ms": 113}
{"ts": 101929, "svc": "gateway", "status": 500, "latency_ms": 114}
{"ts": 101929, "svc": "payment", "status": 200, "latency_ms": 115}
{"ts": 101929, "svc": "auth", "status": 200, "latency_ms": 116}
{"ts": 101929, "svc": "gateway", "status": 200, "latency_ms": 117}
{"ts": 101929, "svc": "payment", "status": 200, "latency_ms": 118}
{"ts": 101929, "svc": "auth", "status": 200, "latency_ms": 119}
{"ts": 101930, "svc": "gateway", "status": 200, "latency_ms": 120}
{"ts": 101930, "svc": "payment", "status": 200, "latency_ms": 121}
{"ts": 101930, "svc": "auth", "status": 500, "latency_ms": 122}
{"ts": 101930, "svc": "gateway", "status": 200, "latency_ms": 123}
{"ts": 101930, "svc": "payment", "status": 200, "latency_ms": 124}
{"ts": 101930, "svc": "auth", "status": 200, "latency_ms": 125}
{"ts": 101931, "svc": "gateway", "status": 200, "latency_ms": 126}
{"ts": 101931, "svc": "payment", "status": 200, "latency_ms": 127}
{"ts": 101931, "svc": "auth", "status": 200, "latency_ms": 128}
{"ts": 101931, "svc": "gateway", "status": 200, "latency_ms": 129}
{"ts": 101931, "svc": "payment", "status": 500, "latency_ms": 130}
{"ts": 101931, "svc": "auth", "status": 200, "latency_ms": 131}
{"ts": 101932, "svc": "gateway", "status": 200, "latency_ms": 132}
{"ts": 101932, "svc": "payment", "status": 200, "latency_ms": 133}
{"ts": 101932, "svc": "auth", "status": 200, "latency_ms": 134}
{"ts": 101932, "svc": "gateway", "status": 200, "latency_ms": 135}
{"ts": 101932, "svc": "payment", "status": 200, "latency_ms": 136}
{"ts": 101932, "svc": "auth", "status": 200, "latency_ms": 137}
{"ts": 101933, "svc": "gateway", "status": 500, "latency_ms": 138}
{"ts": 101933, "svc": "payment", "status": 200, "latency_ms": 139}
{"ts": 101933, "svc": "auth", "status": 200, "latency_ms": 140}
{"ts": 101933, "svc": "gateway", "status": 200, "latency_ms": 141}
{"ts": 101933, "svc": "payment", "status": 200, "latency_ms": 142}
{"ts": 101933, "svc": "auth", "status": 200, "latency_ms": 143}
{"ts": 101934, "svc": "gateway", "status": 200, "latency_ms": 144}
{"ts": 101934, "svc": "payment", "status": 200, "latency_ms": 145}
{"ts": 101934, "svc": "auth", "status": 500, "latency_ms": 146}
{"ts": 100000, "svc": "gateway", "status": 200.0, "latency_ms": 100}
{"ts": 101934, "svc": "gateway", "status": 200, "latency_ms": 147}
{"ts": 101934, "svc": "payment", "status": 200, "latency_ms": 148}
{"ts": 101934, "svc": "auth", "status": 200, "latency_ms": 149}
{"ts": 101894, "svc": "gateway", "status": 500, "latency_ms": 100}
{"ts": 101904, "svc": "gateway", "status": 200, "latency_ms": 100}
{"ts": 101945, "svc": "payment", "status": 500, "latency_ms": 100}
   
{"ts": 100000, "svc": "auth", "status": 99, "latency_ms": 100}
{"ts": 101945, "svc": "auth", "status": 200, "latency_ms": 101}
{"ts": 101945, "svc": "gateway", "status": 200, "latency_ms": 102}
{"ts": 101945, "svc": "payment", "status": 200, "latency_ms": 103}
{"ts": 101945, "svc": "auth", "status": 200, "latency_ms": 104}
{"ts": 101945, "svc": "gateway", "status": 200, "latency_ms": 105}
{"ts": 101946, "svc": "payment", "status": 200, "latency_ms": 106}
{"ts": 101946, "svc": "auth", "status": 200, "latency_ms": 107}
{"ts": 101946, "svc": "gateway", "status": 500, "latency_ms": 108}
{"ts": 101946, "svc": "payment", "status": 200, "latency_ms": 109}
{"ts": 101946, "svc": "auth", "status": 200, "latency_ms": 110}
{"ts": 101946, "svc": "gateway", "status": 200, "latency_ms": 111}
{"ts": 101947, "svc": "payment", "status": 200, "latency_ms": 112}
{"ts": 101947, "svc": "auth", "status": 200, "latency_ms": 113}
{"ts": 101947, "svc": "gateway", "status": 200, "latency_ms": 114}
{"ts": 101947, "svc": "payment", "status": 200, "latency_ms": 115}
{"ts": 101947, "svc": "auth", "status": 500, "latency_ms": 116}
{"ts": 101947, "svc": "gateway", "status": 200, "latency_ms": 117}
{"ts": 101948, "svc": "payment", "status": 200, "latency_ms": 118}
{"ts": 101948, "svc": "auth", "status": 200, "latency_ms": 119}
{"ts": 101948, "svc": "gateway", "status": 200, "latency_ms": 120}
{"ts": 101948, "svc": "payment", "status": 200, "latency_ms": 121}
{"ts": 101948, "svc": "auth", "status": 200, "latency_ms": 122}
{"ts": 101948, "svc": "gateway", "status": 200, "latency_ms": 123}
{"ts": 101949, "svc": "payment", "status": 500, "latency_ms": 124}
{"ts": 101949, "svc": "auth", "status": 200, "latency_ms": 125}
{"ts": 101949, "svc": "gateway", "status": 200, "latency_ms": 126}
{"ts": 101949, "svc": "payment", "status": 200, "latency_ms": 127}
{"ts": 101949, "svc": "auth", "status": 200, "latency_ms": 128}
{"ts": 101949, "svc": "gateway", "status": 200, "latency_ms": 129}
{"ts": 101950, "svc": "payment", "status": 200, "latency_ms": 130}
{"ts": 101950, "svc": "auth", "status": 200, "latency_ms": 131}
{"ts": 101950, "svc": "gateway", "status": 500, "latency_ms": 132}
{"ts": 101950, "svc": "payment", "status": 200, "latency_ms": 133}
{"ts": 101950, "svc": "auth", "status": 200, "latency_ms": 134}
{"ts": 101950, "svc": "gateway", "status": 200, "latency_ms": 135}
{"ts": 101951, "svc": "payment", "status": 200, "latency_ms": 136}
{"ts": 101951, "svc": "auth", "status": 200, "latency_ms": 137}
{"ts": 100000, "svc": "billing", "status": 200, "latency_ms": 100}
{"ts": 101951, "svc": "gateway", "status": 200, "latency_ms": 138}
{"ts": 101951, "svc": "payment", "status": 200, "latency_ms": 139}
{"ts": 101951, "svc": "auth", "status": 500, "latency_ms": 140}
{"ts": 101951, "svc": "gateway", "status": 200, "latency_ms": 141}
{"ts": 101952, "svc": "payment", "status": 200, "latency_ms": 142}
{"ts": 101952, "svc": "auth", "status": 200, "latency_ms": 143}
{"ts": 101952, "svc": "gateway", "status": 200, "latency_ms": 144}
{"ts": 101952, "svc": "payment", "status": 200, "latency_ms": 145}
{"ts": 101952, "svc": "auth", "status": 200, "latency_ms": 146}
{"ts": 101952, "svc": "gateway", "status": 200, "latency_ms": 147}
{"ts": 101953, "svc": "payment", "status": 500, "latency_ms": 148}
{"ts": 101953, "svc": "auth", "status": 200, "latency_ms": 149}
{"ts": 101953, "svc": "gateway", "status": 200, "latency_ms": 100}
   
{"ts": 101953, "svc": "payment", "status": 200, "latency_ms": 101}
{"ts": 101953, "svc": "auth", "status": 200, "latency_ms": 102}
{"ts": 101953, "svc": "gateway", "status": 200, "latency_ms": 103}
{"ts": 101954, "svc": "payment", "status": 200, "latency_ms": 104}
{"ts": 101954, "svc": "auth", "status": 200, "latency_ms": 105}
{"ts": 101954, "svc": "gateway", "status": 500, "latency_ms": 106}
{"ts": 101954, "svc": "payment", "status": 200, "latency_ms": 107}
{"ts": 101954, "svc": "auth", "status": 200, "latency_ms": 108}
{"ts": 101954, "svc": "gateway", "status": 200, "latency_ms": 109}
{"ts": 101955, "svc": "payment", "status": 200, "latency_ms": 110}
{"ts": 101955, "svc": "auth", "status": 200, "latency_ms": 111}
{"ts": 101955, "svc": "gateway", "status": 200, "latency_ms": 112}
{"ts": 101955, "svc": "payment", "status": 200, "latency_ms": 113}
{"ts": 101955, "svc": "auth", "status": 500, "latency_ms": 114}
{"ts": 101955, "svc": "gateway", "status": 200, "latency_ms": 115}
{"ts": 101956, "svc": "payment", "status": 200, "latency_ms": 116}
{"ts": 101956, "svc": "auth", "status": 200, "latency_ms": 117}
{"ts": 101956, "svc": "gateway", "status": 200, "latency_ms": 118}
{"ts": 101956, "svc": "payment", "status": 200, "latency_ms": 119}
{"ts": 101956, "svc": "auth", "status": 200, "latency_ms": 120}
{"ts": 101956, "svc": "gateway", "status": 200, "latency_ms": 121}
{"ts": 101957, "svc": "payment", "status": 500, "latency_ms": 122}
{"ts": 101957, "svc": "auth", "status": 200, "latency_ms": 123}
{"ts": 101957, "svc": "gateway", "status": 200, "latency_ms": 124}
{"ts": 100000, "svc": "gateway", "status": 200, "latency_ms": 1001}
{"ts": 101957, "svc": "payment", "status": 200, "latency_ms": 125}
{"ts": 101957, "svc": "auth", "status": 200, "latency_ms": 126}
{"ts": 101957, "svc": "gateway", "status": 200, "latency_ms": 127}
{"ts": 101958, "svc": "payment", "status": 200, "latency_ms": 128}
{"ts": 101958, "svc": "auth", "status": 200, "latency_ms": 129}
{"ts": 101958, "svc": "gateway", "status": 500, "latency_ms": 130}
{"ts": 101958, "svc": "payment", "status": 200, "latency_ms": 131}
{"ts": 101958, "svc": "auth", "status": 200, "latency_ms": 132}
{"ts": 101958, "svc": "gateway", "status": 200, "latency_ms": 133}
{"ts": 101959, "svc": "payment", "status": 200, "latency_ms": 134}
{"ts": 101959, "svc": "auth", "status": 200, "latency_ms": 135}
{"ts": 101959, "svc": "gateway", "status": 200, "latency_ms": 136}
{"ts": 101959, "svc": "payment", "status": 200, "latency_ms": 137}
{"ts": 101959, "svc": "auth", "status": 500, "latency_ms": 138}
{"ts": 101959, "svc": "gateway", "status": 200, "latency_ms": 139}
{"ts": 101960, "svc": "payment", "status": 200, "latency_ms": 140}
{"ts": 101960, "svc": "auth", "status": 200, "latency_ms": 141}
{"ts": 101960, "svc": "gateway", "status": 200, "latency_ms": 142}
{"ts": 101960, "svc": "payment", "status": 200, "latency_ms": 143}
{"ts": 101960, "svc": "auth", "status": 200, "latency_ms": 144}
{"ts": 101960, "svc": "gateway", "status": 200, "latency_ms": 145}
{"ts": 101961, "svc": "payment", "status": 500, "latency_ms": 146}
{"ts": 101961, "svc": "auth", "status": 200, "latency_ms": 147}
{"ts": 101961, "svc": "gateway", "status": 200, "latency_ms": 148}
{"ts": 101961, "svc": "payment", "status": 200, "latency_ms": 149}
{"ts": 101961, "svc": "auth", "status": 200, "latency_ms": 100}
   
{"ts": 101961, "svc": "gateway", "status": 200, "latency_ms": 101}
{"ts": 101962, "svc": "payment", "status": 200, "latency_ms": 102}
{"ts": 101962, "svc": "auth", "status": 200, "latency_ms": 103}
{"ts": 101962, "svc": "gateway", "status": 500, "latency_ms": 104}
{"ts": 101962, "svc": "payment", "status": 200, "latency_ms": 105}
{"ts": 101962, "svc": "auth", "status": 200, "latency_ms": 106}
{"ts": 101962, "svc": "gateway", "status": 200, "latency_ms": 107}
{"ts": 101963, "svc": "payment", "status": 200, "latency_ms": 108}
{"ts": 101963, "svc": "auth", "status": 200, "latency_ms": 109}
{"ts": 101963, "svc": "gateway", "status": 200, "latency_ms": 110}
{"ts": 101963, "svc": "payment", "status": 200, "latency_ms": 111}
{"ts": 100000, "svc": "payment", "status": 200, "latency_ms": false}
{"ts": 101963, "svc": "auth", "status": 500, "latency_ms": 112}
{"ts": 101963, "svc": "gateway", "status": 200, "latency_ms": 113}
{"ts": 101964, "svc": "payment", "status": 200, "latency_ms": 114}
{"ts": 101964, "svc": "auth", "status": 200, "latency_ms": 115}
{"ts": 101964, "svc": "gateway", "status": 200, "latency_ms": 116}
{"ts": 101964, "svc": "payment", "status": 200, "latency_ms": 117}
{"ts": 101964, "svc": "auth", "status": 200, "latency_ms": 118}
{"ts": 101964, "svc": "gateway", "status": 200, "latency_ms": 119}
{"ts": 101965, "svc": "payment", "status": 500, "latency_ms": 120}
{"ts": 101965, "svc": "auth", "status": 200, "latency_ms": 121}
{"ts": 101965, "svc": "gateway", "status": 200, "latency_ms": 122}
{"ts": 101965, "svc": "payment", "status": 200, "latency_ms": 123}
{"ts": 101965, "svc": "auth", "status": 200, "latency_ms": 124}
{"ts": 101965, "svc": "gateway", "status": 200, "latency_ms": 125}
{"ts": 101966, "svc": "payment", "status": 200, "latency_ms": 126}
{"ts": 101966, "svc": "auth", "status": 200, "latency_ms": 127}
{"ts": 101966, "svc": "gateway", "status": 500, "latency_ms": 128}
{"ts": 101966, "svc": "payment", "status": 200, "latency_ms": 129}
{"ts": 101966, "svc": "auth", "status": 200, "latency_ms": 130}
{"ts": 101966, "svc": "gateway", "status": 200, "latency_ms": 131}
{"ts": 101967, "svc": "payment", "status": 200, "latency_ms": 132}
{"ts": 101967, "svc": "auth", "status": 200, "latency_ms": 133}
{"ts": 101967, "svc": "gateway", "status": 200, "latency_ms": 134}
{"ts": 101967, "svc": "payment", "status": 200, "latency_ms": 135}
{"ts": 101967, "svc": "auth", "status": 500, "latency_ms": 136}
{"ts": 101967, "svc": "gateway", "status": 200, "latency_ms": 137}
{"ts": 101968, "svc": "payment", "status": 200, "latency_ms": 138}
{"ts": 101968, "svc": "auth", "status": 200, "latency_ms": 139}
{"ts": 101968, "svc": "gateway", "status": 200, "latency_ms": 140}
{"ts": 101968, "svc": "payment", "status": 200, "latency_ms": 141}
{"ts": 101968, "svc": "auth", "status": 200, "latency_ms": 142}
{"ts": 101968, "svc": "gateway", "status": 200, "latency_ms": 143}
{"ts": 101969, "svc": "payment", "status": 500, "latency_ms": 144}
{"ts": 101969, "svc": "auth", "status": 200, "latency_ms": 145}
{"ts": 101969, "svc": "gateway", "status": 200, "latency_ms": 146}
{"ts": 101969, "svc": "payment", "status": 200, "latency_ms": 147}
{"ts": 101969, "svc": "auth", "status": 200, "latency_ms": 148}
definitely not json {{
{"ts": 101969, "svc": "gateway", "status": 200, "latency_ms": 149}
{"ts": 101970, "svc": "payment", "status": 200, "latency_ms": 100}
   
{"ts": 101970, "svc": "auth", "status": 200, "latency_ms": 101}
{"ts": 101970, "svc": "gateway", "status": 500, "latency_ms": 102}
{"ts": 101970, "svc": "payment", "status": 200, "latency_ms": 103}
{"ts": 101970, "svc": "auth", "status": 200, "latency_ms": 104}
{"ts": 101970, "svc": "gateway", "status": 200, "latency_ms": 105}
{"ts": 101971, "svc": "payment", "status": 200, "latency_ms": 106}
{"ts": 101971, "svc": "auth", "status": 200, "latency_ms": 107}
{"ts": 101971, "svc": "gateway", "status": 200, "latency_ms": 108}
{"ts": 101971, "svc": "payment", "status": 200, "latency_ms": 109}
{"ts": 101971, "svc": "auth", "status": 500, "latency_ms": 110}
{"ts": 101971, "svc": "gateway", "status": 200, "latency_ms": 111}
{"ts": 101972, "svc": "payment", "status": 200, "latency_ms": 112}
{"ts": 101972, "svc": "auth", "status": 200, "latency_ms": 113}
{"ts": 101972, "svc": "gateway", "status": 200, "latency_ms": 114}
{"ts": 101972, "svc": "payment", "status": 200, "latency_ms": 115}
{"ts": 101972, "svc": "auth", "status": 200, "latency_ms": 116}
{"ts": 101972, "svc": "gateway", "status": 200, "latency_ms": 117}
{"ts": 101973, "svc": "payment", "status": 500, "latency_ms": 118}
{"ts": 101973, "svc": "auth", "status": 200, "latency_ms": 119}
{"ts": 101973, "svc": "gateway", "status": 200, "latency_ms": 120}
{"ts": 101973, "svc": "payment", "status": 200, "latency_ms": 121}
{"ts": 101973, "svc": "auth", "status": 200, "latency_ms": 122}
{"ts": 101973, "svc": "gateway", "status": 200, "latency_ms": 123}
{"ts": 101974, "svc": "payment", "status": 200, "latency_ms": 124}
{"ts": 101974, "svc": "auth", "status": 200, "latency_ms": 125}
{"ts": 101974, "svc": "gateway", "status": 500, "latency_ms": 126}
{"ts": 101974, "svc": "payment", "status": 200, "latency_ms": 127}
{"ts": 101974, "svc": "auth", "status": 200, "latency_ms": 128}
{"ts": 101974, "svc": "gateway", "status": 200, "latency_ms": 129}
{"ts": 101975, "svc": "payment", "status": 200, "latency_ms": 130}
{"ts": 101975, "svc": "auth", "status": 200, "latency_ms": 131}
{"ts": 101975, "svc": "gateway", "status": 200, "latency_ms": 132}
{"ts": 101975, "svc": "payment", "status": 200, "latency_ms": 133}
{"ts": 101975, "svc": "auth", "status": 500, "latency_ms": 134}
{"ts": 101975, "svc": "gateway", "status": 200, "latency_ms": 135}
{"ts": 100000, "svc": "auth", "status": 200}
{"ts": 101976, "svc": "payment", "status": 200, "latency_ms": 136}
{"ts": 101976, "svc": "auth", "status": 200, "latency_ms": 137}
{"ts": 101976, "svc": "gateway", "status": 200, "latency_ms": 138}
{"ts": 101976, "svc": "payment", "status": 200, "latency_ms": 139}
{"ts": 101976, "svc": "auth", "status": 200, "latency_ms": 140}
{"ts": 101976, "svc": "gateway", "status": 200, "latency_ms": 141}
{"ts": 101977, "svc": "payment", "status": 500, "latency_ms": 142}
{"ts": 101977, "svc": "auth", "status": 200, "latency_ms": 143}
{"ts": 101977, "svc": "gateway", "status": 200, "latency_ms": 144}
{"ts": 101977, "svc": "payment", "status": 200, "latency_ms": 145}
{"ts": 101977, "svc": "auth", "status": 200, "latency_ms": 146}
{"ts": 101977, "svc": "gateway", "status": 200, "latency_ms": 147}
{"ts": 101978, "svc": "payment", "status": 200, "latency_ms": 148}
{"ts": 101978, "svc": "auth", "status": 200, "latency_ms": 149}
{"ts": 101978, "svc": "gateway", "status": 500, "latency_ms": 100}
   
{"ts": 101978, "svc": "payment", "status": 200, "latency_ms": 101}
{"ts": 101978, "svc": "auth", "status": 200, "latency_ms": 102}
{"ts": 101978, "svc": "gateway", "status": 200, "latency_ms": 103}
{"ts": 101979, "svc": "payment", "status": 200, "latency_ms": 104}
{"ts": 101979, "svc": "auth", "status": 200, "latency_ms": 105}
{"ts": 101979, "svc": "gateway", "status": 200, "latency_ms": 106}
{"ts": 101979, "svc": "payment", "status": 200, "latency_ms": 107}
{"ts": 101979, "svc": "auth", "status": 500, "latency_ms": 108}
{"ts": 101979, "svc": "gateway", "status": 200, "latency_ms": 109}
{"ts": 101980, "svc": "payment", "status": 200, "latency_ms": 110}
{"ts": 101980, "svc": "auth", "status": 200, "latency_ms": 111}
{"ts": 101980, "svc": "gateway", "status": 200, "latency_ms": 112}
{"ts": 101980, "svc": "payment", "status": 200, "latency_ms": 113}
{"ts": 101980, "svc": "auth", "status": 200, "latency_ms": 114}
{"ts": 101980, "svc": "gateway", "status": 200, "latency_ms": 115}
{"ts": 101981, "svc": "payment", "status": 500, "latency_ms": 116}
{"ts": 101981, "svc": "auth", "status": 200, "latency_ms": 117}
{"ts": 101981, "svc": "gateway", "status": 200, "latency_ms": 118}
{"ts": 101981, "svc": "payment", "status": 200, "latency_ms": 119}
{"ts": 101981, "svc": "auth", "status": 200, "latency_ms": 120}
{"ts": 101981, "svc": "gateway", "status": 200, "latency_ms": 121}
{"ts": 101982, "svc": "payment", "status": 200, "latency_ms": 122}
{"ts": 100000, "svc": "auth", "status": 200, "latency_ms": 100, "x": 1}
{"ts": 101982, "svc": "auth", "status": 200, "latency_ms": 123}
{"ts": 101982, "svc": "gateway", "status": 500, "latency_ms": 124}
{"ts": 101982, "svc": "payment", "status": 200, "latency_ms": 125}
{"ts": 101982, "svc": "auth", "status": 200, "latency_ms": 126}
{"ts": 101982, "svc": "gateway", "status": 200, "latency_ms": 127}
{"ts": 101983, "svc": "payment", "status": 200, "latency_ms": 128}
{"ts": 101983, "svc": "auth", "status": 200, "latency_ms": 129}
{"ts": 101983, "svc": "gateway", "status": 200, "latency_ms": 130}
{"ts": 101983, "svc": "payment", "status": 200, "latency_ms": 131}
{"ts": 101983, "svc": "auth", "status": 500, "latency_ms": 132}
{"ts": 101983, "svc": "gateway", "status": 200, "latency_ms": 133}
{"ts": 101984, "svc": "payment", "status": 200, "latency_ms": 134}
{"ts": 101984, "svc": "auth", "status": 200, "latency_ms": 135}
{"ts": 101984, "svc": "gateway", "status": 200, "latency_ms": 136}
{"ts": 101984, "svc": "payment", "status": 200, "latency_ms": 137}
{"ts": 101984, "svc": "auth", "status": 200, "latency_ms": 138}
{"ts": 101984, "svc": "gateway", "status": 200, "latency_ms": 139}
{"ts": 101985, "svc": "payment", "status": 500, "latency_ms": 140}
{"ts": 101985, "svc": "auth", "status": 200, "latency_ms": 141}
{"ts": 101985, "svc": "gateway", "status": 200, "latency_ms": 142}
{"ts": 101985, "svc": "payment", "status": 200, "latency_ms": 143}
{"ts": 101985, "svc": "auth", "status": 200, "latency_ms": 144}
{"ts": 101985, "svc": "gateway", "status": 200, "latency_ms": 145}
{"ts": 101986, "svc": "payment", "status": 200, "latency_ms": 146}
{"ts": 101986, "svc": "auth", "status": 200, "latency_ms": 147}
{"ts": 101986, "svc": "gateway", "status": 500, "latency_ms": 148}
{"ts": 101986, "svc": "payment", "status": 200, "latency_ms": 149}
{"ts": 101986, "svc": "auth", "status": 200, "latency_ms": 100}
   
{"ts": 101986, "svc": "gateway", "status": 200, "latency_ms": 101}
{"ts": 101987, "svc": "payment", "status": 200, "latency_ms": 102}
{"ts": 101987, "svc": "auth", "status": 200, "latency_ms": 103}
{"ts": 101987, "svc": "gateway", "status": 200, "latency_ms": 104}
{"ts": 101987, "svc": "payment", "status": 200, "latency_ms": 105}
{"ts": 101987, "svc": "auth", "status": 500, "latency_ms": 106}
{"ts": 101987, "svc": "gateway", "status": 200, "latency_ms": 107}
{"ts": 101988, "svc": "payment", "status": 200, "latency_ms": 108}
{"ts": 101988, "svc": "auth", "status": 200, "latency_ms": 109}
{"ts": 100000, "svc": "gateway", "status": 200.0, "latency_ms": 100}
{"ts": 101988, "svc": "gateway", "status": 200, "latency_ms": 110}
{"ts": 101988, "svc": "payment", "status": 200, "latency_ms": 111}
{"ts": 101988, "svc": "auth", "status": 200, "latency_ms": 112}
{"ts": 101988, "svc": "gateway", "status": 200, "latency_ms": 113}
{"ts": 101989, "svc": "payment", "status": 500, "latency_ms": 114}
{"ts": 101989, "svc": "auth", "status": 200, "latency_ms": 115}
{"ts": 101989, "svc": "gateway", "status": 200, "latency_ms": 116}
{"ts": 101989, "svc": "payment", "status": 200, "latency_ms": 117}
{"ts": 101989, "svc": "auth", "status": 200, "latency_ms": 118}
{"ts": 101989, "svc": "gateway", "status": 200, "latency_ms": 119}
{"ts": 101990, "svc": "payment", "status": 200, "latency_ms": 120}
{"ts": 101990, "svc": "auth", "status": 200, "latency_ms": 121}
{"ts": 101990, "svc": "gateway", "status": 500, "latency_ms": 122}
{"ts": 101990, "svc": "payment", "status": 200, "latency_ms": 123}
{"ts": 101990, "svc": "auth", "status": 200, "latency_ms": 124}
{"ts": 101990, "svc": "gateway", "status": 200, "latency_ms": 125}
{"ts": 101991, "svc": "payment", "status": 200, "latency_ms": 126}
{"ts": 101991, "svc": "auth", "status": 200, "latency_ms": 127}
{"ts": 101991, "svc": "gateway", "status": 200, "latency_ms": 128}
{"ts": 101991, "svc": "payment", "status": 200, "latency_ms": 129}
{"ts": 101991, "svc": "auth", "status": 500, "latency_ms": 130}
{"ts": 101991, "svc": "gateway", "status": 200, "latency_ms": 131}
{"ts": 101992, "svc": "payment", "status": 200, "latency_ms": 132}
{"ts": 101992, "svc": "auth", "status": 200, "latency_ms": 133}
{"ts": 101992, "svc": "gateway", "status": 200, "latency_ms": 134}
{"ts": 101992, "svc": "payment", "status": 200, "latency_ms": 135}
{"ts": 101992, "svc": "auth", "status": 200, "latency_ms": 136}
{"ts": 101992, "svc": "gateway", "status": 200, "latency_ms": 137}
{"ts": 101993, "svc": "payment", "status": 500, "latency_ms": 138}
{"ts": 101993, "svc": "auth", "status": 200, "latency_ms": 139}
{"ts": 101993, "svc": "gateway", "status": 200, "latency_ms": 140}
{"ts": 101993, "svc": "payment", "status": 200, "latency_ms": 141}
{"ts": 101993, "svc": "auth", "status": 200, "latency_ms": 142}
{"ts": 101993, "svc": "gateway", "status": 200, "latency_ms": 143}
{"ts": 101994, "svc": "payment", "status": 200, "latency_ms": 144}
{"ts": 101994, "svc": "auth", "status": 200, "latency_ms": 145}
{"ts": 101994, "svc": "gateway", "status": 500, "latency_ms": 146}
{"ts": true, "svc": "payment", "status": 200, "latency_ms": 100}
{"ts": 101994, "svc": "payment", "status": 200, "latency_ms": 147}
{"ts": 101994, "svc": "auth", "status": 200, "latency_ms": 148}
{"ts": 101994, "svc": "gateway", "status": 200, "latency_ms": 149}
{"ts": 101954, "svc": "payment", "status": 500, "latency_ms": 100}
{"ts": 101964, "svc": "payment", "status": 200, "latency_ms": 100}
{"ts": 102005, "svc": "auth", "status": 500, "latency_ms": 100}
   
{"ts": 100000, "svc": "billing", "status": 200, "latency_ms": 100}
{"ts": 102005, "svc": "gateway", "status": 200, "latency_ms": 101}
{"ts": 102005, "svc": "payment", "status": 200, "latency_ms": 102}
{"ts": 102005, "svc": "auth", "status": 200, "latency_ms": 103}
{"ts": 102005, "svc": "gateway", "status": 200, "latency_ms": 104}
{"ts": 102005, "svc": "payment", "status": 200, "latency_ms": 105}
{"ts": 102006, "svc": "auth", "status": 200, "latency_ms": 106}
{"ts": 102006, "svc": "gateway", "status": 200, "latency_ms": 107}
{"ts": 102006, "svc": "payment", "status": 500, "latency_ms": 108}
{"ts": 102006, "svc": "auth", "status": 200, "latency_ms": 109}
{"ts": 102006, "svc": "gateway", "status": 200, "latency_ms": 110}
{"ts": 102006, "svc": "payment", "status": 200, "latency_ms": 111}
{"ts": 102007, "svc": "auth", "status": 200, "latency_ms": 112}
{"ts": 102007, "svc": "gateway", "status": 200, "latency_ms": 113}
{"ts": 102007, "svc": "payment", "status": 200, "latency_ms": 114}
{"ts": 102007, "svc": "auth", "status": 200, "latency_ms": 115}
{"ts": 102007, "svc": "gateway", "status": 500, "latency_ms": 116}
{"ts": 102007, "svc": "payment", "status": 200, "latency_ms": 117}
{"ts": 102008, "svc": "auth", "status": 200, "latency_ms": 118}
{"ts": 102008, "svc": "gateway", "status": 200, "latency_ms": 119}
{"ts": 102008, "svc": "payment", "status": 200, "latency_ms": 120}
{"ts": 102008, "svc": "auth", "status": 200, "latency_ms": 121}
{"ts": 102008, "svc": "gateway", "status": 200, "latency_ms": 122}
{"ts": 102008, "svc": "payment", "status": 200, "latency_ms": 123}
{"ts": 102009, "svc": "auth", "status": 500, "latency_ms": 124}
{"ts": 102009, "svc": "gateway", "status": 200, "latency_ms": 125}
{"ts": 102009, "svc": "payment", "status": 200, "latency_ms": 126}
{"ts": 102009, "svc": "auth", "status": 200, "latency_ms": 127}
{"ts": 102009, "svc": "gateway", "status": 200, "latency_ms": 128}
{"ts": 102009, "svc": "payment", "status": 200, "latency_ms": 129}
{"ts": 102010, "svc": "auth", "status": 200, "latency_ms": 130}
{"ts": 102010, "svc": "gateway", "status": 200, "latency_ms": 131}
{"ts": 102010, "svc": "payment", "status": 500, "latency_ms": 132}
{"ts": 102010, "svc": "auth", "status": 200, "latency_ms": 133}
{"ts": 102010, "svc": "gateway", "status": 200, "latency_ms": 134}
{"ts": 102010, "svc": "payment", "status": 200, "latency_ms": 135}
{"ts": 102011, "svc": "auth", "status": 200, "latency_ms": 136}
{"ts": 102011, "svc": "gateway", "status": 200, "latency_ms": 137}
{"ts": 100000, "svc": "gateway", "status": 200, "latency_ms": 1001}
{"ts": 102011, "svc": "payment", "status": 200, "latency_ms": 138}
{"ts": 102011, "svc": "auth", "status": 200, "latency_ms": 139}
{"ts": 102011, "svc": "gateway", "status": 500, "latency_ms": 140}
{"ts": 102011, "svc": "payment", "status": 200, "latency_ms": 141}
{"ts": 102012, "svc": "auth", "status": 200, "latency_ms": 142}
{"ts": 102012, "svc": "gateway", "status": 200, "latency_ms": 143}
{"ts": 102012, "svc": "payment", "status": 200, "latency_ms": 144}
{"ts": 102012, "svc": "auth", "status": 200, "latency_ms": 145}
{"ts": 102012, "svc": "gateway", "status": 200, "latency_ms": 146}
{"ts": 102012, "svc": "payment", "status": 200, "latency_ms": 147}
{"ts": 102013, "svc": "auth", "status": 500, "latency_ms": 148}
{"ts": 102013, "svc": "gateway", "status": 200, "latency_ms": 149}
{"ts": 102013, "svc": "payment", "status": 200, "latency_ms": 100}
   
{"ts": 102013, "svc": "auth", "status": 200, "latency_ms": 101}
{"ts": 102013, "svc": "gateway", "status": 200, "latency_ms": 102}
{"ts": 102013, "svc": "payment", "status": 200, "latency_ms": 103}
{"ts": 102014, "svc": "auth", "status": 200, "latency_ms": 104}
{"ts": 102014, "svc": "gateway", "status": 200, "latency_ms": 105}
{"ts": 102014, "svc": "payment", "status": 500, "latency_ms": 106}
{"ts": 102014, "svc": "auth", "status": 200, "latency_ms": 107}
{"ts": 102014, "svc": "gateway", "status": 200, "latency_ms": 108}
{"ts": 102014, "svc": "payment", "status": 200, "latency_ms": 109}
{"ts": 102015, "svc": "auth", "status": 200, "latency_ms": 110}
{"ts": 102015, "svc": "gateway", "status": 200, "latency_ms": 111}
{"ts": 102015, "svc": "payment", "status": 200, "latency_ms": 112}
{"ts": 102015, "svc": "auth", "status": 200, "latency_ms": 113}
{"ts": 102015, "svc": "gateway", "status": 500, "latency_ms": 114}
{"ts": 102015, "svc": "payment", "status": 200, "latency_ms": 115}
{"ts": 102016, "svc": "auth", "status": 200, "latency_ms": 116}
{"ts": 102016, "svc": "gateway", "status": 200, "latency_ms": 117}
{"ts": 102016, "svc": "payment", "status": 200, "latency_ms": 118}
{"ts": 102016, "svc": "auth", "status": 200, "latency_ms": 119}
{"ts": 102016, "svc": "gateway", "status": 200, "latency_ms": 120}
{"ts": 102016, "svc": "payment", "status": 200, "latency_ms": 121}
{"ts": 102017, "svc": "auth", "status": 500, "latency_ms": 122}
{"ts": 102017, "svc": "gateway", "status": 200, "latency_ms": 123}
{"ts": 102017, "svc": "payment", "status": 200, "latency_ms": 124}
{"ts": 100000, "svc": "payment", "status": 200, "latency_ms": false}
{"ts": 102017, "svc": "auth", "status": 200, "latency_ms": 125}
{"ts": 102017, "svc": "gateway", "status": 200, "latency_ms": 126}
{"ts": 102017, "svc": "payment", "status": 200, "latency_ms": 127}
{"ts": 102018, "svc": "auth", "status": 200, "latency_ms": 128}
{"ts": 102018, "svc": "gateway", "status": 200, "latency_ms": 129}
{"ts": 102018, "svc": "payment", "status": 500, "latency_ms": 130}
{"ts": 102018, "svc": "auth", "status": 200, "latency_ms": 131}
{"ts": 102018, "svc": "gateway", "status": 200, "latency_ms": 132}
{"ts": 102018, "svc": "payment", "status": 200, "latency_ms": 133}
{"ts": 102019, "svc": "auth", "status": 200, "latency_ms": 134}
{"ts": 102019, "svc": "gateway", "status": 200, "latency_ms": 135}
{"ts": 102019, "svc": "payment", "status": 200, "latency_ms": 136}
{"ts": 102019, "svc": "auth", "status": 200, "latency_ms": 137}
{"ts": 102019, "svc": "gateway", "status": 500, "latency_ms": 138}
{"ts": 102019, "svc": "payment", "status": 200, "latency_ms": 139}
{"ts": 102020, "svc": "auth", "status": 200, "latency_ms": 140}
{"ts": 102020, "svc": "gateway", "status": 200, "latency_ms": 141}
{"ts": 102020, "svc": "payment", "status": 200, "latency_ms": 142}
{"ts": 102020, "svc": "auth", "status": 200, "latency_ms": 143}
{"ts": 102020, "svc": "gateway", "status": 200, "latency_ms": 144}
{"ts": 102020, "svc": "payment", "status": 200, "latency_ms": 145}
{"ts": 102021, "svc": "auth", "status": 500, "latency_ms": 146}
{"ts": 102021, "svc": "gateway", "status": 200, "latency_ms": 147}
{"ts": 102021, "svc": "payment", "status": 200, "latency_ms": 148}
{"ts": 102021, "svc": "auth", "status": 200, "latency_ms": 149}
{"ts": 102021, "svc": "gateway", "status": 200, "latency_ms": 100}
   
{"ts": 102021, "svc": "payment", "status": 200, "latency_ms": 101}
{"ts": 102022, "svc": "auth", "status": 200, "latency_ms": 102}
{"ts": 102022, "svc": "gateway", "status": 200, "latency_ms": 103}
{"ts": 102022, "svc": "payment", "status": 500, "latency_ms": 104}
{"ts": 102022, "svc": "auth", "status": 200, "latency_ms": 105}
{"ts": 102022, "svc": "gateway", "status": 200, "latency_ms": 106}
{"ts": 102022, "svc": "payment", "status": 200, "latency_ms": 107}
{"ts": 102023, "svc": "auth", "status": 200, "latency_ms": 108}
{"ts": 102023, "svc": "gateway", "status": 200, "latency_ms": 109}
{"ts": 102023, "svc": "payment", "status": 200, "latency_ms": 110}
{"ts": 102023, "svc": "auth", "status": 200, "latency_ms": 111}
definitely not json {{
{"ts": 102023, "svc": "gateway", "status": 500, "latency_ms": 112}
{"ts": 102023, "svc": "payment", "status": 200, "latency_ms": 113}
{"ts": 102024, "svc": "auth", "status": 200, "latency_ms": 114}
{"ts": 102024, "svc": "gateway", "status": 200, "latency_ms": 115}
{"ts": 102024, "svc": "payment", "status": 200, "latency_ms": 116}
{"ts": 102024, "svc": "auth", "status": 200, "latency_ms": 117}
{"ts": 102024, "svc": "gateway", "status": 200, "latency_ms": 118}
{"ts": 102024, "svc": "payment", "status": 200, "latency_ms": 119}
{"ts": 102025, "svc": "auth", "status": 500, "latency_ms": 120}
{"ts": 102025, "svc": "gateway", "status": 200, "latency_ms": 121}
{"ts": 102025, "svc": "payment", "status": 200, "latency_ms": 122}
{"ts": 102025, "svc": "auth", "status": 200, "latency_ms": 123}
{"ts": 102025, "svc": "gateway", "status": 200, "latency_ms": 124}
{"ts": 102025, "svc": "payment", "status": 200, "latency_ms": 125}
{"ts": 102026, "svc": "auth", "status": 200, "latency_ms": 126}
{"ts": 102026, "svc": "gateway", "status": 200, "latency_ms": 127}
{"ts": 102026, "svc": "payment", "status": 500, "latency_ms": 128}
{"ts": 102026, "svc": "auth", "status": 200, "latency_ms": 129}
{"ts": 102026, "svc": "gateway", "status": 200, "latency_ms": 130}
{"ts": 102026, "svc": "payment", "status": 200, "latency_ms": 131}
{"ts": 102027, "svc": "auth", "status": 200, "latency_ms": 132}
{"ts": 102027, "svc": "gateway", "status": 200, "latency_ms": 133}
{"ts": 102027, "svc": "payment", "status": 200, "latency_ms": 134}
{"ts": 102027, "svc": "auth", "status": 200, "latency_ms": 135}
{"ts": 102027, "svc": "gateway", "status": 500, "latency_ms": 136}
{"ts": 102027, "svc": "payment", "status": 200, "latency_ms": 137}
{"ts": 102028, "svc": "auth", "status": 200, "latency_ms": 138}
{"ts": 102028, "svc": "gateway", "status": 200, "latency_ms": 139}
{"ts": 102028, "svc": "payment", "status": 200, "latency_ms": 140}
{"ts": 102028, "svc": "auth", "status": 200, "latency_ms": 141}
{"ts": 102028, "svc": "gateway", "status": 200, "latency_ms": 142}
{"ts": 102028, "svc": "payment", "status": 200, "latency_ms": 143}
{"ts": 102029, "svc": "auth", "status": 500, "latency_ms": 144}
{"ts": 102029, "svc": "gateway", "status": 200, "latency_ms": 145}
{"ts": 102029, "svc": "payment", "status": 200, "latency_ms": 146}
{"ts": 102029, "svc": "auth", "status": 200, "latency_ms": 147}
{"ts": 102029, "svc": "gateway", "status": 200, "latency_ms": 148}
{"ts": 100000, "svc": "auth", "status": 200}
{"ts": 102029, "svc": "payment", "status": 200, "latency_ms": 149}
{"ts": 102030, "svc": "auth", "status": 200, "latency_ms": 100}
   
{"ts": 102030, "svc": "gateway", "status": 200, "latency_ms": 101}
{"ts": 102030, "svc": "payment", "status": 500, "latency_ms": 102}
{"ts": 102030, "svc": "auth", "status": 200, "latency_ms": 103}
{"ts": 102030, "svc": "gateway", "status": 200, "latency_ms": 104}
{"ts": 102030, "svc": "payment", "status": 200, "latency_ms": 105}
{"ts": 102031, "svc": "auth", "status": 200, "latency_ms": 106}
{"ts": 102031, "svc": "gateway", "status": 200, "latency_ms": 107}
{"ts": 102031, "svc": "payment", "status": 200, "latency_ms": 108}
{"ts": 102031, "svc": "auth", "status": 200, "latency_ms": 109}
{"ts": 102031, "svc": "gateway", "status": 500, "latency_ms": 110}
{"ts": 102031, "svc": "payment", "status": 200, "latency_ms": 111}
{"ts": 102032, "svc": "auth", "status": 200, "latency_ms": 112}
{"ts": 102032, "svc": "gateway", "status": 200, "latency_ms": 113}
{"ts": 102032, "svc": "payment", "status": 200, "latency_ms": 114}
{"ts": 102032, "svc": "auth", "status": 200, "latency_ms": 115}
{"ts": 102032, "svc": "gateway", "status": 200, "latency_ms": 116}
{"ts": 102032, "svc": "payment", "status": 200, "latency_ms": 117}
{"ts": 102033, "svc": "auth", "status": 500, "latency_ms": 118}
{"ts": 102033, "svc": "gateway", "status": 200, "latency_ms": 119}
{"ts": 102033, "svc": "payment", "status": 200, "latency_ms": 120}
{"ts": 102033, "svc": "auth", "status": 200, "latency_ms": 121}
{"ts": 102033, "svc": "gateway", "status": 200, "latency_ms": 122}
{"ts": 102033, "svc": "payment", "status": 200, "latency_ms": 123}
{"ts": 102034, "svc": "auth", "status": 200, "latency_ms": 124}
{"ts": 102034, "svc": "gateway", "status": 200, "latency_ms": 125}
{"ts": 102034, "svc": "payment", "status": 500, "latency_ms": 126}
{"ts": 102034, "svc": "auth", "status": 200, "latency_ms": 127}
{"ts": 102034, "svc": "gateway", "status": 200, "latency_ms": 128}
{"ts": 102034, "svc": "payment", "status": 200, "latency_ms": 129}
{"ts": 102035, "svc": "auth", "status": 200, "latency_ms": 130}
{"ts": 102035, "svc": "gateway", "status": 200, "latency_ms": 131}
{"ts": 102035, "svc": "payment", "status": 200, "latency_ms": 132}
{"ts": 102035, "svc": "auth", "status": 200, "latency_ms": 133}
{"ts": 102035, "svc": "gateway", "status": 500, "latency_ms": 134}
{"ts": 102035, "svc": "payment", "status": 200, "latency_ms": 135}
{"ts": 100000, "svc": "auth", "status": 200, "latency_ms": 100, "x": 1}
{"ts": 102036, "svc": "auth", "status": 200, "latency_ms": 136}
{"ts": 102036, "svc": "gateway", "status": 200, "latency_ms": 137}
{"ts": 102036, "svc": "payment", "status": 200, "latency_ms": 138}
{"ts": 102036, "svc": "auth", "status": 200, "latency_ms": 139}
{"ts": 102036, "svc": "gateway", "status": 200, "latency_ms": 140}
{"ts": 102036, "svc": "payment", "status": 200, "latency_ms": 141}
{"ts": 102037, "svc": "auth", "status": 500, "latency_ms": 142}
{"ts": 102037, "svc": "gateway", "status": 200, "latency_ms": 143}
{"ts": 102037, "svc": "payment", "status": 200, "latency_ms": 144}
{"ts": 102037, "svc": "auth", "status": 200, "latency_ms": 145}
{"ts": 102037, "svc": "gateway", "status": 200, "latency_ms": 146}
{"ts": 102037, "svc": "payment", "status": 200, "latency_ms": 147}
{"ts": 102038, "svc": "auth", "status": 200, "latency_ms": 148}
{"ts": 102038, "svc": "gateway", "status": 200, "latency_ms": 149}
{"ts": 102038, "svc": "payment", "status": 500, "latency_ms": 100}
   
{"ts": 102038, "svc": "auth", "status": 200, "latency_ms": 101}
{"ts": 102038, "svc": "gateway", "status": 200, "latency_ms": 102}
{"ts": 102038, "svc": "payment", "status": 200, "latency_ms": 103}
{"ts": 102039, "svc": "auth", "status": 200, "latency_ms": 104}
{"ts": 102039, "svc": "gateway", "status": 200, "latency_ms": 105}
{"ts": 102039, "svc": "payment", "status": 200, "latency_ms": 106}
{"ts": 102039, "svc": "auth", "status": 200, "latency_ms": 107}
{"ts": 102039, "svc": "gateway", "status": 500, "latency_ms": 108}
{"ts": 102039, "svc": "payment", "status": 200, "latency_ms": 109}
{"ts": 102040, "svc": "auth", "status": 200, "latency_ms": 110}
{"ts": 102040, "svc": "gateway", "status": 200, "latency_ms": 111}
{"ts": 102040, "svc": "payment", "status": 200, "latency_ms": 112}
{"ts": 102040, "svc": "auth", "status": 200, "latency_ms": 113}
{"ts": 102040, "svc": "gateway", "status": 200, "latency_ms": 114}
{"ts": 102040, "svc": "payment", "status": 200, "latency_ms": 115}
{"ts": 102041, "svc": "auth", "status": 500, "latency_ms": 116}
{"ts": 102041, "svc": "gateway", "status": 200, "latency_ms": 117}
{"ts": 102041, "svc": "payment", "status": 200, "latency_ms": 118}
{"ts": 102041, "svc": "auth", "status": 200, "latency_ms": 119}
{"ts": 102041, "svc": "gateway", "status": 200, "latency_ms": 120}
{"ts": 102041, "svc": "payment", "status": 200, "latency_ms": 121}
{"ts": 102042, "svc": "auth", "status": 200, "latency_ms": 122}
{"ts": 100000, "svc": "gateway", "status": 200.0, "latency_ms": 100}
{"ts": 102042, "svc": "gateway", "status": 200, "latency_ms": 123}
{"ts": 102042, "svc": "payment", "status": 500, "latency_ms": 124}
{"ts": 102042, "svc": "auth", "status": 200, "latency_ms": 125}
{"ts": 102042, "svc": "gateway", "status": 200, "latency_ms": 126}
{"ts": 102042, "svc": "payment", "status": 200, "latency_ms": 127}
{"ts": 102043, "svc": "auth", "status": 200, "latency_ms": 128}
{"ts": 102043, "svc": "gateway", "status": 200, "latency_ms": 129}
{"ts": 102043, "svc": "payment", "status": 200, "latency_ms": 130}
{"ts": 102043, "svc": "auth", "status": 200, "latency_ms": 131}
{"ts": 102043, "svc": "gateway", "status": 500, "latency_ms": 132}
{"ts": 102043, "svc": "payment", "status": 200, "latency_ms": 133}
{"ts": 102044, "svc": "auth", "status": 200, "latency_ms": 134}
{"ts": 102044, "svc": "gateway", "status": 200, "latency_ms": 135}
{"ts": 102044, "svc": "payment", "status": 200, "latency_ms": 136}
{"ts": 102044, "svc": "auth", "status": 200, "latency_ms": 137}
{"ts": 102044, "svc": "gateway", "status": 200, "latency_ms": 138}
{"ts": 102044, "svc": "payment", "status": 200, "latency_ms": 139}
{"ts": 102045, "svc": "auth", "status": 500, "latency_ms": 140}
{"ts": 102045, "svc": "gateway", "status": 200, "latency_ms": 141}
{"ts": 102045, "svc": "payment", "status": 200, "latency_ms": 142}
{"ts": 102045, "svc": "auth", "status": 200, "latency_ms": 143}
{"ts": 102045, "svc": "gateway", "status": 200, "latency_ms": 144}
{"ts": 102045, "svc": "payment", "status": 200, "latency_ms": 145}
{"ts": 102046, "svc": "auth", "status": 200, "latency_ms": 146}
{"ts": 102046, "svc": "gateway", "status": 200, "latency_ms": 147}
{"ts": 102046, "svc": "payment", "status": 500, "latency_ms": 148}
{"ts": 102046, "svc": "auth", "status": 200, "latency_ms": 149}
{"ts": 102046, "svc": "gateway", "status": 200, "latency_ms": 100}
   
{"ts": 102046, "svc": "payment", "status": 200, "latency_ms": 101}
{"ts": 102047, "svc": "auth", "status": 200, "latency_ms": 102}
{"ts": 102047, "svc": "gateway", "status": 200, "latency_ms": 103}
{"ts": 102047, "svc": "payment", "status": 200, "latency_ms": 104}
{"ts": 102047, "svc": "auth", "status": 200, "latency_ms": 105}
{"ts": 102047, "svc": "gateway", "status": 500, "latency_ms": 106}
{"ts": 102047, "svc": "payment", "status": 200, "latency_ms": 107}
{"ts": 102048, "svc": "auth", "status": 200, "latency_ms": 108}
{"ts": 102048, "svc": "gateway", "status": 200, "latency_ms": 109}
{"ts": true, "svc": "payment", "status": 200, "latency_ms": 100}
{"ts": 102048, "svc": "payment", "status": 200, "latency_ms": 110}
{"ts": 102048, "svc": "auth", "status": 200, "latency_ms": 111}
{"ts": 102048, "svc": "gateway", "status": 200, "latency_ms": 112}
{"ts": 102048, "svc": "payment", "status": 200, "latency_ms": 113}
{"ts": 102049, "svc": "auth", "status": 500, "latency_ms": 114}
{"ts": 102049, "svc": "gateway", "status": 200, "latency_ms": 115}
{"ts": 102049, "svc": "payment", "status": 200, "latency_ms": 116}
{"ts": 102049, "svc": "auth", "status": 200, "latency_ms": 117}
{"ts": 102049, "svc": "gateway", "status": 200, "latency_ms": 118}
{"ts": 102049, "svc": "payment", "status": 200, "latency_ms": 119}
{"ts": 102050, "svc": "auth", "status": 200, "latency_ms": 120}
{"ts": 102050, "svc": "gateway", "status": 200, "latency_ms": 121}
{"ts": 102050, "svc": "payment", "status": 500, "latency_ms": 122}
{"ts": 102050, "svc": "auth", "status": 200, "latency_ms": 123}
{"ts": 102050, "svc": "gateway", "status": 200, "latency_ms": 124}
{"ts": 102050, "svc": "payment", "status": 200, "latency_ms": 125}
{"ts": 102051, "svc": "auth", "status": 200, "latency_ms": 126}
{"ts": 102051, "svc": "gateway", "status": 200, "latency_ms": 127}
{"ts": 102051, "svc": "payment", "status": 200, "latency_ms": 128}
{"ts": 102051, "svc": "auth", "status": 200, "latency_ms": 129}
{"ts": 102051, "svc": "gateway", "status": 500, "latency_ms": 130}
{"ts": 102051, "svc": "payment", "status": 200, "latency_ms": 131}
{"ts": 102052, "svc": "auth", "status": 200, "latency_ms": 132}
{"ts": 102052, "svc": "gateway", "status": 200, "latency_ms": 133}
{"ts": 102052, "svc": "payment", "status": 200, "latency_ms": 134}
{"ts": 102052, "svc": "auth", "status": 200, "latency_ms": 135}
{"ts": 102052, "svc": "gateway", "status": 200, "latency_ms": 136}
{"ts": 102052, "svc": "payment", "status": 200, "latency_ms": 137}
{"ts": 102053, "svc": "auth", "status": 500, "latency_ms": 138}
{"ts": 102053, "svc": "gateway", "status": 200, "latency_ms": 139}
{"ts": 102053, "svc": "payment", "status": 200, "latency_ms": 140}
{"ts": 102053, "svc": "auth", "status": 200, "latency_ms": 141}
{"ts": 102053, "svc": "gateway", "status": 200, "latency_ms": 142}
{"ts": 102053, "svc": "payment", "status": 200, "latency_ms": 143}
{"ts": 102054, "svc": "auth", "status": 200, "latency_ms": 144}
{"ts": 102054, "svc": "gateway", "status": 200, "latency_ms": 145}
{"ts": 102054, "svc": "payment", "status": 500, "latency_ms": 146}
{"ts": 100000, "svc": "auth", "status": 99, "latency_ms": 100}
{"ts": 102054, "svc": "auth", "status": 200, "latency_ms": 147}
{"ts": 102054, "svc": "gateway", "status": 200, "latency_ms": 148}
{"ts": 102054, "svc": "payment", "status": 200, "latency_ms": 149}
{"ts": 102014, "svc": "auth", "status": 500, "latency_ms": 100}
{"ts": 102024, "svc": "auth", "status": 200, "latency_ms": 100}
{"ts": 102065, "svc": "gateway", "status": 500, "latency_ms": 100}
   
{"ts": 100000, "svc": "gateway", "status": 200, "latency_ms": 1001}
{"ts": 102065, "svc": "payment", "status": 200, "latency_ms": 101}
{"ts": 102065, "svc": "auth", "status": 200, "latency_ms": 102}
{"ts": 102065, "svc": "gateway", "status": 200, "latency_ms": 103}
{"ts": 102065, "svc": "payment", "status": 200, "latency_ms": 104}
{"ts": 102065, "svc": "auth", "status": 200, "latency_ms": 105}
{"ts": 102066, "svc": "gateway", "status": 200, "latency_ms": 106}
{"ts": 102066, "svc": "payment", "status": 200, "latency_ms": 107}
{"ts": 102066, "svc": "auth", "status": 500, "latency_ms": 108}
{"ts": 102066, "svc": "gateway", "status": 200, "latency_ms": 109}
{"ts": 102066, "svc": "payment", "status": 200, "latency_ms": 110}
{"ts": 102066, "svc": "auth", "status": 200, "latency_ms": 111}
{"ts": 102067, "svc": "gateway", "status": 200, "latency_ms": 112}
{"ts": 102067, "svc": "payment", "status": 200, "latency_ms": 113}
{"ts": 102067, "svc": "auth", "status": 200, "latency_ms": 114}
{"ts": 102067, "svc": "gateway", "status": 200, "latency_ms": 115}
{"ts": 102067, "svc": "payment", "status": 500, "latency_ms": 116}
{"ts": 102067, "svc": "auth", "status": 200, "latency_ms": 117}
{"ts": 102068, "svc": "gateway", "status": 200, "latency_ms": 118}
{"ts": 102068, "svc": "payment", "status": 200, "latency_ms": 119}
{"ts": 102068, "svc": "auth", "status": 200, "latency_ms": 120}
{"ts": 102068, "svc": "gateway", "status": 200, "latency_ms": 121}
{"ts": 102068, "svc": "payment", "status": 200, "latency_ms": 122}
{"ts": 102068, "svc": "auth", "status": 200, "latency_ms": 123}
{"ts": 102069, "svc": "gateway", "status": 500, "latency_ms": 124}
{"ts": 102069, "svc": "payment", "status": 200, "latency_ms": 125}
{"ts": 102069, "svc": "auth", "status": 200, "latency_ms": 126}
{"ts": 102069, "svc": "gateway", "status": 200, "latency_ms": 127}
{"ts": 102069, "svc": "payment", "status": 200, "latency_ms": 128}
{"ts": 102069, "svc": "auth", "status": 200, "latency_ms": 129}
{"ts": 102070, "svc": "gateway", "status": 200, "latency_ms": 130}
{"ts": 102070, "svc": "payment", "status": 200, "latency_ms": 131}
{"ts": 102070, "svc": "auth", "status": 500, "latency_ms": 132}
{"ts": 102070, "svc": "gateway", "status": 200, "latency_ms": 133}
{"ts": 102070, "svc": "payment", "status": 200, "latency_ms": 134}
{"ts": 102070, "svc": "auth", "status": 200, "latency_ms": 135}
{"ts": 102071, "svc": "gateway", "status": 200, "latency_ms": 136}
{"ts": 102071, "svc": "payment", "status": 200, "latency_ms": 137}
{"ts": 100000, "svc": "payment", "status": 200, "latency_ms": false}
{"ts": 102071, "svc": "auth", "status": 200, "latency_ms": 138}
{"ts": 102071, "svc": "gateway", "status": 200, "latency_ms": 139}
{"ts": 102071, "svc": "payment", "status": 500, "latency_ms": 140}
{"ts": 102071, "svc": "auth", "status": 200, "latency_ms": 141}
{"ts": 102072, "svc": "gateway", "status": 200, "latency_ms": 142}
{"ts": 102072, "svc": "payment", "status": 200, "latency_ms": 143}
{"ts": 102072, "svc": "auth", "status": 200, "latency_ms": 144}
{"ts": 102072, "svc": "gateway", "status": 200, "latency_ms": 145}
{"ts": 102072, "svc": "payment", "status": 200, "latency_ms": 146}
{"ts": 102072, "svc": "auth", "status": 200, "latency_ms": 147}
{"ts": 102073, "svc": "gateway", "status": 500, "latency_ms": 148}
{"ts": 102073, "svc": "payment", "status": 200, "latency_ms": 149}
{"ts": 102073, "svc": "auth", "status": 200, "latency_ms": 100}
   
{"ts": 102073, "svc": "gateway", "status": 200, "latency_ms": 101}
{"ts": 102073, "svc": "payment", "status": 200, "latency_ms": 102}
{"ts": 102073, "svc": "auth", "status": 200, "latency_ms": 103}
{"ts": 102074, "svc": "gateway", "status": 200, "latency_ms": 104}
{"ts": 102074, "svc": "payment", "status": 200, "latency_ms": 105}
{"ts": 102074, "svc": "auth", "status": 500, "latency_ms": 106}
{"ts": 102074, "svc": "gateway", "status": 200, "latency_ms": 107}
{"ts": 102074, "svc": "payment", "status": 200, "latency_ms": 108}
{"ts": 102074, "svc": "auth", "status": 200, "latency_ms": 109}
{"ts": 102075, "svc": "gateway", "status": 200, "latency_ms": 110}
{"ts": 102075, "svc": "payment", "status": 200, "latency_ms": 111}
{"ts": 102075, "svc": "auth", "status": 200, "latency_ms": 112}
{"ts": 102075, "svc": "gateway", "status": 200, "latency_ms": 113}
{"ts": 102075, "svc": "payment", "status": 500, "latency_ms": 114}
{"ts": 102075, "svc": "auth", "status": 200, "latency_ms": 115}
{"ts": 102076, "svc": "gateway", "status": 200, "latency_ms": 116}
{"ts": 102076, "svc": "payment", "status": 200, "latency_ms": 117}
{"ts": 102076, "svc": "auth", "status": 200, "latency_ms": 118}
{"ts": 102076, "svc": "gateway", "status": 200, "latency_ms": 119}
{"ts": 102076, "svc": "payment", "status": 200, "latency_ms": 120}
{"ts": 102076, "svc": "auth", "status": 200, "latency_ms": 121}
{"ts": 102077, "svc": "gateway", "status": 500, "latency_ms": 122}
{"ts": 102077, "svc": "payment", "status": 200, "latency_ms": 123}
{"ts": 102077, "svc": "auth", "status": 200, "latency_ms": 124}
definitely not json {{
{"ts": 102077, "svc": "gateway", "status": 200, "latency_ms": 125}
{"ts": 102077, "svc": "payment", "status": 200, "latency_ms": 126}
{"ts": 102077, "svc": "auth", "status": 200, "latency_ms": 127}
{"ts": 102078, "svc": "gateway", "status": 200, "latency_ms": 128}
{"ts": 102078, "svc": "payment", "status": 200, "latency_ms": 129}
{"ts": 102078, "svc": "auth", "status": 500, "latency_ms": 130}
{"ts": 102078, "svc": "gateway", "status": 200, "latency_ms": 131}
{"ts": 102078, "svc": "payment", "status": 200, "latency_ms": 132}
{"ts": 102078, "svc": "auth", "status": 200, "latency_ms": 133}
{"ts": 102079, "svc": "gateway", "status": 200, "latency_ms": 134}
{"ts": 102079, "svc": "payment", "status": 200, "latency_ms": 135}
{"ts": 102079, "svc": "auth", "status": 200, "latency_ms": 136}
{"ts": 102079, "svc": "gateway", "status": 200, "latency_ms": 137}
{"ts": 102079, "svc": "payment", "status": 500, "latency_ms": 138}
{"ts": 102079, "svc": "auth", "status": 200, "latency_ms": 139}
{"ts": 102080, "svc": "gateway", "status": 200, "latency_ms": 140}
{"ts": 102080, "svc": "payment", "status": 200, "latency_ms": 141}
{"ts": 102080, "svc": "auth", "status": 200, "latency_ms": 142}
{"ts": 102080, "svc": "gateway", "status": 200, "latency_ms": 143}
{"ts": 102080, "svc": "payment", "status": 200, "latency_ms": 144}
{"ts": 102080, "svc": "auth", "status": 200, "latency_ms": 145}
{"ts": 102081, "svc": "gateway", "status": 500, "latency_ms": 146}
{"ts": 102081, "svc": "payment", "status": 200, "latency_ms": 147}
{"ts": 102081, "svc": "auth", "status": 200, "latency_ms": 148}
{"ts": 102081, "svc": "gateway", "status": 200, "latency_ms": 149}
{"ts": 102081, "svc": "payment", "status": 200, "latency_ms": 100}
   
{"ts": 102081, "svc": "auth", "status": 200, "latency_ms": 101}
{"ts": 102082, "svc": "gateway", "status": 200, "latency_ms": 102}
{"ts": 102082, "svc": "payment", "status": 200, "latency_ms": 103}
{"ts": 102082, "svc": "auth", "status": 500, "latency_ms": 104}
{"ts": 102082, "svc": "gateway", "status": 200, "latency_ms": 105}
{"ts": 102082, "svc": "payment", "status": 200, "latency_ms": 106}
{"ts": 102082, "svc": "auth", "status": 200, "latency_ms": 107}
{"ts": 102083, "svc": "gateway", "status": 200, "latency_ms": 108}
{"ts": 102083, "svc": "payment", "status": 200, "latency_ms": 109}
{"ts": 102083, "svc": "auth", "status": 200, "latency_ms": 110}
{"ts": 102083, "svc": "gateway", "status": 200, "latency_ms": 111}
{"ts": 100000, "svc": "auth", "status": 200}
{"ts": 102083, "svc": "payment", "status": 500, "latency_ms": 112}
{"ts": 102083, "svc": "auth", "status": 200, "latency_ms": 113}
{"ts": 102084, "svc": "gateway", "status": 200, "latency_ms": 114}
{"ts": 102084, "svc": "payment", "status": 200, "latency_ms": 115}
{"ts": 102084, "svc": "auth", "status": 200, "latency_ms": 116}
{"ts": 102084, "svc": "gateway", "status": 200, "latency_ms": 117}
{"ts": 102084, "svc": "payment", "status": 200, "latency_ms": 118}
{"ts": 102084, "svc": "auth", "status": 200, "latency_ms": 119}
{"ts": 102085, "svc": "gateway", "status": 500, "latency_ms": 120}
{"ts": 102085, "svc": "payment", "status": 200, "latency_ms": 121}
{"ts": 102085, "svc": "auth", "status": 200, "latency_ms": 122}
{"ts": 102085, "svc": "gateway", "status": 200, "latency_ms": 123}
{"ts": 102085, "svc": "payment", "status": 200, "latency_ms": 124}
{"ts": 102085, "svc": "auth", "status": 200, "latency_ms": 125}
{"ts": 102086, "svc": "gateway", "status": 200, "latency_ms": 126}
{"ts": 102086, "svc": "payment", "status": 200, "latency_ms": 127}
{"ts": 102086, "svc": "auth", "status": 500, "latency_ms": 128}
{"ts": 102086, "svc": "gateway", "status": 200, "latency_ms": 129}
{"ts": 102086, "svc": "payment", "status": 200, "latency_ms": 130}
{"ts": 102086, "svc": "auth", "status": 200, "latency_ms": 131}
{"ts": 102087, "svc": "gateway", "status": 200, "latency_ms": 132}
{"ts": 102087, "svc": "payment", "status": 200, "latency_ms": 133}
{"ts": 102087, "svc": "auth", "status": 200, "latency_ms": 134}
{"ts": 102087, "svc": "gateway", "status": 200, "latency_ms": 135}
{"ts": 102087, "svc": "payment", "status": 500, "latency_ms": 136}
{"ts": 102087, "svc": "auth", "status": 200, "latency_ms": 137}
{"ts": 102088, "svc": "gateway", "status": 200, "latency_ms": 138}
{"ts": 102088, "svc": "payment", "status": 200, "latency_ms": 139}
{"ts": 102088, "svc": "auth", "status": 200, "latency_ms": 140}
{"ts": 102088, "svc": "gateway", "status": 200, "latency_ms": 141}
{"ts": 102088, "svc": "payment", "status": 200, "latency_ms": 142}
{"ts": 102088, "svc": "auth", "status": 200, "latency_ms": 143}
{"ts": 102089, "svc": "gateway", "status": 500, "latency_ms": 144}
{"ts": 102089, "svc": "payment", "status": 200, "latency_ms": 145}
{"ts": 102089, "svc": "auth", "status": 200, "latency_ms": 146}
{"ts": 102089, "svc": "gateway", "status": 200, "latency_ms": 147}
{"ts": 102089, "svc": "payment", "status": 200, "latency_ms": 148}
{"ts": 100000, "svc": "auth", "status": 200, "latency_ms": 100, "x": 1}
{"ts": 102089, "svc": "auth", "status": 200, "latency_ms": 149}
{"ts": 102090, "svc": "gateway", "status": 200, "latency_ms": 100}
   
{"ts": 102090, "svc": "payment", "status": 200, "latency_ms": 101}
{"ts": 102090, "svc": "auth", "status": 500, "latency_ms": 102}
{"ts": 102090, "svc": "gateway", "status": 200, "latency_ms": 103}
{"ts": 102090, "svc": "payment", "status": 200, "latency_ms": 104}
{"ts": 102090, "svc": "auth", "status": 200, "latency_ms": 105}
{"ts": 102091, "svc": "gateway", "status": 200, "latency_ms": 106}
{"ts": 102091, "svc": "payment", "status": 200, "latency_ms": 107}
{"ts": 102091, "svc": "auth", "status": 200, "latency_ms": 108}
{"ts": 102091, "svc": "gateway", "status": 200, "latency_ms": 109}
{"ts": 102091, "svc": "payment", "status": 500, "latency_ms": 110}
{"ts": 102091, "svc": "auth", "status": 200, "latency_ms": 111}
{"ts": 102092, "svc": "gateway", "status": 200, "latency_ms": 112}
{"ts": 102092, "svc": "payment", "status": 200, "latency_ms": 113}
{"ts": 102092, "svc": "auth", "status": 200, "latency_ms": 114}
{"ts": 102092, "svc": "gateway", "status": 200, "latency_ms": 115}
{"ts": 102092, "svc": "payment", "status": 200, "latency_ms": 116}
{"ts": 102092, "svc": "auth", "status": 200, "latency_ms": 117}
{"ts": 102093, "svc": "gateway", "status": 500, "latency_ms": 118}
{"ts": 102093, "svc": "payment", "status": 200, "latency_ms": 119}
{"ts": 102093, "svc": "auth", "status": 200, "latency_ms": 120}
{"ts": 102093, "svc": "gateway", "status": 200, "latency_ms": 121}
{"ts": 102093, "svc": "payment", "status": 200, "latency_ms": 122}
{"ts": 102093, "svc": "auth", "status": 200, "latency_ms": 123}
{"ts": 102094, "svc": "gateway", "status": 200, "latency_ms": 124}
{"ts": 102094, "svc": "payment", "status": 200, "latency_ms": 125}
{"ts": 102094, "svc": "auth", "status": 500, "latency_ms": 126}
{"ts": 102094, "svc": "gateway", "status": 200, "latency_ms": 127}
{"ts": 102094, "svc": "payment", "status": 200, "latency_ms": 128}
{"ts": 102094, "svc": "auth", "status": 200, "latency_ms": 129}
{"ts": 102095, "svc": "gateway", "status": 200, "latency_ms": 130}
{"ts": 102095, "svc": "payment", "status": 200, "latency_ms": 131}
{"ts": 102095, "svc": "auth", "status": 200, "latency_ms": 132}
{"ts": 102095, "svc": "gateway", "status": 200, "latency_ms": 133}
{"ts": 102095, "svc": "payment", "status": 500, "latency_ms": 134}
{"ts": 102095, "svc": "auth", "status": 200, "latency_ms": 135}
{"ts": 100000, "svc": "gateway", "status": 200.0, "latency_ms": 100}
{"ts": 102096, "svc": "gateway", "status": 200, "latency_ms": 136}
{"ts": 102096, "svc": "payment", "status": 200, "latency_ms": 137}
{"ts": 102096, "svc": "auth", "status": 200, "latency_ms": 138}
{"ts": 102096, "svc": "gateway", "status": 200, "latency_ms": 139}
{"ts": 102096, "svc": "payment", "status": 200, "latency_ms": 140}
{"ts": 102096, "svc": "auth", "status": 200, "latency_ms": 141}
{"ts": 102097, "svc": "gateway", "status": 500, "latency_ms": 142}
{"ts": 102097, "svc": "payment", "status": 200, "latency_ms": 143}
{"ts": 102097, "svc": "auth", "status": 200, "latency_ms": 144}
{"ts": 102097, "svc": "gateway", "status": 200, "latency_ms": 145}
{"ts": 102097, "svc": "payment", "status": 200, "latency_ms": 146}
{"ts": 102097, "svc": "auth", "status": 200, "latency_ms": 147}
{"ts": 102098, "svc": "gateway", "status": 200, "latency_ms": 148}
{"ts": 102098, "svc": "payment", "status": 200, "latency_ms": 149}
{"ts": 102098, "svc": "auth", "status": 500, "latency_ms": 100}
   
{"ts": 102098, "svc": "gateway", "status": 200, "latency_ms": 101}
{"ts": 102098, "svc": "payment", "status": 200, "latency_ms": 102}
{"ts": 102098, "svc": "auth", "status": 200, "latency_ms": 103}
{"ts": 102099, "svc": "gateway", "status": 200, "latency_ms": 104}
{"ts": 102099, "svc": "payment", "status": 200, "latency_ms": 105}
{"ts": 102099, "svc": "auth", "status": 200, "latency_ms": 106}
{"ts": 102099, "svc": "gateway", "status": 200, "latency_ms": 107}
{"ts": 102099, "svc": "payment", "status": 500, "latency_ms": 108}
{"ts": 102099, "svc": "auth", "status": 200, "latency_ms": 109}
{"ts": 102100, "svc": "gateway", "status": 200, "latency_ms": 110}
{"ts": 102100, "svc": "payment", "status": 200, "latency_ms": 111}
{"ts": 102100, "svc": "auth", "status": 200, "latency_ms": 112}
{"ts": 102100, "svc": "gateway", "status": 200, "latency_ms": 113}
{"ts": 102100, "svc": "payment", "status": 200, "latency_ms": 114}
{"ts": 102100, "svc": "auth", "status": 200, "latency_ms": 115}
{"ts": 102101, "svc": "gateway", "status": 500, "latency_ms": 116}
{"ts": 102101, "svc": "payment", "status": 200, "latency_ms": 117}
{"ts": 102101, "svc": "auth", "status": 200, "latency_ms": 118}
{"ts": 102101, "svc": "gateway", "status": 200, "latency_ms": 119}
{"ts": 102101, "svc": "payment", "status": 200, "latency_ms": 120}
{"ts": 102101, "svc": "auth", "status": 200, "latency_ms": 121}
{"ts": 102102, "svc": "gateway", "status": 200, "latency_ms": 122}
{"ts": true, "svc": "payment", "status": 200, "latency_ms": 100}
{"ts": 102102, "svc": "payment", "status": 200, "latency_ms": 123}
{"ts": 102102, "svc": "auth", "status": 500, "latency_ms": 124}
{"ts": 102102, "svc": "gateway", "status": 200, "latency_ms": 125}
{"ts": 102102, "svc": "payment", "status": 200, "latency_ms": 126}
{"ts": 102102, "svc": "auth", "status": 200, "latency_ms": 127}
{"ts": 102103, "svc": "gateway", "status": 200, "latency_ms": 128}
{"ts": 102103, "svc": "payment", "status": 200, "latency_ms": 129}
{"ts": 102103, "svc": "auth", "status": 200, "latency_ms": 130}
{"ts": 102103, "svc": "gateway", "status": 200, "latency_ms": 131}
{"ts": 102103, "svc": "payment", "status": 500, "latency_ms": 132}
{"ts": 102103, "svc": "auth", "status": 200, "latency_ms": 133}
{"ts": 102104, "svc": "gateway", "status": 200, "latency_ms": 134}
{"ts": 102104, "svc": "payment", "status": 200, "latency_ms": 135}
{"ts": 102104, "svc": "auth", "status": 200, "latency_ms": 136}
{"ts": 102104, "svc": "gateway", "status": 200, "latency_ms": 137}
{"ts": 102104, "svc": "payment", "status": 200, "latency_ms": 138}
{"ts": 102104, "svc": "auth", "status": 200, "latency_ms": 139}
{"ts": 102105, "svc": "gateway", "status": 500, "latency_ms": 140}
{"ts": 102105, "svc": "payment", "status": 200, "latency_ms": 141}
{"ts": 102105, "svc": "auth", "status": 200, "latency_ms": 142}
{"ts": 102105, "svc": "gateway", "status": 200, "latency_ms": 143}
{"ts": 102105, "svc": "payment", "status": 200, "latency_ms": 144}
{"ts": 102105, "svc": "auth", "status": 200, "latency_ms": 145}
{"ts": 102106, "svc": "gateway", "status": 200, "latency_ms": 146}
{"ts": 102106, "svc": "payment", "status": 200, "latency_ms": 147}
{"ts": 102106, "svc": "auth", "status": 500, "latency_ms": 148}
{"ts": 102106, "svc": "gateway", "status": 200, "latency_ms": 149}
{"ts": 102106, "svc": "payment", "status": 200, "latency_ms": 100}
   
{"ts": 102106, "svc": "auth", "status": 200, "latency_ms": 101}
{"ts": 102107, "svc": "gateway", "status": 200, "latency_ms": 102}
{"ts": 102107, "svc": "payment", "status": 200, "latency_ms": 103}
{"ts": 102107, "svc": "auth", "status": 200, "latency_ms": 104}
{"ts": 102107, "svc": "gateway", "status": 200, "latency_ms": 105}
{"ts": 102107, "svc": "payment", "status": 500, "latency_ms": 106}
{"ts": 102107, "svc": "auth", "status": 200, "latency_ms": 107}
{"ts": 102108, "svc": "gateway", "status": 200, "latency_ms": 108}
{"ts": 102108, "svc": "payment", "status": 200, "latency_ms": 109}
{"ts": 100000, "svc": "auth", "status": 99, "latency_ms": 100}
{"ts": 102108, "svc": "auth", "status": 200, "latency_ms": 110}
{"ts": 102108, "svc": "gateway", "status": 200, "latency_ms": 111}
{"ts": 102108, "svc": "payment", "status": 200, "latency_ms": 112}
{"ts": 102108, "svc": "auth", "status": 200, "latency_ms": 113}
{"ts": 102109, "svc": "gateway", "status": 500, "latency_ms": 114}
{"ts": 102109, "svc": "payment", "status": 200, "latency_ms": 115}
{"ts": 102109, "svc": "auth", "status": 200, "latency_ms": 116}
{"ts": 102109, "svc": "gateway", "status": 200, "latency_ms": 117}
{"ts": 102109, "svc": "payment", "status": 200, "latency_ms": 118}
{"ts": 102109, "svc": "auth", "status": 200, "latency_ms": 119}
{"ts": 102110, "svc": "gateway", "status": 200, "latency_ms": 120}
{"ts": 102110, "svc": "payment", "status": 200, "latency_ms": 121}
{"ts": 102110, "svc": "auth", "status": 500, "latency_ms": 122}
{"ts": 102110, "svc": "gateway", "status": 200, "latency_ms": 123}
{"ts": 102110, "svc": "payment", "status": 200, "latency_ms": 124}
{"ts": 102110, "svc": "auth", "status": 200, "latency_ms": 125}
{"ts": 102111, "svc": "gateway", "status": 200, "latency_ms": 126}
{"ts": 102111, "svc": "payment", "status": 200, "latency_ms": 127}
{"ts": 102111, "svc": "auth", "status": 200, "latency_ms": 128}
{"ts": 102111, "svc": "gateway", "status": 200, "latency_ms": 129}
{"ts": 102111, "svc": "payment", "status": 500, "latency_ms": 130}
{"ts": 102111, "svc": "auth", "status": 200, "latency_ms": 131}
{"ts": 102112, "svc": "gateway", "status": 200, "latency_ms": 132}
{"ts": 102112, "svc": "payment", "status": 200, "latency_ms": 133}
{"ts": 102112, "svc": "auth", "status": 200, "latency_ms": 134}
{"ts": 102112, "svc": "gateway", "status": 200, "latency_ms": 135}
{"ts": 102112, "svc": "payment", "status": 200, "latency_ms": 136}
{"ts": 102112, "svc": "auth", "status": 200, "latency_ms": 137}
{"ts": 102113, "svc": "gateway", "status": 500, "latency_ms": 138}
{"ts": 102113, "svc": "payment", "status": 200, "latency_ms": 139}
{"ts": 102113, "svc": "auth", "status": 200, "latency_ms": 140}
{"ts": 102113, "svc": "gateway", "status": 200, "latency_ms": 141}
{"ts": 102113, "svc": "payment", "status": 200, "latency_ms": 142}
{"ts": 102113, "svc": "auth", "status": 200, "latency_ms": 143}
{"ts": 102114, "svc": "gateway", "status": 200, "latency_ms": 144}
{"ts": 102114, "svc": "payment", "status": 200, "latency_ms": 145}
{"ts": 102114, "svc": "auth", "status": 500, "latency_ms": 146}
{"ts": 100000, "svc": "billing", "status": 200, "latency_ms": 100}
{"ts": 102114, "svc": "gateway", "status": 200, "latency_ms": 147}
{"ts": 102114, "svc": "payment", "status": 200, "latency_ms": 148}
{"ts": 102114, "svc": "auth", "status": 200, "latency_ms": 149}
{"ts": 102074, "svc": "gateway", "status": 500, "latency_ms": 100}
{"ts": 102084, "svc": "gateway", "status": 200, "latency_ms": 100}
{"ts": 102125, "svc": "payment", "status": 500, "latency_ms": 100}
   
{"ts": 100000, "svc": "payment", "status": 200, "latency_ms": false}
{"ts": 102125, "svc": "auth", "status": 200, "latency_ms": 101}
{"ts": 102125, "svc": "gateway", "status": 200, "latency_ms": 102}
{"ts": 102125, "svc": "payment", "status": 200, "latency_ms": 103}
{"ts": 102125, "svc": "auth", "status": 200, "latency_ms": 104}
{"ts": 102125, "svc": "gateway", "status": 200, "latency_ms": 105}
{"ts": 102126, "svc": "payment", "status": 200, "latency_ms": 106}
{"ts": 102126, "svc": "auth", "status": 200, "latency_ms": 107}
{"ts": 102126, "svc": "gateway", "status": 500, "latency_ms": 108}
{"ts": 102126, "svc": "payment", "status": 200, "latency_ms": 109}
{"ts": 102126, "svc": "auth", "status": 200, "latency_ms": 110}
{"ts": 102126, "svc": "gateway", "status": 200, "latency_ms": 111}
{"ts": 102127, "svc": "payment", "status": 200, "latency_ms": 112}
{"ts": 102127, "svc": "auth", "status": 200, "latency_ms": 113}
{"ts": 102127, "svc": "gateway", "status": 200, "latency_ms": 114}
{"ts": 102127, "svc": "payment", "status": 200, "latency_ms": 115}
{"ts": 102127, "svc": "auth", "status": 500, "latency_ms": 116}
{"ts": 102127, "svc": "gateway", "status": 200, "latency_ms": 117}
{"ts": 102128, "svc": "payment", "status": 200, "latency_ms": 118}
{"ts": 102128, "svc": "auth", "status": 200, "latency_ms": 119}
{"ts": 102128, "svc": "gateway", "status": 200, "latency_ms": 120}
{"ts": 102128, "svc": "payment", "status": 200, "latency_ms": 121}
{"ts": 102128, "svc": "auth", "status": 200, "latency_ms": 122}
{"ts": 102128, "svc": "gateway", "status": 200, "latency_ms": 123}
{"ts": 102129, "svc": "payment", "status": 500, "latency_ms": 124}
{"ts": 102129, "svc": "auth", "status": 200, "latency_ms": 125}
{"ts": 102129, "svc": "gateway", "status": 200, "latency_ms": 126}
{"ts": 102129, "svc": "payment", "status": 200, "latency_ms": 127}
{"ts": 102129, "svc": "auth", "status": 200, "latency_ms": 128}
{"ts": 102129, "svc": "gateway", "status": 200, "latency_ms": 129}
{"ts": 102130, "svc": "payment", "status": 200, "latency_ms": 130}
{"ts": 102130, "svc": "auth", "status": 200, "latency_ms": 131}
{"ts": 102130, "svc": "gateway", "status": 500, "latency_ms": 132}
{"ts": 102130, "svc": "payment", "status": 200, "latency_ms": 133}
{"ts": 102130, "svc": "auth", "status": 200, "latency_ms": 134}
{"ts": 102130, "svc": "gateway", "status": 200, "latency_ms": 135}
{"ts": 102131, "svc": "payment", "status": 200, "latency_ms": 136}
{"ts": 102131, "svc": "auth", "status": 200, "latency_ms": 137}
definitely not json {{
{"ts": 102131, "svc": "gateway", "status": 200, "latency_ms": 138}
{"ts": 102131, "svc": "payment", "status": 200, "latency_ms": 139}
{"ts": 102131, "svc": "auth", "status": 500, "latency_ms": 140}
{"ts": 102131, "svc": "gateway", "status": 200, "latency_ms": 141}
{"ts": 102132, "svc": "payment", "status": 200, "latency_ms": 142}
{"ts": 102132, "svc": "auth", "status": 200, "latency_ms": 143}
{"ts": 102132, "svc": "gateway", "status": 200, "latency_ms": 144}
{"ts": 102132, "svc": "payment", "status": 200, "latency_ms": 145}
{"ts": 102132, "svc": "auth", "status": 200, "latency_ms": 146}
{"ts": 102132, "svc": "gateway", "status": 200, "latency_ms": 147}
{"ts": 102133, "svc": "payment", "status": 500, "latency_ms": 148}
{"ts": 102133, "svc": "auth", "status": 200, "latency_ms": 149}
{"ts": 102133, "svc": "gateway", "status": 200, "latency_ms": 100}
   
{"ts": 102133, "svc": "payment", "status": 200, "latency_ms": 101}
{"ts": 102133, "svc": "auth", "status": 200, "latency_ms": 102}
{"ts": 102133, "svc": "gateway", "status": 200, "latency_ms": 103}
{"ts": 102134, "svc": "payment", "status": 200, "latency_ms": 104}
{"ts": 102134, "svc": "auth", "status": 200, "latency_ms": 105}
{"ts": 102134, "svc": "gateway", "status": 500, "latency_ms": 106}
{"ts": 102134, "svc": "payment", "status": 200, "latency_ms": 107}
{"ts": 102134, "svc": "auth", "status": 200, "latency_ms": 108}
{"ts": 102134, "svc": "gateway", "status": 200, "latency_ms": 109}
{"ts": 102135, "svc": "payment", "status": 200, "latency_ms": 110}
{"ts": 102135, "svc": "auth", "status": 200, "latency_ms": 111}
{"ts": 102135, "svc": "gateway", "status": 200, "latency_ms": 112}
{"ts": 102135, "svc": "payment", "status": 200, "latency_ms": 113}
{"ts": 102135, "svc": "auth", "status": 500, "latency_ms": 114}
{"ts": 102135, "svc": "gateway", "status": 200, "latency_ms": 115}
{"ts": 102136, "svc": "payment", "status": 200, "latency_ms": 116}
{"ts": 102136, "svc": "auth", "status": 200, "latency_ms": 117}
{"ts": 102136, "svc": "gateway", "status": 200, "latency_ms": 118}
{"ts": 102136, "svc": "payment", "status": 200, "latency_ms": 119}
{"ts": 102136, "svc": "auth", "status": 200, "latency_ms": 120}
{"ts": 102136, "svc": "gateway", "status": 200, "latency_ms": 121}
{"ts": 102137, "svc": "payment", "status": 500, "latency_ms": 122}
{"ts": 102137, "svc": "auth", "status": 200, "latency_ms": 123}
{"ts": 102137, "svc": "gateway", "status": 200, "latency_ms": 124}
{"ts": 100000, "svc": "auth", "status": 200}
{"ts": 102137, "svc": "payment", "status": 200, "latency_ms": 125}
{"ts": 102137, "svc": "auth", "status": 200, "latency_ms": 126}
{"ts": 102137, "svc": "gateway", "status": 200, "latency_ms": 127}
{"ts": 102138, "svc": "payment", "status": 200, "latency_ms": 128}
{"ts": 102138, "svc": "auth", "status": 200, "latency_ms": 129}
{"ts": 102138, "svc": "gateway", "status": 500, "latency_ms": 130}
{"ts": 102138, "svc": "payment", "status": 200, "latency_ms": 131}
{"ts": 102138, "svc": "auth", "status": 200, "latency_ms": 132}
{"ts": 102138, "svc": "gateway", "status": 200, "latency_ms": 133}
{"ts": 102139, "svc": "payment", "status": 200, "latency_ms": 134}
{"ts": 102139, "svc": "auth", "status": 200, "latency_ms": 135}
{"ts": 102139, "svc": "gateway", "status": 200, "latency_ms": 136}
{"ts": 102139, "svc": "payment", "status": 200, "latency_ms": 137}
{"ts": 102139, "svc": "auth", "status": 500, "latency_ms": 138}
{"ts": 102139, "svc": "gateway", "status": 200, "latency_ms": 139}
{"ts": 102140, "svc": "payment", "status": 200, "latency_ms": 140}
{"ts": 102140, "svc": "auth", "status": 200, "latency_ms": 141}
{"ts": 102140, "svc": "gateway", "status": 200, "latency_ms": 142}
{"ts": 102140, "svc": "payment", "status": 200, "latency_ms": 143}
{"ts": 102140, "svc": "auth", "status": 200, "latency_ms": 144}
{"ts": 102140, "svc": "gateway", "status": 200, "latency_ms": 145}
{"ts": 102141, "svc": "payment", "status": 500, "latency_ms": 146}
{"ts": 102141, "svc": "auth", "status": 200, "latency_ms": 147}
{"ts": 102141, "svc": "gateway", "status": 200, "latency_ms": 148}
{"ts": 102141, "svc": "payment", "status": 200, "latency_ms": 149}
{"ts": 102141, "svc": "auth", "status": 200, "latency_ms": 100}
   
{"ts": 102141, "svc": "gateway", "status": 200, "latency_ms": 101}
{"ts": 102142, "svc": "payment", "status": 200, "latency_ms": 102}
{"ts": 102142, "svc": "auth", "status": 200, "latency_ms": 103}
{"ts": 102142, "svc": "gateway", "status": 500, "latency_ms": 104}
{"ts": 102142, "svc": "payment", "status": 200, "latency_ms": 105}
{"ts": 102142, "svc": "auth", "status": 200, "latency_ms": 106}
{"ts": 102142, "svc": "gateway", "status": 200, "latency_ms": 107}
{"ts": 102143, "svc": "payment", "status": 200, "latency_ms": 108}
{"ts": 102143, "svc": "auth", "status": 200, "latency_ms": 109}
{"ts": 102143, "svc": "gateway", "status": 200, "latency_ms": 110}
{"ts": 102143, "svc": "payment", "status": 200, "latency_ms": 111}
{"ts": 100000, "svc": "auth", "status": 200, "latency_ms": 100, "x": 1}
{"ts": 102143, "svc": "auth", "status": 500, "latency_ms": 112}
{"ts": 102143, "svc": "gateway", "status": 200, "latency_ms": 113}
{"ts": 102144, "svc": "payment", "status": 200, "latency_ms": 114}
{"ts": 102144, "svc": "auth", "status": 200, "latency_ms": 115}
{"ts": 102144, "svc": "gateway", "status": 200, "latency_ms": 116}
{"ts": 102144, "svc": "payment", "status": 200, "latency_ms": 117}
{"ts": 102144, "svc": "auth", "status": 200, "latency_ms": 118}
{"ts": 102144, "svc": "gateway", "status": 200, "latency_ms": 119}
{"ts": 102145, "svc": "payment", "status": 500, "latency_ms": 120}
{"ts": 102145, "svc": "auth", "status": 200, "latency_ms": 121}
{"ts": 102145, "svc": "gateway", "status": 200, "latency_ms": 122}
{"ts": 102145, "svc": "payment", "status": 200, "latency_ms": 123}
{"ts": 102145, "svc": "auth", "status": 200, "latency_ms": 124}
{"ts": 102145, "svc": "gateway", "status": 200, "latency_ms": 125}
{"ts": 102146, "svc": "payment", "status": 200, "latency_ms": 126}
{"ts": 102146, "svc": "auth", "status": 200, "latency_ms": 127}
{"ts": 102146, "svc": "gateway", "status": 500, "latency_ms": 128}
{"ts": 102146, "svc": "payment", "status": 200, "latency_ms": 129}
{"ts": 102146, "svc": "auth", "status": 200, "latency_ms": 130}
{"ts": 102146, "svc": "gateway", "status": 200, "latency_ms": 131}
{"ts": 102147, "svc": "payment", "status": 200, "latency_ms": 132}
{"ts": 102147, "svc": "auth", "status": 200, "latency_ms": 133}
{"ts": 102147, "svc": "gateway", "status": 200, "latency_ms": 134}
{"ts": 102147, "svc": "payment", "status": 200, "latency_ms": 135}
{"ts": 102147, "svc": "auth", "status": 500, "latency_ms": 136}
{"ts": 102147, "svc": "gateway", "status": 200, "latency_ms": 137}
{"ts": 102148, "svc": "payment", "status": 200, "latency_ms": 138}
{"ts": 102148, "svc": "auth", "status": 200, "latency_ms": 139}
{"ts": 102148, "svc": "gateway", "status": 200, "latency_ms": 140}
{"ts": 102148, "svc": "payment", "status": 200, "latency_ms": 141}
{"ts": 102148, "svc": "auth", "status": 200, "latency_ms": 142}
{"ts": 102148, "svc": "gateway", "status": 200, "latency_ms": 143}
{"ts": 102149, "svc": "payment", "status": 500, "latency_ms": 144}
{"ts": 102149, "svc": "auth", "status": 200, "latency_ms": 145}
{"ts": 102149, "svc": "gateway", "status": 200, "latency_ms": 146}
{"ts": 102149, "svc": "payment", "status": 200, "latency_ms": 147}
{"ts": 102149, "svc": "auth", "status": 200, "latency_ms": 148}
{"ts": 100000, "svc": "gateway", "status": 200.0, "latency_ms": 100}
{"ts": 102149, "svc": "gateway", "status": 200, "latency_ms": 149}
{"ts": 102150, "svc": "payment", "status": 200, "latency_ms": 100}
   
{"ts": 102150, "svc": "auth", "status": 200, "latency_ms": 101}
{"ts": 102150, "svc": "gateway", "status": 500, "latency_ms": 102}
{"ts": 102150, "svc": "payment", "status": 200, "latency_ms": 103}
{"ts": 102150, "svc": "auth", "status": 200, "latency_ms": 104}
{"ts": 102150, "svc": "gateway", "status": 200, "latency_ms": 105}
{"ts": 102151, "svc": "payment", "status": 200, "latency_ms": 106}
{"ts": 102151, "svc": "auth", "status": 200, "latency_ms": 107}
{"ts": 102151, "svc": "gateway", "status": 200, "latency_ms": 108}
{"ts": 102151, "svc": "payment", "status": 200, "latency_ms": 109}
{"ts": 102151, "svc": "auth", "status": 500, "latency_ms": 110}
{"ts": 102151, "svc": "gateway", "status": 200, "latency_ms": 111}
{"ts": 102152, "svc": "payment", "status": 200, "latency_ms": 112}
{"ts": 102152, "svc": "auth", "status": 200, "latency_ms": 113}
{"ts": 102152, "svc": "gateway", "status": 200, "latency_ms": 114}
{"ts": 102152, "svc": "payment", "status": 200, "latency_ms": 115}
{"ts": 102152, "svc": "auth", "status": 200, "latency_ms": 116}
{"ts": 102152, "svc": "gateway", "status": 200, "latency_ms": 117}
{"ts": 102153, "svc": "payment", "status": 500, "latency_ms": 118}
{"ts": 102153, "svc": "auth", "status": 200, "latency_ms": 119}
{"ts": 102153, "svc": "gateway", "status": 200, "latency_ms": 120}
{"ts": 102153, "svc": "payment", "status": 200, "latency_ms": 121}
{"ts": 102153, "svc": "auth", "status": 200, "latency_ms": 122}
{"ts": 102153, "svc": "gateway", "status": 200, "latency_ms": 123}
{"ts": 102154, "svc": "payment", "status": 200, "latency_ms": 124}
{"ts": 102154, "svc": "auth", "status": 200, "latency_ms": 125}
{"ts": 102154, "svc": "gateway", "status": 500, "latency_ms": 126}
{"ts": 102154, "svc": "payment", "status": 200, "latency_ms": 127}
{"ts": 102154, "svc": "auth", "status": 200, "latency_ms": 128}
{"ts": 102154, "svc": "gateway", "status": 200, "latency_ms": 129}
{"ts": 102155, "svc": "payment", "status": 200, "latency_ms": 130}
{"ts": 102155, "svc": "auth", "status": 200, "latency_ms": 131}
{"ts": 102155, "svc": "gateway", "status": 200, "latency_ms": 132}
{"ts": 102155, "svc": "payment", "status": 200, "latency_ms": 133}
{"ts": 102155, "svc": "auth", "status": 500, "latency_ms": 134}
{"ts": 102155, "svc": "gateway", "status": 200, "latency_ms": 135}
{"ts": true, "svc": "payment", "status": 200, "latency_ms": 100}
{"ts": 102156, "svc": "payment", "status": 200, "latency_ms": 136}
{"ts": 102156, "svc": "auth", "status": 200, "latency_ms": 137}
{"ts": 102156, "svc": "gateway", "status": 200, "latency_ms": 138}
{"ts": 102156, "svc": "payment", "status": 200, "latency_ms": 139}
{"ts": 102156, "svc": "auth", "status": 200, "latency_ms": 140}
{"ts": 102156, "svc": "gateway", "status": 200, "latency_ms": 141}
{"ts": 102157, "svc": "payment", "status": 500, "latency_ms": 142}
{"ts": 102157, "svc": "auth", "status": 200, "latency_ms": 143}
{"ts": 102157, "svc": "gateway", "status": 200, "latency_ms": 144}
{"ts": 102157, "svc": "payment", "status": 200, "latency_ms": 145}
{"ts": 102157, "svc": "auth", "status": 200, "latency_ms": 146}
{"ts": 102157, "svc": "gateway", "status": 200, "latency_ms": 147}
{"ts": 102158, "svc": "payment", "status": 200, "latency_ms": 148}
{"ts": 102158, "svc": "auth", "status": 200, "latency_ms": 149}
{"ts": 102158, "svc": "gateway", "status": 500, "latency_ms": 100}
   
{"ts": 102158, "svc": "payment", "status": 200, "latency_ms": 101}
{"ts": 102158, "svc": "auth", "status": 200, "latency_ms": 102}
{"ts": 102158, "svc": "gateway", "status": 200, "latency_ms": 103}
{"ts": 102159, "svc": "payment", "status": 200, "latency_ms": 104}
{"ts": 102159, "svc": "auth", "status": 200, "latency_ms": 105}
{"ts": 102159, "svc": "gateway", "status": 200, "latency_ms": 106}
{"ts": 102159, "svc": "payment", "status": 200, "latency_ms": 107}
{"ts": 102159, "svc": "auth", "status": 500, "latency_ms": 108}
{"ts": 102159, "svc": "gateway", "status": 200, "latency_ms": 109}
{"ts": 102160, "svc": "payment", "status": 200, "latency_ms": 110}
{"ts": 102160, "svc": "auth", "status": 200, "latency_ms": 111}
{"ts": 102160, "svc": "gateway", "status": 200, "latency_ms": 112}
{"ts": 102160, "svc": "payment", "status": 200, "latency_ms": 113}
{"ts": 102160, "svc": "auth", "status": 200, "latency_ms": 114}
{"ts": 102160, "svc": "gateway", "status": 200, "latency_ms": 115}
{"ts": 102161, "svc": "payment", "status": 500, "latency_ms": 116}
{"ts": 102161, "svc": "auth", "status": 200, "latency_ms": 117}
{"ts": 102161, "svc": "gateway", "status": 200, "latency_ms": 118}
{"ts": 102161, "svc": "payment", "status": 200, "latency_ms": 119}
{"ts": 102161, "svc": "auth", "status": 200, "latency_ms": 120}
{"ts": 102161, "svc": "gateway", "status": 200, "latency_ms": 121}
{"ts": 102162, "svc": "payment", "status": 200, "latency_ms": 122}
{"ts": 100000, "svc": "auth", "status": 99, "latency_ms": 100}
{"ts": 102162, "svc": "auth", "status": 200, "latency_ms": 123}
{"ts": 102162, "svc": "gateway", "status": 500, "latency_ms": 124}
{"ts": 102162, "svc": "payment", "status": 200, "latency_ms": 125}
{"ts": 102162, "svc": "auth", "status": 200, "latency_ms": 126}
{"ts": 102162, "svc": "gateway", "status": 200, "latency_ms": 127}
{"ts": 102163, "svc": "payment", "status": 200, "latency_ms": 128}
{"ts": 102163, "svc": "auth", "status": 200, "latency_ms": 129}
{"ts": 102163, "svc": "gateway", "status": 200, "latency_ms": 130}
{"ts": 102163, "svc": "payment", "status": 200, "latency_ms": 131}
{"ts": 102163, "svc": "auth", "status": 500, "latency_ms": 132}
{"ts": 102163, "svc": "gateway", "status": 200, "latency_ms": 133}
{"ts": 102164, "svc": "payment", "status": 200, "latency_ms": 134}
{"ts": 102164, "svc": "auth", "status": 200, "latency_ms": 135}
{"ts": 102164, "svc": "gateway", "status": 200, "latency_ms": 136}
{"ts": 102164, "svc": "payment", "status": 200, "latency_ms": 137}
{"ts": 102164, "svc": "auth", "status": 200, "latency_ms": 138}
{"ts": 102164, "svc": "gateway", "status": 200, "latency_ms": 139}
{"ts": 102165, "svc": "payment", "status": 500, "latency_ms": 140}
{"ts": 102165, "svc": "auth", "status": 200, "latency_ms": 141}
{"ts": 102165, "svc": "gateway", "status": 200, "latency_ms": 142}
{"ts": 102165, "svc": "payment", "status": 200, "latency_ms": 143}
{"ts": 102165, "svc": "auth", "status": 200, "latency_ms": 144}
{"ts": 102165, "svc": "gateway", "status": 200, "latency_ms": 145}
{"ts": 102166, "svc": "payment", "status": 200, "latency_ms": 146}
{"ts": 102166, "svc": "auth", "status": 200, "latency_ms": 147}
{"ts": 102166, "svc": "gateway", "status": 500, "latency_ms": 148}
{"ts": 102166, "svc": "payment", "status": 200, "latency_ms": 149}
{"ts": 102166, "svc": "auth", "status": 200, "latency_ms": 100}
   
{"ts": 102166, "svc": "gateway", "status": 200, "latency_ms": 101}
{"ts": 102167, "svc": "payment", "status": 200, "latency_ms": 102}
{"ts": 102167, "svc": "auth", "status": 200, "latency_ms": 103}
{"ts": 102167, "svc": "gateway", "status": 200, "latency_ms": 104}
{"ts": 102167, "svc": "payment", "status": 200, "latency_ms": 105}
{"ts": 102167, "svc": "auth", "status": 500, "latency_ms": 106}
{"ts": 102167, "svc": "gateway", "status": 200, "latency_ms": 107}
{"ts": 102168, "svc": "payment", "status": 200, "latency_ms": 108}
{"ts": 102168, "svc": "auth", "status": 200, "latency_ms": 109}
{"ts": 100000, "svc": "billing", "status": 200, "latency_ms": 100}
{"ts": 102168, "svc": "gateway", "status": 200, "latency_ms": 110}
{"ts": 102168, "svc": "payment", "status": 200, "latency_ms": 111}
{"ts": 102168, "svc": "auth", "status": 200, "latency_ms": 112}
{"ts": 102168, "svc": "gateway", "status": 200, "latency_ms": 113}
{"ts": 102169, "svc": "payment", "status": 500, "latency_ms": 114}
{"ts": 102169, "svc": "auth", "status": 200, "latency_ms": 115}
{"ts": 102169, "svc": "gateway", "status": 200, "latency_ms": 116}
{"ts": 102169, "svc": "payment", "status": 200, "latency_ms": 117}
{"ts": 102169, "svc": "auth", "status": 200, "latency_ms": 118}
{"ts": 102169, "svc": "gateway", "status": 200, "latency_ms": 119}
{"ts": 102170, "svc": "payment", "status": 200, "latency_ms": 120}
{"ts": 102170, "svc": "auth", "status": 200, "latency_ms": 121}
{"ts": 102170, "svc": "gateway", "status": 500, "latency_ms": 122}
{"ts": 102170, "svc": "payment", "status": 200, "latency_ms": 123}
{"ts": 102170, "svc": "auth", "status": 200, "latency_ms": 124}
{"ts": 102170, "svc": "gateway", "status": 200, "latency_ms": 125}
{"ts": 102171, "svc": "payment", "status": 200, "latency_ms": 126}
{"ts": 102171, "svc": "auth", "status": 200, "latency_ms": 127}
{"ts": 102171, "svc": "gateway", "status": 200, "latency_ms": 128}
{"ts": 102171, "svc": "payment", "status": 200, "latency_ms": 129}
{"ts": 102171, "svc": "auth", "status": 500, "latency_ms": 130}
{"ts": 102171, "svc": "gateway", "status": 200, "latency_ms": 131}
{"ts": 102172, "svc": "payment", "status": 200, "latency_ms": 132}
{"ts": 102172, "svc": "auth", "status": 200, "latency_ms": 133}
{"ts": 102172, "svc": "gateway", "status": 200, "latency_ms": 134}
{"ts": 102172, "svc": "payment", "status": 200, "latency_ms": 135}
{"ts": 102172, "svc": "auth", "status": 200, "latency_ms": 136}
{"ts": 102172, "svc": "gateway", "status": 200, "latency_ms": 137}
{"ts": 102173, "svc": "payment", "status": 500, "latency_ms": 138}
{"ts": 102173, "svc": "auth", "status": 200, "latency_ms": 139}
{"ts": 102173, "svc": "gateway", "status": 200, "latency_ms": 140}
{"ts": 102173, "svc": "payment", "status": 200, "latency_ms": 141}
{"ts": 102173, "svc": "auth", "status": 200, "latency_ms": 142}
{"ts": 102173, "svc": "gateway", "status": 200, "latency_ms": 143}
{"ts": 102174, "svc": "payment", "status": 200, "latency_ms": 144}
{"ts": 102174, "svc": "auth", "status": 200, "latency_ms": 145}
{"ts": 102174, "svc": "gateway", "status": 500, "latency_ms": 146}
{"ts": 100000, "svc": "gateway", "status": 200, "latency_ms": 1001}
{"ts": 102174, "svc": "payment", "status": 200, "latency_ms": 147}
{"ts": 102174, "svc": "auth", "status": 200, "latency_ms": 148}
{"ts": 102174, "svc": "gateway", "status": 200, "latency_ms": 149}
{"ts": 102134, "svc": "payment", "status": 500, "latency_ms": 100}
{"ts": 102144, "svc": "payment", "status": 200, "latency_ms": 100}
{"ts": 102185, "svc": "auth", "status": 500, "latency_ms": 100}
   
definitely not json {{
{"ts": 102185, "svc": "gateway", "status": 200, "latency_ms": 101}
{"ts": 102185, "svc": "payment", "status": 200, "latency_ms": 102}
{"ts": 102185, "svc": "auth", "status": 200, "latency_ms": 103}
{"ts": 102185, "svc": "gateway", "status": 200, "latency_ms": 104}
{"ts": 102185, "svc": "payment", "status": 200, "latency_ms": 105}
{"ts": 102186, "svc": "auth", "status": 200, "latency_ms": 106}
{"ts": 102186, "svc": "gateway", "status": 200, "latency_ms": 107}
{"ts": 102186, "svc": "payment", "status": 500, "latency_ms": 108}
{"ts": 102186, "svc": "auth", "status": 200, "latency_ms": 109}
{"ts": 102186, "svc": "gateway", "status": 200, "latency_ms": 110}
{"ts": 102186, "svc": "payment", "status": 200, "latency_ms": 111}
{"ts": 102187, "svc": "auth", "status": 200, "latency_ms": 112}
{"ts": 102187, "svc": "gateway", "status": 200, "latency_ms": 113}
{"ts": 102187, "svc": "payment", "status": 200, "latency_ms": 114}
{"ts": 102187, "svc": "auth", "status": 200, "latency_ms": 115}
{"ts": 102187, "svc": "gateway", "status": 500, "latency_ms": 116}
{"ts": 102187, "svc": "payment", "status": 200, "latency_ms": 117}
{"ts": 102188, "svc": "auth", "status": 200, "latency_ms": 118}
{"ts": 102188, "svc": "gateway", "status": 200, "latency_ms": 119}
{"ts": 102188, "svc": "payment", "status": 200, "latency_ms": 120}
{"ts": 102188, "svc": "auth", "status": 200, "latency_ms": 121}
{"ts": 102188, "svc": "gateway", "status": 200, "latency_ms": 122}
{"ts": 102188, "svc": "payment", "status": 200, "latency_ms": 123}
{"ts": 102189, "svc": "auth", "status": 500, "latency_ms": 124}
{"ts": 102189, "svc": "gateway", "status": 200, "latency_ms": 125}
{"ts": 102189, "svc": "payment", "status": 200, "latency_ms": 126}
{"ts": 102189, "svc": "auth", "status": 200, "latency_ms": 127}
{"ts": 102189, "svc": "gateway", "status": 200, "latency_ms": 128}
{"ts": 102189, "svc": "payment", "status": 200, "latency_ms": 129}
{"ts": 102190, "svc": "auth", "status": 200, "latency_ms": 130}
{"ts": 102190, "svc": "gateway", "status": 200, "latency_ms": 131}
{"ts": 102190, "svc": "payment", "status": 500, "latency_ms": 132}
{"ts": 102190, "svc": "auth", "status": 200, "latency_ms": 133}
{"ts": 102190, "svc": "gateway", "status": 200, "latency_ms": 134}
{"ts": 102190, "svc": "payment", "status": 200, "latency_ms": 135}
{"ts": 102191, "svc": "auth", "status": 200, "latency_ms": 136}
{"ts": 102191, "svc": "gateway", "status": 200, "latency_ms": 137}
{"ts": 100000, "svc": "auth", "status": 200}
{"ts": 102191, "svc": "payment", "status": 200, "latency_ms": 138}
{"ts": 102191, "svc": "auth", "status": 200, "latency_ms": 139}
{"ts": 102191, "svc": "gateway", "status": 500, "latency_ms": 140}
{"ts": 102191, "svc": "payment", "status": 200, "latency_ms": 141}
{"ts": 102192, "svc": "auth", "status": 200, "latency_ms": 142}
{"ts": 102192, "svc": "gateway", "status": 200, "latency_ms": 143}
{"ts": 102192, "svc": "payment", "status": 200, "latency_ms": 144}
{"ts": 102192, "svc": "auth", "status": 200, "latency_ms": 145}
{"ts": 102192, "svc": "gateway", "status": 200, "latency_ms": 146}
{"ts": 102192, "svc": "payment", "status": 200, "latency_ms": 147}
{"ts": 102193, "svc": "auth", "status": 500, "latency_ms": 148}
{"ts": 102193, "svc": "gateway", "status": 200, "latency_ms": 149}
{"ts": 102193, "svc": "payment", "status": 200, "latency_ms": 100}
   
{"ts": 102193, "svc": "auth", "status": 200, "latency_ms": 101}
{"ts": 102193, "svc": "gateway", "status": 200, "latency_ms": 102}
{"ts": 102193, "svc": "payment", "status": 200, "latency_ms": 103}
{"ts": 102194, "svc": "auth", "status": 200, "latency_ms": 104}
{"ts": 102194, "svc": "gateway", "status": 200, "latency_ms": 105}
{"ts": 102194, "svc": "payment", "status": 500, "latency_ms": 106}
{"ts": 102194, "svc": "auth", "status": 200, "latency_ms": 107}
{"ts": 102194, "svc": "gateway", "status": 200, "latency_ms": 108}
{"ts": 102194, "svc": "payment", "status": 200, "latency_ms": 109}
{"ts": 102195, "svc": "auth", "status": 200, "latency_ms": 110}
{"ts": 102195, "svc": "gateway", "status": 200, "latency_ms": 111}
{"ts": 102195, "svc": "payment", "status": 200, "latency_ms": 112}
{"ts": 102195, "svc": "auth", "status": 200, "latency_ms": 113}
{"ts": 102195, "svc": "gateway", "status": 500, "latency_ms": 114}
{"ts": 102195, "svc": "payment", "status": 200, "latency_ms": 115}
{"ts": 102196, "svc": "auth", "status": 200, "latency_ms": 116}
{"ts": 102196, "svc": "gateway", "status": 200, "latency_ms": 117}
{"ts": 102196, "svc": "payment", "status": 200, "latency_ms": 118}
{"ts": 102196, "svc": "auth", "status": 200, "latency_ms": 119}
{"ts": 102196, "svc": "gateway", "status": 200, "latency_ms": 120}
{"ts": 102196, "svc": "payment", "status": 200, "latency_ms": 121}
{"ts": 102197, "svc": "auth", "status": 500, "latency_ms": 122}
{"ts": 102197, "svc": "gateway", "status": 200, "latency_ms": 123}
{"ts": 102197, "svc": "payment", "status": 200, "latency_ms": 124}
{"ts": 100000, "svc": "auth", "status": 200, "latency_ms": 100, "x": 1}
{"ts": 102197, "svc": "auth", "status": 200, "latency_ms": 125}
{"ts": 102197, "svc": "gateway", "status": 200, "latency_ms": 126}
{"ts": 102197, "svc": "payment", "status": 200, "latency_ms": 127}
{"ts": 102198, "svc": "auth", "status": 200, "latency_ms": 128}
{"ts": 102198, "svc": "gateway", "status": 200, "latency_ms": 129}
{"ts": 102198, "svc": "payment", "status": 500, "latency_ms": 130}
{"ts": 102198, "svc": "auth", "status": 200, "latency_ms": 131}
{"ts": 102198, "svc": "gateway", "status": 200, "latency_ms": 132}
{"ts": 102198, "svc": "payment", "status": 200, "latency_ms": 133}
{"ts": 102199, "svc": "auth", "status": 200, "latency_ms": 134}
{"ts": 102199, "svc": "gateway", "status": 200, "latency_ms": 135}
{"ts": 102199, "svc": "payment", "status": 200, "latency_ms": 136}
{"ts": 102199, "svc": "auth", "status": 200, "latency_ms": 137}
{"ts": 102199, "svc": "gateway", "status": 500, "latency_ms": 138}
{"ts": 102199, "svc": "payment", "status": 200, "latency_ms": 139}
{"ts": 102200, "svc": "auth", "status": 200, "latency_ms": 140}
{"ts": 102200, "svc": "gateway", "status": 200, "latency_ms": 141}
{"ts": 102200, "svc": "payment", "status": 200, "latency_ms": 142}
{"ts": 102200, "svc": "auth", "status": 200, "latency_ms": 143}
{"ts": 102200, "svc": "gateway", "status": 200, "latency_ms": 144}
{"ts": 102200, "svc": "payment", "status": 200, "latency_ms": 145}
{"ts": 102201, "svc": "auth", "status": 500, "latency_ms": 146}
{"ts": 102201, "svc": "gateway", "status": 200, "latency_ms": 147}
{"ts": 102201, "svc": "payment", "status": 200, "latency_ms": 148}
{"ts": 102201, "svc": "auth", "status": 200, "latency_ms": 149}
{"ts": 102201, "svc": "gateway", "status": 200, "latency_ms": 100}
   
{"ts": 102201, "svc": "payment", "status": 200, "latency_ms": 101}
{"ts": 102202, "svc": "auth", "status": 200, "latency_ms": 102}
{"ts": 102202, "svc": "gateway", "status": 200, "latency_ms": 103}
{"ts": 102202, "svc": "payment", "status": 500, "latency_ms": 104}
{"ts": 102202, "svc": "auth", "status": 200, "latency_ms": 105}
{"ts": 102202, "svc": "gateway", "status": 200, "latency_ms": 106}
{"ts": 102202, "svc": "payment", "status": 200, "latency_ms": 107}
{"ts": 102203, "svc": "auth", "status": 200, "latency_ms": 108}
{"ts": 102203, "svc": "gateway", "status": 200, "latency_ms": 109}
{"ts": 102203, "svc": "payment", "status": 200, "latency_ms": 110}
{"ts": 102203, "svc": "auth", "status": 200, "latency_ms": 111}
{"ts": 100000, "svc": "gateway", "status": 200.0, "latency_ms": 100}
{"ts": 102203, "svc": "gateway", "status": 500, "latency_ms": 112}
{"ts": 102203, "svc": "payment", "status": 200, "latency_ms": 113}
{"ts": 102204, "svc": "auth", "status": 200, "latency_ms": 114}
{"ts": 102204, "svc": "gateway", "status": 200, "latency_ms": 115}
{"ts": 102204, "svc": "payment", "status": 200, "latency_ms": 116}
{"ts": 102204, "svc": "auth", "status": 200, "latency_ms": 117}
{"ts": 102204, "svc": "gateway", "status": 200, "latency_ms": 118}
{"ts": 102204, "svc": "payment", "status": 200, "latency_ms": 119}
{"ts": 102205, "svc": "auth", "status": 500, "latency_ms": 120}
{"ts": 102205, "svc": "gateway", "status": 200, "latency_ms": 121}
{"ts": 102205, "svc": "payment", "status": 200, "latency_ms": 122}
{"ts": 102205, "svc": "auth", "status": 200, "latency_ms": 123}
{"ts": 102205, "svc": "gateway", "status": 200, "latency_ms": 124}
{"ts": 102205, "svc": "payment", "status": 200, "latency_ms": 125}
{"ts": 102206, "svc": "auth", "status": 200, "latency_ms": 126}
{"ts": 102206, "svc": "gateway", "status": 200, "latency_ms": 127}
{"ts": 102206, "svc": "payment", "status": 500, "latency_ms": 128}
{"ts": 102206, "svc": "auth", "status": 200, "latency_ms": 129}
{"ts": 102206, "svc": "gateway", "status": 200, "latency_ms": 130}
{"ts": 102206, "svc": "payment", "status": 200, "latency_ms": 131}
{"ts": 102207, "svc": "auth", "status": 200, "latency_ms": 132}
{"ts": 102207, "svc": "gateway", "status": 200, "latency_ms": 133}
{"ts": 102207, "svc": "payment", "status": 200, "latency_ms": 134}
{"ts": 102207, "svc": "auth", "status": 200, "latency_ms": 135}
{"ts": 102207, "svc": "gateway", "status": 500, "latency_ms": 136}
{"ts": 102207, "svc": "payment", "status": 200, "latency_ms": 137}
{"ts": 102208, "svc": "auth", "status": 200, "latency_ms": 138}
{"ts": 102208, "svc": "gateway", "status": 200, "latency_ms": 139}
{"ts": 102208, "svc": "payment", "status": 200, "latency_ms": 140}
{"ts": 102208, "svc": "auth", "status": 200, "latency_ms": 141}
{"ts": 102208, "svc": "gateway", "status": 200, "latency_ms": 142}
{"ts": 102208, "svc": "payment", "status": 200, "latency_ms": 143}
{"ts": 102209, "svc": "auth", "status": 500, "latency_ms": 144}
{"ts": 102209, "svc": "gateway", "status": 200, "latency_ms": 145}
{"ts": 102209, "svc": "payment", "status": 200, "latency_ms": 146}
{"ts": 102209, "svc": "auth", "status": 200, "latency_ms": 147}
{"ts": 102209, "svc": "gateway", "status": 200, "latency_ms": 148}
{"ts": true, "svc": "payment", "status": 200, "latency_ms": 100}
{"ts": 102209, "svc": "payment", "status": 200, "latency_ms": 149}
{"ts": 102210, "svc": "auth", "status": 200, "latency_ms": 100}
   
{"ts": 102210, "svc": "gateway", "status": 200, "latency_ms": 101}
{"ts": 102210, "svc": "payment", "status": 500, "latency_ms": 102}
{"ts": 102210, "svc": "auth", "status": 200, "latency_ms": 103}
{"ts": 102210, "svc": "gateway", "status": 200, "latency_ms": 104}
{"ts": 102210, "svc": "payment", "status": 200, "latency_ms": 105}
{"ts": 102211, "svc": "auth", "status": 200, "latency_ms": 106}
{"ts": 102211, "svc": "gateway", "status": 200, "latency_ms": 107}
{"ts": 102211, "svc": "payment", "status": 200, "latency_ms": 108}
{"ts": 102211, "svc": "auth", "status": 200, "latency_ms": 109}
{"ts": 102211, "svc": "gateway", "status": 500, "latency_ms": 110}
{"ts": 102211, "svc": "payment", "status": 200, "latency_ms": 111}
{"ts": 102212, "svc": "auth", "status": 200, "latency_ms": 112}
{"ts": 102212, "svc": "gateway", "status": 200, "latency_ms": 113}
{"ts": 102212, "svc": "payment", "status": 200, "latency_ms": 114}
{"ts": 102212, "svc": "auth", "status": 200, "latency_ms": 115}
{"ts": 102212, "svc": "gateway", "status": 200, "latency_ms": 116}
{"ts": 102212, "svc": "payment", "status": 200, "latency_ms": 117}
{"ts": 102213, "svc": "auth", "status": 500, "latency_ms": 118}
{"ts": 102213, "svc": "gateway", "status": 200, "latency_ms": 119}
{"ts": 102213, "svc": "payment", "status": 200, "latency_ms": 120}
{"ts": 102213, "svc": "auth", "status": 200, "latency_ms": 121}
{"ts": 102213, "svc": "gateway", "status": 200, "latency_ms": 122}
{"ts": 102213, "svc": "payment", "status": 200, "latency_ms": 123}
{"ts": 102214, "svc": "auth", "status": 200, "latency_ms": 124}
{"ts": 102214, "svc": "gateway", "status": 200, "latency_ms": 125}
{"ts": 102214, "svc": "payment", "status": 500, "latency_ms": 126}
{"ts": 102214, "svc": "auth", "status": 200, "latency_ms": 127}
{"ts": 102214, "svc": "gateway", "status": 200, "latency_ms": 128}
{"ts": 102214, "svc": "payment", "status": 200, "latency_ms": 129}
{"ts": 102215, "svc": "auth", "status": 200, "latency_ms": 130}
{"ts": 102215, "svc": "gateway", "status": 200, "latency_ms": 131}
{"ts": 102215, "svc": "payment", "status": 200, "latency_ms": 132}
{"ts": 102215, "svc": "auth", "status": 200, "latency_ms": 133}
{"ts": 102215, "svc": "gateway", "status": 500, "latency_ms": 134}
{"ts": 102215, "svc": "payment", "status": 200, "latency_ms": 135}
{"ts": 100000, "svc": "auth", "status": 99, "latency_ms": 100}
{"ts": 102216, "svc": "auth", "status": 200, "latency_ms": 136}
{"ts": 102216, "svc": "gateway", "status": 200, "latency_ms": 137}
{"ts": 102216, "svc": "payment", "status": 200, "latency_ms": 138}
{"ts": 102216, "svc": "auth", "status": 200, "latency_ms": 139}
{"ts": 102216, "svc": "gateway", "status": 200, "latency_ms": 140}
{"ts": 102216, "svc": "payment", "status": 200, "latency_ms": 141}
{"ts": 102217, "svc": "auth", "status": 500, "latency_ms": 142}
{"ts": 102217, "svc": "gateway", "status": 200, "latency_ms": 143}
{"ts": 102217, "svc": "payment", "status": 200, "latency_ms": 144}
{"ts": 102217, "svc": "auth", "status": 200, "latency_ms": 145}
{"ts": 102217, "svc": "gateway", "status": 200, "latency_ms": 146}
{"ts": 102217, "svc": "payment", "status": 200, "latency_ms": 147}
{"ts": 102218, "svc": "auth", "status": 200, "latency_ms": 148}
{"ts": 102218, "svc": "gateway", "status": 200, "latency_ms": 149}
{"ts": 102218, "svc": "payment", "status": 500, "latency_ms": 100}
   
{"ts": 102218, "svc": "auth", "status": 200, "latency_ms": 101}
{"ts": 102218, "svc": "gateway", "status": 200, "latency_ms": 102}
{"ts": 102218, "svc": "payment", "status": 200, "latency_ms": 103}
{"ts": 102219, "svc": "auth", "status": 200, "latency_ms": 104}
{"ts": 102219, "svc": "gateway", "status": 200, "latency_ms": 105}
{"ts": 102219, "svc": "payment", "status": 200, "latency_ms": 106}
{"ts": 102219, "svc": "auth", "status": 200, "latency_ms": 107}
{"ts": 102219, "svc": "gateway", "status": 500, "latency_ms": 108}
{"ts": 102219, "svc": "payment", "status": 200, "latency_ms": 109}
{"ts": 102220, "svc": "auth", "status": 200, "latency_ms": 110}
{"ts": 102220, "svc": "gateway", "status": 200, "latency_ms": 111}
{"ts": 102220, "svc": "payment", "status": 200, "latency_ms": 112}
{"ts": 102220, "svc": "auth", "status": 200, "latency_ms": 113}
{"ts": 102220, "svc": "gateway", "status": 200, "latency_ms": 114}
{"ts": 102220, "svc": "payment", "status": 200, "latency_ms": 115}
{"ts": 102221, "svc": "auth", "status": 500, "latency_ms": 116}
{"ts": 102221, "svc": "gateway", "status": 200, "latency_ms": 117}
{"ts": 102221, "svc": "payment", "status": 200, "latency_ms": 118}
{"ts": 102221, "svc": "auth", "status": 200, "latency_ms": 119}
{"ts": 102221, "svc": "gateway", "status": 200, "latency_ms": 120}
{"ts": 102221, "svc": "payment", "status": 200, "latency_ms": 121}
{"ts": 102222, "svc": "auth", "status": 200, "latency_ms": 122}
{"ts": 100000, "svc": "billing", "status": 200, "latency_ms": 100}
{"ts": 102222, "svc": "gateway", "status": 200, "latency_ms": 123}
{"ts": 102222, "svc": "payment", "status": 500, "latency_ms": 124}
{"ts": 102222, "svc": "auth", "status": 200, "latency_ms": 125}
{"ts": 102222, "svc": "gateway", "status": 200, "latency_ms": 126}
{"ts": 102222, "svc": "payment", "status": 200, "latency_ms": 127}
{"ts": 102223, "svc": "auth", "status": 200, "latency_ms": 128}
{"ts": 102223, "svc": "gateway", "status": 200, "latency_ms": 129}
{"ts": 102223, "svc": "payment", "status": 200, "latency_ms": 130}
{"ts": 102223, "svc": "auth", "status": 200, "latency_ms": 131}
{"ts": 102223, "svc": "gateway", "status": 500, "latency_ms": 132}
{"ts": 102223, "svc": "payment", "status": 200, "latency_ms": 133}
{"ts": 102224, "svc": "auth", "status": 200, "latency_ms": 134}
{"ts": 102224, "svc": "gateway", "status": 200, "latency_ms": 135}
{"ts": 102224, "svc": "payment", "status": 200, "latency_ms": 136}
{"ts": 102224, "svc": "auth", "status": 200, "latency_ms": 137}
{"ts": 102224, "svc": "gateway", "status": 200, "latency_ms": 138}
{"ts": 102224, "svc": "payment", "status": 200, "latency_ms": 139}
{"ts": 102225, "svc": "auth", "status": 500, "latency_ms": 140}
{"ts": 102225, "svc": "gateway", "status": 200, "latency_ms": 141}
{"ts": 102225, "svc": "payment", "status": 200, "latency_ms": 142}
{"ts": 102225, "svc": "auth", "status": 200, "latency_ms": 143}
{"ts": 102225, "svc": "gateway", "status": 200, "latency_ms": 144}
{"ts": 102225, "svc": "payment", "status": 200, "latency_ms": 145}
{"ts": 102226, "svc": "auth", "status": 200, "latency_ms": 146}
{"ts": 102226, "svc": "gateway", "status": 200, "latency_ms": 147}
{"ts": 102226, "svc": "payment", "status": 500, "latency_ms": 148}
{"ts": 102226, "svc": "auth", "status": 200, "latency_ms": 149}
{"ts": 102226, "svc": "gateway", "status": 200, "latency_ms": 100}
   
{"ts": 102226, "svc": "payment", "status": 200, "latency_ms": 101}
{"ts": 102227, "svc": "auth", "status": 200, "latency_ms": 102}
{"ts": 102227, "svc": "gateway", "status": 200, "latency_ms": 103}
{"ts": 102227, "svc": "payment", "status": 200, "latency_ms": 104}
{"ts": 102227, "svc": "auth", "status": 200, "latency_ms": 105}
{"ts": 102227, "svc": "gateway", "status": 500, "latency_ms": 106}
{"ts": 102227, "svc": "payment", "status": 200, "latency_ms": 107}
{"ts": 102228, "svc": "auth", "status": 200, "latency_ms": 108}
{"ts": 102228, "svc": "gateway", "status": 200, "latency_ms": 109}
{"ts": 100000, "svc": "gateway", "status": 200, "latency_ms": 1001}
{"ts": 102228, "svc": "payment", "status": 200, "latency_ms": 110}
{"ts": 102228, "svc": "auth", "status": 200, "latency_ms": 111}
{"ts": 102228, "svc": "gateway", "status": 200, "latency_ms": 112}
{"ts": 102228, "svc": "payment", "status": 200, "latency_ms": 113}
{"ts": 102229, "svc": "auth", "status": 500, "latency_ms": 114}
{"ts": 102229, "svc": "gateway", "status": 200, "latency_ms": 115}
{"ts": 102229, "svc": "payment", "status": 200, "latency_ms": 116}
{"ts": 102229, "svc": "auth", "status": 200, "latency_ms": 117}
{"ts": 102229, "svc": "gateway", "status": 200, "latency_ms": 118}
{"ts": 102229, "svc": "payment", "status": 200, "latency_ms": 119}
{"ts": 102230, "svc": "auth", "status": 200, "latency_ms": 120}
{"ts": 102230, "svc": "gateway", "status": 200, "latency_ms": 121}
{"ts": 102230, "svc": "payment", "status": 500, "latency_ms": 122}
{"ts": 102230, "svc": "auth", "status": 200, "latency_ms": 123}
{"ts": 102230, "svc": "gateway", "status": 200, "latency_ms": 124}
{"ts": 102230, "svc": "payment", "status": 200, "latency_ms": 125}
{"ts": 102231, "svc": "auth", "status": 200, "latency_ms": 126}
{"ts": 102231, "svc": "gateway", "status": 200, "latency_ms": 127}
{"ts": 102231, "svc": "payment", "status": 200, "latency_ms": 128}
{"ts": 102231, "svc": "auth", "status": 200, "latency_ms": 129}
{"ts": 102231, "svc": "gateway", "status": 500, "latency_ms": 130}
{"ts": 102231, "svc": "payment", "status": 200, "latency_ms": 131}
{"ts": 102232, "svc": "auth", "status": 200, "latency_ms": 132}
{"ts": 102232, "svc": "gateway", "status": 200, "latency_ms": 133}
{"ts": 102232, "svc": "payment", "status": 200, "latency_ms": 134}
{"ts": 102232, "svc": "auth", "status": 200, "latency_ms": 135}
{"ts": 102232, "svc": "gateway", "status": 200, "latency_ms": 136}
{"ts": 102232, "svc": "payment", "status": 200, "latency_ms": 137}
{"ts": 102233, "svc": "auth", "status": 500, "latency_ms": 138}
{"ts": 102233, "svc": "gateway", "status": 200, "latency_ms": 139}
{"ts": 102233, "svc": "payment", "status": 200, "latency_ms": 140}
{"ts": 102233, "svc": "auth", "status": 200, "latency_ms": 141}
{"ts": 102233, "svc": "gateway", "status": 200, "latency_ms": 142}
{"ts": 102233, "svc": "payment", "status": 200, "latency_ms": 143}
{"ts": 102234, "svc": "auth", "status": 200, "latency_ms": 144}
{"ts": 102234, "svc": "gateway", "status": 200, "latency_ms": 145}
{"ts": 102234, "svc": "payment", "status": 500, "latency_ms": 146}
{"ts": 100000, "svc": "payment", "status": 200, "latency_ms": false}
{"ts": 102234, "svc": "auth", "status": 200, "latency_ms": 147}
{"ts": 102234, "svc": "gateway", "status": 200, "latency_ms": 148}
{"ts": 102234, "svc": "payment", "status": 200, "latency_ms": 149}
{"ts": 102194, "svc": "auth", "status": 500, "latency_ms": 100}
{"ts": 102204, "svc": "auth", "status": 200, "latency_ms": 100}
{"ts": 102245, "svc": "gateway", "status": 500, "latency_ms": 100}
   
{"ts": 100000, "svc": "auth", "status": 200}
{"ts": 102245, "svc": "payment", "status": 200, "latency_ms": 101}
{"ts": 102245, "svc": "auth", "status": 200, "latency_ms": 102}
{"ts": 102245, "svc": "gateway", "status": 200, "latency_ms": 103}
{"ts": 102245, "svc": "payment", "status": 200, "latency_ms": 104}
{"ts": 102245, "svc": "auth", "status": 200, "latency_ms": 105}
{"ts": 102246, "svc": "gateway", "status": 200, "latency_ms": 106}
{"ts": 102246, "svc": "payment", "status": 200, "latency_ms": 107}
{"ts": 102246, "svc": "auth", "status": 500, "latency_ms": 108}
{"ts": 102246, "svc": "gateway", "status": 200, "latency_ms": 109}
{"ts": 102246, "svc": "payment", "status": 200, "latency_ms": 110}
{"ts": 102246, "svc": "auth", "status": 200, "latency_ms": 111}
{"ts": 102247, "svc": "gateway", "status": 200, "latency_ms": 112}
{"ts": 102247, "svc": "payment", "status": 200, "latency_ms": 113}
{"ts": 102247, "svc": "auth", "status": 200, "latency_ms": 114}
{"ts": 102247, "svc": "gateway", "status": 200, "latency_ms": 115}
{"ts": 102247, "svc": "payment", "status": 500, "latency_ms": 116}
{"ts": 102247, "svc": "auth", "status": 200, "latency_ms": 117}
{"ts": 102248, "svc": "gateway", "status": 200, "latency_ms": 118}
{"ts": 102248, "svc": "payment", "status": 200, "latency_ms": 119}
{"ts": 102248, "svc": "auth", "status": 200, "latency_ms": 120}
{"ts": 102248, "svc": "gateway", "status": 200, "latency_ms": 121}
{"ts": 102248, "svc": "payment", "status": 200, "latency_ms": 122}
{"ts": 102248, "svc": "auth", "status": 200, "latency_ms": 123}
{"ts": 102249, "svc": "gateway", "status": 500, "latency_ms": 124}
{"ts": 102249, "svc": "payment", "status": 200, "latency_ms": 125}
{"ts": 102249, "svc": "auth", "status": 200, "latency_ms": 126}
{"ts": 102249, "svc": "gateway", "status": 200, "latency_ms": 127}
{"ts": 102249, "svc": "payment", "status": 200, "latency_ms": 128}
{"ts": 102249, "svc": "auth", "status": 200, "latency_ms": 129}
{"ts": 102250, "svc": "gateway", "status": 200, "latency_ms": 130}
{"ts": 102250, "svc": "payment", "status": 200, "latency_ms": 131}
{"ts": 102250, "svc": "auth", "status": 500, "latency_ms": 132}
{"ts": 102250, "svc": "gateway", "status": 200, "latency_ms": 133}
{"ts": 102250, "svc": "payment", "status": 200, "latency_ms": 134}
{"ts": 102250, "svc": "auth", "status": 200, "latency_ms": 135}
{"ts": 102251, "svc": "gateway", "status": 200, "latency_ms": 136}
{"ts": 102251, "svc": "payment", "status": 200, "latency_ms": 137}
{"ts": 100000, "svc": "auth", "status": 200, "latency_ms": 100, "x": 1}
{"ts": 102251, "svc": "auth", "status": 200, "latency_ms": 138}
{"ts": 102251, "svc": "gateway", "status": 200, "latency_ms": 139}
{"ts": 102251, "svc": "payment", "status": 500, "latency_ms": 140}
{"ts": 102251, "svc": "auth", "status": 200, "latency_ms": 141}
{"ts": 102252, "svc": "gateway", "status": 200, "latency_ms": 142}
{"ts": 102252, "svc": "payment", "status": 200, "latency_ms": 143}
{"ts": 102252, "svc": "auth", "status": 200, "latency_ms": 144}
{"ts": 102252, "svc": "gateway", "status": 200, "latency_ms": 145}
{"ts": 102252, "svc": "payment", "status": 200, "latency_ms": 146}
{"ts": 102252, "svc": "auth", "status": 200, "latency_ms": 147}
{"ts": 102253, "svc": "gateway", "status": 500, "latency_ms": 148}
{"ts": 102253, "svc": "payment", "status": 200, "latency_ms": 149}
{"ts": 102253, "svc": "auth", "status": 200, "latency_ms": 100}
   
{"ts": 102253, "svc": "gateway", "status": 200, "latency_ms": 101}
{"ts": 102253, "svc": "payment", "status": 200, "latency_ms": 102}
{"ts": 102253, "svc": "auth", "status": 200, "latency_ms": 103}
{"ts": 102254, "svc": "gateway", "status": 200, "latency_ms": 104}
{"ts": 102254, "svc": "payment", "status": 200, "latency_ms": 105}
{"ts": 102254, "svc": "auth", "status": 500, "latency_ms": 106}
{"ts": 102254, "svc": "gateway", "status": 200, "latency_ms": 107}
{"ts": 102254, "svc": "payment", "status": 200, "latency_ms": 108}
{"ts": 102254, "svc": "auth", "status": 200, "latency_ms": 109}
{"ts": 102255, "svc": "gateway", "status": 200, "latency_ms": 110}
{"ts": 102255, "svc": "payment", "status": 200, "latency_ms": 111}
{"ts": 102255, "svc": "auth", "status": 200, "latency_ms": 112}
{"ts": 102255, "svc": "gateway", "status": 200, "latency_ms": 113}
{"ts": 102255, "svc": "payment", "status": 500, "latency_ms": 114}
{"ts": 102255, "svc": "auth", "status": 200, "latency_ms": 115}
{"ts": 102256, "svc": "gateway", "status": 200, "latency_ms": 116}
{"ts": 102256, "svc": "payment", "status": 200, "latency_ms": 117}
{"ts": 102256, "svc": "auth", "status": 200, "latency_ms": 118}
{"ts": 102256, "svc": "gateway", "status": 200, "latency_ms": 119}
{"ts": 102256, "svc": "payment", "status": 200, "latency_ms": 120}
{"ts": 102256, "svc": "auth", "status": 200, "latency_ms": 121}
{"ts": 102257, "svc": "gateway", "status": 500, "latency_ms": 122}
{"ts": 102257, "svc": "payment", "status": 200, "latency_ms": 123}
{"ts": 102257, "svc": "auth", "status": 200, "latency_ms": 124}
{"ts": 100000, "svc": "gateway", "status": 200.0, "latency_ms": 100}
{"ts": 102257, "svc": "gateway", "status": 200, "latency_ms": 125}
{"ts": 102257, "svc": "payment", "status": 200, "latency_ms": 126}
{"ts": 102257, "svc": "auth", "status": 200, "latency_ms": 127}
{"ts": 102258, "svc": "gateway", "status": 200, "latency_ms": 128}
{"ts": 102258, "svc": "payment", "status": 200, "latency_ms": 129}
{"ts": 102258, "svc": "auth", "status": 500, "latency_ms": 130}
{"ts": 102258, "svc": "gateway", "status": 200, "latency_ms": 131}
{"ts": 102258, "svc": "payment", "status": 200, "latency_ms": 132}
{"ts": 102258, "svc": "auth", "status": 200, "latency_ms": 133}
{"ts": 102259, "svc": "gateway", "status": 200, "latency_ms": 134}
{"ts": 102259, "svc": "payment", "status": 200, "latency_ms": 135}
{"ts": 102259, "svc": "auth", "status": 200, "latency_ms": 136}
{"ts": 102259, "svc": "gateway", "status": 200, "latency_ms": 137}
{"ts": 102259, "svc": "payment", "status": 500, "latency_ms": 138}
{"ts": 102259, "svc": "auth", "status": 200, "latency_ms": 139}
{"ts": 102260, "svc": "gateway", "status": 200, "latency_ms": 140}
{"ts": 102260, "svc": "payment", "status": 200, "latency_ms": 141}
{"ts": 102260, "svc": "auth", "status": 200, "latency_ms": 142}
{"ts": 102260, "svc": "gateway", "status": 200, "latency_ms": 143}
{"ts": 102260, "svc": "payment", "status": 200, "latency_ms": 144}
{"ts": 102260, "svc": "auth", "status": 200, "latency_ms": 145}
{"ts": 102261, "svc": "gateway", "status": 500, "latency_ms": 146}
{"ts": 102261, "svc": "payment", "status": 200, "latency_ms": 147}
{"ts": 102261, "svc": "auth", "status": 200, "latency_ms": 148}
{"ts": 102261, "svc": "gateway", "status": 200, "latency_ms": 149}
{"ts": 102261, "svc": "payment", "status": 200, "latency_ms": 100}
   
{"ts": 102261, "svc": "auth", "status": 200, "latency_ms": 101}
{"ts": 102262, "svc": "gateway", "status": 200, "latency_ms": 102}
{"ts": 102262, "svc": "payment", "status": 200, "latency_ms": 103}
{"ts": 102262, "svc": "auth", "status": 500, "latency_ms": 104}
{"ts": 102262, "svc": "gateway", "status": 200, "latency_ms": 105}
{"ts": 102262, "svc": "payment", "status": 200, "latency_ms": 106}
{"ts": 102262, "svc": "auth", "status": 200, "latency_ms": 107}
{"ts": 102263, "svc": "gateway", "status": 200, "latency_ms": 108}
{"ts": 102263, "svc": "payment", "status": 200, "latency_ms": 109}
{"ts": 102263, "svc": "auth", "status": 200, "latency_ms": 110}
{"ts": 102263, "svc": "gateway", "status": 200, "latency_ms": 111}
{"ts": true, "svc": "payment", "status": 200, "latency_ms": 100}
{"ts": 102263, "svc": "payment", "status": 500, "latency_ms": 112}
{"ts": 102263, "svc": "auth", "status": 200, "latency_ms": 113}
{"ts": 102264, "svc": "gateway", "status": 200, "latency_ms": 114}
{"ts": 102264, "svc": "payment", "status": 200, "latency_ms": 115}
{"ts": 102264, "svc": "auth", "status": 200, "latency_ms": 116}
{"ts": 102264, "svc": "gateway", "status": 200, "latency_ms": 117}
{"ts": 102264, "svc": "payment", "status": 200, "latency_ms": 118}
{"ts": 102264, "svc": "auth", "status": 200, "latency_ms": 119}
{"ts": 102265, "svc": "gateway", "status": 500, "latency_ms": 120}
{"ts": 102265, "svc": "payment", "status": 200, "latency_ms": 121}
{"ts": 102265, "svc": "auth", "status": 200, "latency_ms": 122}
{"ts": 102265, "svc": "gateway", "status": 200, "latency_ms": 123}
{"ts": 102265, "svc": "payment", "status": 200, "latency_ms": 124}
{"ts": 102265, "svc": "auth", "status": 200, "latency_ms": 125}
{"ts": 102266, "svc": "gateway", "status": 200, "latency_ms": 126}
{"ts": 102266, "svc": "payment", "status": 200, "latency_ms": 127}
{"ts": 102266, "svc": "auth", "status": 500, "latency_ms": 128}
{"ts": 102266, "svc": "gateway", "status": 200, "latency_ms": 129}
{"ts": 102266, "svc": "payment", "status": 200, "latency_ms": 130}
{"ts": 102266, "svc": "auth", "status": 200, "latency_ms": 131}
{"ts": 102267, "svc": "gateway", "status": 200, "latency_ms": 132}
{"ts": 102267, "svc": "payment", "status": 200, "latency_ms": 133}
{"ts": 102267, "svc": "auth", "status": 200, "latency_ms": 134}
{"ts": 102267, "svc": "gateway", "status": 200, "latency_ms": 135}
{"ts": 102267, "svc": "payment", "status": 500, "latency_ms": 136}
{"ts": 102267, "svc": "auth", "status": 200, "latency_ms": 137}
{"ts": 102268, "svc": "gateway", "status": 200, "latency_ms": 138}
{"ts": 102268, "svc": "payment", "status": 200, "latency_ms": 139}
{"ts": 102268, "svc": "auth", "status": 200, "latency_ms": 140}
{"ts": 102268, "svc": "gateway", "status": 200, "latency_ms": 141}
{"ts": 102268, "svc": "payment", "status": 200, "latency_ms": 142}
{"ts": 102268, "svc": "auth", "status": 200, "latency_ms": 143}
{"ts": 102269, "svc": "gateway", "status": 500, "latency_ms": 144}
{"ts": 102269, "svc": "payment", "status": 200, "latency_ms": 145}
{"ts": 102269, "svc": "auth", "status": 200, "latency_ms": 146}
{"ts": 102269, "svc": "gateway", "status": 200, "latency_ms": 147}
{"ts": 102269, "svc": "payment", "status": 200, "latency_ms": 148}
{"ts": 100000, "svc": "auth", "status": 99, "latency_ms": 100}
{"ts": 102269, "svc": "auth", "status": 200, "latency_ms": 149}
{"ts": 102270, "svc": "gateway", "status": 200, "latency_ms": 100}
   
{"ts": 102270, "svc": "payment", "status": 200, "latency_ms": 101}
{"ts": 102270, "svc": "auth", "status": 500, "latency_ms": 102}
{"ts": 102270, "svc": "gateway", "status": 200, "latency_ms": 103}
{"ts": 102270, "svc": "payment", "status": 200, "latency_ms": 104}
{"ts": 102270, "svc": "auth", "status": 200, "latency_ms": 105}
{"ts": 102271, "svc": "gateway", "status": 200, "latency_ms": 106}
{"ts": 102271, "svc": "payment", "status": 200, "latency_ms": 107}
{"ts": 102271, "svc": "auth", "status": 200, "latency_ms": 108}
{"ts": 102271, "svc": "gateway", "status": 200, "latency_ms": 109}
{"ts": 102271, "svc": "payment", "status": 500, "latency_ms": 110}
{"ts": 102271, "svc": "auth", "status": 200, "latency_ms": 111}
{"ts": 102272, "svc": "gateway", "status": 200, "latency_ms": 112}
{"ts": 102272, "svc": "payment", "status": 200, "latency_ms": 113}
{"ts": 102272, "svc": "auth", "status": 200, "latency_ms": 114}
{"ts": 102272, "svc": "gateway", "status": 200, "latency_ms": 115}
{"ts": 102272, "svc": "payment", "status": 200, "latency_ms": 116}
{"ts": 102272, "svc": "auth", "status": 200, "latency_ms": 117}
{"ts": 102273, "svc": "gateway", "status": 500, "latency_ms": 118}
{"ts": 102273, "svc": "payment", "status": 200, "latency_ms": 119}
{"ts": 102273, "svc": "auth", "status": 200, "latency_ms": 120}
{"ts": 102273, "svc": "gateway", "status": 200, "latency_ms": 121}
{"ts": 102273, "svc": "payment", "status": 200, "latency_ms": 122}
{"ts": 102273, "svc": "auth", "status": 200, "latency_ms": 123}
{"ts": 102274, "svc": "gateway", "status": 200, "latency_ms": 124}
{"ts": 102274, "svc": "payment", "status": 200, "latency_ms": 125}
{"ts": 102274, "svc": "auth", "status": 500, "latency_ms": 126}
{"ts": 102274, "svc": "gateway", "status": 200, "latency_ms": 127}
{"ts": 102274, "svc": "payment", "status": 200, "latency_ms": 128}
{"ts": 102274, "svc": "auth", "status": 200, "latency_ms": 129}
{"ts": 102275, "svc": "gateway", "status": 200, "latency_ms": 130}
{"ts": 102275, "svc": "payment", "status": 200, "latency_ms": 131}
{"ts": 102275, "svc": "auth", "status": 200, "latency_ms": 132}
{"ts": 102275, "svc": "gateway", "status": 200, "latency_ms": 133}
{"ts": 102275, "svc": "payment", "status": 500, "latency_ms": 134}
{"ts": 102275, "svc": "auth", "status": 200, "latency_ms": 135}
{"ts": 100000, "svc": "billing", "status": 200, "latency_ms": 100}
{"ts": 102276, "svc": "gateway", "status": 200, "latency_ms": 136}
{"ts": 102276, "svc": "payment", "status": 200, "latency_ms": 137}
{"ts": 102276, "svc": "auth", "status": 200, "latency_ms": 138}
{"ts": 102276, "svc": "gateway", "status": 200, "latency_ms": 139}
{"ts": 102276, "svc": "payment", "status": 200, "latency_ms": 140}
{"ts": 102276, "svc": "auth", "status": 200, "latency_ms": 141}
{"ts": 102277, "svc": "gateway", "status": 500, "latency_ms": 142}
{"ts": 102277, "svc": "payment", "status": 200, "latency_ms": 143}
{"ts": 102277, "svc": "auth", "status": 200, "latency_ms": 144}
{"ts": 102277, "svc": "gateway", "status": 200, "latency_ms": 145}
{"ts": 102277, "svc": "payment", "status": 200, "latency_ms": 146}
{"ts": 102277, "svc": "auth", "status": 200, "latency_ms": 147}
{"ts": 102278, "svc": "gateway", "status": 200, "latency_ms": 148}
{"ts": 102278, "svc": "payment", "status": 200, "latency_ms": 149}
{"ts": 102278, "svc": "auth", "status": 500, "latency_ms": 100}
   
{"ts": 102278, "svc": "gateway", "status": 200, "latency_ms": 101}
{"ts": 102278, "svc": "payment", "status": 200, "latency_ms": 102}
{"ts": 102278, "svc": "auth", "status": 200, "latency_ms": 103}
{"ts": 102279, "svc": "gateway", "status": 200, "latency_ms": 104}
{"ts": 102279, "svc": "payment", "status": 200, "latency_ms": 105}
{"ts": 102279, "svc": "auth", "status": 200, "latency_ms": 106}
{"ts": 102279, "svc": "gateway", "status": 200, "latency_ms": 107}
{"ts": 102279, "svc": "payment", "status": 500, "latency_ms": 108}
{"ts": 102279, "svc": "auth", "status": 200, "latency_ms": 109}
{"ts": 102280, "svc": "gateway", "status": 200, "latency_ms": 110}
{"ts": 102280, "svc": "payment", "status": 200, "latency_ms": 111}
{"ts": 102280, "svc": "auth", "status": 200, "latency_ms": 112}
{"ts": 102280, "svc": "gateway", "status": 200, "latency_ms": 113}
{"ts": 102280, "svc": "payment", "status": 200, "latency_ms": 114}
{"ts": 102280, "svc": "auth", "status": 200, "latency_ms": 115}
{"ts": 102281, "svc": "gateway", "status": 500, "latency_ms": 116}
{"ts": 102281, "svc": "payment", "status": 200, "latency_ms": 117}
{"ts": 102281, "svc": "auth", "status": 200, "latency_ms": 118}
{"ts": 102281, "svc": "gateway", "status": 200, "latency_ms": 119}
{"ts": 102281, "svc": "payment", "status": 200, "latency_ms": 120}
{"ts": 102281, "svc": "auth", "status": 200, "latency_ms": 121}
{"ts": 102282, "svc": "gateway", "status": 200, "latency_ms": 122}
{"ts": 100000, "svc": "gateway", "status": 200, "latency_ms": 1001}
{"ts": 102282, "svc": "payment", "status": 200, "latency_ms": 123}
{"ts": 102282, "svc": "auth", "status": 500, "latency_ms": 124}
{"ts": 102282, "svc": "gateway", "status": 200, "latency_ms": 125}
{"ts": 102282, "svc": "payment", "status": 200, "latency_ms": 126}
{"ts": 102282, "svc": "auth", "status": 200, "latency_ms": 127}
{"ts": 102283, "svc": "gateway", "status": 200, "latency_ms": 128}
{"ts": 102283, "svc": "payment", "status": 200, "latency_ms": 129}
{"ts": 102283, "svc": "auth", "status": 200, "latency_ms": 130}
{"ts": 102283, "svc": "gateway", "status": 200, "latency_ms": 131}
{"ts": 102283, "svc": "payment", "status": 500, "latency_ms": 132}
{"ts": 102283, "svc": "auth", "status": 200, "latency_ms": 133}
{"ts": 102284, "svc": "gateway", "status": 200, "latency_ms": 134}
{"ts": 102284, "svc": "payment", "status": 200, "latency_ms": 135}
{"ts": 102284, "svc": "auth", "status": 200, "latency_ms": 136}
{"ts": 102284, "svc": "gateway", "status": 200, "latency_ms": 137}
{"ts": 102284, "svc": "payment", "status": 200, "latency_ms": 138}
{"ts": 102284, "svc": "auth", "status": 200, "latency_ms": 139}
{"ts": 102285, "svc": "gateway", "status": 500, "latency_ms": 140}
{"ts": 102285, "svc": "payment", "status": 200, "latency_ms": 141}
{"ts": 102285, "svc": "auth", "status": 200, "latency_ms": 142}
{"ts": 102285, "svc": "gateway", "status": 200, "latency_ms": 143}
{"ts": 102285, "svc": "payment", "status": 200, "latency_ms": 144}
{"ts": 102285, "svc": "auth", "status": 200, "latency_ms": 145}
{"ts": 102286, "svc": "gateway", "status": 200, "latency_ms": 146}
{"ts": 102286, "svc": "payment", "status": 200, "latency_ms": 147}
{"ts": 102286, "svc": "auth", "status": 500, "latency_ms": 148}
{"ts": 102286, "svc": "gateway", "status": 200, "latency_ms": 149}
{"ts": 102286, "svc": "payment", "status": 200, "latency_ms": 100}
   
{"ts": 102286, "svc": "auth", "status": 200, "latency_ms": 101}
{"ts": 102287, "svc": "gateway", "status": 200, "latency_ms": 102}
{"ts": 102287, "svc": "payment", "status": 200, "latency_ms": 103}
{"ts": 102287, "svc": "auth", "status": 200, "latency_ms": 104}
{"ts": 102287, "svc": "gateway", "status": 200, "latency_ms": 105}
{"ts": 102287, "svc": "payment", "status": 500, "latency_ms": 106}
{"ts": 102287, "svc": "auth", "status": 200, "latency_ms": 107}
{"ts": 102288, "svc": "gateway", "status": 200, "latency_ms": 108}
{"ts": 102288, "svc": "payment", "status": 200, "latency_ms": 109}
{"ts": 100000, "svc": "payment", "status": 200, "latency_ms": false}
{"ts": 102288, "svc": "auth", "status": 200, "latency_ms": 110}
{"ts": 102288, "svc": "gateway", "status": 200, "latency_ms": 111}
{"ts": 102288, "svc": "payment", "status": 200, "latency_ms": 112}
{"ts": 102288, "svc": "auth", "status": 200, "latency_ms": 113}
{"ts": 102289, "svc": "gateway", "status": 500, "latency_ms": 114}
{"ts": 102289, "svc": "payment", "status": 200, "latency_ms": 115}
{"ts": 102289, "svc": "auth", "status": 200, "latency_ms": 116}
{"ts": 102289, "svc": "gateway", "status": 200, "latency_ms": 117}
{"ts": 102289, "svc": "payment", "status": 200, "latency_ms": 118}
{"ts": 102289, "svc": "auth", "status": 200, "latency_ms": 119}
{"ts": 102290, "svc": "gateway", "status": 200, "latency_ms": 120}
{"ts": 102290, "svc": "payment", "status": 200, "latency_ms": 121}
{"ts": 102290, "svc": "auth", "status": 500, "latency_ms": 122}
{"ts": 102290, "svc": "gateway", "status": 200, "latency_ms": 123}
{"ts": 102290, "svc": "payment", "status": 200, "latency_ms": 124}
{"ts": 102290, "svc": "auth", "status": 200, "latency_ms": 125}
{"ts": 102291, "svc": "gateway", "status": 200, "latency_ms": 126}
{"ts": 102291, "svc": "payment", "status": 200, "latency_ms": 127}
{"ts": 102291, "svc": "auth", "status": 200, "latency_ms": 128}
{"ts": 102291, "svc": "gateway", "status": 200, "latency_ms": 129}
{"ts": 102291, "svc": "payment", "status": 500, "latency_ms": 130}
{"ts": 102291, "svc": "auth", "status": 200, "latency_ms": 131}
{"ts": 102292, "svc": "gateway", "status": 200, "latency_ms": 132}
{"ts": 102292, "svc": "payment", "status": 200, "latency_ms": 133}
{"ts": 102292, "svc": "auth", "status": 200, "latency_ms": 134}
{"ts": 102292, "svc": "gateway", "status": 200, "latency_ms": 135}
{"ts": 102292, "svc": "payment", "status": 200, "latency_ms": 136}
{"ts": 102292, "svc": "auth", "status": 200, "latency_ms": 137}
{"ts": 102293, "svc": "gateway", "status": 500, "latency_ms": 138}
{"ts": 102293, "svc": "payment", "status": 200, "latency_ms": 139}
{"ts": 102293, "svc": "auth", "status": 200, "latency_ms": 140}
{"ts": 102293, "svc": "gateway", "status": 200, "latency_ms": 141}
{"ts": 102293, "svc": "payment", "status": 200, "latency_ms": 142}
{"ts": 102293, "svc": "auth", "status": 200, "latency_ms": 143}
{"ts": 102294, "svc": "gateway", "status": 200, "latency_ms": 144}
{"ts": 102294, "svc": "payment", "status": 200, "latency_ms": 145}
{"ts": 102294, "svc": "auth", "status": 500, "latency_ms": 146}
definitely not json {{
{"ts": 102294, "svc": "gateway", "status": 200, "latency_ms": 147}
{"ts": 102294, "svc": "payment", "status": 200, "latency_ms": 148}
{"ts": 102294, "svc": "auth", "status": 200, "latency_ms": 149}
{"ts": 102254, "svc": "gateway", "status": 500, "latency_ms": 100}
{"ts": 102264, "svc": "gateway", "status": 200, "latency_ms": 100}
{"ts": 102305, "svc": "payment", "status": 500, "latency_ms": 100}
   
{"ts": 100000, "svc": "auth", "status": 200, "latency_ms": 100, "x": 1}
{"ts": 102305, "svc": "auth", "status": 200, "latency_ms": 101}
{"ts": 102305, "svc": "gateway", "status": 200, "latency_ms": 102}
{"ts": 102305, "svc": "payment", "status": 200, "latency_ms": 103}
{"ts": 102305, "svc": "auth", "status": 200, "latency_ms": 104}
{"ts": 102305, "svc": "gateway", "status": 200, "latency_ms": 105}
{"ts": 102306, "svc": "payment", "status": 200, "latency_ms": 106}
{"ts": 102306, "svc": "auth", "status": 200, "latency_ms": 107}
{"ts": 102306, "svc": "gateway", "status": 500, "latency_ms": 108}
{"ts": 102306, "svc": "payment", "status": 200, "latency_ms": 109}
{"ts": 102306, "svc": "auth", "status": 200, "latency_ms": 110}
{"ts": 102306, "svc": "gateway", "status": 200, "latency_ms": 111}
{"ts": 102307, "svc": "payment", "status": 200, "latency_ms": 112}
{"ts": 102307, "svc": "auth", "status": 200, "latency_ms": 113}
{"ts": 102307, "svc": "gateway", "status": 200, "latency_ms": 114}
{"ts": 102307, "svc": "payment", "status": 200, "latency_ms": 115}
{"ts": 102307, "svc": "auth", "status": 500, "latency_ms": 116}
{"ts": 102307, "svc": "gateway", "status": 200, "latency_ms": 117}
{"ts": 102308, "svc": "payment", "status": 200, "latency_ms": 118}
{"ts": 102308, "svc": "auth", "status": 200, "latency_ms": 119}
{"ts": 102308, "svc": "gateway", "status": 200, "latency_ms": 120}
{"ts": 102308, "svc": "payment", "status": 200, "latency_ms": 121}
{"ts": 102308, "svc": "auth", "status": 200, "latency_ms": 122}
{"ts": 102308, "svc": "gateway", "status": 200, "latency_ms": 123}
{"ts": 102309, "svc": "payment", "status": 500, "latency_ms": 124}
{"ts": 102309, "svc": "auth", "status": 200, "latency_ms": 125}
{"ts": 102309, "svc": "gateway", "status": 200, "latency_ms": 126}
{"ts": 102309, "svc": "payment", "status": 200, "latency_ms": 127}
{"ts": 102309, "svc": "auth", "status": 200, "latency_ms": 128}
{"ts": 102309, "svc": "gateway", "status": 200, "latency_ms": 129}
{"ts": 102310, "svc": "payment", "status": 200, "latency_ms": 130}
{"ts": 102310, "svc": "auth", "status": 200, "latency_ms": 131}
{"ts": 102310, "svc": "gateway", "status": 500, "latency_ms": 132}
{"ts": 102310, "svc": "payment", "status": 200, "latency_ms": 133}
{"ts": 102310, "svc": "auth", "status": 200, "latency_ms": 134}
{"ts": 102310, "svc": "gateway", "status": 200, "latency_ms": 135}
{"ts": 102311, "svc": "payment", "status": 200, "latency_ms": 136}
{"ts": 102311, "svc": "auth", "status": 200, "latency_ms": 137}
{"ts": 100000, "svc": "gateway", "status": 200.0, "latency_ms": 100}
{"ts": 102311, "svc": "gateway", "status": 200, "latency_ms": 138}
{"ts": 102311, "svc": "payment", "status": 200, "latency_ms": 139}
{"ts": 102311, "svc": "auth", "status": 500, "latency_ms": 140}
{"ts": 102311, "svc": "gateway", "status": 200, "latency_ms": 141}
{"ts": 102312, "svc": "payment", "status": 200, "latency_ms": 142}
{"ts": 102312, "svc": "auth", "status": 200, "latency_ms": 143}
{"ts": 102312, "svc": "gateway", "status": 200, "latency_ms": 144}
{"ts": 102312, "svc": "payment", "status": 200, "latency_ms": 145}
{"ts": 102312, "svc": "auth", "status": 200, "latency_ms": 146}
{"ts": 102312, "svc": "gateway", "status": 200, "latency_ms": 147}
{"ts": 102313, "svc": "payment", "status": 500, "latency_ms": 148}
{"ts": 102313, "svc": "auth", "status": 200, "latency_ms": 149}
{"ts": 102313, "svc": "gateway", "status": 200, "latency_ms": 100}
   
{"ts": 102313, "svc": "payment", "status": 200, "latency_ms": 101}
{"ts": 102313, "svc": "auth", "status": 200, "latency_ms": 102}
{"ts": 102313, "svc": "gateway", "status": 200, "latency_ms": 103}
{"ts": 102314, "svc": "payment", "status": 200, "latency_ms": 104}
{"ts": 102314, "svc": "auth", "status": 200, "latency_ms": 105}
{"ts": 102314, "svc": "gateway", "status": 500, "latency_ms": 106}
{"ts": 102314, "svc": "payment", "status": 200, "latency_ms": 107}
{"ts": 102314, "svc": "auth", "status": 200, "latency_ms": 108}
{"ts": 102314, "svc": "gateway", "status": 200, "latency_ms": 109}
{"ts": 102315, "svc": "payment", "status": 200, "latency_ms": 110}
{"ts": 102315, "svc": "auth", "status": 200, "latency_ms": 111}
{"ts": 102315, "svc": "gateway", "status": 200, "latency_ms": 112}
{"ts": 102315, "svc": "payment", "status": 200, "latency_ms": 113}
{"ts": 102315, "svc": "auth", "status": 500, "latency_ms": 114}
{"ts": 102315, "svc": "gateway", "status": 200, "latency_ms": 115}
{"ts": 102316, "svc": "payment", "status": 200, "latency_ms": 116}
{"ts": 102316, "svc": "auth", "status": 200, "latency_ms": 117}
{"ts": 102316, "svc": "gateway", "status": 200, "latency_ms": 118}
{"ts": 102316, "svc": "payment", "status": 200, "latency_ms": 119}
{"ts": 102316, "svc": "auth", "status": 200, "latency_ms": 120}
{"ts": 102316, "svc": "gateway", "status": 200, "latency_ms": 121}
{"ts": 102317, "svc": "payment", "status": 500, "latency_ms": 122}
{"ts": 102317, "svc": "auth", "status": 200, "latency_ms": 123}
{"ts": 102317, "svc": "gateway", "status": 200, "latency_ms": 124}
{"ts": true, "svc": "payment", "status": 200, "latency_ms": 100}
{"ts": 102317, "svc": "payment", "status": 200, "latency_ms": 125}
{"ts": 102317, "svc": "auth", "status": 200, "latency_ms": 126}
{"ts": 102317, "svc": "gateway", "status": 200, "latency_ms": 127}
{"ts": 102318, "svc": "payment", "status": 200, "latency_ms": 128}
{"ts": 102318, "svc": "auth", "status": 200, "latency_ms": 129}
{"ts": 102318, "svc": "gateway", "status": 500, "latency_ms": 130}
{"ts": 102318, "svc": "payment", "status": 200, "latency_ms": 131}
{"ts": 102318, "svc": "auth", "status": 200, "latency_ms": 132}
{"ts": 102318, "svc": "gateway", "status": 200, "latency_ms": 133}
{"ts": 102319, "svc": "payment", "status": 200, "latency_ms": 134}
{"ts": 102319, "svc": "auth", "status": 200, "latency_ms": 135}
{"ts": 102319, "svc": "gateway", "status": 200, "latency_ms": 136}
{"ts": 102319, "svc": "payment", "status": 200, "latency_ms": 137}
{"ts": 102319, "svc": "auth", "status": 500, "latency_ms": 138}
{"ts": 102319, "svc": "gateway", "status": 200, "latency_ms": 139}
{"ts": 102320, "svc": "payment", "status": 200, "latency_ms": 140}
{"ts": 102320, "svc": "auth", "status": 200, "latency_ms": 141}
{"ts": 102320, "svc": "gateway", "status": 200, "latency_ms": 142}
{"ts": 102320, "svc": "payment", "status": 200, "latency_ms": 143}
{"ts": 102320, "svc": "auth", "status": 200, "latency_ms": 144}
{"ts": 102320, "svc": "gateway", "status": 200, "latency_ms": 145}
{"ts": 102321, "svc": "payment", "status": 500, "latency_ms": 146}
{"ts": 102321, "svc": "auth", "status": 200, "latency_ms": 147}
{"ts": 102321, "svc": "gateway", "status": 200, "latency_ms": 148}
{"ts": 102321, "svc": "payment", "status": 200, "latency_ms": 149}
{"ts": 102321, "svc": "auth", "status": 200, "latency_ms": 100}
   
{"ts": 102321, "svc": "gateway", "status": 200, "latency_ms": 101}
{"ts": 102322, "svc": "payment", "status": 200, "latency_ms": 102}
{"ts": 102322, "svc": "auth", "status": 200, "latency_ms": 103}
{"ts": 102322, "svc": "gateway", "status": 500, "latency_ms": 104}
{"ts": 102322, "svc": "payment", "status": 200, "latency_ms": 105}
{"ts": 102322, "svc": "auth", "status": 200, "latency_ms": 106}
{"ts": 102322, "svc": "gateway", "status": 200, "latency_ms": 107}
{"ts": 102323, "svc": "payment", "status": 200, "latency_ms": 108}
{"ts": 102323, "svc": "auth", "status": 200, "latency_ms": 109}
{"ts": 102323, "svc": "gateway", "status": 200, "latency_ms": 110}
{"ts": 102323, "svc": "payment", "status": 200, "latency_ms": 111}
{"ts": 100000, "svc": "auth", "status": 99, "latency_ms": 100}
{"ts": 102323, "svc": "auth", "status": 500, "latency_ms": 112}
{"ts": 102323, "svc": "gateway", "status": 200, "latency_ms": 113}
{"ts": 102324, "svc": "payment", "status": 200, "latency_ms": 114}
{"ts": 102324, "svc": "auth", "status": 200, "latency_ms": 115}
{"ts": 102324, "svc": "gateway", "status": 200, "latency_ms": 116}
{"ts": 102324, "svc": "payment", "status": 200, "latency_ms": 117}
{"ts": 102324, "svc": "auth", "status": 200, "latency_ms": 118}
{"ts": 102324, "svc": "gateway", "status": 200, "latency_ms": 119}
{"ts": 102325, "svc": "payment", "status": 500, "latency_ms": 120}
{"ts": 102325, "svc": "auth", "status": 200, "latency_ms": 121}
{"ts": 102325, "svc": "gateway", "status": 200, "latency_ms": 122}
{"ts": 102325, "svc": "payment", "status": 200, "latency_ms": 123}
{"ts": 102325, "svc": "auth", "status": 200, "latency_ms": 124}
{"ts": 102325, "svc": "gateway", "status": 200, "latency_ms": 125}
{"ts": 102326, "svc": "payment", "status": 200, "latency_ms": 126}
{"ts": 102326, "svc": "auth", "status": 200, "latency_ms": 127}
{"ts": 102326, "svc": "gateway", "status": 500, "latency_ms": 128}
{"ts": 102326, "svc": "payment", "status": 200, "latency_ms": 129}
{"ts": 102326, "svc": "auth", "status": 200, "latency_ms": 130}
{"ts": 102326, "svc": "gateway", "status": 200, "latency_ms": 131}
{"ts": 102327, "svc": "payment", "status": 200, "latency_ms": 132}
{"ts": 102327, "svc": "auth", "status": 200, "latency_ms": 133}
{"ts": 102327, "svc": "gateway", "status": 200, "latency_ms": 134}
{"ts": 102327, "svc": "payment", "status": 200, "latency_ms": 135}
{"ts": 102327, "svc": "auth", "status": 500, "latency_ms": 136}
{"ts": 102327, "svc": "gateway", "status": 200, "latency_ms": 137}
{"ts": 102328, "svc": "payment", "status": 200, "latency_ms": 138}
{"ts": 102328, "svc": "auth", "status": 200, "latency_ms": 139}
{"ts": 102328, "svc": "gateway", "status": 200, "latency_ms": 140}
{"ts": 102328, "svc": "payment", "status": 200, "latency_ms": 141}
{"ts": 102328, "svc": "auth", "status": 200, "latency_ms": 142}
{"ts": 102328, "svc": "gateway", "status": 200, "latency_ms": 143}
{"ts": 102329, "svc": "payment", "status": 500, "latency_ms": 144}
{"ts": 102329, "svc": "auth", "status": 200, "latency_ms": 145}
{"ts": 102329, "svc": "gateway", "status": 200, "latency_ms": 146}
{"ts": 102329, "svc": "payment", "status": 200, "latency_ms": 147}
{"ts": 102329, "svc": "auth", "status": 200, "latency_ms": 148}
{"ts": 100000, "svc": "billing", "status": 200, "latency_ms": 100}
{"ts": 102329, "svc": "gateway", "status": 200, "latency_ms": 149}
{"ts": 102330, "svc": "payment", "status": 200, "latency_ms": 100}
   
{"ts": 102330, "svc": "auth", "status": 200, "latency_ms": 101}
{"ts": 102330, "svc": "gateway", "status": 500, "latency_ms": 102}
{"ts": 102330, "svc": "payment", "status": 200, "latency_ms": 103}
{"ts": 102330, "svc": "auth", "status": 200, "latency_ms": 104}
{"ts": 102330, "svc": "gateway", "status": 200, "latency_ms": 105}
{"ts": 102331, "svc": "payment", "status": 200, "latency_ms": 106}
{"ts": 102331, "svc": "auth", "status": 200, "latency_ms": 107}
{"ts": 102331, "svc": "gateway", "status": 200, "latency_ms": 108}
{"ts": 102331, "svc": "payment", "status": 200, "latency_ms": 109}
{"ts": 102331, "svc": "auth", "status": 500, "latency_ms": 110}
{"ts": 102331, "svc": "gateway", "status": 200, "latency_ms": 111}
{"ts": 102332, "svc": "payment", "status": 200, "latency_ms": 112}
{"ts": 102332, "svc": "auth", "status": 200, "latency_ms": 113}
{"ts": 102332, "svc": "gateway", "status": 200, "latency_ms": 114}
{"ts": 102332, "svc": "payment", "status": 200, "latency_ms": 115}
{"ts": 102332, "svc": "auth", "status": 200, "latency_ms": 116}
{"ts": 102332, "svc": "gateway", "status": 200, "latency_ms": 117}
{"ts": 102333, "svc": "payment", "status": 500, "latency_ms": 118}
{"ts": 102333, "svc": "auth", "status": 200, "latency_ms": 119}
{"ts": 102333, "svc": "gateway", "status": 200, "latency_ms": 120}
{"ts": 102333, "svc": "payment", "status": 200, "latency_ms": 121}
{"ts": 102333, "svc": "auth", "status": 200, "latency_ms": 122}
{"ts": 102333, "svc": "gateway", "status": 200, "latency_ms": 123}
{"ts": 102334, "svc": "payment", "status": 200, "latency_ms": 124}
{"ts": 102334, "svc": "auth", "status": 200, "latency_ms": 125}
{"ts": 102334, "svc": "gateway", "status": 500, "latency_ms": 126}
{"ts": 102334, "svc": "payment", "status": 200, "latency_ms": 127}
{"ts": 102334, "svc": "auth", "status": 200, "latency_ms": 128}
{"ts": 102334, "svc": "gateway", "status": 200, "latency_ms": 129}
{"ts": 102335, "svc": "payment", "status": 200, "latency_ms": 130}
{"ts": 102335, "svc": "auth", "status": 200, "latency_ms": 131}
{"ts": 102335, "svc": "gateway", "status": 200, "latency_ms": 132}
{"ts": 102335, "svc": "payment", "status": 200, "latency_ms": 133}
{"ts": 102335, "svc": "auth", "status": 500, "latency_ms": 134}
{"ts": 102335, "svc": "gateway", "status": 200, "latency_ms": 135}
{"ts": 100000, "svc": "gateway", "status": 200, "latency_ms": 1001}
{"ts": 102336, "svc": "payment", "status": 200, "latency_ms": 136}
{"ts": 102336, "svc": "auth", "status": 200, "latency_ms": 137}
{"ts": 102336, "svc": "gateway", "status": 200, "latency_ms": 138}
{"ts": 102336, "svc": "payment", "status": 200, "latency_ms": 139}
{"ts": 102336, "svc": "auth", "status": 200, "latency_ms": 140}
{"ts": 102336, "svc": "gateway", "status": 200, "latency_ms": 141}
{"ts": 102337, "svc": "payment", "status": 500, "latency_ms": 142}
{"ts": 102337, "svc": "auth", "status": 200, "latency_ms": 143}
{"ts": 102337, "svc": "gateway", "status": 200, "latency_ms": 144}
{"ts": 102337, "svc": "payment", "status": 200, "latency_ms": 145}
{"ts": 102337, "svc": "auth", "status": 200, "latency_ms": 146}
{"ts": 102337, "svc": "gateway", "status": 200, "latency_ms": 147}
{"ts": 102338, "svc": "payment", "status": 200, "latency_ms": 148}
{"ts": 102338, "svc": "auth", "status": 200, "latency_ms": 149}
{"ts": 102338, "svc": "gateway", "status": 500, "latency_ms": 100}
   
{"ts": 102338, "svc": "payment", "status": 200, "latency_ms": 101}
{"ts": 102338, "svc": "auth", "status": 200, "latency_ms": 102}
{"ts": 102338, "svc": "gateway", "status": 200, "latency_ms": 103}
{"ts": 102339, "svc": "payment", "status": 200, "latency_ms": 104}
{"ts": 102339, "svc": "auth", "status": 200, "latency_ms": 105}
{"ts": 102339, "svc": "gateway", "status": 200, "latency_ms": 106}
{"ts": 102339, "svc": "payment", "status": 200, "latency_ms": 107}
{"ts": 102339, "svc": "auth", "status": 500, "latency_ms": 108}
{"ts": 102339, "svc": "gateway", "status": 200, "latency_ms": 109}
{"ts": 102340, "svc": "payment", "status": 200, "latency_ms": 110}
{"ts": 102340, "svc": "auth", "status": 200, "latency_ms": 111}
{"ts": 102340, "svc": "gateway", "status": 200, "latency_ms": 112}
{"ts": 102340, "svc": "payment", "status": 200, "latency_ms": 113}
{"ts": 102340, "svc": "auth", "status": 200, "latency_ms": 114}
{"ts": 102340, "svc": "gateway", "status": 200, "latency_ms": 115}
{"ts": 102341, "svc": "payment", "status": 500, "latency_ms": 116}
{"ts": 102341, "svc": "auth", "status": 200, "latency_ms": 117}
{"ts": 102341, "svc": "gateway", "status": 200, "latency_ms": 118}
{"ts": 102341, "svc": "payment", "status": 200, "latency_ms": 119}
{"ts": 102341, "svc": "auth", "status": 200, "latency_ms": 120}
{"ts": 102341, "svc": "gateway", "status": 200, "latency_ms": 121}
{"ts": 102342, "svc": "payment", "status": 200, "latency_ms": 122}
{"ts": 100000, "svc": "payment", "status": 200, "latency_ms": false}
{"ts": 102342, "svc": "auth", "status": 200, "latency_ms": 123}
{"ts": 102342, "svc": "gateway", "status": 500, "latency_ms": 124}
{"ts": 102342, "svc": "payment", "status": 200, "latency_ms": 125}
{"ts": 102342, "svc": "auth", "status": 200, "latency_ms": 126}
{"ts": 102342, "svc": "gateway", "status": 200, "latency_ms": 127}
{"ts": 102343, "svc": "payment", "status": 200, "latency_ms": 128}
{"ts": 102343, "svc": "auth", "status": 200, "latency_ms": 129}
{"ts": 102343, "svc": "gateway", "status": 200, "latency_ms": 130}
{"ts": 102343, "svc": "payment", "status": 200, "latency_ms": 131}
{"ts": 102343, "svc": "auth", "status": 500, "latency_ms": 132}
{"ts": 102343, "svc": "gateway", "status": 200, "latency_ms": 133}
{"ts": 102344, "svc": "payment", "status": 200, "latency_ms": 134}
{"ts": 102344, "svc": "auth", "status": 200, "latency_ms": 135}
{"ts": 102344, "svc": "gateway", "status": 200, "latency_ms": 136}
{"ts": 102344, "svc": "payment", "status": 200, "latency_ms": 137}
{"ts": 102344, "svc": "auth", "status": 200, "latency_ms": 138}
{"ts": 102344, "svc": "gateway", "status": 200, "latency_ms": 139}
{"ts": 102345, "svc": "payment", "status": 500, "latency_ms": 140}
{"ts": 102345, "svc": "auth", "status": 200, "latency_ms": 141}
{"ts": 102345, "svc": "gateway", "status": 200, "latency_ms": 142}
{"ts": 102345, "svc": "payment", "status": 200, "latency_ms": 143}
{"ts": 102345, "svc": "auth", "status": 200, "latency_ms": 144}
{"ts": 102345, "svc": "gateway", "status": 200, "latency_ms": 145}
{"ts": 102346, "svc": "payment", "status": 200, "latency_ms": 146}
{"ts": 102346, "svc": "auth", "status": 200, "latency_ms": 147}
{"ts": 102346, "svc": "gateway", "status": 500, "latency_ms": 148}
{"ts": 102346, "svc": "payment", "status": 200, "latency_ms": 149}
{"ts": 102346, "svc": "auth", "status": 200, "latency_ms": 100}
   
{"ts": 102346, "svc": "gateway", "status": 200, "latency_ms": 101}
{"ts": 102347, "svc": "payment", "status": 200, "latency_ms": 102}
{"ts": 102347, "svc": "auth", "status": 200, "latency_ms": 103}
{"ts": 102347, "svc": "gateway", "status": 200, "latency_ms": 104}
{"ts": 102347, "svc": "payment", "status": 200, "latency_ms": 105}
{"ts": 102347, "svc": "auth", "status": 500, "latency_ms": 106}
{"ts": 102347, "svc": "gateway", "status": 200, "latency_ms": 107}
{"ts": 102348, "svc": "payment", "status": 200, "latency_ms": 108}
{"ts": 102348, "svc": "auth", "status": 200, "latency_ms": 109}
definitely not json {{
{"ts": 102348, "svc": "gateway", "status": 200, "latency_ms": 110}
{"ts": 102348, "svc": "payment", "status": 200, "latency_ms": 111}
{"ts": 102348, "svc": "auth", "status": 200, "latency_ms": 112}
{"ts": 102348, "svc": "gateway", "status": 200, "latency_ms": 113}
{"ts": 102349, "svc": "payment", "status": 500, "latency_ms": 114}
{"ts": 102349, "svc": "auth", "status": 200, "latency_ms": 115}
{"ts": 102349, "svc": "gateway", "status": 200, "latency_ms": 116}
{"ts": 102349, "svc": "payment", "status": 200, "latency_ms": 117}
{"ts": 102349, "svc": "auth", "status": 200, "latency_ms": 118}
{"ts": 102349, "svc": "gateway", "status": 200, "latency_ms": 119}
{"ts": 102350, "svc": "payment", "status": 200, "latency_ms": 120}
{"ts": 102350, "svc": "auth", "status": 200, "latency_ms": 121}
{"ts": 102350, "svc": "gateway", "status": 500, "latency_ms": 122}
{"ts": 102350, "svc": "payment", "status": 200, "latency_ms": 123}
{"ts": 102350, "svc": "auth", "status": 200, "latency_ms": 124}
{"ts": 102350, "svc": "gateway", "status": 200, "latency_ms": 125}
{"ts": 102351, "svc": "payment", "status": 200, "latency_ms": 126}
{"ts": 102351, "svc": "auth", "status": 200, "latency_ms": 127}
{"ts": 102351, "svc": "gateway", "status": 200, "latency_ms": 128}
{"ts": 102351, "svc": "payment", "status": 200, "latency_ms": 129}
{"ts": 102351, "svc": "auth", "status": 500, "latency_ms": 130}
{"ts": 102351, "svc": "gateway", "status": 200, "latency_ms": 131}
{"ts": 102352, "svc": "payment", "status": 200, "latency_ms": 132}
{"ts": 102352, "svc": "auth", "status": 200, "latency_ms": 133}
{"ts": 102352, "svc": "gateway", "status": 200, "latency_ms": 134}
{"ts": 102352, "svc": "payment", "status": 200, "latency_ms": 135}
{"ts": 102352, "svc": "auth", "status": 200, "latency_ms": 136}
{"ts": 102352, "svc": "gateway", "status": 200, "latency_ms": 137}
{"ts": 102353, "svc": "payment", "status": 500, "latency_ms": 138}
{"ts": 102353, "svc": "auth", "status": 200, "latency_ms": 139}
{"ts": 102353, "svc": "gateway", "status": 200, "latency_ms": 140}
{"ts": 102353, "svc": "payment", "status": 200, "latency_ms": 141}
{"ts": 102353, "svc": "auth", "status": 200, "latency_ms": 142}
{"ts": 102353, "svc": "gateway", "status": 200, "latency_ms": 143}
{"ts": 102354, "svc": "payment", "status": 200, "latency_ms": 144}
{"ts": 102354, "svc": "auth", "status": 200, "latency_ms": 145}
{"ts": 102354, "svc": "gateway", "status": 500, "latency_ms": 146}
{"ts": 100000, "svc": "auth", "status": 200}
{"ts": 102354, "svc": "payment", "status": 200, "latency_ms": 147}
{"ts": 102354, "svc": "auth", "status": 200, "latency_ms": 148}
{"ts": 102354, "svc": "gateway", "status": 200, "latency_ms": 149}
{"ts": 102314, "svc": "payment", "status": 500, "latency_ms": 100}
{"ts": 102324, "svc": "payment", "status": 200, "latency_ms": 100}
{"ts": 102365, "svc": "auth", "status": 500, "latency_ms": 100}
   
{"ts": 100000, "svc": "gateway", "status": 200.0, "latency_ms": 100}
{"ts": 102365, "svc": "gateway", "status": 200, "latency_ms": 101}
{"ts": 102365, "svc": "payment", "status": 200, "latency_ms": 102}
{"ts": 102365, "svc": "auth", "status": 200, "latency_ms": 103}
{"ts": 102365, "svc": "gateway", "status": 200, "latency_ms": 104}
{"ts": 102365, "svc": "payment", "status": 200, "latency_ms": 105}
{"ts": 102366, "svc": "auth", "status": 200, "latency_ms": 106}
{"ts": 102366, "svc": "gateway", "status": 200, "latency_ms": 107}
{"ts": 102366, "svc": "payment", "status": 500, "latency_ms": 108}
{"ts": 102366, "svc": "auth", "status": 200, "latency_ms": 109}
{"ts": 102366, "svc": "gateway", "status": 200, "latency_ms": 110}
{"ts": 102366, "svc": "payment", "status": 200, "latency_ms": 111}
{"ts": 102367, "svc": "auth", "status": 200, "latency_ms": 112}
{"ts": 102367, "svc": "gateway", "status": 200, "latency_ms": 113}
{"ts": 102367, "svc": "payment", "status": 200, "latency_ms": 114}
{"ts": 102367, "svc": "auth", "status": 200, "latency_ms": 115}
{"ts": 102367, "svc": "gateway", "status": 500, "latency_ms": 116}
{"ts": 102367, "svc": "payment", "status": 200, "latency_ms": 117}
{"ts": 102368, "svc": "auth", "status": 200, "latency_ms": 118}
{"ts": 102368, "svc": "gateway", "status": 200, "latency_ms": 119}
{"ts": 102368, "svc": "payment", "status": 200, "latency_ms": 120}
{"ts": 102368, "svc": "auth", "status": 200, "latency_ms": 121}
{"ts": 102368, "svc": "gateway", "status": 200, "latency_ms": 122}
{"ts": 102368, "svc": "payment", "status": 200, "latency_ms": 123}
{"ts": 102369, "svc": "auth", "status": 500, "latency_ms": 124}
{"ts": 102369, "svc": "gateway", "status": 200, "latency_ms": 125}
{"ts": 102369, "svc": "payment", "status": 200, "latency_ms": 126}
{"ts": 102369, "svc": "auth", "status": 200, "latency_ms": 127}
{"ts": 102369, "svc": "gateway", "status": 200, "latency_ms": 128}
{"ts": 102369, "svc": "payment", "status": 200, "latency_ms": 129}
{"ts": 102370, "svc": "auth", "status": 200, "latency_ms": 130}
{"ts": 102370, "svc": "gateway", "status": 200, "latency_ms": 131}
{"ts": 102370, "svc": "payment", "status": 500, "latency_ms": 132}
{"ts": 102370, "svc": "auth", "status": 200, "latency_ms": 133}
{"ts": 102370, "svc": "gateway", "status": 200, "latency_ms": 134}
{"ts": 102370, "svc": "payment", "status": 200, "latency_ms": 135}
{"ts": 102371, "svc": "auth", "status": 200, "latency_ms": 136}
{"ts": 102371, "svc": "gateway", "status": 200, "latency_ms": 137}
{"ts": true, "svc": "payment", "status": 200, "latency_ms": 100}
{"ts": 102371, "svc": "payment", "status": 200, "latency_ms": 138}
{"ts": 102371, "svc": "auth", "status": 200, "latency_ms": 139}
{"ts": 102371, "svc": "gateway", "status": 500, "latency_ms": 140}
{"ts": 102371, "svc": "payment", "status": 200, "latency_ms": 141}
{"ts": 102372, "svc": "auth", "status": 200, "latency_ms": 142}
{"ts": 102372, "svc": "gateway", "status": 200, "latency_ms": 143}
{"ts": 102372, "svc": "payment", "status": 200, "latency_ms": 144}
{"ts": 102372, "svc": "auth", "status": 200, "latency_ms": 145}
{"ts": 102372, "svc": "gateway", "status": 200, "latency_ms": 146}
{"ts": 102372, "svc": "payment", "status": 200, "latency_ms": 147}
{"ts": 102373, "svc": "auth", "status": 500, "latency_ms": 148}
{"ts": 102373, "svc": "gateway", "status": 200, "latency_ms": 149}
{"ts": 102373, "svc": "payment", "status": 200, "latency_ms": 100}
   
{"ts": 102373, "svc": "auth", "status": 200, "latency_ms": 101}
{"ts": 102373, "svc": "gateway", "status": 200, "latency_ms": 102}
{"ts": 102373, "svc": "payment", "status": 200, "latency_ms": 103}
{"ts": 102374, "svc": "auth", "status": 200, "latency_ms": 104}
{"ts": 102374, "svc": "gateway", "status": 200, "latency_ms": 105}
{"ts": 102374, "svc": "payment", "status": 500, "latency_ms": 106}
{"ts": 102374, "svc": "auth", "status": 200, "latency_ms": 107}
{"ts": 102374, "svc": "gateway", "status": 200, "latency_ms": 108}
{"ts": 102374, "svc": "payment", "status": 200, "latency_ms": 109}
{"ts": 102375, "svc": "auth", "status": 200, "latency_ms": 110}
{"ts": 102375, "svc": "gateway", "status": 200, "latency_ms": 111}
{"ts": 102375, "svc": "payment", "status": 200, "latency_ms": 112}
{"ts": 102375, "svc": "auth", "status": 200, "latency_ms": 113}
{"ts": 102375, "svc": "gateway", "status": 500, "latency_ms": 114}
{"ts": 102375, "svc": "payment", "status": 200, "latency_ms": 115}
{"ts": 102376, "svc": "auth", "status": 200, "latency_ms": 116}
{"ts": 102376, "svc": "gateway", "status": 200, "latency_ms": 117}
{"ts": 102376, "svc": "payment", "status": 200, "latency_ms": 118}
{"ts": 102376, "svc": "auth", "status": 200, "latency_ms": 119}
{"ts": 102376, "svc": "gateway", "status": 200, "latency_ms": 120}
{"ts": 102376, "svc": "payment", "status": 200, "latency_ms": 121}
{"ts": 102377, "svc": "auth", "status": 500, "latency_ms": 122}
{"ts": 102377, "svc": "gateway", "status": 200, "latency_ms": 123}
{"ts": 102377, "svc": "payment", "status": 200, "latency_ms": 124}
{"ts": 100000, "svc": "auth", "status": 99, "latency_ms": 100}
{"ts": 102377, "svc": "auth", "status": 200, "latency_ms": 125}
{"ts": 102377, "svc": "gateway", "status": 200, "latency_ms": 126}
{"ts": 102377, "svc": "payment", "status": 200, "latency_ms": 127}
{"ts": 102378, "svc": "auth", "status": 200, "latency_ms": 128}
{"ts": 102378, "svc": "gateway", "status": 200, "latency_ms": 129}
{"ts": 102378, "svc": "payment", "status": 500, "latency_ms": 130}
{"ts": 102378, "svc": "auth", "status": 200, "latency_ms": 131}
{"ts": 102378, "svc": "gateway", "status": 200, "latency_ms": 132}
{"ts": 102378, "svc": "payment", "status": 200, "latency_ms": 133}
{"ts": 102379, "svc": "auth", "status": 200, "latency_ms": 134}
{"ts": 102379, "svc": "gateway", "status": 200, "latency_ms": 135}
{"ts": 102379, "svc": "payment", "status": 200, "latency_ms": 136}
{"ts": 102379, "svc": "auth", "status": 200, "latency_ms": 137}
{"ts": 102379, "svc": "gateway", "status": 500, "latency_ms": 138}
{"ts": 102379, "svc": "payment", "status": 200, "latency_ms": 139}
{"ts": 102380, "svc": "auth", "status": 200, "latency_ms": 140}
{"ts": 102380, "svc": "gateway", "status": 200, "latency_ms": 141}
{"ts": 102380, "svc": "payment", "status": 200, "latency_ms": 142}
{"ts": 102380, "svc": "auth", "status": 200, "latency_ms": 143}
{"ts": 102380, "svc": "gateway", "status": 200, "latency_ms": 144}
{"ts": 102380, "svc": "payment", "status": 200, "latency_ms": 145}
{"ts": 102381, "svc": "auth", "status": 500, "latency_ms": 146}
{"ts": 102381, "svc": "gateway", "status": 200, "latency_ms": 147}
{"ts": 102381, "svc": "payment", "status": 200, "latency_ms": 148}
{"ts": 102381, "svc": "auth", "status": 200, "latency_ms": 149}
{"ts": 102381, "svc": "gateway", "status": 200, "latency_ms": 100}
   
{"ts": 102381, "svc": "payment", "status": 200, "latency_ms": 101}
{"ts": 102382, "svc": "auth", "status": 200, "latency_ms": 102}
{"ts": 102382, "svc": "gateway", "status": 200, "latency_ms": 103}
{"ts": 102382, "svc": "payment", "status": 500, "latency_ms": 104}
{"ts": 102382, "svc": "auth", "status": 200, "latency_ms": 105}
{"ts": 102382, "svc": "gateway", "status": 200, "latency_ms": 106}
{"ts": 102382, "svc": "payment", "status": 200, "latency_ms": 107}
{"ts": 102383, "svc": "auth", "status": 200, "latency_ms": 108}
{"ts": 102383, "svc": "gateway", "status": 200, "latency_ms": 109}
{"ts": 102383, "svc": "payment", "status": 200, "latency_ms": 110}
{"ts": 102383, "svc": "auth", "status": 200, "latency_ms": 111}
{"ts": 100000, "svc": "billing", "status": 200, "latency_ms": 100}
{"ts": 102383, "svc": "gateway", "status": 500, "latency_ms": 112}
{"ts": 102383, "svc": "payment", "status": 200, "latency_ms": 113}
{"ts": 102384, "svc": "auth", "status": 200, "latency_ms": 114}
{"ts": 102384, "svc": "gateway", "status": 200, "latency_ms": 115}
{"ts": 102384, "svc": "payment", "status": 200, "latency_ms": 116}
{"ts": 102384, "svc": "auth", "status": 200, "latency_ms": 117}
{"ts": 102384, "svc": "gateway", "status": 200, "latency_ms": 118}
{"ts": 102384, "svc": "payment", "status": 200, "latency_ms": 119}
{"ts": 102385, "svc": "auth", "status": 500, "latency_ms": 120}
{"ts": 102385, "svc": "gateway", "status": 200, "latency_ms": 121}
{"ts": 102385, "svc": "payment", "status": 200, "latency_ms": 122}
{"ts": 102385, "svc": "auth", "status": 200, "latency_ms": 123}
{"ts": 102385, "svc": "gateway", "status": 200, "latency_ms": 124}
{"ts": 102385, "svc": "payment", "status": 200, "latency_ms": 125}
{"ts": 102386, "svc": "auth", "status": 200, "latency_ms": 126}
{"ts": 102386, "svc": "gateway", "status": 200, "latency_ms": 127}
{"ts": 102386, "svc": "payment", "status": 500, "latency_ms": 128}
{"ts": 102386, "svc": "auth", "status": 200, "latency_ms": 129}
{"ts": 102386, "svc": "gateway", "status": 200, "latency_ms": 130}
{"ts": 102386, "svc": "payment", "status": 200, "latency_ms": 131}
{"ts": 102387, "svc": "auth", "status": 200, "latency_ms": 132}
{"ts": 102387, "svc": "gateway", "status": 200, "latency_ms": 133}
{"ts": 102387, "svc": "payment", "status": 200, "latency_ms": 134}
{"ts": 102387, "svc": "auth", "status": 200, "latency_ms": 135}
{"ts": 102387, "svc": "gateway", "status": 500, "latency_ms": 136}
{"ts": 102387, "svc": "payment", "status": 200, "latency_ms": 137}
{"ts": 102388, "svc": "auth", "status": 200, "latency_ms": 138}
{"ts": 102388, "svc": "gateway", "status": 200, "latency_ms": 139}
{"ts": 102388, "svc": "payment", "status": 200, "latency_ms": 140}
{"ts": 102388, "svc": "auth", "status": 200, "latency_ms": 141}
{"ts": 102388, "svc": "gateway", "status": 200, "latency_ms": 142}
{"ts": 102388, "svc": "payment", "status": 200, "latency_ms": 143}
{"ts": 102389, "svc": "auth", "status": 500, "latency_ms": 144}
{"ts": 102389, "svc": "gateway", "status": 200, "latency_ms": 145}
{"ts": 102389, "svc": "payment", "status": 200, "latency_ms": 146}
{"ts": 102389, "svc": "auth", "status": 200, "latency_ms": 147}
{"ts": 102389, "svc": "gateway", "status": 200, "latency_ms": 148}
{"ts": 100000, "svc": "gateway", "status": 200, "latency_ms": 1001}
{"ts": 102389, "svc": "payment", "status": 200, "latency_ms": 149}
{"ts": 102390, "svc": "auth", "status": 200, "latency_ms": 100}
   
{"ts": 102390, "svc": "gateway", "status": 200, "latency_ms": 101}
{"ts": 102390, "svc": "payment", "status": 500, "latency_ms": 102}
{"ts": 102390, "svc": "auth", "status": 200, "latency_ms": 103}
{"ts": 102390, "svc": "gateway", "status": 200, "latency_ms": 104}
{"ts": 102390, "svc": "payment", "status": 200, "latency_ms": 105}
{"ts": 102391, "svc": "auth", "status": 200, "latency_ms": 106}
{"ts": 102391, "svc": "gateway", "status": 200, "latency_ms": 107}
{"ts": 102391, "svc": "payment", "status": 200, "latency_ms": 108}
{"ts": 102391, "svc": "auth", "status": 200, "latency_ms": 109}
{"ts": 102391, "svc": "gateway", "status": 500, "latency_ms": 110}
{"ts": 102391, "svc": "payment", "status": 200, "latency_ms": 111}
{"ts": 102392, "svc": "auth", "status": 200, "latency_ms": 112}
{"ts": 102392, "svc": "gateway", "status": 200, "latency_ms": 113}
{"ts": 102392, "svc": "payment", "status": 200, "latency_ms": 114}
{"ts": 102392, "svc": "auth", "status": 200, "latency_ms": 115}
{"ts": 102392, "svc": "gateway", "status": 200, "latency_ms": 116}
{"ts": 102392, "svc": "payment", "status": 200, "latency_ms": 117}
{"ts": 102393, "svc": "auth", "status": 500, "latency_ms": 118}
{"ts": 102393, "svc": "gateway", "status": 200, "latency_ms": 119}
{"ts": 102393, "svc": "payment", "status": 200, "latency_ms": 120}
{"ts": 102393, "svc": "auth", "status": 200, "latency_ms": 121}
{"ts": 102393, "svc": "gateway", "status": 200, "latency_ms": 122}
{"ts": 102393, "svc": "payment", "status": 200, "latency_ms": 123}
{"ts": 102394, "svc": "auth", "status": 200, "latency_ms": 124}
{"ts": 102394, "svc": "gateway", "status": 200, "latency_ms": 125}
{"ts": 102394, "svc": "payment", "status": 500, "latency_ms": 126}
{"ts": 102394, "svc": "auth", "status": 200, "latency_ms": 127}
{"ts": 102394, "svc": "gateway", "status": 200, "latency_ms": 128}
{"ts": 102394, "svc": "payment", "status": 200, "latency_ms": 129}
{"ts": 102395, "svc": "auth", "status": 200, "latency_ms": 130}
{"ts": 102395, "svc": "gateway", "status": 200, "latency_ms": 131}
{"ts": 102395, "svc": "payment", "status": 200, "latency_ms": 132}
{"ts": 102395, "svc": "auth", "status": 200, "latency_ms": 133}
{"ts": 102395, "svc": "gateway", "status": 500, "latency_ms": 134}
{"ts": 102395, "svc": "payment", "status": 200, "latency_ms": 135}
{"ts": 100000, "svc": "payment", "status": 200, "latency_ms": false}
{"ts": 102396, "svc": "auth", "status": 200, "latency_ms": 136}
{"ts": 102396, "svc": "gateway", "status": 200, "latency_ms": 137}
{"ts": 102396, "svc": "payment", "status": 200, "latency_ms": 138}
{"ts": 102396, "svc": "auth", "status": 200, "latency_ms": 139}
{"ts": 102396, "svc": "gateway", "status": 200, "latency_ms": 140}
{"ts": 102396, "svc": "payment", "status": 200, "latency_ms": 141}
{"ts": 102397, "svc": "auth", "status": 500, "latency_ms": 142}
{"ts": 102397, "svc": "gateway", "status": 200, "latency_ms": 143}
{"ts": 102397, "svc": "payment", "status": 200, "latency_ms": 144}
{"ts": 102397, "svc": "auth", "status": 200, "latency_ms": 145}
{"ts": 102397, "svc": "gateway", "status": 200, "latency_ms": 146}
{"ts": 102397, "svc": "payment", "status": 200, "latency_ms": 147}
{"ts": 102398, "svc": "auth", "status": 200, "latency_ms": 148}
{"ts": 102398, "svc": "gateway", "status": 200, "latency_ms": 149}
{"ts": 102398, "svc": "payment", "status": 500, "latency_ms": 100}
   
{"ts": 102398, "svc": "auth", "status": 200, "latency_ms": 101}
{"ts": 102398, "svc": "gateway", "status": 200, "latency_ms": 102}
{"ts": 102398, "svc": "payment", "status": 200, "latency_ms": 103}
{"ts": 102399, "svc": "auth", "status": 200, "latency_ms": 104}
{"ts": 102399, "svc": "gateway", "status": 200, "latency_ms": 105}
{"ts": 102399, "svc": "payment", "status": 200, "latency_ms": 106}
{"ts": 102399, "svc": "auth", "status": 200, "latency_ms": 107}
{"ts": 102399, "svc": "gateway", "status": 500, "latency_ms": 108}
{"ts": 102399, "svc": "payment", "status": 200, "latency_ms": 109}
{"ts": 102400, "svc": "auth", "status": 200, "latency_ms": 110}
{"ts": 102400, "svc": "gateway", "status": 200, "latency_ms": 111}
{"ts": 102400, "svc": "payment", "status": 200, "latency_ms": 112}
{"ts": 102400, "svc": "auth", "status": 200, "latency_ms": 113}
{"ts": 102400, "svc": "gateway", "status": 200, "latency_ms": 114}
{"ts": 102400, "svc": "payment", "status": 200, "latency_ms": 115}
{"ts": 102401, "svc": "auth", "status": 500, "latency_ms": 116}
{"ts": 102401, "svc": "gateway", "status": 200, "latency_ms": 117}
{"ts": 102401, "svc": "payment", "status": 200, "latency_ms": 118}
{"ts": 102401, "svc": "auth", "status": 200, "latency_ms": 119}
{"ts": 102401, "svc": "gateway", "status": 200, "latency_ms": 120}
{"ts": 102401, "svc": "payment", "status": 200, "latency_ms": 121}
{"ts": 102402, "svc": "auth", "status": 200, "latency_ms": 122}
definitely not json {{
{"ts": 102402, "svc": "gateway", "status": 200, "latency_ms": 123}
{"ts": 102402, "svc": "payment", "status": 500, "latency_ms": 124}
{"ts": 102402, "svc": "auth", "status": 200, "latency_ms": 125}
{"ts": 102402, "svc": "gateway", "status": 200, "latency_ms": 126}
{"ts": 102402, "svc": "payment", "status": 200, "latency_ms": 127}
{"ts": 102403, "svc": "auth", "status": 200, "latency_ms": 128}
{"ts": 102403, "svc": "gateway", "status": 200, "latency_ms": 129}
{"ts": 102403, "svc": "payment", "status": 200, "latency_ms": 130}
{"ts": 102403, "svc": "auth", "status": 200, "latency_ms": 131}
{"ts": 102403, "svc": "gateway", "status": 500, "latency_ms": 132}
{"ts": 102403, "svc": "payment", "status": 200, "latency_ms": 133}
{"ts": 102404, "svc": "auth", "status": 200, "latency_ms": 134}
{"ts": 102404, "svc": "gateway", "status": 200, "latency_ms": 135}
{"ts": 102404, "svc": "payment", "status": 200, "latency_ms": 136}
{"ts": 102404, "svc": "auth", "status": 200, "latency_ms": 137}
{"ts": 102404, "svc": "gateway", "status": 200, "latency_ms": 138}
{"ts": 102404, "svc": "payment", "status": 200, "latency_ms": 139}
{"ts": 102405, "svc": "auth", "status": 500, "latency_ms": 140}
{"ts": 102405, "svc": "gateway", "status": 200, "latency_ms": 141}
{"ts": 102405, "svc": "payment", "status": 200, "latency_ms": 142}
{"ts": 102405, "svc": "auth", "status": 200, "latency_ms": 143}
{"ts": 102405, "svc": "gateway", "status": 200, "latency_ms": 144}
{"ts": 102405, "svc": "payment", "status": 200, "latency_ms": 145}
{"ts": 102406, "svc": "auth", "status": 200, "latency_ms": 146}
{"ts": 102406, "svc": "gateway", "status": 200, "latency_ms": 147}
{"ts": 102406, "svc": "payment", "status": 500, "latency_ms": 148}
{"ts": 102406, "svc": "auth", "status": 200, "latency_ms": 149}
{"ts": 102406, "svc": "gateway", "status": 200, "latency_ms": 100}
   
{"ts": 102406, "svc": "payment", "status": 200, "latency_ms": 101}
{"ts": 102407, "svc": "auth", "status": 200, "latency_ms": 102}
{"ts": 102407, "svc": "gateway", "status": 200, "latency_ms": 103}
{"ts": 102407, "svc": "payment", "status": 200, "latency_ms": 104}
{"ts": 102407, "svc": "auth", "status": 200, "latency_ms": 105}
{"ts": 102407, "svc": "gateway", "status": 500, "latency_ms": 106}
{"ts": 102407, "svc": "payment", "status": 200, "latency_ms": 107}
{"ts": 102408, "svc": "auth", "status": 200, "latency_ms": 108}
{"ts": 102408, "svc": "gateway", "status": 200, "latency_ms": 109}
{"ts": 100000, "svc": "auth", "status": 200}
{"ts": 102408, "svc": "payment", "status": 200, "latency_ms": 110}
{"ts": 102408, "svc": "auth", "status": 200, "latency_ms": 111}
{"ts": 102408, "svc": "gateway", "status": 200, "latency_ms": 112}
{"ts": 102408, "svc": "payment", "status": 200, "latency_ms": 113}
{"ts": 102409, "svc": "auth", "status": 500, "latency_ms": 114}
{"ts": 102409, "svc": "gateway", "status": 200, "latency_ms": 115}
{"ts": 102409, "svc": "payment", "status": 200, "latency_ms": 116}
{"ts": 102409, "svc": "auth", "status": 200, "latency_ms": 117}
{"ts": 102409, "svc": "gateway", "status": 200, "latency_ms": 118}
{"ts": 102409, "svc": "payment", "status": 200, "latency_ms": 119}
{"ts": 102410, "svc": "auth", "status": 200, "latency_ms": 120}
{"ts": 102410, "svc": "gateway", "status": 200, "latency_ms": 121}
{"ts": 102410, "svc": "payment", "status": 500, "latency_ms": 122}
{"ts": 102410, "svc": "auth", "status": 200, "latency_ms": 123}
{"ts": 102410, "svc": "gateway", "status": 200, "latency_ms": 124}
{"ts": 102410, "svc": "payment", "status": 200, "latency_ms": 125}
{"ts": 102411, "svc": "auth", "status": 200, "latency_ms": 126}
{"ts": 102411, "svc": "gateway", "status": 200, "latency_ms": 127}
{"ts": 102411, "svc": "payment", "status": 200, "latency_ms": 128}
{"ts": 102411, "svc": "auth", "status": 200, "latency_ms": 129}
{"ts": 102411, "svc": "gateway", "status": 500, "latency_ms": 130}
{"ts": 102411, "svc": "payment", "status": 200, "latency_ms": 131}
{"ts": 102412, "svc": "auth", "status": 200, "latency_ms": 132}
{"ts": 102412, "svc": "gateway", "status": 200, "latency_ms": 133}
{"ts": 102412, "svc": "payment", "status": 200, "latency_ms": 134}
{"ts": 102412, "svc": "auth", "status": 200, "latency_ms": 135}
{"ts": 102412, "svc": "gateway", "status": 200, "latency_ms": 136}
{"ts": 102412, "svc": "payment", "status": 200, "latency_ms": 137}
{"ts": 102413, "svc": "auth", "status": 500, "latency_ms": 138}
{"ts": 102413, "svc": "gateway", "status": 200, "latency_ms": 139}
{"ts": 102413, "svc": "payment", "status": 200, "latency_ms": 140}
{"ts": 102413, "svc": "auth", "status": 200, "latency_ms": 141}
{"ts": 102413, "svc": "gateway", "status": 200, "latency_ms": 142}
{"ts": 102413, "svc": "payment", "status": 200, "latency_ms": 143}
{"ts": 102414, "svc": "auth", "status": 200, "latency_ms": 144}
{"ts": 102414, "svc": "gateway", "status": 200, "latency_ms": 145}
{"ts": 102414, "svc": "payment", "status": 500, "latency_ms": 146}
{"ts": 100000, "svc": "auth", "status": 200, "latency_ms": 100, "x": 1}
{"ts": 102414, "svc": "auth", "status": 200, "latency_ms": 147}
{"ts": 102414, "svc": "gateway", "status": 200, "latency_ms": 148}
{"ts": 102414, "svc": "payment", "status": 200, "latency_ms": 149}
{"ts": 102374, "svc": "auth", "status": 500, "latency_ms": 100}
{"ts": 102384, "svc": "auth", "status": 200, "latency_ms": 100}
